user_id,avg_toxicity,review_count,total_toxic_reviews,negative_ratio,positive_ratio,neutral_ratio,toxicity_frequency,activity_level,cluster,cluster_label
1925,0.0,1,0,0.0,0.0,1.0,0.0,Low,0,Low Risk - Low Activity
3039,0.0,1,0,0.0,1.0,0.0,0.0,Low,0,Low Risk - Low Activity
4861,0.0,1,0,0.0,0.0,1.0,0.0,Low,0,Low Risk - Low Activity
6272,0.0,1,0,0.0,1.0,0.0,0.0,Low,0,Low Risk - Low Activity
18176,0.0,1,0,0.0,0.0,1.0,0.0,Low,0,Low Risk - Low Activity
28280,0.0,1,0,0.0,0.0,1.0,0.0,Low,0,Low Risk - Low Activity
35641,0.0,1,0,0.0,0.0,1.0,0.0,Low,0,Low Risk - Low Activity
38497,0.0,1,0,0.0,1.0,0.0,0.0,Low,0,Low Risk - Low Activity
49538,0.0,1,0,0.0,0.0,1.0,0.0,Low,0,Low Risk - Low Activity
51225,0.0,1,0,0.0,0.0,1.0,0.0,Low,0,Low Risk - Low Activity
61089,0.0,1,0,0.0,1.0,0.0,0.0,Low,0,Low Risk - Low Activity
75839,0.0,1,0,0.0,0.0,1.0,0.0,Low,0,Low Risk - Low Activity
109977,0.0,1,0,0.0,0.0,1.0,0.0,Low,0,Low Risk - Low Activity
146563,0.0,1,0,0.0,0.0,1.0,0.0,Low,0,Low Risk - Low Activity
174262,0.0,1,0,0.0,1.0,0.0,0.0,Low,0,Low Risk - Low Activity
178807,0.0,1,0,0.0,1.0,0.0,0.0,Low,0,Low Risk - Low Activity
181291,0.0,1,0,0.0,1.0,0.0,0.0,Low,0,Low Risk - Low Activity
185090,0.0,1,0,0.0,0.0,1.0,0.0,Low,0,Low Risk - Low Activity
197298,0.0,1,0,0.0,0.0,1.0,0.0,Low,0,Low Risk - Low Activity
199726,0.0,1,0,0.0,0.0,1.0,0.0,Low,0,Low Risk - Low Activity
200904,0.0,1,0,0.0,0.0,1.0,0.0,Low,0,Low Risk - Low Activity
237912,0.0,1,0,0.0,1.0,0.0,0.0,Low,0,Low Risk - Low Activity
244910,0.0,1,0,0.0,1.0,0.0,0.0,Low,0,Low Risk - Low Activity
245193,0.0,1,0,0.0,0.0,1.0,0.0,Low,0,Low Risk - Low Activity
256713,0.0,1,0,0.0,0.0,1.0,0.0,Low,0,Low Risk - Low Activity
260629,0.0,1,0,0.0,1.0,0.0,0.0,Low,0,Low Risk - Low Activity
262095,0.0,1,0,0.0,0.0,1.0,0.0,Low,0,Low Risk - Low Activity
277976,0.0,1,0,0.0,1.0,0.0,0.0,Low,0,Low Risk - Low Activity
291334,0.0,1,0,0.0,0.0,1.0,0.0,Low,0,Low Risk - Low Activity
300424,0.0,1,0,0.0,0.0,1.0,0.0,Low,0,Low Risk - Low Activity
302848,0.0,1,0,0.0,1.0,0.0,0.0,Low,0,Low Risk - Low Activity
312755,0.0,1,0,0.0,0.0,1.0,0.0,Low,0,Low Risk - Low Activity
315742,0.0,1,0,0.0,1.0,0.0,0.0,Low,0,Low Risk - Low Activity
318857,0.0,1,0,0.0,0.0,1.0,0.0,Low,0,Low Risk - Low Activity
326099,0.0,1,0,0.0,1.0,0.0,0.0,Low,0,Low Risk - Low Activity
338248,0.0,1,0,0.0,0.0,1.0,0.0,Low,0,Low Risk - Low Activity
339957,0.0,1,0,0.0,0.0,1.0,0.0,Low,0,Low Risk - Low Activity
348639,0.0,1,0,0.0,1.0,0.0,0.0,Low,0,Low Risk - Low Activity
353352,0.0,1,0,0.0,1.0,0.0,0.0,Low,0,Low Risk - Low Activity
353706,0.0,1,0,0.0,1.0,0.0,0.0,Low,0,Low Risk - Low Activity
355308,0.0,1,0,0.0,0.0,1.0,0.0,Low,0,Low Risk - Low Activity
380846,0.0,1,0,0.0,0.0,1.0,0.0,Low,0,Low Risk - Low Activity
391620,0.0,1,0,0.0,1.0,0.0,0.0,Low,0,Low Risk - Low Activity
399359,0.0,1,0,0.0,1.0,0.0,0.0,Low,0,Low Risk - Low Activity
413440,0.0,1,0,0.0,0.0,1.0,0.0,Low,0,Low Risk - Low Activity
415207,0.0,1,0,0.0,0.0,1.0,0.0,Low,0,Low Risk - Low Activity
448625,0.0,1,0,0.0,0.0,1.0,0.0,Low,0,Low Risk - Low Activity
449994,0.0,1,0,0.0,1.0,0.0,0.0,Low,0,Low Risk - Low Activity
467262,0.0,1,0,0.0,1.0,0.0,0.0,Low,0,Low Risk - Low Activity
471838,0.0,1,0,0.0,1.0,0.0,0.0,Low,0,Low Risk - Low Activity
473836,0.0,1,0,0.0,0.0,1.0,0.0,Low,0,Low Risk - Low Activity
478810,0.0,1,0,0.0,0.0,1.0,0.0,Low,0,Low Risk - Low Activity
482422,0.0,1,0,0.0,0.0,1.0,0.0,Low,0,Low Risk - Low Activity
483969,0.0,1,0,0.0,1.0,0.0,0.0,Low,0,Low Risk - Low Activity
485794,0.0,1,0,0.0,1.0,0.0,0.0,Low,0,Low Risk - Low Activity
534446,0.0,1,0,0.0,1.0,0.0,0.0,Low,0,Low Risk - Low Activity
544368,0.0,1,0,0.0,0.0,1.0,0.0,Low,0,Low Risk - Low Activity
554234,0.0,1,0,0.0,1.0,0.0,0.0,Low,0,Low Risk - Low Activity
560403,0.0,1,0,0.0,0.0,1.0,0.0,Low,0,Low Risk - Low Activity
573954,0.0,1,0,0.0,1.0,0.0,0.0,Low,0,Low Risk - Low Activity
589158,0.0,1,0,0.0,0.0,1.0,0.0,Low,0,Low Risk - Low Activity
612733,0.0,1,0,0.0,0.0,1.0,0.0,Low,0,Low Risk - Low Activity
615128,0.0,1,0,0.0,1.0,0.0,0.0,Low,0,Low Risk - Low Activity
616088,0.0,1,0,0.0,0.0,1.0,0.0,Low,0,Low Risk - Low Activity
632605,0.0,1,0,0.0,0.0,1.0,0.0,Low,0,Low Risk - Low Activity
677114,0.0,1,0,0.0,0.0,1.0,0.0,Low,0,Low Risk - Low Activity
678582,0.0,1,0,0.0,1.0,0.0,0.0,Low,0,Low Risk - Low Activity
697923,0.0,1,0,0.0,0.0,1.0,0.0,Low,0,Low Risk - Low Activity
703990,0.0,1,0,0.0,0.0,1.0,0.0,Low,0,Low Risk - Low Activity
733012,0.0,1,0,0.0,0.0,1.0,0.0,Low,0,Low Risk - Low Activity
740927,0.0,1,0,0.0,1.0,0.0,0.0,Low,0,Low Risk - Low Activity
748490,0.0,1,0,0.0,0.0,1.0,0.0,Low,0,Low Risk - Low Activity
759273,0.0,1,0,0.0,0.0,1.0,0.0,Low,0,Low Risk - Low Activity
786167,0.0,1,0,0.0,0.0,1.0,0.0,Low,0,Low Risk - Low Activity
787099,0.0,1,0,0.0,0.0,1.0,0.0,Low,0,Low Risk - Low Activity
788878,0.0,1,0,0.0,1.0,0.0,0.0,Low,0,Low Risk - Low Activity
796312,0.0,1,0,0.0,1.0,0.0,0.0,Low,0,Low Risk - Low Activity
807474,0.0,1,0,0.0,0.0,1.0,0.0,Low,0,Low Risk - Low Activity
819618,0.0,1,0,0.0,1.0,0.0,0.0,Low,0,Low Risk - Low Activity
827306,0.0,1,0,0.0,1.0,0.0,0.0,Low,0,Low Risk - Low Activity
830446,0.0,1,0,0.0,1.0,0.0,0.0,Low,0,Low Risk - Low Activity
831474,0.0,1,0,0.0,1.0,0.0,0.0,Low,0,Low Risk - Low Activity
831556,0.0,1,0,0.0,1.0,0.0,0.0,Low,0,Low Risk - Low Activity
844124,0.0,1,0,0.0,1.0,0.0,0.0,Low,0,Low Risk - Low Activity
850225,0.0,1,0,0.0,1.0,0.0,0.0,Low,0,Low Risk - Low Activity
853957,0.0,1,0,0.0,1.0,0.0,0.0,Low,0,Low Risk - Low Activity
874284,0.0,1,0,0.0,0.0,1.0,0.0,Low,0,Low Risk - Low Activity
894523,0.0,1,0,0.0,1.0,0.0,0.0,Low,0,Low Risk - Low Activity
917644,0.0,1,0,0.0,1.0,0.0,0.0,Low,0,Low Risk - Low Activity
919955,0.0,1,0,0.0,1.0,0.0,0.0,Low,0,Low Risk - Low Activity
924376,0.0,1,0,0.0,0.0,1.0,0.0,Low,0,Low Risk - Low Activity
932329,0.0,1,0,0.0,0.0,1.0,0.0,Low,0,Low Risk - Low Activity
935461,0.0,1,0,0.0,1.0,0.0,0.0,Low,0,Low Risk - Low Activity
944085,0.0,1,0,0.0,0.0,1.0,0.0,Low,0,Low Risk - Low Activity
949978,0.0,1,0,0.0,0.0,1.0,0.0,Low,0,Low Risk - Low Activity
959714,0.0,1,0,0.0,0.0,1.0,0.0,Low,0,Low Risk - Low Activity
976337,0.0,1,0,0.0,0.0,1.0,0.0,Low,0,Low Risk - Low Activity
1014747,0.0,1,0,0.0,1.0,0.0,0.0,Low,0,Low Risk - Low Activity
1030919,0.0,1,0,0.0,1.0,0.0,0.0,Low,0,Low Risk - Low Activity
1051703,0.0,1,0,0.0,0.0,1.0,0.0,Low,0,Low Risk - Low Activity
1061938,0.0,1,0,0.0,0.0,1.0,0.0,Low,0,Low Risk - Low Activity
1067543,0.0,1,0,0.0,0.0,1.0,0.0,Low,0,Low Risk - Low Activity
1089403,0.0,1,0,0.0,0.0,1.0,0.0,Low,0,Low Risk - Low Activity
1103196,0.0,1,0,0.0,1.0,0.0,0.0,Low,0,Low Risk - Low Activity
1104122,0.0,1,0,0.0,1.0,0.0,0.0,Low,0,Low Risk - Low Activity
1106659,0.0,1,0,0.0,0.0,1.0,0.0,Low,0,Low Risk - Low Activity
1115735,0.0,1,0,0.0,0.0,1.0,0.0,Low,0,Low Risk - Low Activity
1116884,0.0,1,0,0.0,1.0,0.0,0.0,Low,0,Low Risk - Low Activity
1144594,0.0,1,0,0.0,1.0,0.0,0.0,Low,0,Low Risk - Low Activity
1169733,0.0,1,0,0.0,0.0,1.0,0.0,Low,0,Low Risk - Low Activity
1172862,0.0,1,0,0.0,1.0,0.0,0.0,Low,0,Low Risk - Low Activity
1203295,0.0,1,0,0.0,0.0,1.0,0.0,Low,0,Low Risk - Low Activity
1208489,0.0,1,0,0.0,0.0,1.0,0.0,Low,0,Low Risk - Low Activity
1221818,0.0,1,0,0.0,0.0,1.0,0.0,Low,0,Low Risk - Low Activity
1253034,0.0,1,0,0.0,0.0,1.0,0.0,Low,0,Low Risk - Low Activity
1253377,0.0,1,0,0.0,0.0,1.0,0.0,Low,0,Low Risk - Low Activity
1260157,0.0,1,0,0.0,0.0,1.0,0.0,Low,0,Low Risk - Low Activity
1286261,0.0,1,0,0.0,1.0,0.0,0.0,Low,0,Low Risk - Low Activity
1311056,0.0,1,0,0.0,1.0,0.0,0.0,Low,0,Low Risk - Low Activity
1329783,0.0,1,0,0.0,1.0,0.0,0.0,Low,0,Low Risk - Low Activity
1331849,0.0,1,0,0.0,0.0,1.0,0.0,Low,0,Low Risk - Low Activity
1332895,0.0,1,0,0.0,0.0,1.0,0.0,Low,0,Low Risk - Low Activity
1339744,0.0,1,0,0.0,0.0,1.0,0.0,Low,0,Low Risk - Low Activity
1343212,0.0,1,0,0.0,0.0,1.0,0.0,Low,0,Low Risk - Low Activity
1359527,0.0,1,0,0.0,0.0,1.0,0.0,Low,0,Low Risk - Low Activity
1360226,0.0,1,0,0.0,1.0,0.0,0.0,Low,0,Low Risk - Low Activity
1376372,0.0,1,0,0.0,1.0,0.0,0.0,Low,0,Low Risk - Low Activity
1386960,0.0,1,0,0.0,0.0,1.0,0.0,Low,0,Low Risk - Low Activity
1401900,0.0,1,0,0.0,0.0,1.0,0.0,Low,0,Low Risk - Low Activity
1403580,0.0,1,0,0.0,0.0,1.0,0.0,Low,0,Low Risk - Low Activity
1407014,0.0,1,0,0.0,0.0,1.0,0.0,Low,0,Low Risk - Low Activity
1414285,0.0,1,0,0.0,0.0,1.0,0.0,Low,0,Low Risk - Low Activity
1423129,0.0,1,0,0.0,0.0,1.0,0.0,Low,0,Low Risk - Low Activity
1426754,0.0,1,0,0.0,1.0,0.0,0.0,Low,0,Low Risk - Low Activity
1429584,0.0,1,0,0.0,1.0,0.0,0.0,Low,0,Low Risk - Low Activity
1440970,0.0,1,0,0.0,0.0,1.0,0.0,Low,0,Low Risk - Low Activity
1450074,0.0,1,0,0.0,0.0,1.0,0.0,Low,0,Low Risk - Low Activity
1453310,0.0,1,0,0.0,0.0,1.0,0.0,Low,0,Low Risk - Low Activity
1459937,0.0,1,0,0.0,1.0,0.0,0.0,Low,0,Low Risk - Low Activity
1463455,0.0,1,0,0.0,1.0,0.0,0.0,Low,0,Low Risk - Low Activity
1467057,0.0,1,0,0.0,1.0,0.0,0.0,Low,0,Low Risk - Low Activity
1477495,0.0,1,0,0.0,0.0,1.0,0.0,Low,0,Low Risk - Low Activity
1495464,0.0,1,0,0.0,0.0,1.0,0.0,Low,0,Low Risk - Low Activity
1499044,0.0,1,0,0.0,0.0,1.0,0.0,Low,0,Low Risk - Low Activity
1503980,0.0,1,0,0.0,0.0,1.0,0.0,Low,0,Low Risk - Low Activity
1531159,0.0,1,0,0.0,0.0,1.0,0.0,Low,0,Low Risk - Low Activity
1533105,0.0,1,0,0.0,1.0,0.0,0.0,Low,0,Low Risk - Low Activity
1535982,0.0,1,0,0.0,0.0,1.0,0.0,Low,0,Low Risk - Low Activity
1545757,0.0,1,0,0.0,0.0,1.0,0.0,Low,0,Low Risk - Low Activity
1549197,0.0,1,0,0.0,1.0,0.0,0.0,Low,0,Low Risk - Low Activity
1551376,0.0,1,0,0.0,0.0,1.0,0.0,Low,0,Low Risk - Low Activity
1556832,0.0,1,0,0.0,0.0,1.0,0.0,Low,0,Low Risk - Low Activity
1567288,0.0,1,0,0.0,0.0,1.0,0.0,Low,0,Low Risk - Low Activity
1570180,0.0,1,0,0.0,1.0,0.0,0.0,Low,0,Low Risk - Low Activity
1585589,0.0,1,0,0.0,0.0,1.0,0.0,Low,0,Low Risk - Low Activity
1593565,0.0,1,0,0.0,0.0,1.0,0.0,Low,0,Low Risk - Low Activity
1595316,0.0,1,0,0.0,0.0,1.0,0.0,Low,0,Low Risk - Low Activity
1613872,0.0,1,0,0.0,1.0,0.0,0.0,Low,0,Low Risk - Low Activity
1643975,0.0,1,0,0.0,0.0,1.0,0.0,Low,0,Low Risk - Low Activity
1645321,0.0,1,0,0.0,0.0,1.0,0.0,Low,0,Low Risk - Low Activity
1659493,0.0,1,0,0.0,0.0,1.0,0.0,Low,0,Low Risk - Low Activity
1662719,0.0,1,0,0.0,0.0,1.0,0.0,Low,0,Low Risk - Low Activity
1680799,0.0,1,0,0.0,0.0,1.0,0.0,Low,0,Low Risk - Low Activity
1700621,0.0,1,0,0.0,0.0,1.0,0.0,Low,0,Low Risk - Low Activity
1718470,0.0,1,0,0.0,0.0,1.0,0.0,Low,0,Low Risk - Low Activity
1719938,0.0,1,0,0.0,0.0,1.0,0.0,Low,0,Low Risk - Low Activity
1730551,0.0,1,0,0.0,1.0,0.0,0.0,Low,0,Low Risk - Low Activity
1732597,0.0,1,0,0.0,1.0,0.0,0.0,Low,0,Low Risk - Low Activity
1735619,0.0,1,0,0.0,1.0,0.0,0.0,Low,0,Low Risk - Low Activity
1752925,0.0,1,0,0.0,0.0,1.0,0.0,Low,0,Low Risk - Low Activity
1756808,0.0,1,0,0.0,1.0,0.0,0.0,Low,0,Low Risk - Low Activity
1780596,0.0,1,0,0.0,1.0,0.0,0.0,Low,0,Low Risk - Low Activity
1781533,0.0,1,0,0.0,0.0,1.0,0.0,Low,0,Low Risk - Low Activity
1796704,0.0,1,0,0.0,1.0,0.0,0.0,Low,0,Low Risk - Low Activity
1812086,0.0,1,0,0.0,0.0,1.0,0.0,Low,0,Low Risk - Low Activity
1815040,0.0,1,0,0.0,0.0,1.0,0.0,Low,0,Low Risk - Low Activity
1843477,0.0,1,0,0.0,0.0,1.0,0.0,Low,0,Low Risk - Low Activity
1862673,0.0,1,0,0.0,1.0,0.0,0.0,Low,0,Low Risk - Low Activity
1863534,0.0,1,0,0.0,1.0,0.0,0.0,Low,0,Low Risk - Low Activity
1889135,0.0,1,0,0.0,0.0,1.0,0.0,Low,0,Low Risk - Low Activity
1897918,0.0,1,0,0.0,0.0,1.0,0.0,Low,0,Low Risk - Low Activity
1900843,0.0,1,0,0.0,0.0,1.0,0.0,Low,0,Low Risk - Low Activity
1908273,0.0,1,0,0.0,1.0,0.0,0.0,Low,0,Low Risk - Low Activity
1963058,0.0,1,0,0.0,0.0,1.0,0.0,Low,0,Low Risk - Low Activity
1970637,0.0,1,0,0.0,0.0,1.0,0.0,Low,0,Low Risk - Low Activity
1972378,0.0,1,0,0.0,0.0,1.0,0.0,Low,0,Low Risk - Low Activity
2010357,0.0,1,0,0.0,0.0,1.0,0.0,Low,0,Low Risk - Low Activity
2019095,0.0,1,0,0.0,1.0,0.0,0.0,Low,0,Low Risk - Low Activity
2023710,0.0,1,0,0.0,0.0,1.0,0.0,Low,0,Low Risk - Low Activity
2035530,0.0,1,0,0.0,1.0,0.0,0.0,Low,0,Low Risk - Low Activity
2050131,0.0,1,0,0.0,1.0,0.0,0.0,Low,0,Low Risk - Low Activity
2058548,0.0,1,0,0.0,0.0,1.0,0.0,Low,0,Low Risk - Low Activity
2071643,0.0,1,0,0.0,0.0,1.0,0.0,Low,0,Low Risk - Low Activity
2081303,0.0,1,0,0.0,0.0,1.0,0.0,Low,0,Low Risk - Low Activity
2123082,0.0,1,0,0.0,0.0,1.0,0.0,Low,0,Low Risk - Low Activity
2124049,0.0,1,0,0.0,1.0,0.0,0.0,Low,0,Low Risk - Low Activity
2141710,0.0,1,0,0.0,0.0,1.0,0.0,Low,0,Low Risk - Low Activity
2144163,0.0,1,0,0.0,0.0,1.0,0.0,Low,0,Low Risk - Low Activity
2151260,0.0,1,0,0.0,1.0,0.0,0.0,Low,0,Low Risk - Low Activity
2154036,0.0,1,0,0.0,1.0,0.0,0.0,Low,0,Low Risk - Low Activity
2165556,0.0,1,0,0.0,0.0,1.0,0.0,Low,0,Low Risk - Low Activity
2181687,0.0,1,0,0.0,1.0,0.0,0.0,Low,0,Low Risk - Low Activity
2182092,0.0,1,0,0.0,0.0,1.0,0.0,Low,0,Low Risk - Low Activity
2236598,0.0,1,0,0.0,1.0,0.0,0.0,Low,0,Low Risk - Low Activity
2245285,0.0,1,0,0.0,1.0,0.0,0.0,Low,0,Low Risk - Low Activity
2248254,0.0,1,0,0.0,0.0,1.0,0.0,Low,0,Low Risk - Low Activity
2249615,0.0,1,0,0.0,0.0,1.0,0.0,Low,0,Low Risk - Low Activity
2261883,0.0,1,0,0.0,0.0,1.0,0.0,Low,0,Low Risk - Low Activity
2267521,0.0,1,0,0.0,1.0,0.0,0.0,Low,0,Low Risk - Low Activity
2299410,0.0,1,0,0.0,0.0,1.0,0.0,Low,0,Low Risk - Low Activity
2317229,0.0,1,0,0.0,0.0,1.0,0.0,Low,0,Low Risk - Low Activity
2324266,0.0,1,0,0.0,1.0,0.0,0.0,Low,0,Low Risk - Low Activity
2332248,0.0,1,0,0.0,1.0,0.0,0.0,Low,0,Low Risk - Low Activity
2337992,0.0,1,0,0.0,0.0,1.0,0.0,Low,0,Low Risk - Low Activity
2369234,0.0,1,0,0.0,0.0,1.0,0.0,Low,0,Low Risk - Low Activity
2384806,0.0,1,0,0.0,0.0,1.0,0.0,Low,0,Low Risk - Low Activity
2391209,0.0,1,0,0.0,1.0,0.0,0.0,Low,0,Low Risk - Low Activity
2394790,0.0,1,0,0.0,0.0,1.0,0.0,Low,0,Low Risk - Low Activity
2403530,0.0,1,0,0.0,0.0,1.0,0.0,Low,0,Low Risk - Low Activity
2409171,0.0,1,0,0.0,1.0,0.0,0.0,Low,0,Low Risk - Low Activity
2413568,0.0,1,0,0.0,1.0,0.0,0.0,Low,0,Low Risk - Low Activity
2419372,0.0,1,0,0.0,0.0,1.0,0.0,Low,0,Low Risk - Low Activity
2425182,0.0,1,0,0.0,1.0,0.0,0.0,Low,0,Low Risk - Low Activity
2426452,0.0,1,0,0.0,0.0,1.0,0.0,Low,0,Low Risk - Low Activity
2430034,0.0,1,0,0.0,1.0,0.0,0.0,Low,0,Low Risk - Low Activity
2438980,0.0,1,0,0.0,1.0,0.0,0.0,Low,0,Low Risk - Low Activity
2440977,0.0,1,0,0.0,0.0,1.0,0.0,Low,0,Low Risk - Low Activity
2460898,0.0,1,0,0.0,0.0,1.0,0.0,Low,0,Low Risk - Low Activity
2468324,0.0,1,0,0.0,1.0,0.0,0.0,Low,0,Low Risk - Low Activity
2472015,0.0,1,0,0.0,0.0,1.0,0.0,Low,0,Low Risk - Low Activity
2489563,0.0,1,0,0.0,0.0,1.0,0.0,Low,0,Low Risk - Low Activity
2513088,0.0,1,0,0.0,0.0,1.0,0.0,Low,0,Low Risk - Low Activity
2542325,0.0,1,0,0.0,0.0,1.0,0.0,Low,0,Low Risk - Low Activity
2542505,0.0,1,0,0.0,1.0,0.0,0.0,Low,0,Low Risk - Low Activity
2547172,0.0,1,0,0.0,0.0,1.0,0.0,Low,0,Low Risk - Low Activity
2554334,0.0,1,0,0.0,1.0,0.0,0.0,Low,0,Low Risk - Low Activity
2561954,0.0,1,0,0.0,1.0,0.0,0.0,Low,0,Low Risk - Low Activity
2567494,0.0,1,0,0.0,0.0,1.0,0.0,Low,0,Low Risk - Low Activity
2567644,0.0,1,0,0.0,1.0,0.0,0.0,Low,0,Low Risk - Low Activity
2574359,0.0,1,0,0.0,1.0,0.0,0.0,Low,0,Low Risk - Low Activity
2580632,0.0,1,0,0.0,1.0,0.0,0.0,Low,0,Low Risk - Low Activity
2630641,0.0,1,0,0.0,0.0,1.0,0.0,Low,0,Low Risk - Low Activity
2633465,0.0,1,0,0.0,0.0,1.0,0.0,Low,0,Low Risk - Low Activity
2648857,0.0,1,0,0.0,0.0,1.0,0.0,Low,0,Low Risk - Low Activity
2669407,0.0,1,0,0.0,0.0,1.0,0.0,Low,0,Low Risk - Low Activity
2674611,0.0,1,0,0.0,0.0,1.0,0.0,Low,0,Low Risk - Low Activity
2680572,0.0,1,0,0.0,1.0,0.0,0.0,Low,0,Low Risk - Low Activity
2685536,0.0,1,0,0.0,1.0,0.0,0.0,Low,0,Low Risk - Low Activity
2686026,0.0,1,0,0.0,0.0,1.0,0.0,Low,0,Low Risk - Low Activity
2716778,0.0,1,0,0.0,0.0,1.0,0.0,Low,0,Low Risk - Low Activity
2738506,0.0,1,0,0.0,0.0,1.0,0.0,Low,0,Low Risk - Low Activity
2741003,0.0,1,0,0.0,0.0,1.0,0.0,Low,0,Low Risk - Low Activity
2761592,0.0,1,0,0.0,0.0,1.0,0.0,Low,0,Low Risk - Low Activity
2766441,0.0,1,0,0.0,0.0,1.0,0.0,Low,0,Low Risk - Low Activity
2787635,0.0,1,0,0.0,1.0,0.0,0.0,Low,0,Low Risk - Low Activity
2799733,0.0,1,0,0.0,0.0,1.0,0.0,Low,0,Low Risk - Low Activity
2813942,0.0,1,0,0.0,0.0,1.0,0.0,Low,0,Low Risk - Low Activity
2825566,0.0,1,0,0.0,0.0,1.0,0.0,Low,0,Low Risk - Low Activity
2827911,0.0,1,0,0.0,1.0,0.0,0.0,Low,0,Low Risk - Low Activity
2828475,0.0,1,0,0.0,0.0,1.0,0.0,Low,0,Low Risk - Low Activity
2846334,0.0,1,0,0.0,1.0,0.0,0.0,Low,0,Low Risk - Low Activity
2849494,0.0,1,0,0.0,1.0,0.0,0.0,Low,0,Low Risk - Low Activity
2851740,0.0,1,0,0.0,1.0,0.0,0.0,Low,0,Low Risk - Low Activity
2858626,0.0,1,0,0.0,0.0,1.0,0.0,Low,0,Low Risk - Low Activity
2860508,0.0,1,0,0.0,0.0,1.0,0.0,Low,0,Low Risk - Low Activity
2895666,0.0,1,0,0.0,1.0,0.0,0.0,Low,0,Low Risk - Low Activity
2898702,0.0,1,0,0.0,1.0,0.0,0.0,Low,0,Low Risk - Low Activity
2911466,0.0,1,0,0.0,1.0,0.0,0.0,Low,0,Low Risk - Low Activity
2918154,0.0,1,0,0.0,0.0,1.0,0.0,Low,0,Low Risk - Low Activity
2918775,0.0,1,0,0.0,0.0,1.0,0.0,Low,0,Low Risk - Low Activity
2928920,0.0,1,0,0.0,0.0,1.0,0.0,Low,0,Low Risk - Low Activity
2931189,0.0,1,0,0.0,1.0,0.0,0.0,Low,0,Low Risk - Low Activity
2933272,0.0,1,0,0.0,0.0,1.0,0.0,Low,0,Low Risk - Low Activity
2945808,0.0,1,0,0.0,1.0,0.0,0.0,Low,0,Low Risk - Low Activity
2945921,0.0,1,0,0.0,0.0,1.0,0.0,Low,0,Low Risk - Low Activity
2948093,0.0,1,0,0.0,1.0,0.0,0.0,Low,0,Low Risk - Low Activity
2960644,0.0,1,0,0.0,0.0,1.0,0.0,Low,0,Low Risk - Low Activity
2960913,0.0,1,0,0.0,1.0,0.0,0.0,Low,0,Low Risk - Low Activity
2961033,0.0,1,0,0.0,1.0,0.0,0.0,Low,0,Low Risk - Low Activity
2963618,0.0,1,0,0.0,1.0,0.0,0.0,Low,0,Low Risk - Low Activity
2969730,0.0,1,0,0.0,1.0,0.0,0.0,Low,0,Low Risk - Low Activity
3000864,0.0,1,0,0.0,1.0,0.0,0.0,Low,0,Low Risk - Low Activity
3000994,0.0,1,0,0.0,0.0,1.0,0.0,Low,0,Low Risk - Low Activity
3039891,0.0,1,0,0.0,1.0,0.0,0.0,Low,0,Low Risk - Low Activity
3077441,0.0,1,0,0.0,0.0,1.0,0.0,Low,0,Low Risk - Low Activity
3080185,0.0,1,0,0.0,0.0,1.0,0.0,Low,0,Low Risk - Low Activity
3099332,0.0,1,0,0.0,1.0,0.0,0.0,Low,0,Low Risk - Low Activity
3130619,0.0,1,0,0.0,0.0,1.0,0.0,Low,0,Low Risk - Low Activity
3148093,0.0,1,0,0.0,0.0,1.0,0.0,Low,0,Low Risk - Low Activity
3148440,0.0,1,0,0.0,1.0,0.0,0.0,Low,0,Low Risk - Low Activity
3151873,0.0,1,0,0.0,1.0,0.0,0.0,Low,0,Low Risk - Low Activity
3156110,0.0,1,0,0.0,0.0,1.0,0.0,Low,0,Low Risk - Low Activity
3160450,0.0,1,0,0.0,1.0,0.0,0.0,Low,0,Low Risk - Low Activity
3170671,0.0,1,0,0.0,0.0,1.0,0.0,Low,0,Low Risk - Low Activity
3177033,0.0,1,0,0.0,1.0,0.0,0.0,Low,0,Low Risk - Low Activity
3189633,0.0,1,0,0.0,0.0,1.0,0.0,Low,0,Low Risk - Low Activity
3204003,0.0,1,0,0.0,1.0,0.0,0.0,Low,0,Low Risk - Low Activity
3209365,0.0,1,0,0.0,0.0,1.0,0.0,Low,0,Low Risk - Low Activity
3214480,0.0,1,0,0.0,0.0,1.0,0.0,Low,0,Low Risk - Low Activity
3234151,0.0,1,0,0.0,1.0,0.0,0.0,Low,0,Low Risk - Low Activity
3241261,0.0,1,0,0.0,0.0,1.0,0.0,Low,0,Low Risk - Low Activity
3255405,0.0,1,0,0.0,0.0,1.0,0.0,Low,0,Low Risk - Low Activity
3258697,0.0,1,0,0.0,1.0,0.0,0.0,Low,0,Low Risk - Low Activity
3266131,0.0,1,0,0.0,1.0,0.0,0.0,Low,0,Low Risk - Low Activity
3272994,0.0,1,0,0.0,0.0,1.0,0.0,Low,0,Low Risk - Low Activity
3287461,0.0,1,0,0.0,1.0,0.0,0.0,Low,0,Low Risk - Low Activity
3292660,0.0,1,0,0.0,1.0,0.0,0.0,Low,0,Low Risk - Low Activity
3295569,0.0,1,0,0.0,0.0,1.0,0.0,Low,0,Low Risk - Low Activity
3302140,0.0,1,0,0.0,0.0,1.0,0.0,Low,0,Low Risk - Low Activity
3304862,0.0,1,0,0.0,0.0,1.0,0.0,Low,0,Low Risk - Low Activity
3311551,0.0,1,0,0.0,0.0,1.0,0.0,Low,0,Low Risk - Low Activity
3312345,0.0,1,0,0.0,0.0,1.0,0.0,Low,0,Low Risk - Low Activity
3316755,0.0,1,0,0.0,0.0,1.0,0.0,Low,0,Low Risk - Low Activity
3319189,0.0,1,0,0.0,1.0,0.0,0.0,Low,0,Low Risk - Low Activity
3333371,0.0,1,0,0.0,0.0,1.0,0.0,Low,0,Low Risk - Low Activity
3352253,0.0,1,0,0.0,0.0,1.0,0.0,Low,0,Low Risk - Low Activity
3390859,0.0,1,0,0.0,1.0,0.0,0.0,Low,0,Low Risk - Low Activity
3402079,0.0,1,0,0.0,0.0,1.0,0.0,Low,0,Low Risk - Low Activity
3408028,0.0,1,0,0.0,1.0,0.0,0.0,Low,0,Low Risk - Low Activity
3412279,0.0,1,0,0.0,0.0,1.0,0.0,Low,0,Low Risk - Low Activity
3425704,0.0,1,0,0.0,1.0,0.0,0.0,Low,0,Low Risk - Low Activity
3429292,0.0,1,0,0.0,0.0,1.0,0.0,Low,0,Low Risk - Low Activity
3434238,0.0,1,0,0.0,0.0,1.0,0.0,Low,0,Low Risk - Low Activity
3449110,0.0,1,0,0.0,1.0,0.0,0.0,Low,0,Low Risk - Low Activity
3456707,0.0,1,0,0.0,0.0,1.0,0.0,Low,0,Low Risk - Low Activity
3466807,0.0,1,0,0.0,1.0,0.0,0.0,Low,0,Low Risk - Low Activity
3479061,0.0,1,0,0.0,0.0,1.0,0.0,Low,0,Low Risk - Low Activity
3486639,0.0,1,0,0.0,1.0,0.0,0.0,Low,0,Low Risk - Low Activity
3500956,0.0,1,0,0.0,0.0,1.0,0.0,Low,0,Low Risk - Low Activity
3525380,0.0,1,0,0.0,0.0,1.0,0.0,Low,0,Low Risk - Low Activity
3539259,0.0,1,0,0.0,0.0,1.0,0.0,Low,0,Low Risk - Low Activity
3570295,0.0,1,0,0.0,0.0,1.0,0.0,Low,0,Low Risk - Low Activity
3571433,0.0,1,0,0.0,1.0,0.0,0.0,Low,0,Low Risk - Low Activity
3578772,0.0,1,0,0.0,0.0,1.0,0.0,Low,0,Low Risk - Low Activity
3587326,0.0,1,0,0.0,0.0,1.0,0.0,Low,0,Low Risk - Low Activity
3601688,0.0,1,0,0.0,1.0,0.0,0.0,Low,0,Low Risk - Low Activity
3605113,0.0,1,0,0.0,1.0,0.0,0.0,Low,0,Low Risk - Low Activity
3607578,0.0,1,0,0.0,1.0,0.0,0.0,Low,0,Low Risk - Low Activity
3612189,0.0,1,0,0.0,1.0,0.0,0.0,Low,0,Low Risk - Low Activity
3613939,0.0,1,0,0.0,0.0,1.0,0.0,Low,0,Low Risk - Low Activity
3614863,0.0,1,0,0.0,1.0,0.0,0.0,Low,0,Low Risk - Low Activity
3623068,0.0,1,0,0.0,0.0,1.0,0.0,Low,0,Low Risk - Low Activity
3635827,0.0,1,0,0.0,0.0,1.0,0.0,Low,0,Low Risk - Low Activity
3646300,0.0,1,0,0.0,1.0,0.0,0.0,Low,0,Low Risk - Low Activity
3658629,0.0,1,0,0.0,1.0,0.0,0.0,Low,0,Low Risk - Low Activity
3664922,0.0,1,0,0.0,1.0,0.0,0.0,Low,0,Low Risk - Low Activity
3665003,0.0,1,0,0.0,0.0,1.0,0.0,Low,0,Low Risk - Low Activity
3666592,0.0,1,0,0.0,0.0,1.0,0.0,Low,0,Low Risk - Low Activity
3669993,0.0,1,0,0.0,1.0,0.0,0.0,Low,0,Low Risk - Low Activity
3670802,0.0,1,0,0.0,0.0,1.0,0.0,Low,0,Low Risk - Low Activity
3672917,0.0,1,0,0.0,1.0,0.0,0.0,Low,0,Low Risk - Low Activity
3691957,0.0,1,0,0.0,0.0,1.0,0.0,Low,0,Low Risk - Low Activity
3734767,0.0,1,0,0.0,0.0,1.0,0.0,Low,0,Low Risk - Low Activity
3734874,0.0,1,0,0.0,0.0,1.0,0.0,Low,0,Low Risk - Low Activity
3740705,0.0,1,0,0.0,1.0,0.0,0.0,Low,0,Low Risk - Low Activity
3746803,0.0,1,0,0.0,1.0,0.0,0.0,Low,0,Low Risk - Low Activity
3748415,0.0,1,0,0.0,0.0,1.0,0.0,Low,0,Low Risk - Low Activity
3779306,0.0,1,0,0.0,0.0,1.0,0.0,Low,0,Low Risk - Low Activity
3789970,0.0,1,0,0.0,0.0,1.0,0.0,Low,0,Low Risk - Low Activity
3790664,0.0,1,0,0.0,0.0,1.0,0.0,Low,0,Low Risk - Low Activity
3792741,0.0,1,0,0.0,1.0,0.0,0.0,Low,0,Low Risk - Low Activity
3793830,0.0,1,0,0.0,0.0,1.0,0.0,Low,0,Low Risk - Low Activity
3796659,0.0,1,0,0.0,1.0,0.0,0.0,Low,0,Low Risk - Low Activity
3800486,0.0,1,0,0.0,1.0,0.0,0.0,Low,0,Low Risk - Low Activity
3810956,0.0,1,0,0.0,0.0,1.0,0.0,Low,0,Low Risk - Low Activity
3820061,0.0,1,0,0.0,1.0,0.0,0.0,Low,0,Low Risk - Low Activity
3829912,0.0,1,0,0.0,0.0,1.0,0.0,Low,0,Low Risk - Low Activity
3830630,0.0,1,0,0.0,1.0,0.0,0.0,Low,0,Low Risk - Low Activity
3834375,0.0,1,0,0.0,1.0,0.0,0.0,Low,0,Low Risk - Low Activity
3850318,0.0,1,0,0.0,0.0,1.0,0.0,Low,0,Low Risk - Low Activity
3882227,0.0,1,0,0.0,0.0,1.0,0.0,Low,0,Low Risk - Low Activity
3896807,0.0,1,0,0.0,1.0,0.0,0.0,Low,0,Low Risk - Low Activity
3899342,0.0,1,0,0.0,0.0,1.0,0.0,Low,0,Low Risk - Low Activity
3912245,0.0,1,0,0.0,1.0,0.0,0.0,Low,0,Low Risk - Low Activity
3921737,0.0,1,0,0.0,1.0,0.0,0.0,Low,0,Low Risk - Low Activity
3923182,0.0,1,0,0.0,0.0,1.0,0.0,Low,0,Low Risk - Low Activity
3965693,0.0,1,0,0.0,1.0,0.0,0.0,Low,0,Low Risk - Low Activity
3975536,0.0,1,0,0.0,0.0,1.0,0.0,Low,0,Low Risk - Low Activity
3976547,0.0,1,0,0.0,1.0,0.0,0.0,Low,0,Low Risk - Low Activity
3983227,0.0,1,0,0.0,1.0,0.0,0.0,Low,0,Low Risk - Low Activity
3988209,0.0,1,0,0.0,1.0,0.0,0.0,Low,0,Low Risk - Low Activity
3989035,0.0,2,0,0.0,0.5,0.5,0.0,Medium,2,Low Risk - Low Activity
3989610,0.0,1,0,0.0,0.0,1.0,0.0,Low,0,Low Risk - Low Activity
4026559,0.0,1,0,0.0,0.0,1.0,0.0,Low,0,Low Risk - Low Activity
4027699,0.0,1,0,0.0,0.0,1.0,0.0,Low,0,Low Risk - Low Activity
4029363,0.0,1,0,0.0,1.0,0.0,0.0,Low,0,Low Risk - Low Activity
4030356,0.0,1,0,0.0,0.0,1.0,0.0,Low,0,Low Risk - Low Activity
4034885,0.0,1,0,0.0,0.0,1.0,0.0,Low,0,Low Risk - Low Activity
4054536,0.0,1,0,0.0,0.0,1.0,0.0,Low,0,Low Risk - Low Activity
4099196,0.0,1,0,0.0,1.0,0.0,0.0,Low,0,Low Risk - Low Activity
4119578,0.0,1,0,0.0,0.0,1.0,0.0,Low,0,Low Risk - Low Activity
4124076,0.0,1,0,0.0,0.0,1.0,0.0,Low,0,Low Risk - Low Activity
4135068,0.0,1,0,0.0,0.0,1.0,0.0,Low,0,Low Risk - Low Activity
4145359,0.0,1,0,0.0,0.0,1.0,0.0,Low,0,Low Risk - Low Activity
4157830,0.0,1,0,0.0,0.0,1.0,0.0,Low,0,Low Risk - Low Activity
4168827,0.0,1,0,0.0,0.0,1.0,0.0,Low,0,Low Risk - Low Activity
4179505,0.0,1,0,0.0,1.0,0.0,0.0,Low,0,Low Risk - Low Activity
4188735,0.0,1,0,0.0,1.0,0.0,0.0,Low,0,Low Risk - Low Activity
4193527,0.0,1,0,0.0,1.0,0.0,0.0,Low,0,Low Risk - Low Activity
4206772,0.0,1,0,0.0,0.0,1.0,0.0,Low,0,Low Risk - Low Activity
4208102,0.0,1,0,0.0,0.0,1.0,0.0,Low,0,Low Risk - Low Activity
4218689,0.0,1,0,0.0,1.0,0.0,0.0,Low,0,Low Risk - Low Activity
4224298,0.0,1,0,0.0,0.0,1.0,0.0,Low,0,Low Risk - Low Activity
4224647,0.0,1,0,0.0,1.0,0.0,0.0,Low,0,Low Risk - Low Activity
4234571,0.0,1,0,0.0,0.0,1.0,0.0,Low,0,Low Risk - Low Activity
4236063,0.0,1,0,0.0,1.0,0.0,0.0,Low,0,Low Risk - Low Activity
4236099,0.0,1,0,0.0,1.0,0.0,0.0,Low,0,Low Risk - Low Activity
4239995,0.0,1,0,0.0,1.0,0.0,0.0,Low,0,Low Risk - Low Activity
4245711,0.0,1,0,0.0,0.0,1.0,0.0,Low,0,Low Risk - Low Activity
4253986,0.0,1,0,0.0,0.0,1.0,0.0,Low,0,Low Risk - Low Activity
4269531,0.0,1,0,0.0,0.0,1.0,0.0,Low,0,Low Risk - Low Activity
4269691,0.0,1,0,0.0,0.0,1.0,0.0,Low,0,Low Risk - Low Activity
4274922,0.0,1,0,0.0,0.0,1.0,0.0,Low,0,Low Risk - Low Activity
4300335,0.0,1,0,0.0,0.0,1.0,0.0,Low,0,Low Risk - Low Activity
4306434,0.0,1,0,0.0,1.0,0.0,0.0,Low,0,Low Risk - Low Activity
4308796,0.0,1,0,0.0,1.0,0.0,0.0,Low,0,Low Risk - Low Activity
4319108,0.0,1,0,0.0,1.0,0.0,0.0,Low,0,Low Risk - Low Activity
4341354,0.0,1,0,0.0,0.0,1.0,0.0,Low,0,Low Risk - Low Activity
4343426,0.0,1,0,0.0,1.0,0.0,0.0,Low,0,Low Risk - Low Activity
4350215,0.0,1,0,0.0,1.0,0.0,0.0,Low,0,Low Risk - Low Activity
4365286,0.0,1,0,0.0,1.0,0.0,0.0,Low,0,Low Risk - Low Activity
4369662,0.0,1,0,0.0,1.0,0.0,0.0,Low,0,Low Risk - Low Activity
4374608,0.0,1,0,0.0,0.0,1.0,0.0,Low,0,Low Risk - Low Activity
4376536,0.0,1,0,0.0,0.0,1.0,0.0,Low,0,Low Risk - Low Activity
4391701,0.0,1,0,0.0,0.0,1.0,0.0,Low,0,Low Risk - Low Activity
4408885,0.0,1,0,0.0,0.0,1.0,0.0,Low,0,Low Risk - Low Activity
4418032,0.0,1,0,0.0,0.0,1.0,0.0,Low,0,Low Risk - Low Activity
4421163,0.0,1,0,0.0,0.0,1.0,0.0,Low,0,Low Risk - Low Activity
4427659,0.0,1,0,0.0,1.0,0.0,0.0,Low,0,Low Risk - Low Activity
4432171,0.0,1,0,0.0,1.0,0.0,0.0,Low,0,Low Risk - Low Activity
4435032,0.0,1,0,0.0,1.0,0.0,0.0,Low,0,Low Risk - Low Activity
4452278,0.0,1,0,0.0,0.0,1.0,0.0,Low,0,Low Risk - Low Activity
4469172,0.0,1,0,0.0,0.0,1.0,0.0,Low,0,Low Risk - Low Activity
4473249,0.0,1,0,0.0,0.0,1.0,0.0,Low,0,Low Risk - Low Activity
4474692,0.0,1,0,0.0,0.0,1.0,0.0,Low,0,Low Risk - Low Activity
4476080,0.0,1,0,0.0,1.0,0.0,0.0,Low,0,Low Risk - Low Activity
4476740,0.0,1,0,0.0,0.0,1.0,0.0,Low,0,Low Risk - Low Activity
4482390,0.0,1,0,0.0,0.0,1.0,0.0,Low,0,Low Risk - Low Activity
4507073,0.0,1,0,0.0,1.0,0.0,0.0,Low,0,Low Risk - Low Activity
4512071,0.0,1,0,0.0,0.0,1.0,0.0,Low,0,Low Risk - Low Activity
4517758,0.0,1,0,0.0,1.0,0.0,0.0,Low,0,Low Risk - Low Activity
4523110,0.0,1,0,0.0,1.0,0.0,0.0,Low,0,Low Risk - Low Activity
4536041,0.0,1,0,0.0,0.0,1.0,0.0,Low,0,Low Risk - Low Activity
4536294,0.0,1,0,0.0,0.0,1.0,0.0,Low,0,Low Risk - Low Activity
4540324,0.0,1,0,0.0,0.0,1.0,0.0,Low,0,Low Risk - Low Activity
4541099,0.0,1,0,0.0,0.0,1.0,0.0,Low,0,Low Risk - Low Activity
4562359,0.0,1,0,0.0,0.0,1.0,0.0,Low,0,Low Risk - Low Activity
4572889,0.0,1,0,0.0,0.0,1.0,0.0,Low,0,Low Risk - Low Activity
4576193,0.0,1,0,0.0,0.0,1.0,0.0,Low,0,Low Risk - Low Activity
4593841,0.0,1,0,0.0,1.0,0.0,0.0,Low,0,Low Risk - Low Activity
4596188,0.0,1,0,0.0,0.0,1.0,0.0,Low,0,Low Risk - Low Activity
4598689,0.0,1,0,0.0,0.0,1.0,0.0,Low,0,Low Risk - Low Activity
4608701,0.0,1,0,0.0,0.0,1.0,0.0,Low,0,Low Risk - Low Activity
4628140,0.0,1,0,0.0,0.0,1.0,0.0,Low,0,Low Risk - Low Activity
4638750,0.0,1,0,0.0,0.0,1.0,0.0,Low,0,Low Risk - Low Activity
4645016,0.0,1,0,0.0,0.0,1.0,0.0,Low,0,Low Risk - Low Activity
4646705,0.0,1,0,0.0,0.0,1.0,0.0,Low,0,Low Risk - Low Activity
4666658,0.0,1,0,0.0,1.0,0.0,0.0,Low,0,Low Risk - Low Activity
4674656,0.0,1,0,0.0,1.0,0.0,0.0,Low,0,Low Risk - Low Activity
4677617,0.0,1,0,0.0,0.0,1.0,0.0,Low,0,Low Risk - Low Activity
4690176,0.0,1,0,0.0,1.0,0.0,0.0,Low,0,Low Risk - Low Activity
4705517,0.0,1,0,0.0,0.0,1.0,0.0,Low,0,Low Risk - Low Activity
4705907,0.0,1,0,0.0,1.0,0.0,0.0,Low,0,Low Risk - Low Activity
4707284,0.0,1,0,0.0,0.0,1.0,0.0,Low,0,Low Risk - Low Activity
4736147,0.0,1,0,0.0,1.0,0.0,0.0,Low,0,Low Risk - Low Activity
4739205,0.0,1,0,0.0,0.0,1.0,0.0,Low,0,Low Risk - Low Activity
4752187,0.0,1,0,0.0,1.0,0.0,0.0,Low,0,Low Risk - Low Activity
4758865,0.0,1,0,0.0,0.0,1.0,0.0,Low,0,Low Risk - Low Activity
4766100,0.0,1,0,0.0,0.0,1.0,0.0,Low,0,Low Risk - Low Activity
4766749,0.0,1,0,0.0,0.0,1.0,0.0,Low,0,Low Risk - Low Activity
4768457,0.0,1,0,0.0,1.0,0.0,0.0,Low,0,Low Risk - Low Activity
4770066,0.0,1,0,0.0,1.0,0.0,0.0,Low,0,Low Risk - Low Activity
4770399,0.0,1,0,0.0,1.0,0.0,0.0,Low,0,Low Risk - Low Activity
4776206,0.0,1,0,0.0,0.0,1.0,0.0,Low,0,Low Risk - Low Activity
4777437,0.0,1,0,0.0,1.0,0.0,0.0,Low,0,Low Risk - Low Activity
4790948,0.0,1,0,0.0,0.0,1.0,0.0,Low,0,Low Risk - Low Activity
4791654,0.0,1,0,0.0,0.0,1.0,0.0,Low,0,Low Risk - Low Activity
4808418,0.0,1,0,0.0,1.0,0.0,0.0,Low,0,Low Risk - Low Activity
4816091,0.0,1,0,0.0,1.0,0.0,0.0,Low,0,Low Risk - Low Activity
4817741,0.0,1,0,0.0,1.0,0.0,0.0,Low,0,Low Risk - Low Activity
4818567,0.0,1,0,0.0,0.0,1.0,0.0,Low,0,Low Risk - Low Activity
4818608,0.0,1,0,0.0,0.0,1.0,0.0,Low,0,Low Risk - Low Activity
4829592,0.0,1,0,0.0,1.0,0.0,0.0,Low,0,Low Risk - Low Activity
4853278,0.0,1,0,0.0,0.0,1.0,0.0,Low,0,Low Risk - Low Activity
4874740,0.0,1,0,0.0,0.0,1.0,0.0,Low,0,Low Risk - Low Activity
4888187,0.0,1,0,0.0,1.0,0.0,0.0,Low,0,Low Risk - Low Activity
4888782,0.0,1,0,0.0,1.0,0.0,0.0,Low,0,Low Risk - Low Activity
4890595,0.0,1,0,0.0,0.0,1.0,0.0,Low,0,Low Risk - Low Activity
4893670,0.0,1,0,0.0,0.0,1.0,0.0,Low,0,Low Risk - Low Activity
4895649,0.0,1,0,0.0,0.0,1.0,0.0,Low,0,Low Risk - Low Activity
4916766,0.0,1,0,0.0,0.0,1.0,0.0,Low,0,Low Risk - Low Activity
4919516,0.0,1,0,0.0,0.0,1.0,0.0,Low,0,Low Risk - Low Activity
4920175,0.0,1,0,0.0,0.0,1.0,0.0,Low,0,Low Risk - Low Activity
4927857,0.0,1,0,0.0,0.0,1.0,0.0,Low,0,Low Risk - Low Activity
4932495,0.0,1,0,0.0,1.0,0.0,0.0,Low,0,Low Risk - Low Activity
4948194,0.0,1,0,0.0,0.0,1.0,0.0,Low,0,Low Risk - Low Activity
4952019,0.0,1,0,0.0,0.0,1.0,0.0,Low,0,Low Risk - Low Activity
4962081,0.0,1,0,0.0,0.0,1.0,0.0,Low,0,Low Risk - Low Activity
4963724,0.0,1,0,0.0,1.0,0.0,0.0,Low,0,Low Risk - Low Activity
4971730,0.0,1,0,0.0,0.0,1.0,0.0,Low,0,Low Risk - Low Activity
4988752,0.0,1,0,0.0,0.0,1.0,0.0,Low,0,Low Risk - Low Activity
4998651,0.0,1,0,0.0,1.0,0.0,0.0,Low,0,Low Risk - Low Activity
5038007,0.0,1,0,0.0,0.0,1.0,0.0,Low,0,Low Risk - Low Activity
5042314,0.0,1,0,0.0,1.0,0.0,0.0,Low,0,Low Risk - Low Activity
5058447,0.0,1,0,0.0,0.0,1.0,0.0,Low,0,Low Risk - Low Activity
5061939,0.0,1,0,0.0,0.0,1.0,0.0,Low,0,Low Risk - Low Activity
5067537,0.0,1,0,0.0,0.0,1.0,0.0,Low,0,Low Risk - Low Activity
5093841,0.0,1,0,0.0,0.0,1.0,0.0,Low,0,Low Risk - Low Activity
5117393,0.0,1,0,0.0,1.0,0.0,0.0,Low,0,Low Risk - Low Activity
5136358,0.0,1,0,0.0,0.0,1.0,0.0,Low,0,Low Risk - Low Activity
5164186,0.0,1,0,0.0,0.0,1.0,0.0,Low,0,Low Risk - Low Activity
5169754,0.0,1,0,0.0,1.0,0.0,0.0,Low,0,Low Risk - Low Activity
5170093,0.0,1,0,0.0,0.0,1.0,0.0,Low,0,Low Risk - Low Activity
5192354,0.0,1,0,0.0,0.0,1.0,0.0,Low,0,Low Risk - Low Activity
5201067,0.0,1,0,0.0,1.0,0.0,0.0,Low,0,Low Risk - Low Activity
5206481,0.0,1,0,0.0,0.0,1.0,0.0,Low,0,Low Risk - Low Activity
5209875,0.0,1,0,0.0,0.0,1.0,0.0,Low,0,Low Risk - Low Activity
5225598,0.0,1,0,0.0,1.0,0.0,0.0,Low,0,Low Risk - Low Activity
5228572,0.0,1,0,1.0,0.0,0.0,0.0,Low,1,Low Risk - Low Activity
5270075,0.0,1,0,0.0,0.0,1.0,0.0,Low,0,Low Risk - Low Activity
5277646,0.0,1,0,0.0,0.0,1.0,0.0,Low,0,Low Risk - Low Activity
5279463,0.0,1,0,0.0,1.0,0.0,0.0,Low,0,Low Risk - Low Activity
5284103,0.0,1,0,0.0,1.0,0.0,0.0,Low,0,Low Risk - Low Activity
5295960,0.0,1,0,0.0,1.0,0.0,0.0,Low,0,Low Risk - Low Activity
5304247,0.0,1,0,0.0,1.0,0.0,0.0,Low,0,Low Risk - Low Activity
5305116,0.0,1,0,0.0,1.0,0.0,0.0,Low,0,Low Risk - Low Activity
5337899,0.0,1,0,0.0,1.0,0.0,0.0,Low,0,Low Risk - Low Activity
5371078,0.0,1,0,0.0,0.0,1.0,0.0,Low,0,Low Risk - Low Activity
5376540,0.0,1,0,0.0,0.0,1.0,0.0,Low,0,Low Risk - Low Activity
5379908,0.0,1,0,0.0,0.0,1.0,0.0,Low,0,Low Risk - Low Activity
5399543,0.0,1,0,0.0,0.0,1.0,0.0,Low,0,Low Risk - Low Activity
5408615,0.0,1,0,0.0,1.0,0.0,0.0,Low,0,Low Risk - Low Activity
5426835,0.0,1,0,0.0,0.0,1.0,0.0,Low,0,Low Risk - Low Activity
5433631,0.0,1,0,0.0,0.0,1.0,0.0,Low,0,Low Risk - Low Activity
5442742,0.0,1,0,0.0,1.0,0.0,0.0,Low,0,Low Risk - Low Activity
5444245,0.0,1,0,0.0,0.0,1.0,0.0,Low,0,Low Risk - Low Activity
5458224,0.0,1,0,0.0,0.0,1.0,0.0,Low,0,Low Risk - Low Activity
5461781,0.0,1,0,0.0,1.0,0.0,0.0,Low,0,Low Risk - Low Activity
5484971,0.0,1,0,0.0,1.0,0.0,0.0,Low,0,Low Risk - Low Activity
5489617,0.0,1,0,0.0,0.0,1.0,0.0,Low,0,Low Risk - Low Activity
5494448,0.0,1,0,0.0,0.0,1.0,0.0,Low,0,Low Risk - Low Activity
5501353,0.0,1,0,0.0,0.0,1.0,0.0,Low,0,Low Risk - Low Activity
5510198,0.0,1,0,0.0,0.0,1.0,0.0,Low,0,Low Risk - Low Activity
5510240,0.0,1,0,0.0,0.0,1.0,0.0,Low,0,Low Risk - Low Activity
5521755,0.0,1,0,0.0,1.0,0.0,0.0,Low,0,Low Risk - Low Activity
5525244,0.0,1,0,0.0,1.0,0.0,0.0,Low,0,Low Risk - Low Activity
5529226,0.0,1,0,0.0,0.0,1.0,0.0,Low,0,Low Risk - Low Activity
5535353,0.0,1,0,0.0,1.0,0.0,0.0,Low,0,Low Risk - Low Activity
5549579,0.0,1,0,0.0,1.0,0.0,0.0,Low,0,Low Risk - Low Activity
5550242,0.0,1,0,0.0,1.0,0.0,0.0,Low,0,Low Risk - Low Activity
5558406,0.0,1,0,0.0,0.0,1.0,0.0,Low,0,Low Risk - Low Activity
5568269,0.0,1,0,0.0,1.0,0.0,0.0,Low,0,Low Risk - Low Activity
5569916,0.0,1,0,0.0,0.0,1.0,0.0,Low,0,Low Risk - Low Activity
5574391,0.0,1,0,0.0,0.0,1.0,0.0,Low,0,Low Risk - Low Activity
5575914,0.0,1,0,0.0,1.0,0.0,0.0,Low,0,Low Risk - Low Activity
5590610,0.0,1,0,0.0,1.0,0.0,0.0,Low,0,Low Risk - Low Activity
5603631,0.0,1,0,0.0,1.0,0.0,0.0,Low,0,Low Risk - Low Activity
5626912,0.0,1,0,0.0,1.0,0.0,0.0,Low,0,Low Risk - Low Activity
5627764,0.0,1,0,0.0,0.0,1.0,0.0,Low,0,Low Risk - Low Activity
5649138,0.0,1,0,0.0,1.0,0.0,0.0,Low,0,Low Risk - Low Activity
5653013,0.0,1,0,0.0,0.0,1.0,0.0,Low,0,Low Risk - Low Activity
5654141,0.0,1,0,0.0,0.0,1.0,0.0,Low,0,Low Risk - Low Activity
5660233,0.0,1,0,0.0,0.0,1.0,0.0,Low,0,Low Risk - Low Activity
5675117,0.0,1,0,0.0,0.0,1.0,0.0,Low,0,Low Risk - Low Activity
5695932,0.0,1,0,0.0,0.0,1.0,0.0,Low,0,Low Risk - Low Activity
5706463,0.0,1,0,0.0,0.0,1.0,0.0,Low,0,Low Risk - Low Activity
5708569,0.0,1,0,0.0,1.0,0.0,0.0,Low,0,Low Risk - Low Activity
5709733,0.0,1,0,0.0,0.0,1.0,0.0,Low,0,Low Risk - Low Activity
5711467,0.0,1,0,0.0,0.0,1.0,0.0,Low,0,Low Risk - Low Activity
5719429,0.0,1,0,0.0,0.0,1.0,0.0,Low,0,Low Risk - Low Activity
5719956,0.0,1,0,0.0,0.0,1.0,0.0,Low,0,Low Risk - Low Activity
5728212,0.0,1,0,0.0,1.0,0.0,0.0,Low,0,Low Risk - Low Activity
5731695,0.0,1,0,0.0,0.0,1.0,0.0,Low,0,Low Risk - Low Activity
5755669,0.0,1,0,0.0,1.0,0.0,0.0,Low,0,Low Risk - Low Activity
5760722,0.0,1,0,0.0,1.0,0.0,0.0,Low,0,Low Risk - Low Activity
5798148,0.0,1,0,0.0,1.0,0.0,0.0,Low,0,Low Risk - Low Activity
5814931,0.0,1,0,0.0,0.0,1.0,0.0,Low,0,Low Risk - Low Activity
5831646,0.0,1,0,0.0,0.0,1.0,0.0,Low,0,Low Risk - Low Activity
5840268,0.0,1,0,0.0,0.0,1.0,0.0,Low,0,Low Risk - Low Activity
5845152,0.0,1,0,0.0,0.0,1.0,0.0,Low,0,Low Risk - Low Activity
5848513,0.0,1,0,0.0,1.0,0.0,0.0,Low,0,Low Risk - Low Activity
5859286,0.0,1,0,0.0,0.0,1.0,0.0,Low,0,Low Risk - Low Activity
5860658,0.0,1,0,0.0,1.0,0.0,0.0,Low,0,Low Risk - Low Activity
5862126,0.0,1,0,0.0,1.0,0.0,0.0,Low,0,Low Risk - Low Activity
5872314,0.0,1,0,0.0,1.0,0.0,0.0,Low,0,Low Risk - Low Activity
5872328,0.0,1,0,0.0,0.0,1.0,0.0,Low,0,Low Risk - Low Activity
5873827,0.0,1,0,0.0,1.0,0.0,0.0,Low,0,Low Risk - Low Activity
5894552,0.0,1,0,0.0,1.0,0.0,0.0,Low,0,Low Risk - Low Activity
5931064,0.0,1,0,0.0,0.0,1.0,0.0,Low,0,Low Risk - Low Activity
5977093,0.0,1,0,0.0,0.0,1.0,0.0,Low,0,Low Risk - Low Activity
5980432,0.0,1,0,0.0,0.0,1.0,0.0,Low,0,Low Risk - Low Activity
5998500,0.0,1,0,1.0,0.0,0.0,0.0,Low,1,Low Risk - Low Activity
6004390,0.0,1,0,0.0,0.0,1.0,0.0,Low,0,Low Risk - Low Activity
6006182,0.0,1,0,0.0,1.0,0.0,0.0,Low,0,Low Risk - Low Activity
6006514,0.0,1,0,0.0,0.0,1.0,0.0,Low,0,Low Risk - Low Activity
6010142,0.0,1,0,0.0,0.0,1.0,0.0,Low,0,Low Risk - Low Activity
6019765,0.0,1,0,0.0,0.0,1.0,0.0,Low,0,Low Risk - Low Activity
6063284,0.0,1,0,0.0,1.0,0.0,0.0,Low,0,Low Risk - Low Activity
6064162,0.0,1,0,0.0,1.0,0.0,0.0,Low,0,Low Risk - Low Activity
6087072,0.0,1,0,0.0,0.0,1.0,0.0,Low,0,Low Risk - Low Activity
6099229,0.0,1,0,0.0,1.0,0.0,0.0,Low,0,Low Risk - Low Activity
6154550,0.0,1,0,0.0,1.0,0.0,0.0,Low,0,Low Risk - Low Activity
6165419,0.0,1,0,0.0,0.0,1.0,0.0,Low,0,Low Risk - Low Activity
6167036,0.0,1,0,0.0,1.0,0.0,0.0,Low,0,Low Risk - Low Activity
6167053,0.0,1,0,0.0,0.0,1.0,0.0,Low,0,Low Risk - Low Activity
6167934,0.0,1,0,0.0,1.0,0.0,0.0,Low,0,Low Risk - Low Activity
6175651,0.0,1,0,0.0,0.0,1.0,0.0,Low,0,Low Risk - Low Activity
6178866,0.0,1,0,0.0,0.0,1.0,0.0,Low,0,Low Risk - Low Activity
6207623,0.0,1,0,0.0,0.0,1.0,0.0,Low,0,Low Risk - Low Activity
6210743,0.0,1,0,0.0,1.0,0.0,0.0,Low,0,Low Risk - Low Activity
6222979,0.0,1,0,0.0,0.0,1.0,0.0,Low,0,Low Risk - Low Activity
6224460,0.0,1,0,0.0,0.0,1.0,0.0,Low,0,Low Risk - Low Activity
6230556,0.0,1,0,0.0,1.0,0.0,0.0,Low,0,Low Risk - Low Activity
6289900,0.0,1,0,0.0,1.0,0.0,0.0,Low,0,Low Risk - Low Activity
6296441,0.0,1,0,0.0,1.0,0.0,0.0,Low,0,Low Risk - Low Activity
6302844,0.0,1,0,0.0,1.0,0.0,0.0,Low,0,Low Risk - Low Activity
6337935,0.0,1,0,0.0,0.0,1.0,0.0,Low,0,Low Risk - Low Activity
6342730,0.0,1,0,0.0,1.0,0.0,0.0,Low,0,Low Risk - Low Activity
6351087,0.0,1,0,0.0,0.0,1.0,0.0,Low,0,Low Risk - Low Activity
6351542,0.0,1,0,0.0,0.0,1.0,0.0,Low,0,Low Risk - Low Activity
6355331,0.0,1,0,0.0,0.0,1.0,0.0,Low,0,Low Risk - Low Activity
6362646,0.0,1,0,0.0,0.0,1.0,0.0,Low,0,Low Risk - Low Activity
6364614,0.0,1,0,0.0,0.0,1.0,0.0,Low,0,Low Risk - Low Activity
6377806,0.0,1,0,0.0,1.0,0.0,0.0,Low,0,Low Risk - Low Activity
6390938,0.0,1,0,0.0,1.0,0.0,0.0,Low,0,Low Risk - Low Activity
6391247,0.0,1,0,0.0,0.0,1.0,0.0,Low,0,Low Risk - Low Activity
6396992,0.0,1,0,0.0,0.0,1.0,0.0,Low,0,Low Risk - Low Activity
6406246,0.0,1,0,0.0,0.0,1.0,0.0,Low,0,Low Risk - Low Activity
6423874,0.0,1,0,0.0,1.0,0.0,0.0,Low,0,Low Risk - Low Activity
6427335,0.0,1,0,0.0,0.0,1.0,0.0,Low,0,Low Risk - Low Activity
6443892,0.0,1,0,0.0,1.0,0.0,0.0,Low,0,Low Risk - Low Activity
6451650,0.0,1,0,0.0,0.0,1.0,0.0,Low,0,Low Risk - Low Activity
6453747,0.0,1,0,0.0,0.0,1.0,0.0,Low,0,Low Risk - Low Activity
6454366,0.0,1,0,0.0,1.0,0.0,0.0,Low,0,Low Risk - Low Activity
6482543,0.0,1,0,0.0,1.0,0.0,0.0,Low,0,Low Risk - Low Activity
6483101,0.0,1,0,0.0,0.0,1.0,0.0,Low,0,Low Risk - Low Activity
6486502,0.0,1,0,0.0,1.0,0.0,0.0,Low,0,Low Risk - Low Activity
6499472,0.0,1,0,0.0,0.0,1.0,0.0,Low,0,Low Risk - Low Activity
6500531,0.0,1,0,0.0,1.0,0.0,0.0,Low,0,Low Risk - Low Activity
6503777,0.0,1,0,0.0,1.0,0.0,0.0,Low,0,Low Risk - Low Activity
6513366,0.0,1,0,0.0,1.0,0.0,0.0,Low,0,Low Risk - Low Activity
6519455,0.0,1,0,0.0,0.0,1.0,0.0,Low,0,Low Risk - Low Activity
6530885,0.0,1,0,0.0,0.0,1.0,0.0,Low,0,Low Risk - Low Activity
6543789,0.0,1,0,0.0,1.0,0.0,0.0,Low,0,Low Risk - Low Activity
6564054,0.0,1,0,0.0,0.0,1.0,0.0,Low,0,Low Risk - Low Activity
6565388,0.0,1,0,0.0,0.0,1.0,0.0,Low,0,Low Risk - Low Activity
6574875,0.0,1,0,0.0,0.0,1.0,0.0,Low,0,Low Risk - Low Activity
6582117,0.0,1,0,0.0,0.0,1.0,0.0,Low,0,Low Risk - Low Activity
6595749,0.0,1,0,0.0,1.0,0.0,0.0,Low,0,Low Risk - Low Activity
6612662,0.0,1,0,0.0,1.0,0.0,0.0,Low,0,Low Risk - Low Activity
6616026,0.0,1,0,0.0,0.0,1.0,0.0,Low,0,Low Risk - Low Activity
6638413,0.0,1,0,0.0,0.0,1.0,0.0,Low,0,Low Risk - Low Activity
6638818,0.0,1,0,0.0,1.0,0.0,0.0,Low,0,Low Risk - Low Activity
6639625,0.0,1,0,0.0,1.0,0.0,0.0,Low,0,Low Risk - Low Activity
6663186,0.0,1,0,0.0,0.0,1.0,0.0,Low,0,Low Risk - Low Activity
6671498,0.0,1,0,0.0,0.0,1.0,0.0,Low,0,Low Risk - Low Activity
6688944,0.0,1,0,0.0,0.0,1.0,0.0,Low,0,Low Risk - Low Activity
6701368,0.0,1,0,0.0,1.0,0.0,0.0,Low,0,Low Risk - Low Activity
6701681,0.0,1,0,0.0,0.0,1.0,0.0,Low,0,Low Risk - Low Activity
6703362,0.0,1,0,0.0,0.0,1.0,0.0,Low,0,Low Risk - Low Activity
6715816,0.0,1,0,0.0,0.0,1.0,0.0,Low,0,Low Risk - Low Activity
6740970,0.0,1,0,0.0,1.0,0.0,0.0,Low,0,Low Risk - Low Activity
6764971,0.0,1,0,0.0,1.0,0.0,0.0,Low,0,Low Risk - Low Activity
6773695,0.0,1,0,0.0,0.0,1.0,0.0,Low,0,Low Risk - Low Activity
6786877,0.0,1,0,0.0,0.0,1.0,0.0,Low,0,Low Risk - Low Activity
6805867,0.0,1,0,0.0,0.0,1.0,0.0,Low,0,Low Risk - Low Activity
6815325,0.0,1,0,0.0,0.0,1.0,0.0,Low,0,Low Risk - Low Activity
6815853,0.0,1,0,0.0,0.0,1.0,0.0,Low,0,Low Risk - Low Activity
6821360,0.0,1,0,0.0,0.0,1.0,0.0,Low,0,Low Risk - Low Activity
6821410,0.0,1,0,0.0,0.0,1.0,0.0,Low,0,Low Risk - Low Activity
6834029,0.0,1,0,0.0,0.0,1.0,0.0,Low,0,Low Risk - Low Activity
6835348,0.0,1,0,0.0,1.0,0.0,0.0,Low,0,Low Risk - Low Activity
6835964,0.0,1,0,0.0,0.0,1.0,0.0,Low,0,Low Risk - Low Activity
6845076,0.0,1,0,0.0,0.0,1.0,0.0,Low,0,Low Risk - Low Activity
6865483,0.0,1,0,0.0,1.0,0.0,0.0,Low,0,Low Risk - Low Activity
6868529,0.0,1,0,0.0,0.0,1.0,0.0,Low,0,Low Risk - Low Activity
6886406,0.0,1,0,0.0,1.0,0.0,0.0,Low,0,Low Risk - Low Activity
6890932,0.0,1,0,0.0,0.0,1.0,0.0,Low,0,Low Risk - Low Activity
6899003,0.0,1,0,0.0,1.0,0.0,0.0,Low,0,Low Risk - Low Activity
6901972,0.0,1,0,0.0,0.0,1.0,0.0,Low,0,Low Risk - Low Activity
6908053,0.0,1,0,0.0,0.0,1.0,0.0,Low,0,Low Risk - Low Activity
6909423,0.0,1,0,0.0,0.0,1.0,0.0,Low,0,Low Risk - Low Activity
6924085,0.0,1,0,0.0,1.0,0.0,0.0,Low,0,Low Risk - Low Activity
6946101,0.0,1,0,0.0,0.0,1.0,0.0,Low,0,Low Risk - Low Activity
6946369,0.0,1,0,0.0,1.0,0.0,0.0,Low,0,Low Risk - Low Activity
6949008,0.0,1,0,0.0,0.0,1.0,0.0,Low,0,Low Risk - Low Activity
6958349,0.0,1,0,0.0,0.0,1.0,0.0,Low,0,Low Risk - Low Activity
6964116,0.0,1,0,0.0,0.0,1.0,0.0,Low,0,Low Risk - Low Activity
6964758,0.0,1,0,0.0,0.0,1.0,0.0,Low,0,Low Risk - Low Activity
6968028,0.0,1,0,0.0,0.0,1.0,0.0,Low,0,Low Risk - Low Activity
6980098,0.0,1,0,0.0,0.0,1.0,0.0,Low,0,Low Risk - Low Activity
6981756,0.0,1,0,0.0,0.0,1.0,0.0,Low,0,Low Risk - Low Activity
6999611,0.0,1,0,0.0,0.0,1.0,0.0,Low,0,Low Risk - Low Activity
7001885,0.0,1,0,0.0,1.0,0.0,0.0,Low,0,Low Risk - Low Activity
7003636,0.0,1,0,0.0,1.0,0.0,0.0,Low,0,Low Risk - Low Activity
7004946,0.0,1,0,0.0,1.0,0.0,0.0,Low,0,Low Risk - Low Activity
7011417,0.0,1,0,0.0,0.0,1.0,0.0,Low,0,Low Risk - Low Activity
7015005,0.0,1,0,0.0,0.0,1.0,0.0,Low,0,Low Risk - Low Activity
7030549,0.0,1,0,0.0,0.0,1.0,0.0,Low,0,Low Risk - Low Activity
7034161,0.0,1,0,0.0,0.0,1.0,0.0,Low,0,Low Risk - Low Activity
7051834,0.0,1,0,0.0,1.0,0.0,0.0,Low,0,Low Risk - Low Activity
7060409,0.0,1,0,0.0,0.0,1.0,0.0,Low,0,Low Risk - Low Activity
7061580,0.0,1,0,0.0,0.0,1.0,0.0,Low,0,Low Risk - Low Activity
7073126,0.0,1,0,0.0,0.0,1.0,0.0,Low,0,Low Risk - Low Activity
7082110,0.0,1,0,0.0,1.0,0.0,0.0,Low,0,Low Risk - Low Activity
7102283,0.0,1,0,0.0,0.0,1.0,0.0,Low,0,Low Risk - Low Activity
7117137,0.0,1,0,0.0,1.0,0.0,0.0,Low,0,Low Risk - Low Activity
7121938,0.0,1,0,0.0,1.0,0.0,0.0,Low,0,Low Risk - Low Activity
7122891,0.0,1,0,0.0,1.0,0.0,0.0,Low,0,Low Risk - Low Activity
7123095,0.0,1,0,0.0,0.0,1.0,0.0,Low,0,Low Risk - Low Activity
7132846,0.0,1,0,0.0,1.0,0.0,0.0,Low,0,Low Risk - Low Activity
7145710,0.0,1,0,0.0,0.0,1.0,0.0,Low,0,Low Risk - Low Activity
7157959,0.0,1,0,0.0,1.0,0.0,0.0,Low,0,Low Risk - Low Activity
7176649,0.0,1,0,0.0,0.0,1.0,0.0,Low,0,Low Risk - Low Activity
7180559,0.0,1,0,0.0,0.0,1.0,0.0,Low,0,Low Risk - Low Activity
7180987,0.0,1,0,0.0,0.0,1.0,0.0,Low,0,Low Risk - Low Activity
7191404,0.0,1,0,0.0,0.0,1.0,0.0,Low,0,Low Risk - Low Activity
7192435,0.0,1,0,0.0,0.0,1.0,0.0,Low,0,Low Risk - Low Activity
7199608,0.0,1,0,1.0,0.0,0.0,0.0,Low,1,Low Risk - Low Activity
7203722,0.0,1,0,0.0,0.0,1.0,0.0,Low,0,Low Risk - Low Activity
7206106,0.0,1,0,0.0,0.0,1.0,0.0,Low,0,Low Risk - Low Activity
7206202,0.0,1,0,0.0,0.0,1.0,0.0,Low,0,Low Risk - Low Activity
7212826,0.0,1,0,0.0,0.0,1.0,0.0,Low,0,Low Risk - Low Activity
7234904,0.0,1,0,0.0,0.0,1.0,0.0,Low,0,Low Risk - Low Activity
7238481,0.0,1,0,0.0,0.0,1.0,0.0,Low,0,Low Risk - Low Activity
7241164,0.0,1,0,0.0,0.0,1.0,0.0,Low,0,Low Risk - Low Activity
7246385,0.0,1,0,0.0,0.0,1.0,0.0,Low,0,Low Risk - Low Activity
7254592,0.0,1,0,0.0,1.0,0.0,0.0,Low,0,Low Risk - Low Activity
7267912,0.0,1,0,0.0,1.0,0.0,0.0,Low,0,Low Risk - Low Activity
7277590,0.0,1,0,0.0,0.0,1.0,0.0,Low,0,Low Risk - Low Activity
7284288,0.0,1,0,0.0,0.0,1.0,0.0,Low,0,Low Risk - Low Activity
7285906,0.0,1,0,0.0,1.0,0.0,0.0,Low,0,Low Risk - Low Activity
7288776,0.0,1,0,0.0,0.0,1.0,0.0,Low,0,Low Risk - Low Activity
7288981,0.0,1,0,0.0,1.0,0.0,0.0,Low,0,Low Risk - Low Activity
7309191,0.0,1,0,0.0,0.0,1.0,0.0,Low,0,Low Risk - Low Activity
7312563,0.0,1,0,0.0,1.0,0.0,0.0,Low,0,Low Risk - Low Activity
7327715,0.0,1,0,0.0,0.0,1.0,0.0,Low,0,Low Risk - Low Activity
7346558,0.0,1,0,0.0,0.0,1.0,0.0,Low,0,Low Risk - Low Activity
7346618,0.0,1,0,0.0,1.0,0.0,0.0,Low,0,Low Risk - Low Activity
7372322,0.0,1,0,0.0,0.0,1.0,0.0,Low,0,Low Risk - Low Activity
7374411,0.0,1,0,0.0,0.0,1.0,0.0,Low,0,Low Risk - Low Activity
7374789,0.0,1,0,0.0,1.0,0.0,0.0,Low,0,Low Risk - Low Activity
7383728,0.0,1,0,0.0,1.0,0.0,0.0,Low,0,Low Risk - Low Activity
7406166,0.0,1,0,0.0,1.0,0.0,0.0,Low,0,Low Risk - Low Activity
7410835,0.0,1,0,0.0,0.0,1.0,0.0,Low,0,Low Risk - Low Activity
7413692,0.0,1,0,0.0,0.0,1.0,0.0,Low,0,Low Risk - Low Activity
7423907,0.0,1,0,0.0,0.0,1.0,0.0,Low,0,Low Risk - Low Activity
7431079,0.0,1,0,0.0,1.0,0.0,0.0,Low,0,Low Risk - Low Activity
7434901,0.0,1,0,0.0,0.0,1.0,0.0,Low,0,Low Risk - Low Activity
7441617,0.0,1,0,0.0,0.0,1.0,0.0,Low,0,Low Risk - Low Activity
7459782,0.0,1,0,0.0,0.0,1.0,0.0,Low,0,Low Risk - Low Activity
7477747,0.0,1,0,0.0,0.0,1.0,0.0,Low,0,Low Risk - Low Activity
7481761,0.0,1,0,0.0,0.0,1.0,0.0,Low,0,Low Risk - Low Activity
7497087,0.0,1,0,0.0,0.0,1.0,0.0,Low,0,Low Risk - Low Activity
7498974,0.0,1,0,0.0,1.0,0.0,0.0,Low,0,Low Risk - Low Activity
7501409,0.0,1,0,0.0,0.0,1.0,0.0,Low,0,Low Risk - Low Activity
7507964,0.0,1,0,0.0,0.0,1.0,0.0,Low,0,Low Risk - Low Activity
7515696,0.0,1,0,0.0,1.0,0.0,0.0,Low,0,Low Risk - Low Activity
7524509,0.0,1,0,0.0,1.0,0.0,0.0,Low,0,Low Risk - Low Activity
7569740,0.0,1,0,0.0,1.0,0.0,0.0,Low,0,Low Risk - Low Activity
7573057,0.0,1,0,0.0,0.0,1.0,0.0,Low,0,Low Risk - Low Activity
7574356,0.0,1,0,0.0,1.0,0.0,0.0,Low,0,Low Risk - Low Activity
7590403,0.0,1,0,0.0,0.0,1.0,0.0,Low,0,Low Risk - Low Activity
7592929,0.0,1,0,0.0,1.0,0.0,0.0,Low,0,Low Risk - Low Activity
7594345,0.0,1,0,0.0,1.0,0.0,0.0,Low,0,Low Risk - Low Activity
7607883,0.0,1,0,0.0,1.0,0.0,0.0,Low,0,Low Risk - Low Activity
7618339,0.0,1,0,0.0,1.0,0.0,0.0,Low,0,Low Risk - Low Activity
7636621,0.0,1,0,0.0,1.0,0.0,0.0,Low,0,Low Risk - Low Activity
7645255,0.0,1,0,0.0,1.0,0.0,0.0,Low,0,Low Risk - Low Activity
7648293,0.0,1,0,0.0,0.0,1.0,0.0,Low,0,Low Risk - Low Activity
7660684,0.0,1,0,0.0,0.0,1.0,0.0,Low,0,Low Risk - Low Activity
7661308,0.0,1,0,0.0,0.0,1.0,0.0,Low,0,Low Risk - Low Activity
7667766,0.0,1,0,0.0,1.0,0.0,0.0,Low,0,Low Risk - Low Activity
7674387,0.0,1,0,0.0,0.0,1.0,0.0,Low,0,Low Risk - Low Activity
7678926,0.0,1,0,0.0,1.0,0.0,0.0,Low,0,Low Risk - Low Activity
7680021,0.0,1,0,0.0,0.0,1.0,0.0,Low,0,Low Risk - Low Activity
7709630,0.0,1,0,0.0,0.0,1.0,0.0,Low,0,Low Risk - Low Activity
7719107,0.0,1,0,0.0,0.0,1.0,0.0,Low,0,Low Risk - Low Activity
7721500,0.0,1,0,0.0,0.0,1.0,0.0,Low,0,Low Risk - Low Activity
7737068,0.0,1,0,0.0,1.0,0.0,0.0,Low,0,Low Risk - Low Activity
7741431,0.0,1,0,0.0,1.0,0.0,0.0,Low,0,Low Risk - Low Activity
7743072,0.0,1,0,0.0,1.0,0.0,0.0,Low,0,Low Risk - Low Activity
7759075,0.0,1,0,0.0,1.0,0.0,0.0,Low,0,Low Risk - Low Activity
7766660,0.0,1,0,0.0,0.0,1.0,0.0,Low,0,Low Risk - Low Activity
7773998,0.0,1,0,0.0,0.0,1.0,0.0,Low,0,Low Risk - Low Activity
7810060,0.0,1,0,0.0,0.0,1.0,0.0,Low,0,Low Risk - Low Activity
7814404,0.0,1,0,0.0,0.0,1.0,0.0,Low,0,Low Risk - Low Activity
7814619,0.0,1,0,0.0,0.0,1.0,0.0,Low,0,Low Risk - Low Activity
7816534,0.0,1,0,0.0,1.0,0.0,0.0,Low,0,Low Risk - Low Activity
7825652,0.0,1,0,0.0,1.0,0.0,0.0,Low,0,Low Risk - Low Activity
7844479,0.0,1,0,0.0,1.0,0.0,0.0,Low,0,Low Risk - Low Activity
7854382,0.0,1,0,0.0,0.0,1.0,0.0,Low,0,Low Risk - Low Activity
7872141,0.0,1,0,0.0,0.0,1.0,0.0,Low,0,Low Risk - Low Activity
7872480,0.0,1,0,0.0,0.0,1.0,0.0,Low,0,Low Risk - Low Activity
7877365,0.0,1,0,0.0,1.0,0.0,0.0,Low,0,Low Risk - Low Activity
7890010,0.0,1,0,0.0,0.0,1.0,0.0,Low,0,Low Risk - Low Activity
7897553,0.0,1,0,0.0,1.0,0.0,0.0,Low,0,Low Risk - Low Activity
7898640,0.0,1,0,0.0,1.0,0.0,0.0,Low,0,Low Risk - Low Activity
7929690,0.0,1,0,0.0,0.0,1.0,0.0,Low,0,Low Risk - Low Activity
7930486,0.0,1,0,0.0,0.0,1.0,0.0,Low,0,Low Risk - Low Activity
7941511,0.0,1,0,0.0,1.0,0.0,0.0,Low,0,Low Risk - Low Activity
7945294,0.0,1,0,0.0,0.0,1.0,0.0,Low,0,Low Risk - Low Activity
7948068,0.0,1,0,0.0,0.0,1.0,0.0,Low,0,Low Risk - Low Activity
7967894,0.0,1,0,0.0,1.0,0.0,0.0,Low,0,Low Risk - Low Activity
8000544,0.0,1,0,0.0,0.0,1.0,0.0,Low,0,Low Risk - Low Activity
8000831,0.0,1,0,0.0,0.0,1.0,0.0,Low,0,Low Risk - Low Activity
8019360,0.0,1,0,0.0,0.0,1.0,0.0,Low,0,Low Risk - Low Activity
8042025,0.0,1,0,0.0,1.0,0.0,0.0,Low,0,Low Risk - Low Activity
8077005,0.0,1,0,0.0,0.0,1.0,0.0,Low,0,Low Risk - Low Activity
8087082,0.0,1,0,0.0,1.0,0.0,0.0,Low,0,Low Risk - Low Activity
8090255,0.0,1,0,0.0,0.0,1.0,0.0,Low,0,Low Risk - Low Activity
8097668,0.0,1,0,0.0,0.0,1.0,0.0,Low,0,Low Risk - Low Activity
8116018,0.0,1,0,0.0,0.0,1.0,0.0,Low,0,Low Risk - Low Activity
8118437,0.0,1,0,0.0,1.0,0.0,0.0,Low,0,Low Risk - Low Activity
8130569,0.0,1,0,0.0,0.0,1.0,0.0,Low,0,Low Risk - Low Activity
8158238,0.0,1,0,0.0,0.0,1.0,0.0,Low,0,Low Risk - Low Activity
8159642,0.0,1,0,0.0,0.0,1.0,0.0,Low,0,Low Risk - Low Activity
8162965,0.0,1,0,0.0,0.0,1.0,0.0,Low,0,Low Risk - Low Activity
8164814,0.0,1,0,0.0,0.0,1.0,0.0,Low,0,Low Risk - Low Activity
8166962,0.0,1,0,0.0,0.0,1.0,0.0,Low,0,Low Risk - Low Activity
8169068,0.0,1,0,0.0,1.0,0.0,0.0,Low,0,Low Risk - Low Activity
8172456,0.0,1,0,0.0,1.0,0.0,0.0,Low,0,Low Risk - Low Activity
8194172,0.0,1,0,0.0,1.0,0.0,0.0,Low,0,Low Risk - Low Activity
8220970,0.0,1,0,0.0,0.0,1.0,0.0,Low,0,Low Risk - Low Activity
8228335,0.0,1,0,0.0,0.0,1.0,0.0,Low,0,Low Risk - Low Activity
8232178,0.0,1,0,0.0,1.0,0.0,0.0,Low,0,Low Risk - Low Activity
8236113,0.0,1,0,0.0,0.0,1.0,0.0,Low,0,Low Risk - Low Activity
8242063,0.0,1,0,0.0,0.0,1.0,0.0,Low,0,Low Risk - Low Activity
8250981,0.0,1,0,0.0,0.0,1.0,0.0,Low,0,Low Risk - Low Activity
8317787,0.0,1,0,0.0,0.0,1.0,0.0,Low,0,Low Risk - Low Activity
8327961,0.0,1,0,0.0,0.0,1.0,0.0,Low,0,Low Risk - Low Activity
8343049,0.0,1,0,0.0,0.0,1.0,0.0,Low,0,Low Risk - Low Activity
8363650,0.0,1,0,0.0,1.0,0.0,0.0,Low,0,Low Risk - Low Activity
8373387,0.0,1,0,0.0,1.0,0.0,0.0,Low,0,Low Risk - Low Activity
8375517,0.0,1,0,0.0,1.0,0.0,0.0,Low,0,Low Risk - Low Activity
8385391,0.0,1,0,0.0,0.0,1.0,0.0,Low,0,Low Risk - Low Activity
8393115,0.0,1,0,0.0,0.0,1.0,0.0,Low,0,Low Risk - Low Activity
8396640,0.0,1,0,0.0,0.0,1.0,0.0,Low,0,Low Risk - Low Activity
8415789,0.0,1,0,0.0,1.0,0.0,0.0,Low,0,Low Risk - Low Activity
8420191,0.0,1,0,0.0,0.0,1.0,0.0,Low,0,Low Risk - Low Activity
8438296,0.0,1,0,0.0,0.0,1.0,0.0,Low,0,Low Risk - Low Activity
8466526,0.0,1,0,0.0,1.0,0.0,0.0,Low,0,Low Risk - Low Activity
8466583,0.0,1,0,0.0,0.0,1.0,0.0,Low,0,Low Risk - Low Activity
8468959,0.0,1,0,0.0,0.0,1.0,0.0,Low,0,Low Risk - Low Activity
8470456,0.0,1,0,0.0,1.0,0.0,0.0,Low,0,Low Risk - Low Activity
8472395,0.0,1,0,0.0,0.0,1.0,0.0,Low,0,Low Risk - Low Activity
8484455,0.0,1,0,0.0,0.0,1.0,0.0,Low,0,Low Risk - Low Activity
8489868,0.0,1,0,0.0,0.0,1.0,0.0,Low,0,Low Risk - Low Activity
8491566,0.0,1,0,0.0,0.0,1.0,0.0,Low,0,Low Risk - Low Activity
8495717,0.0,1,0,0.0,1.0,0.0,0.0,Low,0,Low Risk - Low Activity
8496056,0.0,1,0,0.0,1.0,0.0,0.0,Low,0,Low Risk - Low Activity
8497196,0.0,1,0,0.0,0.0,1.0,0.0,Low,0,Low Risk - Low Activity
8509547,0.0,1,0,0.0,0.0,1.0,0.0,Low,0,Low Risk - Low Activity
8522513,0.0,1,0,0.0,1.0,0.0,0.0,Low,0,Low Risk - Low Activity
8524531,0.0,1,0,0.0,0.0,1.0,0.0,Low,0,Low Risk - Low Activity
8528333,0.0,1,0,0.0,0.0,1.0,0.0,Low,0,Low Risk - Low Activity
8535400,0.0,1,0,0.0,0.0,1.0,0.0,Low,0,Low Risk - Low Activity
8551172,0.0,1,0,0.0,0.0,1.0,0.0,Low,0,Low Risk - Low Activity
8557647,0.0,1,0,0.0,0.0,1.0,0.0,Low,0,Low Risk - Low Activity
8558417,0.0,1,0,0.0,0.0,1.0,0.0,Low,0,Low Risk - Low Activity
8558802,0.0,1,0,0.0,1.0,0.0,0.0,Low,0,Low Risk - Low Activity
8572190,0.0,1,0,0.0,0.0,1.0,0.0,Low,0,Low Risk - Low Activity
8585118,0.0,1,0,0.0,0.0,1.0,0.0,Low,0,Low Risk - Low Activity
8593997,0.0,1,0,0.0,1.0,0.0,0.0,Low,0,Low Risk - Low Activity
8603766,0.0,1,0,0.0,0.0,1.0,0.0,Low,0,Low Risk - Low Activity
8610371,0.0,1,0,0.0,1.0,0.0,0.0,Low,0,Low Risk - Low Activity
8614567,0.0,1,0,0.0,0.0,1.0,0.0,Low,0,Low Risk - Low Activity
8617253,0.0,1,0,0.0,1.0,0.0,0.0,Low,0,Low Risk - Low Activity
8621375,0.0,1,0,0.0,0.0,1.0,0.0,Low,0,Low Risk - Low Activity
8632293,0.0,1,0,1.0,0.0,0.0,0.0,Low,1,Low Risk - Low Activity
8637416,0.0,1,0,0.0,0.0,1.0,0.0,Low,0,Low Risk - Low Activity
8637723,0.0,1,0,0.0,0.0,1.0,0.0,Low,0,Low Risk - Low Activity
8639857,0.0,1,0,0.0,1.0,0.0,0.0,Low,0,Low Risk - Low Activity
8649123,0.0,1,0,0.0,0.0,1.0,0.0,Low,0,Low Risk - Low Activity
8677166,0.0,1,0,0.0,1.0,0.0,0.0,Low,0,Low Risk - Low Activity
8689808,0.0,1,0,0.0,1.0,0.0,0.0,Low,0,Low Risk - Low Activity
8694027,0.0,1,0,0.0,0.0,1.0,0.0,Low,0,Low Risk - Low Activity
8704487,0.0,1,0,0.0,0.0,1.0,0.0,Low,0,Low Risk - Low Activity
8709598,0.0,1,0,0.0,0.0,1.0,0.0,Low,0,Low Risk - Low Activity
8710197,0.0,1,0,0.0,1.0,0.0,0.0,Low,0,Low Risk - Low Activity
8720649,0.0,1,0,0.0,1.0,0.0,0.0,Low,0,Low Risk - Low Activity
8742895,0.0,1,0,0.0,0.0,1.0,0.0,Low,0,Low Risk - Low Activity
8769459,0.0,1,0,0.0,0.0,1.0,0.0,Low,0,Low Risk - Low Activity
8787036,0.0,1,0,0.0,1.0,0.0,0.0,Low,0,Low Risk - Low Activity
8788367,0.0,1,0,0.0,0.0,1.0,0.0,Low,0,Low Risk - Low Activity
8789865,0.0,1,0,0.0,0.0,1.0,0.0,Low,0,Low Risk - Low Activity
8802945,0.0,1,0,0.0,1.0,0.0,0.0,Low,0,Low Risk - Low Activity
8806021,0.0,1,0,0.0,1.0,0.0,0.0,Low,0,Low Risk - Low Activity
8819405,0.0,1,0,0.0,0.0,1.0,0.0,Low,0,Low Risk - Low Activity
8820209,0.0,1,0,0.0,0.0,1.0,0.0,Low,0,Low Risk - Low Activity
8825286,0.0,1,0,0.0,1.0,0.0,0.0,Low,0,Low Risk - Low Activity
8832787,0.0,1,0,0.0,1.0,0.0,0.0,Low,0,Low Risk - Low Activity
8842954,0.0,1,0,0.0,1.0,0.0,0.0,Low,0,Low Risk - Low Activity
8857567,0.0,1,0,0.0,0.0,1.0,0.0,Low,0,Low Risk - Low Activity
8887696,0.0,1,0,0.0,0.0,1.0,0.0,Low,0,Low Risk - Low Activity
8888032,0.0,1,0,0.0,0.0,1.0,0.0,Low,0,Low Risk - Low Activity
8894572,0.0,1,0,0.0,1.0,0.0,0.0,Low,0,Low Risk - Low Activity
8904488,0.0,1,0,0.0,1.0,0.0,0.0,Low,0,Low Risk - Low Activity
8907984,0.0,1,0,0.0,0.0,1.0,0.0,Low,0,Low Risk - Low Activity
8916140,0.0,1,0,0.0,0.0,1.0,0.0,Low,0,Low Risk - Low Activity
8919405,0.0,1,0,0.0,0.0,1.0,0.0,Low,0,Low Risk - Low Activity
8929048,0.0,1,0,0.0,0.0,1.0,0.0,Low,0,Low Risk - Low Activity
8935219,0.0,1,0,0.0,1.0,0.0,0.0,Low,0,Low Risk - Low Activity
8938272,0.0,1,0,0.0,1.0,0.0,0.0,Low,0,Low Risk - Low Activity
8938819,0.0,1,0,0.0,1.0,0.0,0.0,Low,0,Low Risk - Low Activity
8945183,0.0,1,0,0.0,0.0,1.0,0.0,Low,0,Low Risk - Low Activity
8953134,0.0,1,0,0.0,0.0,1.0,0.0,Low,0,Low Risk - Low Activity
8957794,0.0,1,0,0.0,1.0,0.0,0.0,Low,0,Low Risk - Low Activity
8988950,0.0,1,0,0.0,0.0,1.0,0.0,Low,0,Low Risk - Low Activity
8997124,0.0,1,0,0.0,0.0,1.0,0.0,Low,0,Low Risk - Low Activity
9009145,0.0,1,0,1.0,0.0,0.0,0.0,Low,1,Low Risk - Low Activity
9015086,0.0,1,0,0.0,0.0,1.0,0.0,Low,0,Low Risk - Low Activity
9020476,0.0,1,0,0.0,0.0,1.0,0.0,Low,0,Low Risk - Low Activity
9056639,0.0,1,0,0.0,0.0,1.0,0.0,Low,0,Low Risk - Low Activity
9080830,0.0,1,0,0.0,0.0,1.0,0.0,Low,0,Low Risk - Low Activity
9085608,0.0,1,0,0.0,1.0,0.0,0.0,Low,0,Low Risk - Low Activity
9093498,0.0,1,0,0.0,1.0,0.0,0.0,Low,0,Low Risk - Low Activity
9094375,0.0,1,0,0.0,0.0,1.0,0.0,Low,0,Low Risk - Low Activity
9101886,0.0,1,0,0.0,0.0,1.0,0.0,Low,0,Low Risk - Low Activity
9104617,0.0,1,0,0.0,0.0,1.0,0.0,Low,0,Low Risk - Low Activity
9126082,0.0,1,0,0.0,0.0,1.0,0.0,Low,0,Low Risk - Low Activity
9130178,0.0,1,0,0.0,0.0,1.0,0.0,Low,0,Low Risk - Low Activity
9135820,0.0,1,0,0.0,0.0,1.0,0.0,Low,0,Low Risk - Low Activity
9135936,0.0,1,0,0.0,0.0,1.0,0.0,Low,0,Low Risk - Low Activity
9137098,0.0,1,0,0.0,1.0,0.0,0.0,Low,0,Low Risk - Low Activity
9141807,0.0,1,0,0.0,0.0,1.0,0.0,Low,0,Low Risk - Low Activity
9145300,0.0,1,0,0.0,1.0,0.0,0.0,Low,0,Low Risk - Low Activity
9153924,0.0,1,0,0.0,1.0,0.0,0.0,Low,0,Low Risk - Low Activity
9158783,0.0,1,0,0.0,1.0,0.0,0.0,Low,0,Low Risk - Low Activity
9188524,0.0,1,0,0.0,0.0,1.0,0.0,Low,0,Low Risk - Low Activity
9190148,0.0,1,0,0.0,1.0,0.0,0.0,Low,0,Low Risk - Low Activity
9229934,0.0,1,0,0.0,0.0,1.0,0.0,Low,0,Low Risk - Low Activity
9232279,0.0,1,0,0.0,0.0,1.0,0.0,Low,0,Low Risk - Low Activity
9254665,0.0,1,0,0.0,1.0,0.0,0.0,Low,0,Low Risk - Low Activity
9260324,0.0,1,0,0.0,0.0,1.0,0.0,Low,0,Low Risk - Low Activity
9265714,0.0,1,0,0.0,0.0,1.0,0.0,Low,0,Low Risk - Low Activity
9267738,0.0,1,0,0.0,0.0,1.0,0.0,Low,0,Low Risk - Low Activity
9275185,0.0,1,0,0.0,1.0,0.0,0.0,Low,0,Low Risk - Low Activity
9280270,0.0,1,0,0.0,0.0,1.0,0.0,Low,0,Low Risk - Low Activity
9281327,0.0,1,0,0.0,1.0,0.0,0.0,Low,0,Low Risk - Low Activity
9286850,0.0,1,0,0.0,1.0,0.0,0.0,Low,0,Low Risk - Low Activity
9358950,0.0,1,0,0.0,1.0,0.0,0.0,Low,0,Low Risk - Low Activity
9363125,0.0,1,0,0.0,1.0,0.0,0.0,Low,0,Low Risk - Low Activity
9365337,0.0,1,0,0.0,1.0,0.0,0.0,Low,0,Low Risk - Low Activity
9380658,0.0,1,0,0.0,1.0,0.0,0.0,Low,0,Low Risk - Low Activity
9387887,0.0,1,0,0.0,0.0,1.0,0.0,Low,0,Low Risk - Low Activity
9392798,0.0,1,0,0.0,1.0,0.0,0.0,Low,0,Low Risk - Low Activity
9399318,0.0,1,0,0.0,1.0,0.0,0.0,Low,0,Low Risk - Low Activity
9418639,0.0,1,0,0.0,0.0,1.0,0.0,Low,0,Low Risk - Low Activity
9421177,0.0,1,0,0.0,0.0,1.0,0.0,Low,0,Low Risk - Low Activity
9433586,0.0,1,0,0.0,1.0,0.0,0.0,Low,0,Low Risk - Low Activity
9433980,0.0,1,0,0.0,1.0,0.0,0.0,Low,0,Low Risk - Low Activity
9441888,0.0,1,0,0.0,0.0,1.0,0.0,Low,0,Low Risk - Low Activity
9452665,0.0,1,0,0.0,0.0,1.0,0.0,Low,0,Low Risk - Low Activity
9461434,0.0,1,0,0.0,0.0,1.0,0.0,Low,0,Low Risk - Low Activity
9487403,0.0,1,0,0.0,0.0,1.0,0.0,Low,0,Low Risk - Low Activity
9488133,0.0,1,0,0.0,0.0,1.0,0.0,Low,0,Low Risk - Low Activity
9489679,0.0,1,0,0.0,0.0,1.0,0.0,Low,0,Low Risk - Low Activity
9503371,0.0,1,0,0.0,0.0,1.0,0.0,Low,0,Low Risk - Low Activity
9526389,0.0,1,0,0.0,0.0,1.0,0.0,Low,0,Low Risk - Low Activity
9537741,0.0,1,0,0.0,0.0,1.0,0.0,Low,0,Low Risk - Low Activity
9538623,0.0,1,0,0.0,0.0,1.0,0.0,Low,0,Low Risk - Low Activity
9539472,0.0,1,0,0.0,1.0,0.0,0.0,Low,0,Low Risk - Low Activity
9552421,0.0,1,0,0.0,0.0,1.0,0.0,Low,0,Low Risk - Low Activity
9576968,0.0,1,0,0.0,1.0,0.0,0.0,Low,0,Low Risk - Low Activity
9591768,0.0,1,0,0.0,1.0,0.0,0.0,Low,0,Low Risk - Low Activity
9593020,0.0,1,0,0.0,0.0,1.0,0.0,Low,0,Low Risk - Low Activity
9612292,0.0,1,0,0.0,0.0,1.0,0.0,Low,0,Low Risk - Low Activity
9628408,0.0,1,0,0.0,0.0,1.0,0.0,Low,0,Low Risk - Low Activity
9652658,0.0,1,0,0.0,0.0,1.0,0.0,Low,0,Low Risk - Low Activity
9657642,0.0,1,0,0.0,1.0,0.0,0.0,Low,0,Low Risk - Low Activity
9664151,0.0,1,0,0.0,1.0,0.0,0.0,Low,0,Low Risk - Low Activity
9666986,0.0,1,0,0.0,0.0,1.0,0.0,Low,0,Low Risk - Low Activity
9669530,0.0,1,0,0.0,1.0,0.0,0.0,Low,0,Low Risk - Low Activity
9670013,0.0,1,0,0.0,0.0,1.0,0.0,Low,0,Low Risk - Low Activity
9673476,0.0,1,0,0.0,0.0,1.0,0.0,Low,0,Low Risk - Low Activity
9688297,0.0,1,0,0.0,0.0,1.0,0.0,Low,0,Low Risk - Low Activity
9689844,0.0,1,0,0.0,1.0,0.0,0.0,Low,0,Low Risk - Low Activity
9693968,0.0,1,0,0.0,1.0,0.0,0.0,Low,0,Low Risk - Low Activity
9696003,0.0,1,0,0.0,0.0,1.0,0.0,Low,0,Low Risk - Low Activity
9698296,0.0,1,0,0.0,0.0,1.0,0.0,Low,0,Low Risk - Low Activity
9698525,0.0,1,0,0.0,0.0,1.0,0.0,Low,0,Low Risk - Low Activity
9703486,0.0,1,0,0.0,1.0,0.0,0.0,Low,0,Low Risk - Low Activity
9712980,0.0,1,0,0.0,0.0,1.0,0.0,Low,0,Low Risk - Low Activity
9725304,0.0,1,0,0.0,0.0,1.0,0.0,Low,0,Low Risk - Low Activity
9725825,0.0,1,0,0.0,0.0,1.0,0.0,Low,0,Low Risk - Low Activity
9731471,0.0,1,0,0.0,1.0,0.0,0.0,Low,0,Low Risk - Low Activity
9732340,0.0,1,0,0.0,0.0,1.0,0.0,Low,0,Low Risk - Low Activity
9743047,0.0,1,0,0.0,0.0,1.0,0.0,Low,0,Low Risk - Low Activity
9748886,0.0,1,0,0.0,0.0,1.0,0.0,Low,0,Low Risk - Low Activity
9753945,0.0,1,0,0.0,1.0,0.0,0.0,Low,0,Low Risk - Low Activity
9766518,0.0,1,0,0.0,1.0,0.0,0.0,Low,0,Low Risk - Low Activity
9769099,0.0,1,0,0.0,0.0,1.0,0.0,Low,0,Low Risk - Low Activity
9774108,0.0,1,0,0.0,1.0,0.0,0.0,Low,0,Low Risk - Low Activity
9778270,0.0,1,0,0.0,0.0,1.0,0.0,Low,0,Low Risk - Low Activity
9779207,0.0,1,0,0.0,0.0,1.0,0.0,Low,0,Low Risk - Low Activity
9828381,0.0,1,0,0.0,0.0,1.0,0.0,Low,0,Low Risk - Low Activity
9837021,0.0,1,0,0.0,1.0,0.0,0.0,Low,0,Low Risk - Low Activity
9851107,0.0,1,0,0.0,0.0,1.0,0.0,Low,0,Low Risk - Low Activity
9861363,0.0,1,0,0.0,0.0,1.0,0.0,Low,0,Low Risk - Low Activity
9865413,0.0,1,0,0.0,0.0,1.0,0.0,Low,0,Low Risk - Low Activity
9912077,0.0,1,0,0.0,0.0,1.0,0.0,Low,0,Low Risk - Low Activity
9916013,0.0,1,0,0.0,0.0,1.0,0.0,Low,0,Low Risk - Low Activity
9921202,0.0,1,0,0.0,1.0,0.0,0.0,Low,0,Low Risk - Low Activity
9923951,0.0,1,0,0.0,1.0,0.0,0.0,Low,0,Low Risk - Low Activity
9924680,0.0,1,0,0.0,0.0,1.0,0.0,Low,0,Low Risk - Low Activity
9932945,0.0,1,0,0.0,0.0,1.0,0.0,Low,0,Low Risk - Low Activity
9934783,0.0,1,0,0.0,0.0,1.0,0.0,Low,0,Low Risk - Low Activity
9935141,0.0,1,0,0.0,0.0,1.0,0.0,Low,0,Low Risk - Low Activity
9937729,0.0,1,0,0.0,0.0,1.0,0.0,Low,0,Low Risk - Low Activity
9944539,0.0,1,0,0.0,0.0,1.0,0.0,Low,0,Low Risk - Low Activity
9946797,0.0,1,0,0.0,0.0,1.0,0.0,Low,0,Low Risk - Low Activity
9954530,0.0,1,0,0.0,0.0,1.0,0.0,Low,0,Low Risk - Low Activity
9977954,0.0,1,0,0.0,1.0,0.0,0.0,Low,0,Low Risk - Low Activity
10008424,0.0,1,0,0.0,1.0,0.0,0.0,Low,0,Low Risk - Low Activity
10018430,0.0,1,0,0.0,0.0,1.0,0.0,Low,0,Low Risk - Low Activity
10035164,0.0,1,0,0.0,0.0,1.0,0.0,Low,0,Low Risk - Low Activity
10044829,0.0,1,0,0.0,0.0,1.0,0.0,Low,0,Low Risk - Low Activity
10051816,0.0,1,0,0.0,1.0,0.0,0.0,Low,0,Low Risk - Low Activity
10053645,0.0,1,0,0.0,1.0,0.0,0.0,Low,0,Low Risk - Low Activity
10062421,0.0,1,0,0.0,0.0,1.0,0.0,Low,0,Low Risk - Low Activity
10080208,0.0,1,0,0.0,0.0,1.0,0.0,Low,0,Low Risk - Low Activity
10090202,0.0,1,0,0.0,1.0,0.0,0.0,Low,0,Low Risk - Low Activity
10091982,0.0,1,0,0.0,0.0,1.0,0.0,Low,0,Low Risk - Low Activity
10095915,0.0,1,0,0.0,1.0,0.0,0.0,Low,0,Low Risk - Low Activity
10114316,0.0,1,0,0.0,1.0,0.0,0.0,Low,0,Low Risk - Low Activity
10119390,0.0,1,0,0.0,0.0,1.0,0.0,Low,0,Low Risk - Low Activity
10121857,0.0,1,0,0.0,1.0,0.0,0.0,Low,0,Low Risk - Low Activity
10122744,0.0,1,0,0.0,1.0,0.0,0.0,Low,0,Low Risk - Low Activity
10124237,0.0,1,0,0.0,1.0,0.0,0.0,Low,0,Low Risk - Low Activity
10134678,0.0,1,0,0.0,1.0,0.0,0.0,Low,0,Low Risk - Low Activity
10140721,0.0,1,0,0.0,0.0,1.0,0.0,Low,0,Low Risk - Low Activity
10142041,0.0,1,0,0.0,0.0,1.0,0.0,Low,0,Low Risk - Low Activity
10150298,0.0,1,0,0.0,1.0,0.0,0.0,Low,0,Low Risk - Low Activity
10156704,0.0,1,0,0.0,1.0,0.0,0.0,Low,0,Low Risk - Low Activity
10171216,0.0,1,0,0.0,0.0,1.0,0.0,Low,0,Low Risk - Low Activity
10171725,0.0,1,0,0.0,0.0,1.0,0.0,Low,0,Low Risk - Low Activity
10174596,0.0,1,0,0.0,1.0,0.0,0.0,Low,0,Low Risk - Low Activity
10206270,0.0,1,0,0.0,0.0,1.0,0.0,Low,0,Low Risk - Low Activity
10209715,0.0,1,0,0.0,1.0,0.0,0.0,Low,0,Low Risk - Low Activity
10212563,0.0,1,0,0.0,0.0,1.0,0.0,Low,0,Low Risk - Low Activity
10220089,0.0,1,0,0.0,1.0,0.0,0.0,Low,0,Low Risk - Low Activity
10225413,0.0,1,0,0.0,0.0,1.0,0.0,Low,0,Low Risk - Low Activity
10232373,0.0,1,0,0.0,0.0,1.0,0.0,Low,0,Low Risk - Low Activity
10235801,0.0,1,0,0.0,0.0,1.0,0.0,Low,0,Low Risk - Low Activity
10254667,0.0,1,0,0.0,1.0,0.0,0.0,Low,0,Low Risk - Low Activity
10259172,0.0,1,0,0.0,0.0,1.0,0.0,Low,0,Low Risk - Low Activity
10276990,0.0,1,0,0.0,0.0,1.0,0.0,Low,0,Low Risk - Low Activity
10283028,0.0,1,0,0.0,0.0,1.0,0.0,Low,0,Low Risk - Low Activity
10284799,0.0,1,0,0.0,0.0,1.0,0.0,Low,0,Low Risk - Low Activity
10300643,0.0,1,0,0.0,1.0,0.0,0.0,Low,0,Low Risk - Low Activity
10315832,0.0,1,0,0.0,1.0,0.0,0.0,Low,0,Low Risk - Low Activity
10327808,0.0,1,0,0.0,1.0,0.0,0.0,Low,0,Low Risk - Low Activity
10353141,0.0,1,0,0.0,1.0,0.0,0.0,Low,0,Low Risk - Low Activity
10353408,0.0,1,0,0.0,0.0,1.0,0.0,Low,0,Low Risk - Low Activity
10377329,0.0,1,0,0.0,0.0,1.0,0.0,Low,0,Low Risk - Low Activity
10399172,0.0,1,0,0.0,0.0,1.0,0.0,Low,0,Low Risk - Low Activity
10399479,0.0,1,0,0.0,0.0,1.0,0.0,Low,0,Low Risk - Low Activity
10407925,0.0,1,0,0.0,1.0,0.0,0.0,Low,0,Low Risk - Low Activity
10416194,0.0,1,0,0.0,0.0,1.0,0.0,Low,0,Low Risk - Low Activity
10431632,0.0,1,0,0.0,0.0,1.0,0.0,Low,0,Low Risk - Low Activity
10438926,0.0,1,0,0.0,1.0,0.0,0.0,Low,0,Low Risk - Low Activity
10471439,0.0,1,0,0.0,0.0,1.0,0.0,Low,0,Low Risk - Low Activity
10486504,0.0,1,0,0.0,0.0,1.0,0.0,Low,0,Low Risk - Low Activity
10504972,0.0,1,0,0.0,0.0,1.0,0.0,Low,0,Low Risk - Low Activity
10521691,0.0,1,0,0.0,0.0,1.0,0.0,Low,0,Low Risk - Low Activity
10523619,0.0,1,0,0.0,1.0,0.0,0.0,Low,0,Low Risk - Low Activity
10527901,0.0,1,0,0.0,0.0,1.0,0.0,Low,0,Low Risk - Low Activity
10565171,0.0,1,0,0.0,0.0,1.0,0.0,Low,0,Low Risk - Low Activity
10605357,0.0,1,0,0.0,0.0,1.0,0.0,Low,0,Low Risk - Low Activity
10605989,0.0,1,0,0.0,1.0,0.0,0.0,Low,0,Low Risk - Low Activity
10607936,0.0,1,0,0.0,1.0,0.0,0.0,Low,0,Low Risk - Low Activity
10612551,0.0,1,0,0.0,1.0,0.0,0.0,Low,0,Low Risk - Low Activity
10619326,0.0,1,0,0.0,0.0,1.0,0.0,Low,0,Low Risk - Low Activity
10635331,0.0,1,0,0.0,0.0,1.0,0.0,Low,0,Low Risk - Low Activity
10640686,0.0,1,0,0.0,1.0,0.0,0.0,Low,0,Low Risk - Low Activity
10642042,0.0,1,0,0.0,0.0,1.0,0.0,Low,0,Low Risk - Low Activity
10656382,0.0,1,0,0.0,1.0,0.0,0.0,Low,0,Low Risk - Low Activity
10657981,0.0,1,0,0.0,0.0,1.0,0.0,Low,0,Low Risk - Low Activity
10672523,0.0,1,0,0.0,1.0,0.0,0.0,Low,0,Low Risk - Low Activity
10684973,0.0,1,0,0.0,0.0,1.0,0.0,Low,0,Low Risk - Low Activity
10713384,0.0,1,0,0.0,1.0,0.0,0.0,Low,0,Low Risk - Low Activity
10737750,0.0,1,0,0.0,1.0,0.0,0.0,Low,0,Low Risk - Low Activity
10774557,0.0,1,0,0.0,1.0,0.0,0.0,Low,0,Low Risk - Low Activity
10777730,0.0,1,0,0.0,1.0,0.0,0.0,Low,0,Low Risk - Low Activity
10780636,0.0,1,0,0.0,1.0,0.0,0.0,Low,0,Low Risk - Low Activity
10787946,0.0,1,0,1.0,0.0,0.0,0.0,Low,1,Low Risk - Low Activity
10790850,0.0,1,0,0.0,0.0,1.0,0.0,Low,0,Low Risk - Low Activity
10793657,0.0,1,0,0.0,0.0,1.0,0.0,Low,0,Low Risk - Low Activity
10802529,0.0,1,0,0.0,1.0,0.0,0.0,Low,0,Low Risk - Low Activity
10804238,0.0,1,0,0.0,1.0,0.0,0.0,Low,0,Low Risk - Low Activity
10806150,0.0,1,0,0.0,0.0,1.0,0.0,Low,0,Low Risk - Low Activity
10808089,0.0,1,0,0.0,1.0,0.0,0.0,Low,0,Low Risk - Low Activity
10812405,0.0,1,0,0.0,0.0,1.0,0.0,Low,0,Low Risk - Low Activity
10816585,0.0,1,0,0.0,1.0,0.0,0.0,Low,0,Low Risk - Low Activity
10826460,0.0,1,0,0.0,0.0,1.0,0.0,Low,0,Low Risk - Low Activity
10838579,0.0,1,0,0.0,0.0,1.0,0.0,Low,0,Low Risk - Low Activity
10839689,0.0,1,0,0.0,0.0,1.0,0.0,Low,0,Low Risk - Low Activity
10844991,0.0,1,0,0.0,1.0,0.0,0.0,Low,0,Low Risk - Low Activity
10853695,0.0,1,0,0.0,0.0,1.0,0.0,Low,0,Low Risk - Low Activity
10857349,0.0,1,0,0.0,1.0,0.0,0.0,Low,0,Low Risk - Low Activity
10864875,0.0,1,0,0.0,1.0,0.0,0.0,Low,0,Low Risk - Low Activity
10867879,0.0,1,0,0.0,0.0,1.0,0.0,Low,0,Low Risk - Low Activity
10887737,0.0,1,0,0.0,0.0,1.0,0.0,Low,0,Low Risk - Low Activity
10888400,0.0,1,0,0.0,0.0,1.0,0.0,Low,0,Low Risk - Low Activity
10888764,0.0,1,0,0.0,0.0,1.0,0.0,Low,0,Low Risk - Low Activity
10896405,0.0,1,0,0.0,1.0,0.0,0.0,Low,0,Low Risk - Low Activity
10915178,0.0,1,0,0.0,0.0,1.0,0.0,Low,0,Low Risk - Low Activity
10923323,0.0,1,0,0.0,0.0,1.0,0.0,Low,0,Low Risk - Low Activity
10924699,0.0,1,0,0.0,0.0,1.0,0.0,Low,0,Low Risk - Low Activity
10932791,0.0,1,0,0.0,0.0,1.0,0.0,Low,0,Low Risk - Low Activity
10948178,0.0,1,0,0.0,0.0,1.0,0.0,Low,0,Low Risk - Low Activity
10956535,0.0,1,0,0.0,0.0,1.0,0.0,Low,0,Low Risk - Low Activity
10958666,0.0,1,0,0.0,1.0,0.0,0.0,Low,0,Low Risk - Low Activity
10965161,0.0,1,0,0.0,0.0,1.0,0.0,Low,0,Low Risk - Low Activity
10968367,0.0,1,0,0.0,1.0,0.0,0.0,Low,0,Low Risk - Low Activity
10980162,0.0,1,0,0.0,1.0,0.0,0.0,Low,0,Low Risk - Low Activity
10980863,0.0,1,0,0.0,1.0,0.0,0.0,Low,0,Low Risk - Low Activity
10996696,0.0,1,0,0.0,0.0,1.0,0.0,Low,0,Low Risk - Low Activity
10998641,0.0,1,0,0.0,0.0,1.0,0.0,Low,0,Low Risk - Low Activity
11008940,0.0,1,0,0.0,0.0,1.0,0.0,Low,0,Low Risk - Low Activity
11011368,0.0,1,0,0.0,0.0,1.0,0.0,Low,0,Low Risk - Low Activity
11011953,0.0,1,0,0.0,0.0,1.0,0.0,Low,0,Low Risk - Low Activity
11015759,0.0,1,0,0.0,1.0,0.0,0.0,Low,0,Low Risk - Low Activity
11034536,0.0,1,0,0.0,0.0,1.0,0.0,Low,0,Low Risk - Low Activity
11035185,0.0,1,0,0.0,1.0,0.0,0.0,Low,0,Low Risk - Low Activity
11045795,0.0,1,0,0.0,0.0,1.0,0.0,Low,0,Low Risk - Low Activity
11060003,0.0,1,0,0.0,0.0,1.0,0.0,Low,0,Low Risk - Low Activity
11063964,0.0,1,0,0.0,1.0,0.0,0.0,Low,0,Low Risk - Low Activity
11075891,0.0,1,0,0.0,0.0,1.0,0.0,Low,0,Low Risk - Low Activity
11085733,0.0,1,0,0.0,1.0,0.0,0.0,Low,0,Low Risk - Low Activity
11092089,0.0,1,0,0.0,0.0,1.0,0.0,Low,0,Low Risk - Low Activity
11095595,0.0,1,0,0.0,0.0,1.0,0.0,Low,0,Low Risk - Low Activity
11112907,0.0,1,0,0.0,0.0,1.0,0.0,Low,0,Low Risk - Low Activity
11156089,0.0,1,0,0.0,0.0,1.0,0.0,Low,0,Low Risk - Low Activity
11175649,0.0,1,0,0.0,0.0,1.0,0.0,Low,0,Low Risk - Low Activity
11176599,0.0,1,0,0.0,0.0,1.0,0.0,Low,0,Low Risk - Low Activity
11178296,0.0,1,0,0.0,0.0,1.0,0.0,Low,0,Low Risk - Low Activity
11187032,0.0,1,0,0.0,0.0,1.0,0.0,Low,0,Low Risk - Low Activity
11190909,0.0,1,0,0.0,1.0,0.0,0.0,Low,0,Low Risk - Low Activity
11191206,0.0,1,0,0.0,0.0,1.0,0.0,Low,0,Low Risk - Low Activity
11192802,0.0,1,0,0.0,0.0,1.0,0.0,Low,0,Low Risk - Low Activity
11206516,0.0,1,0,0.0,0.0,1.0,0.0,Low,0,Low Risk - Low Activity
11208201,0.0,1,0,0.0,0.0,1.0,0.0,Low,0,Low Risk - Low Activity
11209928,0.0,1,0,0.0,1.0,0.0,0.0,Low,0,Low Risk - Low Activity
11211601,0.0,1,0,0.0,0.0,1.0,0.0,Low,0,Low Risk - Low Activity
11278758,0.0,1,0,0.0,0.0,1.0,0.0,Low,0,Low Risk - Low Activity
11278959,0.0,1,0,0.0,1.0,0.0,0.0,Low,0,Low Risk - Low Activity
11292159,0.0,1,0,0.0,0.0,1.0,0.0,Low,0,Low Risk - Low Activity
11296862,0.0,1,0,0.0,0.0,1.0,0.0,Low,0,Low Risk - Low Activity
11299881,0.0,1,0,0.0,0.0,1.0,0.0,Low,0,Low Risk - Low Activity
11304048,0.0,1,0,0.0,0.0,1.0,0.0,Low,0,Low Risk - Low Activity
11322531,0.0,1,0,0.0,0.0,1.0,0.0,Low,0,Low Risk - Low Activity
11327528,0.0,1,0,0.0,1.0,0.0,0.0,Low,0,Low Risk - Low Activity
11329852,0.0,1,0,0.0,1.0,0.0,0.0,Low,0,Low Risk - Low Activity
11350007,0.0,1,0,0.0,1.0,0.0,0.0,Low,0,Low Risk - Low Activity
11354866,0.0,1,0,0.0,1.0,0.0,0.0,Low,0,Low Risk - Low Activity
11355228,0.0,1,0,0.0,1.0,0.0,0.0,Low,0,Low Risk - Low Activity
11355791,0.0,1,0,0.0,0.0,1.0,0.0,Low,0,Low Risk - Low Activity
11359844,0.0,1,0,0.0,1.0,0.0,0.0,Low,0,Low Risk - Low Activity
11371350,0.0,1,0,0.0,1.0,0.0,0.0,Low,0,Low Risk - Low Activity
11391574,0.0,1,0,0.0,1.0,0.0,0.0,Low,0,Low Risk - Low Activity
11399530,0.0,1,0,0.0,0.0,1.0,0.0,Low,0,Low Risk - Low Activity
11405510,0.0,1,0,0.0,1.0,0.0,0.0,Low,0,Low Risk - Low Activity
11406635,0.0,1,0,0.0,0.0,1.0,0.0,Low,0,Low Risk - Low Activity
11416721,0.0,1,0,0.0,1.0,0.0,0.0,Low,0,Low Risk - Low Activity
11429088,0.0,1,0,0.0,0.0,1.0,0.0,Low,0,Low Risk - Low Activity
11444397,0.0,1,0,0.0,1.0,0.0,0.0,Low,0,Low Risk - Low Activity
11469609,0.0,1,0,0.0,1.0,0.0,0.0,Low,0,Low Risk - Low Activity
11474794,0.0,1,0,0.0,0.0,1.0,0.0,Low,0,Low Risk - Low Activity
11489482,0.0,1,0,0.0,0.0,1.0,0.0,Low,0,Low Risk - Low Activity
11502904,0.0,1,0,0.0,1.0,0.0,0.0,Low,0,Low Risk - Low Activity
11521161,0.0,1,0,0.0,0.0,1.0,0.0,Low,0,Low Risk - Low Activity
11523160,0.0,1,0,0.0,0.0,1.0,0.0,Low,0,Low Risk - Low Activity
11526872,0.0,1,0,0.0,1.0,0.0,0.0,Low,0,Low Risk - Low Activity
11540556,0.0,1,0,0.0,0.0,1.0,0.0,Low,0,Low Risk - Low Activity
11544628,0.0,1,0,0.0,0.0,1.0,0.0,Low,0,Low Risk - Low Activity
11563074,0.0,1,0,0.0,1.0,0.0,0.0,Low,0,Low Risk - Low Activity
11570497,0.0,1,0,0.0,1.0,0.0,0.0,Low,0,Low Risk - Low Activity
11576405,0.0,1,0,0.0,0.0,1.0,0.0,Low,0,Low Risk - Low Activity
11577429,0.0,1,0,0.0,0.0,1.0,0.0,Low,0,Low Risk - Low Activity
11620777,0.0,1,0,0.0,0.0,1.0,0.0,Low,0,Low Risk - Low Activity
11628652,0.0,1,0,0.0,1.0,0.0,0.0,Low,0,Low Risk - Low Activity
11635661,0.0,1,0,0.0,0.0,1.0,0.0,Low,0,Low Risk - Low Activity
11639392,0.0,1,0,0.0,0.0,1.0,0.0,Low,0,Low Risk - Low Activity
11640261,0.0,1,0,0.0,1.0,0.0,0.0,Low,0,Low Risk - Low Activity
11644690,0.0,1,0,0.0,0.0,1.0,0.0,Low,0,Low Risk - Low Activity
11653851,0.0,1,0,0.0,1.0,0.0,0.0,Low,0,Low Risk - Low Activity
11671282,0.0,1,0,0.0,0.0,1.0,0.0,Low,0,Low Risk - Low Activity
11687779,0.0,1,0,0.0,0.0,1.0,0.0,Low,0,Low Risk - Low Activity
11709414,0.0,1,0,0.0,0.0,1.0,0.0,Low,0,Low Risk - Low Activity
11710246,0.0,1,0,0.0,0.0,1.0,0.0,Low,0,Low Risk - Low Activity
11713111,0.0,1,0,0.0,0.0,1.0,0.0,Low,0,Low Risk - Low Activity
11720363,0.0,1,0,0.0,0.0,1.0,0.0,Low,0,Low Risk - Low Activity
11730999,0.0,1,0,0.0,0.0,1.0,0.0,Low,0,Low Risk - Low Activity
11749343,0.0,1,0,0.0,0.0,1.0,0.0,Low,0,Low Risk - Low Activity
11757780,0.0,1,0,0.0,1.0,0.0,0.0,Low,0,Low Risk - Low Activity
11759003,0.0,1,0,0.0,0.0,1.0,0.0,Low,0,Low Risk - Low Activity
11768880,0.0,1,0,0.0,0.0,1.0,0.0,Low,0,Low Risk - Low Activity
11771278,0.0,1,0,0.0,1.0,0.0,0.0,Low,0,Low Risk - Low Activity
11772399,0.0,1,0,0.0,1.0,0.0,0.0,Low,0,Low Risk - Low Activity
11794379,0.0,1,0,0.0,0.0,1.0,0.0,Low,0,Low Risk - Low Activity
11826682,0.0,1,0,0.0,0.0,1.0,0.0,Low,0,Low Risk - Low Activity
11844956,0.0,1,0,0.0,1.0,0.0,0.0,Low,0,Low Risk - Low Activity
11872980,0.0,1,0,0.0,0.0,1.0,0.0,Low,0,Low Risk - Low Activity
11879185,0.0,1,0,0.0,0.0,1.0,0.0,Low,0,Low Risk - Low Activity
11885865,0.0,1,0,0.0,1.0,0.0,0.0,Low,0,Low Risk - Low Activity
11886191,0.0,1,0,0.0,1.0,0.0,0.0,Low,0,Low Risk - Low Activity
11888722,0.0,1,0,0.0,0.0,1.0,0.0,Low,0,Low Risk - Low Activity
11900126,0.0,1,0,0.0,0.0,1.0,0.0,Low,0,Low Risk - Low Activity
11920553,0.0,1,0,0.0,1.0,0.0,0.0,Low,0,Low Risk - Low Activity
11950923,0.0,1,0,0.0,0.0,1.0,0.0,Low,0,Low Risk - Low Activity
11959050,0.0,1,0,0.0,0.0,1.0,0.0,Low,0,Low Risk - Low Activity
11973457,0.0,1,0,0.0,0.0,1.0,0.0,Low,0,Low Risk - Low Activity
11975000,0.0,1,0,0.0,0.0,1.0,0.0,Low,0,Low Risk - Low Activity
12000735,0.0,1,0,0.0,0.0,1.0,0.0,Low,0,Low Risk - Low Activity
12007639,0.0,1,0,0.0,1.0,0.0,0.0,Low,0,Low Risk - Low Activity
12025212,0.0,1,0,0.0,0.0,1.0,0.0,Low,0,Low Risk - Low Activity
12026958,0.0,1,0,0.0,1.0,0.0,0.0,Low,0,Low Risk - Low Activity
12028395,0.0,1,0,0.0,0.0,1.0,0.0,Low,0,Low Risk - Low Activity
12050739,0.0,1,0,0.0,0.0,1.0,0.0,Low,0,Low Risk - Low Activity
12051008,0.0,1,0,0.0,1.0,0.0,0.0,Low,0,Low Risk - Low Activity
12060669,0.0,1,0,0.0,0.0,1.0,0.0,Low,0,Low Risk - Low Activity
12060769,0.0,1,0,0.0,0.0,1.0,0.0,Low,0,Low Risk - Low Activity
12066053,0.0,1,0,0.0,1.0,0.0,0.0,Low,0,Low Risk - Low Activity
12079154,0.0,1,0,0.0,1.0,0.0,0.0,Low,0,Low Risk - Low Activity
12104646,0.0,1,0,0.0,1.0,0.0,0.0,Low,0,Low Risk - Low Activity
12114876,0.0,1,0,0.0,1.0,0.0,0.0,Low,0,Low Risk - Low Activity
12132198,0.0,1,0,0.0,0.0,1.0,0.0,Low,0,Low Risk - Low Activity
12134279,0.0,1,0,0.0,0.0,1.0,0.0,Low,0,Low Risk - Low Activity
12158590,0.0,1,0,0.0,1.0,0.0,0.0,Low,0,Low Risk - Low Activity
12177977,0.0,1,0,0.0,0.0,1.0,0.0,Low,0,Low Risk - Low Activity
12199849,0.0,1,0,0.0,0.0,1.0,0.0,Low,0,Low Risk - Low Activity
12203376,0.0,1,0,0.0,0.0,1.0,0.0,Low,0,Low Risk - Low Activity
12204111,0.0,1,0,0.0,0.0,1.0,0.0,Low,0,Low Risk - Low Activity
12213748,0.0,1,0,0.0,1.0,0.0,0.0,Low,0,Low Risk - Low Activity
12213939,0.0,1,0,0.0,0.0,1.0,0.0,Low,0,Low Risk - Low Activity
12221704,0.0,1,0,0.0,0.0,1.0,0.0,Low,0,Low Risk - Low Activity
12239277,0.0,1,0,0.0,0.0,1.0,0.0,Low,0,Low Risk - Low Activity
12252030,0.0,1,0,0.0,0.0,1.0,0.0,Low,0,Low Risk - Low Activity
12256097,0.0,1,0,0.0,0.0,1.0,0.0,Low,0,Low Risk - Low Activity
12270773,0.0,1,0,0.0,0.0,1.0,0.0,Low,0,Low Risk - Low Activity
12287195,0.0,1,0,0.0,0.0,1.0,0.0,Low,0,Low Risk - Low Activity
12302040,0.0,1,0,0.0,1.0,0.0,0.0,Low,0,Low Risk - Low Activity
12305441,0.0,1,0,0.0,0.0,1.0,0.0,Low,0,Low Risk - Low Activity
12307165,0.0,1,0,0.0,0.0,1.0,0.0,Low,0,Low Risk - Low Activity
12311931,0.0,1,0,0.0,0.0,1.0,0.0,Low,0,Low Risk - Low Activity
12319369,0.0,1,0,0.0,0.0,1.0,0.0,Low,0,Low Risk - Low Activity
12321835,0.0,1,0,0.0,1.0,0.0,0.0,Low,0,Low Risk - Low Activity
12326503,0.0,1,0,0.0,1.0,0.0,0.0,Low,0,Low Risk - Low Activity
12331840,0.0,1,0,0.0,1.0,0.0,0.0,Low,0,Low Risk - Low Activity
12340126,0.0,1,0,0.0,1.0,0.0,0.0,Low,0,Low Risk - Low Activity
12350663,0.0,1,0,0.0,0.0,1.0,0.0,Low,0,Low Risk - Low Activity
12378945,0.0,1,0,0.0,0.0,1.0,0.0,Low,0,Low Risk - Low Activity
12385570,0.0,1,0,0.0,0.0,1.0,0.0,Low,0,Low Risk - Low Activity
12386288,0.0,1,0,0.0,0.0,1.0,0.0,Low,0,Low Risk - Low Activity
12387078,0.0,1,0,0.0,0.0,1.0,0.0,Low,0,Low Risk - Low Activity
12389477,0.0,1,0,0.0,0.0,1.0,0.0,Low,0,Low Risk - Low Activity
12398012,0.0,1,0,0.0,0.0,1.0,0.0,Low,0,Low Risk - Low Activity
12398491,0.0,1,0,0.0,1.0,0.0,0.0,Low,0,Low Risk - Low Activity
12407129,0.0,1,0,0.0,0.0,1.0,0.0,Low,0,Low Risk - Low Activity
12409811,0.0,1,0,0.0,1.0,0.0,0.0,Low,0,Low Risk - Low Activity
12415600,0.0,1,0,0.0,0.0,1.0,0.0,Low,0,Low Risk - Low Activity
12416455,0.0,1,0,0.0,0.0,1.0,0.0,Low,0,Low Risk - Low Activity
12421723,0.0,1,0,0.0,0.0,1.0,0.0,Low,0,Low Risk - Low Activity
12424796,0.0,1,0,0.0,0.0,1.0,0.0,Low,0,Low Risk - Low Activity
12439644,0.0,1,0,0.0,0.0,1.0,0.0,Low,0,Low Risk - Low Activity
12450285,0.0,1,0,0.0,0.0,1.0,0.0,Low,0,Low Risk - Low Activity
12461909,0.0,1,0,0.0,0.0,1.0,0.0,Low,0,Low Risk - Low Activity
12472976,0.0,1,0,0.0,0.0,1.0,0.0,Low,0,Low Risk - Low Activity
12475435,0.0,1,0,0.0,0.0,1.0,0.0,Low,0,Low Risk - Low Activity
12475673,0.0,1,0,0.0,0.0,1.0,0.0,Low,0,Low Risk - Low Activity
12509278,0.0,1,0,0.0,1.0,0.0,0.0,Low,0,Low Risk - Low Activity
12509905,0.0,1,0,0.0,0.0,1.0,0.0,Low,0,Low Risk - Low Activity
12514513,0.0,1,0,0.0,0.0,1.0,0.0,Low,0,Low Risk - Low Activity
12520005,0.0,1,0,0.0,1.0,0.0,0.0,Low,0,Low Risk - Low Activity
12539985,0.0,1,0,0.0,0.0,1.0,0.0,Low,0,Low Risk - Low Activity
12553986,0.0,1,0,0.0,0.0,1.0,0.0,Low,0,Low Risk - Low Activity
12554403,0.0,1,0,0.0,1.0,0.0,0.0,Low,0,Low Risk - Low Activity
12557689,0.0,1,0,0.0,0.0,1.0,0.0,Low,0,Low Risk - Low Activity
12557978,0.0,1,0,0.0,1.0,0.0,0.0,Low,0,Low Risk - Low Activity
12561562,0.0,1,0,0.0,0.0,1.0,0.0,Low,0,Low Risk - Low Activity
12563066,0.0,1,0,0.0,0.0,1.0,0.0,Low,0,Low Risk - Low Activity
12569020,0.0,1,0,0.0,0.0,1.0,0.0,Low,0,Low Risk - Low Activity
12596796,0.0,1,0,0.0,1.0,0.0,0.0,Low,0,Low Risk - Low Activity
12617456,0.0,1,0,0.0,1.0,0.0,0.0,Low,0,Low Risk - Low Activity
12624461,0.0,1,0,0.0,0.0,1.0,0.0,Low,0,Low Risk - Low Activity
12632776,0.0,1,0,0.0,0.0,1.0,0.0,Low,0,Low Risk - Low Activity
12634075,0.0,1,0,0.0,0.0,1.0,0.0,Low,0,Low Risk - Low Activity
12639280,0.0,1,0,0.0,0.0,1.0,0.0,Low,0,Low Risk - Low Activity
12648983,0.0,1,0,0.0,1.0,0.0,0.0,Low,0,Low Risk - Low Activity
12655073,0.0,1,0,0.0,0.0,1.0,0.0,Low,0,Low Risk - Low Activity
12657536,0.0,1,0,0.0,1.0,0.0,0.0,Low,0,Low Risk - Low Activity
12658902,0.0,1,0,0.0,1.0,0.0,0.0,Low,0,Low Risk - Low Activity
12667032,0.0,1,0,0.0,0.0,1.0,0.0,Low,0,Low Risk - Low Activity
12669339,0.0,1,0,0.0,0.0,1.0,0.0,Low,0,Low Risk - Low Activity
12690551,0.0,1,0,0.0,1.0,0.0,0.0,Low,0,Low Risk - Low Activity
12712079,0.0,1,0,0.0,0.0,1.0,0.0,Low,0,Low Risk - Low Activity
12713061,0.0,1,0,0.0,0.0,1.0,0.0,Low,0,Low Risk - Low Activity
12728186,0.0,1,0,0.0,0.0,1.0,0.0,Low,0,Low Risk - Low Activity
12737534,0.0,1,0,0.0,0.0,1.0,0.0,Low,0,Low Risk - Low Activity
12743844,0.0,1,0,0.0,0.0,1.0,0.0,Low,0,Low Risk - Low Activity
12746816,0.0,1,0,0.0,0.0,1.0,0.0,Low,0,Low Risk - Low Activity
12751132,0.0,1,0,0.0,0.0,1.0,0.0,Low,0,Low Risk - Low Activity
12761775,0.0,1,0,0.0,1.0,0.0,0.0,Low,0,Low Risk - Low Activity
12762773,0.0,1,0,0.0,0.0,1.0,0.0,Low,0,Low Risk - Low Activity
12770846,0.0,1,0,0.0,1.0,0.0,0.0,Low,0,Low Risk - Low Activity
12776441,0.0,1,0,0.0,0.0,1.0,0.0,Low,0,Low Risk - Low Activity
12786914,0.0,1,0,0.0,1.0,0.0,0.0,Low,0,Low Risk - Low Activity
12797049,0.0,1,0,0.0,1.0,0.0,0.0,Low,0,Low Risk - Low Activity
12799496,0.0,1,0,0.0,1.0,0.0,0.0,Low,0,Low Risk - Low Activity
12801036,0.0,1,0,0.0,1.0,0.0,0.0,Low,0,Low Risk - Low Activity
12826980,0.0,1,0,0.0,1.0,0.0,0.0,Low,0,Low Risk - Low Activity
12846794,0.0,1,0,0.0,1.0,0.0,0.0,Low,0,Low Risk - Low Activity
12847116,0.0,1,0,0.0,0.0,1.0,0.0,Low,0,Low Risk - Low Activity
12847805,0.0,1,0,0.0,1.0,0.0,0.0,Low,0,Low Risk - Low Activity
12858361,0.0,1,0,0.0,1.0,0.0,0.0,Low,0,Low Risk - Low Activity
12865364,0.0,1,0,0.0,1.0,0.0,0.0,Low,0,Low Risk - Low Activity
12870533,0.0,1,0,0.0,0.0,1.0,0.0,Low,0,Low Risk - Low Activity
12886625,0.0,1,0,0.0,1.0,0.0,0.0,Low,0,Low Risk - Low Activity
12886641,0.0,1,0,0.0,0.0,1.0,0.0,Low,0,Low Risk - Low Activity
12890264,0.0,1,0,0.0,1.0,0.0,0.0,Low,0,Low Risk - Low Activity
12915888,0.0,1,0,0.0,1.0,0.0,0.0,Low,0,Low Risk - Low Activity
12945246,0.0,1,0,0.0,0.0,1.0,0.0,Low,0,Low Risk - Low Activity
12945456,0.0,1,0,0.0,0.0,1.0,0.0,Low,0,Low Risk - Low Activity
12950482,0.0,1,0,0.0,1.0,0.0,0.0,Low,0,Low Risk - Low Activity
12952412,0.0,1,0,0.0,1.0,0.0,0.0,Low,0,Low Risk - Low Activity
12966747,0.0,1,0,0.0,1.0,0.0,0.0,Low,0,Low Risk - Low Activity
12967892,0.0,1,0,0.0,0.0,1.0,0.0,Low,0,Low Risk - Low Activity
12979146,0.0,1,0,0.0,0.0,1.0,0.0,Low,0,Low Risk - Low Activity
12979949,0.0,1,0,0.0,1.0,0.0,0.0,Low,0,Low Risk - Low Activity
12994138,0.0,1,0,0.0,1.0,0.0,0.0,Low,0,Low Risk - Low Activity
13009231,0.0,1,0,0.0,0.0,1.0,0.0,Low,0,Low Risk - Low Activity
13018467,0.0,1,0,0.0,1.0,0.0,0.0,Low,0,Low Risk - Low Activity
13018687,0.0,1,0,0.0,0.0,1.0,0.0,Low,0,Low Risk - Low Activity
13022079,0.0,1,0,0.0,0.0,1.0,0.0,Low,0,Low Risk - Low Activity
13034350,0.0,1,0,0.0,0.0,1.0,0.0,Low,0,Low Risk - Low Activity
13060321,0.0,1,0,0.0,1.0,0.0,0.0,Low,0,Low Risk - Low Activity
13082821,0.0,1,0,0.0,1.0,0.0,0.0,Low,0,Low Risk - Low Activity
13087498,0.0,1,0,0.0,0.0,1.0,0.0,Low,0,Low Risk - Low Activity
13101856,0.0,1,0,0.0,0.0,1.0,0.0,Low,0,Low Risk - Low Activity
13119756,0.0,1,0,0.0,0.0,1.0,0.0,Low,0,Low Risk - Low Activity
13126291,0.0,1,0,0.0,1.0,0.0,0.0,Low,0,Low Risk - Low Activity
13153498,0.0,1,0,0.0,1.0,0.0,0.0,Low,0,Low Risk - Low Activity
13186108,0.0,1,0,0.0,0.0,1.0,0.0,Low,0,Low Risk - Low Activity
13198967,0.0,1,0,0.0,1.0,0.0,0.0,Low,0,Low Risk - Low Activity
13207080,0.0,1,0,0.0,0.0,1.0,0.0,Low,0,Low Risk - Low Activity
13217563,0.0,1,0,0.0,0.0,1.0,0.0,Low,0,Low Risk - Low Activity
13220329,0.0,1,0,0.0,0.0,1.0,0.0,Low,0,Low Risk - Low Activity
13231079,0.0,1,0,0.0,0.0,1.0,0.0,Low,0,Low Risk - Low Activity
13231624,0.0,1,0,0.0,0.0,1.0,0.0,Low,0,Low Risk - Low Activity
13235873,0.0,1,0,0.0,1.0,0.0,0.0,Low,0,Low Risk - Low Activity
13241090,0.0,1,0,0.0,0.0,1.0,0.0,Low,0,Low Risk - Low Activity
13254092,0.0,1,0,0.0,0.0,1.0,0.0,Low,0,Low Risk - Low Activity
13255627,0.0,1,0,0.0,0.0,1.0,0.0,Low,0,Low Risk - Low Activity
13276270,0.0,1,0,0.0,0.0,1.0,0.0,Low,0,Low Risk - Low Activity
13301265,0.0,1,0,0.0,1.0,0.0,0.0,Low,0,Low Risk - Low Activity
13302083,0.0,1,0,0.0,1.0,0.0,0.0,Low,0,Low Risk - Low Activity
13318072,0.0,1,0,0.0,0.0,1.0,0.0,Low,0,Low Risk - Low Activity
13320532,0.0,1,0,0.0,0.0,1.0,0.0,Low,0,Low Risk - Low Activity
13328054,0.0,1,0,0.0,1.0,0.0,0.0,Low,0,Low Risk - Low Activity
13328501,0.0,1,0,0.0,1.0,0.0,0.0,Low,0,Low Risk - Low Activity
13355367,0.0,1,0,0.0,0.0,1.0,0.0,Low,0,Low Risk - Low Activity
13384172,0.0,1,0,0.0,1.0,0.0,0.0,Low,0,Low Risk - Low Activity
13401478,0.0,1,0,0.0,0.0,1.0,0.0,Low,0,Low Risk - Low Activity
13408612,0.0,1,0,0.0,0.0,1.0,0.0,Low,0,Low Risk - Low Activity
13417145,0.0,1,0,0.0,0.0,1.0,0.0,Low,0,Low Risk - Low Activity
13447243,0.0,1,0,0.0,0.0,1.0,0.0,Low,0,Low Risk - Low Activity
13461901,0.0,1,0,0.0,1.0,0.0,0.0,Low,0,Low Risk - Low Activity
13464635,0.0,1,0,0.0,0.0,1.0,0.0,Low,0,Low Risk - Low Activity
13465828,0.0,1,0,0.0,1.0,0.0,0.0,Low,0,Low Risk - Low Activity
13466820,0.0,1,0,0.0,0.0,1.0,0.0,Low,0,Low Risk - Low Activity
13470954,0.0,1,0,0.0,1.0,0.0,0.0,Low,0,Low Risk - Low Activity
13471418,0.0,1,0,0.0,1.0,0.0,0.0,Low,0,Low Risk - Low Activity
13484761,0.0,1,0,0.0,0.0,1.0,0.0,Low,0,Low Risk - Low Activity
13485220,0.0,1,0,0.0,0.0,1.0,0.0,Low,0,Low Risk - Low Activity
13491908,0.0,1,0,0.0,0.0,1.0,0.0,Low,0,Low Risk - Low Activity
13499894,0.0,1,0,0.0,1.0,0.0,0.0,Low,0,Low Risk - Low Activity
13508301,0.0,1,0,0.0,1.0,0.0,0.0,Low,0,Low Risk - Low Activity
13522929,0.0,1,0,0.0,1.0,0.0,0.0,Low,0,Low Risk - Low Activity
13533193,0.0,1,0,0.0,0.0,1.0,0.0,Low,0,Low Risk - Low Activity
13540493,0.0,1,0,0.0,0.0,1.0,0.0,Low,0,Low Risk - Low Activity
13545024,0.0,1,0,0.0,1.0,0.0,0.0,Low,0,Low Risk - Low Activity
13545674,0.0,1,0,0.0,0.0,1.0,0.0,Low,0,Low Risk - Low Activity
13561856,0.0,1,0,0.0,1.0,0.0,0.0,Low,0,Low Risk - Low Activity
13572129,0.0,1,0,0.0,1.0,0.0,0.0,Low,0,Low Risk - Low Activity
13573423,0.0,1,0,0.0,0.0,1.0,0.0,Low,0,Low Risk - Low Activity
13581969,0.0,1,0,0.0,0.0,1.0,0.0,Low,0,Low Risk - Low Activity
13586700,0.0,1,0,0.0,0.0,1.0,0.0,Low,0,Low Risk - Low Activity
13599057,0.0,1,0,0.0,0.0,1.0,0.0,Low,0,Low Risk - Low Activity
13603999,0.0,1,0,0.0,0.0,1.0,0.0,Low,0,Low Risk - Low Activity
13605404,0.0,1,0,0.0,1.0,0.0,0.0,Low,0,Low Risk - Low Activity
13606336,0.0,1,0,0.0,1.0,0.0,0.0,Low,0,Low Risk - Low Activity
13612314,0.0,1,0,0.0,1.0,0.0,0.0,Low,0,Low Risk - Low Activity
13624656,0.0,1,0,0.0,0.0,1.0,0.0,Low,0,Low Risk - Low Activity
13625614,0.0,1,0,0.0,1.0,0.0,0.0,Low,0,Low Risk - Low Activity
13635215,0.0,1,0,0.0,0.0,1.0,0.0,Low,0,Low Risk - Low Activity
13639960,0.0,1,0,0.0,1.0,0.0,0.0,Low,0,Low Risk - Low Activity
13641290,0.0,1,0,0.0,0.0,1.0,0.0,Low,0,Low Risk - Low Activity
13641710,0.0,1,0,0.0,0.0,1.0,0.0,Low,0,Low Risk - Low Activity
13642822,0.0,1,0,0.0,0.0,1.0,0.0,Low,0,Low Risk - Low Activity
13655403,0.0,1,0,0.0,1.0,0.0,0.0,Low,0,Low Risk - Low Activity
13714379,0.0,1,0,0.0,0.0,1.0,0.0,Low,0,Low Risk - Low Activity
13720976,0.0,1,0,0.0,0.0,1.0,0.0,Low,0,Low Risk - Low Activity
13739913,0.0,1,0,0.0,0.0,1.0,0.0,Low,0,Low Risk - Low Activity
13740600,0.0,1,0,0.0,0.0,1.0,0.0,Low,0,Low Risk - Low Activity
13750341,0.0,1,0,0.0,1.0,0.0,0.0,Low,0,Low Risk - Low Activity
13800539,0.0,1,0,0.0,1.0,0.0,0.0,Low,0,Low Risk - Low Activity
13804803,0.0,1,0,0.0,0.0,1.0,0.0,Low,0,Low Risk - Low Activity
13806082,0.0,1,0,0.0,0.0,1.0,0.0,Low,0,Low Risk - Low Activity
13807634,0.0,1,0,0.0,0.0,1.0,0.0,Low,0,Low Risk - Low Activity
13808793,0.0,1,0,0.0,0.0,1.0,0.0,Low,0,Low Risk - Low Activity
13811471,0.0,1,0,0.0,0.0,1.0,0.0,Low,0,Low Risk - Low Activity
13819617,0.0,1,0,0.0,1.0,0.0,0.0,Low,0,Low Risk - Low Activity
13831069,0.0,1,0,0.0,0.0,1.0,0.0,Low,0,Low Risk - Low Activity
13832035,0.0,1,0,0.0,0.0,1.0,0.0,Low,0,Low Risk - Low Activity
13834770,0.0,1,0,0.0,0.0,1.0,0.0,Low,0,Low Risk - Low Activity
13868892,0.0,1,0,0.0,0.0,1.0,0.0,Low,0,Low Risk - Low Activity
13872992,0.0,1,0,0.0,0.0,1.0,0.0,Low,0,Low Risk - Low Activity
13875878,0.0,1,0,0.0,1.0,0.0,0.0,Low,0,Low Risk - Low Activity
13885038,0.0,1,0,0.0,0.0,1.0,0.0,Low,0,Low Risk - Low Activity
13886193,0.0,1,0,0.0,0.0,1.0,0.0,Low,0,Low Risk - Low Activity
13928959,0.0,1,0,0.0,1.0,0.0,0.0,Low,0,Low Risk - Low Activity
13953261,0.0,1,0,0.0,0.0,1.0,0.0,Low,0,Low Risk - Low Activity
13982398,0.0,1,0,0.0,0.0,1.0,0.0,Low,0,Low Risk - Low Activity
14017794,0.0,1,0,0.0,0.0,1.0,0.0,Low,0,Low Risk - Low Activity
14018305,0.0,1,0,0.0,0.0,1.0,0.0,Low,0,Low Risk - Low Activity
14020546,0.0,1,0,0.0,0.0,1.0,0.0,Low,0,Low Risk - Low Activity
14026037,0.0,1,0,0.0,1.0,0.0,0.0,Low,0,Low Risk - Low Activity
14038443,0.0,1,0,0.0,0.0,1.0,0.0,Low,0,Low Risk - Low Activity
14054056,0.0,1,0,0.0,1.0,0.0,0.0,Low,0,Low Risk - Low Activity
14056022,0.0,1,0,0.0,1.0,0.0,0.0,Low,0,Low Risk - Low Activity
14116952,0.0,1,0,0.0,1.0,0.0,0.0,Low,0,Low Risk - Low Activity
14125165,0.0,1,0,0.0,0.0,1.0,0.0,Low,0,Low Risk - Low Activity
14125510,0.0,1,0,0.0,0.0,1.0,0.0,Low,0,Low Risk - Low Activity
14131496,0.0,1,0,0.0,0.0,1.0,0.0,Low,0,Low Risk - Low Activity
14134578,0.0,1,0,0.0,0.0,1.0,0.0,Low,0,Low Risk - Low Activity
14144759,0.0,1,0,0.0,1.0,0.0,0.0,Low,0,Low Risk - Low Activity
14154916,0.0,1,0,0.0,0.0,1.0,0.0,Low,0,Low Risk - Low Activity
14157002,0.0,1,0,0.0,0.0,1.0,0.0,Low,0,Low Risk - Low Activity
14162318,0.0,1,0,0.0,1.0,0.0,0.0,Low,0,Low Risk - Low Activity
14182782,0.0,1,0,0.0,0.0,1.0,0.0,Low,0,Low Risk - Low Activity
14188285,0.0,1,0,0.0,1.0,0.0,0.0,Low,0,Low Risk - Low Activity
14200557,0.0,1,0,0.0,1.0,0.0,0.0,Low,0,Low Risk - Low Activity
14211355,0.0,1,0,0.0,0.0,1.0,0.0,Low,0,Low Risk - Low Activity
14219640,0.0,1,0,0.0,1.0,0.0,0.0,Low,0,Low Risk - Low Activity
14235249,0.0,1,0,0.0,1.0,0.0,0.0,Low,0,Low Risk - Low Activity
14240537,0.0,1,0,0.0,1.0,0.0,0.0,Low,0,Low Risk - Low Activity
14266191,0.0,1,0,0.0,0.0,1.0,0.0,Low,0,Low Risk - Low Activity
14274255,0.0,1,0,0.0,0.0,1.0,0.0,Low,0,Low Risk - Low Activity
14278368,0.0,1,0,0.0,0.0,1.0,0.0,Low,0,Low Risk - Low Activity
14279632,0.0,1,0,0.0,1.0,0.0,0.0,Low,0,Low Risk - Low Activity
14296441,0.0,1,0,0.0,1.0,0.0,0.0,Low,0,Low Risk - Low Activity
14298038,0.0,1,0,0.0,1.0,0.0,0.0,Low,0,Low Risk - Low Activity
14299119,0.0,1,0,0.0,1.0,0.0,0.0,Low,0,Low Risk - Low Activity
14303968,0.0,1,0,0.0,0.0,1.0,0.0,Low,0,Low Risk - Low Activity
14305035,0.0,1,0,0.0,1.0,0.0,0.0,Low,0,Low Risk - Low Activity
14309425,0.0,1,0,0.0,0.0,1.0,0.0,Low,0,Low Risk - Low Activity
14313327,0.0,1,0,0.0,1.0,0.0,0.0,Low,0,Low Risk - Low Activity
14334837,0.0,1,0,0.0,0.0,1.0,0.0,Low,0,Low Risk - Low Activity
14352987,0.0,1,0,0.0,1.0,0.0,0.0,Low,0,Low Risk - Low Activity
14353579,0.0,1,0,0.0,0.0,1.0,0.0,Low,0,Low Risk - Low Activity
14362715,0.0,1,0,0.0,0.0,1.0,0.0,Low,0,Low Risk - Low Activity
14363021,0.0,1,0,0.0,0.0,1.0,0.0,Low,0,Low Risk - Low Activity
14375939,0.0,1,0,0.0,0.0,1.0,0.0,Low,0,Low Risk - Low Activity
14378476,0.0,1,0,0.0,0.0,1.0,0.0,Low,0,Low Risk - Low Activity
14379716,0.0,1,0,0.0,1.0,0.0,0.0,Low,0,Low Risk - Low Activity
14391271,0.0,1,0,0.0,1.0,0.0,0.0,Low,0,Low Risk - Low Activity
14398420,0.0,1,0,0.0,0.0,1.0,0.0,Low,0,Low Risk - Low Activity
14404800,0.0,1,0,0.0,0.0,1.0,0.0,Low,0,Low Risk - Low Activity
14405000,0.0,1,0,0.0,1.0,0.0,0.0,Low,0,Low Risk - Low Activity
14413550,0.0,1,0,0.0,0.0,1.0,0.0,Low,0,Low Risk - Low Activity
14420397,0.0,1,0,0.0,1.0,0.0,0.0,Low,0,Low Risk - Low Activity
14428825,0.0,1,0,0.0,0.0,1.0,0.0,Low,0,Low Risk - Low Activity
14443600,0.0,1,0,0.0,0.0,1.0,0.0,Low,0,Low Risk - Low Activity
14451563,0.0,1,0,0.0,0.0,1.0,0.0,Low,0,Low Risk - Low Activity
14484041,0.0,1,0,0.0,0.0,1.0,0.0,Low,0,Low Risk - Low Activity
14509599,0.0,1,0,0.0,0.0,1.0,0.0,Low,0,Low Risk - Low Activity
14519592,0.0,1,0,0.0,1.0,0.0,0.0,Low,0,Low Risk - Low Activity
14520226,0.0,1,0,0.0,1.0,0.0,0.0,Low,0,Low Risk - Low Activity
14535184,0.0,1,0,0.0,1.0,0.0,0.0,Low,0,Low Risk - Low Activity
14544574,0.0,1,0,0.0,0.0,1.0,0.0,Low,0,Low Risk - Low Activity
14547209,0.0,1,0,0.0,0.0,1.0,0.0,Low,0,Low Risk - Low Activity
14553288,0.0,1,0,0.0,1.0,0.0,0.0,Low,0,Low Risk - Low Activity
14559244,0.0,1,0,0.0,1.0,0.0,0.0,Low,0,Low Risk - Low Activity
14578275,0.0,1,0,0.0,0.0,1.0,0.0,Low,0,Low Risk - Low Activity
14580706,0.0,1,0,0.0,1.0,0.0,0.0,Low,0,Low Risk - Low Activity
14591171,0.0,1,0,0.0,0.0,1.0,0.0,Low,0,Low Risk - Low Activity
14594236,0.0,1,0,0.0,0.0,1.0,0.0,Low,0,Low Risk - Low Activity
14594797,0.0,1,0,0.0,0.0,1.0,0.0,Low,0,Low Risk - Low Activity
14594815,0.0,1,0,0.0,1.0,0.0,0.0,Low,0,Low Risk - Low Activity
14626722,0.0,1,0,0.0,0.0,1.0,0.0,Low,0,Low Risk - Low Activity
14634267,0.0,1,0,0.0,0.0,1.0,0.0,Low,0,Low Risk - Low Activity
14651238,0.0,1,0,0.0,1.0,0.0,0.0,Low,0,Low Risk - Low Activity
14667702,0.0,1,0,0.0,0.0,1.0,0.0,Low,0,Low Risk - Low Activity
14669274,0.0,1,0,0.0,1.0,0.0,0.0,Low,0,Low Risk - Low Activity
14676179,0.0,1,0,0.0,0.0,1.0,0.0,Low,0,Low Risk - Low Activity
14680857,0.0,1,0,0.0,1.0,0.0,0.0,Low,0,Low Risk - Low Activity
14700613,0.0,1,0,0.0,1.0,0.0,0.0,Low,0,Low Risk - Low Activity
14720070,0.0,1,0,0.0,0.0,1.0,0.0,Low,0,Low Risk - Low Activity
14734274,0.0,1,0,0.0,1.0,0.0,0.0,Low,0,Low Risk - Low Activity
14748735,0.0,1,0,0.0,1.0,0.0,0.0,Low,0,Low Risk - Low Activity
14753923,0.0,1,0,0.0,1.0,0.0,0.0,Low,0,Low Risk - Low Activity
14784823,0.0,1,0,0.0,0.0,1.0,0.0,Low,0,Low Risk - Low Activity
14792718,0.0,1,0,0.0,1.0,0.0,0.0,Low,0,Low Risk - Low Activity
14795221,0.0,1,0,0.0,1.0,0.0,0.0,Low,0,Low Risk - Low Activity
14797443,0.0,1,0,0.0,0.0,1.0,0.0,Low,0,Low Risk - Low Activity
14824911,0.0,1,0,0.0,0.0,1.0,0.0,Low,0,Low Risk - Low Activity
14828333,0.0,1,0,0.0,0.0,1.0,0.0,Low,0,Low Risk - Low Activity
14868332,0.0,1,0,0.0,1.0,0.0,0.0,Low,0,Low Risk - Low Activity
14877409,0.0,1,0,0.0,1.0,0.0,0.0,Low,0,Low Risk - Low Activity
14878462,0.0,1,0,0.0,1.0,0.0,0.0,Low,0,Low Risk - Low Activity
14887038,0.0,1,0,0.0,0.0,1.0,0.0,Low,0,Low Risk - Low Activity
14894553,0.0,1,0,0.0,0.0,1.0,0.0,Low,0,Low Risk - Low Activity
14899497,0.0,1,0,0.0,0.0,1.0,0.0,Low,0,Low Risk - Low Activity
14909926,0.0,1,0,0.0,0.0,1.0,0.0,Low,0,Low Risk - Low Activity
14933449,0.0,1,0,0.0,0.0,1.0,0.0,Low,0,Low Risk - Low Activity
14938757,0.0,1,0,0.0,0.0,1.0,0.0,Low,0,Low Risk - Low Activity
14958820,0.0,1,0,0.0,0.0,1.0,0.0,Low,0,Low Risk - Low Activity
14969571,0.0,1,0,0.0,0.0,1.0,0.0,Low,0,Low Risk - Low Activity
14970673,0.0,1,0,0.0,0.0,1.0,0.0,Low,0,Low Risk - Low Activity
14971513,0.0,1,0,0.0,0.0,1.0,0.0,Low,0,Low Risk - Low Activity
14973456,0.0,1,0,0.0,0.0,1.0,0.0,Low,0,Low Risk - Low Activity
14992676,0.0,1,0,0.0,0.0,1.0,0.0,Low,0,Low Risk - Low Activity
15008057,0.0,1,0,0.0,1.0,0.0,0.0,Low,0,Low Risk - Low Activity
15020090,0.0,1,0,0.0,0.0,1.0,0.0,Low,0,Low Risk - Low Activity
15022805,0.0,1,0,0.0,0.0,1.0,0.0,Low,0,Low Risk - Low Activity
15040671,0.0,1,0,0.0,0.0,1.0,0.0,Low,0,Low Risk - Low Activity
15044492,0.0,1,0,1.0,0.0,0.0,0.0,Low,1,Low Risk - Low Activity
15046848,0.0,1,0,0.0,0.0,1.0,0.0,Low,0,Low Risk - Low Activity
15054106,0.0,1,0,0.0,1.0,0.0,0.0,Low,0,Low Risk - Low Activity
15063573,0.0,1,0,0.0,0.0,1.0,0.0,Low,0,Low Risk - Low Activity
15070053,0.0,1,0,0.0,0.0,1.0,0.0,Low,0,Low Risk - Low Activity
15077739,0.0,1,0,0.0,1.0,0.0,0.0,Low,0,Low Risk - Low Activity
15082095,0.0,1,0,0.0,1.0,0.0,0.0,Low,0,Low Risk - Low Activity
15102699,0.0,1,0,0.0,0.0,1.0,0.0,Low,0,Low Risk - Low Activity
15112057,0.0,1,0,0.0,1.0,0.0,0.0,Low,0,Low Risk - Low Activity
15117479,0.0,1,0,0.0,0.0,1.0,0.0,Low,0,Low Risk - Low Activity
15125149,0.0,1,0,0.0,0.0,1.0,0.0,Low,0,Low Risk - Low Activity
15125853,0.0,1,0,0.0,0.0,1.0,0.0,Low,0,Low Risk - Low Activity
15160370,0.0,1,0,0.0,0.0,1.0,0.0,Low,0,Low Risk - Low Activity
15164253,0.0,1,0,0.0,0.0,1.0,0.0,Low,0,Low Risk - Low Activity
15177911,0.0,1,0,0.0,0.0,1.0,0.0,Low,0,Low Risk - Low Activity
15195356,0.0,1,0,0.0,1.0,0.0,0.0,Low,0,Low Risk - Low Activity
15201047,0.0,1,0,0.0,1.0,0.0,0.0,Low,0,Low Risk - Low Activity
15213782,0.0,1,0,0.0,0.0,1.0,0.0,Low,0,Low Risk - Low Activity
15219170,0.0,1,0,0.0,1.0,0.0,0.0,Low,0,Low Risk - Low Activity
15230630,0.0,1,0,0.0,1.0,0.0,0.0,Low,0,Low Risk - Low Activity
15231825,0.0,1,0,0.0,1.0,0.0,0.0,Low,0,Low Risk - Low Activity
15232036,0.0,1,0,0.0,0.0,1.0,0.0,Low,0,Low Risk - Low Activity
15235813,0.0,1,0,0.0,1.0,0.0,0.0,Low,0,Low Risk - Low Activity
15246025,0.0,1,0,0.0,1.0,0.0,0.0,Low,0,Low Risk - Low Activity
15262688,0.0,1,0,0.0,0.0,1.0,0.0,Low,0,Low Risk - Low Activity
15280320,0.0,1,0,0.0,1.0,0.0,0.0,Low,0,Low Risk - Low Activity
15282326,0.0,1,0,0.0,1.0,0.0,0.0,Low,0,Low Risk - Low Activity
15282555,0.0,1,0,0.0,0.0,1.0,0.0,Low,0,Low Risk - Low Activity
15282849,0.0,1,0,0.0,0.0,1.0,0.0,Low,0,Low Risk - Low Activity
15284127,0.0,1,0,0.0,1.0,0.0,0.0,Low,0,Low Risk - Low Activity
15314646,0.0,1,0,0.0,0.0,1.0,0.0,Low,0,Low Risk - Low Activity
15320971,0.0,1,0,0.0,0.0,1.0,0.0,Low,0,Low Risk - Low Activity
15338845,0.0,1,0,0.0,0.0,1.0,0.0,Low,0,Low Risk - Low Activity
15342039,0.0,1,0,0.0,0.0,1.0,0.0,Low,0,Low Risk - Low Activity
15370136,0.0,1,0,0.0,0.0,1.0,0.0,Low,0,Low Risk - Low Activity
15370649,0.0,1,0,0.0,0.0,1.0,0.0,Low,0,Low Risk - Low Activity
15412616,0.0,1,0,0.0,1.0,0.0,0.0,Low,0,Low Risk - Low Activity
15460207,0.0,1,0,0.0,0.0,1.0,0.0,Low,0,Low Risk - Low Activity
15461345,0.0,1,0,0.0,0.0,1.0,0.0,Low,0,Low Risk - Low Activity
15483649,0.0,1,0,0.0,0.0,1.0,0.0,Low,0,Low Risk - Low Activity
15496046,0.0,1,0,0.0,1.0,0.0,0.0,Low,0,Low Risk - Low Activity
15496968,0.0,1,0,0.0,0.0,1.0,0.0,Low,0,Low Risk - Low Activity
15508305,0.0,1,0,0.0,1.0,0.0,0.0,Low,0,Low Risk - Low Activity
15520071,0.0,1,0,0.0,0.0,1.0,0.0,Low,0,Low Risk - Low Activity
15536251,0.0,1,0,0.0,0.0,1.0,0.0,Low,0,Low Risk - Low Activity
15540031,0.0,1,0,0.0,0.0,1.0,0.0,Low,0,Low Risk - Low Activity
15588374,0.0,1,0,0.0,1.0,0.0,0.0,Low,0,Low Risk - Low Activity
15593616,0.0,1,0,0.0,1.0,0.0,0.0,Low,0,Low Risk - Low Activity
15599513,0.0,1,0,0.0,1.0,0.0,0.0,Low,0,Low Risk - Low Activity
15600735,0.0,1,0,0.0,1.0,0.0,0.0,Low,0,Low Risk - Low Activity
15616042,0.0,1,0,0.0,0.0,1.0,0.0,Low,0,Low Risk - Low Activity
15624204,0.0,1,0,0.0,1.0,0.0,0.0,Low,0,Low Risk - Low Activity
15626960,0.0,1,0,0.0,0.0,1.0,0.0,Low,0,Low Risk - Low Activity
15639533,0.0,1,0,0.0,0.0,1.0,0.0,Low,0,Low Risk - Low Activity
15644920,0.0,1,0,0.0,0.0,1.0,0.0,Low,0,Low Risk - Low Activity
15648571,0.0,1,0,0.0,1.0,0.0,0.0,Low,0,Low Risk - Low Activity
15669104,0.0,1,0,0.0,0.0,1.0,0.0,Low,0,Low Risk - Low Activity
15679766,0.0,1,0,0.0,0.0,1.0,0.0,Low,0,Low Risk - Low Activity
15685046,0.0,1,0,0.0,1.0,0.0,0.0,Low,0,Low Risk - Low Activity
15694940,0.0,1,0,0.0,0.0,1.0,0.0,Low,0,Low Risk - Low Activity
15704480,0.0,1,0,0.0,1.0,0.0,0.0,Low,0,Low Risk - Low Activity
15723978,0.0,1,0,0.0,0.0,1.0,0.0,Low,0,Low Risk - Low Activity
15768028,0.0,1,0,0.0,0.0,1.0,0.0,Low,0,Low Risk - Low Activity
15769687,0.0,1,0,0.0,1.0,0.0,0.0,Low,0,Low Risk - Low Activity
15786088,0.0,1,0,0.0,0.0,1.0,0.0,Low,0,Low Risk - Low Activity
15810070,0.0,1,0,0.0,0.0,1.0,0.0,Low,0,Low Risk - Low Activity
15811293,0.0,1,0,0.0,0.0,1.0,0.0,Low,0,Low Risk - Low Activity
15817802,0.0,1,0,0.0,1.0,0.0,0.0,Low,0,Low Risk - Low Activity
15831549,0.0,1,0,0.0,1.0,0.0,0.0,Low,0,Low Risk - Low Activity
15856946,0.0,1,0,0.0,1.0,0.0,0.0,Low,0,Low Risk - Low Activity
15860342,0.0,1,0,0.0,1.0,0.0,0.0,Low,0,Low Risk - Low Activity
15866154,0.0,1,0,0.0,0.0,1.0,0.0,Low,0,Low Risk - Low Activity
15877089,0.0,1,0,0.0,1.0,0.0,0.0,Low,0,Low Risk - Low Activity
15880257,0.0,1,0,0.0,1.0,0.0,0.0,Low,0,Low Risk - Low Activity
15882473,0.0,1,0,0.0,0.0,1.0,0.0,Low,0,Low Risk - Low Activity
15885151,0.0,1,0,0.0,1.0,0.0,0.0,Low,0,Low Risk - Low Activity
15889850,0.0,1,0,0.0,0.0,1.0,0.0,Low,0,Low Risk - Low Activity
15897167,0.0,1,0,0.0,0.0,1.0,0.0,Low,0,Low Risk - Low Activity
15897508,0.0,1,0,0.0,0.0,1.0,0.0,Low,0,Low Risk - Low Activity
15903346,0.0,1,0,0.0,1.0,0.0,0.0,Low,0,Low Risk - Low Activity
15905144,0.0,1,0,0.0,1.0,0.0,0.0,Low,0,Low Risk - Low Activity
15909043,0.0,1,0,0.0,0.0,1.0,0.0,Low,0,Low Risk - Low Activity
15942371,0.0,1,0,0.0,0.0,1.0,0.0,Low,0,Low Risk - Low Activity
15956792,0.0,1,0,0.0,0.0,1.0,0.0,Low,0,Low Risk - Low Activity
15967408,0.0,1,0,0.0,0.0,1.0,0.0,Low,0,Low Risk - Low Activity
15969634,0.0,1,0,0.0,1.0,0.0,0.0,Low,0,Low Risk - Low Activity
15970328,0.0,1,0,0.0,1.0,0.0,0.0,Low,0,Low Risk - Low Activity
15974597,0.0,1,0,0.0,1.0,0.0,0.0,Low,0,Low Risk - Low Activity
15975805,0.0,1,0,0.0,0.0,1.0,0.0,Low,0,Low Risk - Low Activity
15986132,0.0,1,0,0.0,1.0,0.0,0.0,Low,0,Low Risk - Low Activity
16018289,0.0,1,0,0.0,0.0,1.0,0.0,Low,0,Low Risk - Low Activity
16037934,0.0,1,0,0.0,0.0,1.0,0.0,Low,0,Low Risk - Low Activity
16038717,0.0,1,0,0.0,0.0,1.0,0.0,Low,0,Low Risk - Low Activity
16058786,0.0,1,0,0.0,1.0,0.0,0.0,Low,0,Low Risk - Low Activity
16065344,0.0,1,0,0.0,0.0,1.0,0.0,Low,0,Low Risk - Low Activity
16074642,0.0,1,0,0.0,0.0,1.0,0.0,Low,0,Low Risk - Low Activity
16076044,0.0,1,0,0.0,0.0,1.0,0.0,Low,0,Low Risk - Low Activity
16087260,0.0,1,0,0.0,0.0,1.0,0.0,Low,0,Low Risk - Low Activity
16087954,0.0,1,0,0.0,0.0,1.0,0.0,Low,0,Low Risk - Low Activity
16099789,0.0,1,0,0.0,0.0,1.0,0.0,Low,0,Low Risk - Low Activity
16111562,0.0,1,0,0.0,0.0,1.0,0.0,Low,0,Low Risk - Low Activity
16146366,0.0,1,0,0.0,1.0,0.0,0.0,Low,0,Low Risk - Low Activity
16172054,0.0,1,0,0.0,0.0,1.0,0.0,Low,0,Low Risk - Low Activity
16198989,0.0,1,0,0.0,0.0,1.0,0.0,Low,0,Low Risk - Low Activity
16218390,0.0,1,0,0.0,0.0,1.0,0.0,Low,0,Low Risk - Low Activity
16242585,0.0,1,0,0.0,0.0,1.0,0.0,Low,0,Low Risk - Low Activity
16249901,0.0,1,0,0.0,1.0,0.0,0.0,Low,0,Low Risk - Low Activity
16262358,0.0,1,0,0.0,0.0,1.0,0.0,Low,0,Low Risk - Low Activity
16268756,0.0,1,0,0.0,0.0,1.0,0.0,Low,0,Low Risk - Low Activity
16275654,0.0,1,0,0.0,0.0,1.0,0.0,Low,0,Low Risk - Low Activity
16276065,0.0,1,0,0.0,1.0,0.0,0.0,Low,0,Low Risk - Low Activity
16302342,0.0,1,0,0.0,0.0,1.0,0.0,Low,0,Low Risk - Low Activity
16305170,0.0,1,0,0.0,1.0,0.0,0.0,Low,0,Low Risk - Low Activity
16325129,0.0,1,0,0.0,1.0,0.0,0.0,Low,0,Low Risk - Low Activity
16337080,0.0,1,0,0.0,0.0,1.0,0.0,Low,0,Low Risk - Low Activity
16342005,0.0,1,0,0.0,0.0,1.0,0.0,Low,0,Low Risk - Low Activity
16360770,0.0,1,0,0.0,0.0,1.0,0.0,Low,0,Low Risk - Low Activity
16369059,0.0,1,0,0.0,0.0,1.0,0.0,Low,0,Low Risk - Low Activity
16381736,0.0,1,0,0.0,0.0,1.0,0.0,Low,0,Low Risk - Low Activity
16407208,0.0,1,0,0.0,0.0,1.0,0.0,Low,0,Low Risk - Low Activity
16414726,0.0,1,0,0.0,1.0,0.0,0.0,Low,0,Low Risk - Low Activity
16435252,0.0,1,0,0.0,1.0,0.0,0.0,Low,0,Low Risk - Low Activity
16454953,0.0,1,0,0.0,0.0,1.0,0.0,Low,0,Low Risk - Low Activity
16486767,0.0,1,0,0.0,1.0,0.0,0.0,Low,0,Low Risk - Low Activity
16489113,0.0,1,0,0.0,1.0,0.0,0.0,Low,0,Low Risk - Low Activity
16491693,0.0,1,0,0.0,1.0,0.0,0.0,Low,0,Low Risk - Low Activity
16493135,0.0,1,0,0.0,1.0,0.0,0.0,Low,0,Low Risk - Low Activity
16506291,0.0,1,0,0.0,1.0,0.0,0.0,Low,0,Low Risk - Low Activity
16510000,0.0,1,0,0.0,0.0,1.0,0.0,Low,0,Low Risk - Low Activity
16519755,0.0,1,0,0.0,1.0,0.0,0.0,Low,0,Low Risk - Low Activity
16544671,0.0,1,0,0.0,1.0,0.0,0.0,Low,0,Low Risk - Low Activity
16547361,0.0,1,0,0.0,1.0,0.0,0.0,Low,0,Low Risk - Low Activity
16550450,0.0,1,0,0.0,1.0,0.0,0.0,Low,0,Low Risk - Low Activity
16553295,0.0,1,0,0.0,1.0,0.0,0.0,Low,0,Low Risk - Low Activity
16562461,0.0,1,0,0.0,0.0,1.0,0.0,Low,0,Low Risk - Low Activity
16571170,0.0,1,0,0.0,0.0,1.0,0.0,Low,0,Low Risk - Low Activity
16575943,0.0,1,0,0.0,0.0,1.0,0.0,Low,0,Low Risk - Low Activity
16576190,0.0,1,0,0.0,0.0,1.0,0.0,Low,0,Low Risk - Low Activity
16588595,0.0,1,0,0.0,0.0,1.0,0.0,Low,0,Low Risk - Low Activity
16592899,0.0,1,0,0.0,0.0,1.0,0.0,Low,0,Low Risk - Low Activity
16598629,0.0,1,0,0.0,0.0,1.0,0.0,Low,0,Low Risk - Low Activity
16606457,0.0,1,0,0.0,1.0,0.0,0.0,Low,0,Low Risk - Low Activity
16624659,0.0,1,0,0.0,0.0,1.0,0.0,Low,0,Low Risk - Low Activity
16629741,0.0,1,0,0.0,0.0,1.0,0.0,Low,0,Low Risk - Low Activity
16633963,0.0,1,0,0.0,0.0,1.0,0.0,Low,0,Low Risk - Low Activity
16638765,0.0,1,0,0.0,0.0,1.0,0.0,Low,0,Low Risk - Low Activity
16642679,0.0,1,0,0.0,0.0,1.0,0.0,Low,0,Low Risk - Low Activity
16655002,0.0,1,0,0.0,0.0,1.0,0.0,Low,0,Low Risk - Low Activity
16656111,0.0,1,0,0.0,0.0,1.0,0.0,Low,0,Low Risk - Low Activity
16681946,0.0,1,0,0.0,1.0,0.0,0.0,Low,0,Low Risk - Low Activity
16693847,0.0,1,0,0.0,1.0,0.0,0.0,Low,0,Low Risk - Low Activity
16699839,0.0,1,0,0.0,0.0,1.0,0.0,Low,0,Low Risk - Low Activity
16719277,0.0,1,0,0.0,0.0,1.0,0.0,Low,0,Low Risk - Low Activity
16725795,0.0,1,0,0.0,1.0,0.0,0.0,Low,0,Low Risk - Low Activity
16766911,0.0,1,0,0.0,0.0,1.0,0.0,Low,0,Low Risk - Low Activity
16778399,0.0,1,0,0.0,1.0,0.0,0.0,Low,0,Low Risk - Low Activity
16782283,0.0,1,0,0.0,1.0,0.0,0.0,Low,0,Low Risk - Low Activity
16784236,0.0,1,0,0.0,0.0,1.0,0.0,Low,0,Low Risk - Low Activity
16792242,0.0,1,0,0.0,1.0,0.0,0.0,Low,0,Low Risk - Low Activity
16797673,0.0,1,0,0.0,1.0,0.0,0.0,Low,0,Low Risk - Low Activity
16799056,0.0,1,0,0.0,0.0,1.0,0.0,Low,0,Low Risk - Low Activity
16800269,0.0,1,0,0.0,1.0,0.0,0.0,Low,0,Low Risk - Low Activity
16811662,0.0,1,0,0.0,1.0,0.0,0.0,Low,0,Low Risk - Low Activity
16816123,0.0,1,0,0.0,0.0,1.0,0.0,Low,0,Low Risk - Low Activity
16816524,0.0,1,0,0.0,0.0,1.0,0.0,Low,0,Low Risk - Low Activity
16849117,0.0,1,0,0.0,1.0,0.0,0.0,Low,0,Low Risk - Low Activity
16859960,0.0,1,0,0.0,0.0,1.0,0.0,Low,0,Low Risk - Low Activity
16864563,0.0,1,0,0.0,0.0,1.0,0.0,Low,0,Low Risk - Low Activity
16866936,0.0,1,0,0.0,0.0,1.0,0.0,Low,0,Low Risk - Low Activity
16871686,0.0,1,0,0.0,0.0,1.0,0.0,Low,0,Low Risk - Low Activity
16889171,0.0,1,0,0.0,0.0,1.0,0.0,Low,0,Low Risk - Low Activity
16891864,0.0,1,0,0.0,0.0,1.0,0.0,Low,0,Low Risk - Low Activity
16894747,0.0,1,0,0.0,0.0,1.0,0.0,Low,0,Low Risk - Low Activity
16895577,0.0,1,0,0.0,0.0,1.0,0.0,Low,0,Low Risk - Low Activity
16899170,0.0,1,0,0.0,1.0,0.0,0.0,Low,0,Low Risk - Low Activity
16905154,0.0,1,0,0.0,0.0,1.0,0.0,Low,0,Low Risk - Low Activity
16924158,0.0,1,0,0.0,1.0,0.0,0.0,Low,0,Low Risk - Low Activity
16935606,0.0,1,0,0.0,1.0,0.0,0.0,Low,0,Low Risk - Low Activity
16944194,0.0,1,0,0.0,0.0,1.0,0.0,Low,0,Low Risk - Low Activity
16948778,0.0,1,0,0.0,1.0,0.0,0.0,Low,0,Low Risk - Low Activity
16976371,0.0,1,0,0.0,1.0,0.0,0.0,Low,0,Low Risk - Low Activity
16985431,0.0,1,0,0.0,0.0,1.0,0.0,Low,0,Low Risk - Low Activity
17001561,0.0,1,0,0.0,0.0,1.0,0.0,Low,0,Low Risk - Low Activity
17006710,0.0,1,0,0.0,1.0,0.0,0.0,Low,0,Low Risk - Low Activity
17008738,0.0,1,0,0.0,0.0,1.0,0.0,Low,0,Low Risk - Low Activity
17029353,0.0,1,0,0.0,0.0,1.0,0.0,Low,0,Low Risk - Low Activity
17037827,0.0,1,0,0.0,1.0,0.0,0.0,Low,0,Low Risk - Low Activity
17039038,0.0,1,0,0.0,1.0,0.0,0.0,Low,0,Low Risk - Low Activity
17080113,0.0,1,0,0.0,0.0,1.0,0.0,Low,0,Low Risk - Low Activity
17085749,0.0,1,0,0.0,0.0,1.0,0.0,Low,0,Low Risk - Low Activity
17096787,0.0,1,0,0.0,1.0,0.0,0.0,Low,0,Low Risk - Low Activity
17099876,0.0,1,0,0.0,0.0,1.0,0.0,Low,0,Low Risk - Low Activity
17104751,0.0,1,0,0.0,0.0,1.0,0.0,Low,0,Low Risk - Low Activity
17121037,0.0,1,0,0.0,0.0,1.0,0.0,Low,0,Low Risk - Low Activity
17133591,0.0,1,0,0.0,1.0,0.0,0.0,Low,0,Low Risk - Low Activity
17157743,0.0,1,0,0.0,0.0,1.0,0.0,Low,0,Low Risk - Low Activity
17165289,0.0,1,0,0.0,0.0,1.0,0.0,Low,0,Low Risk - Low Activity
17175527,0.0,1,0,0.0,0.0,1.0,0.0,Low,0,Low Risk - Low Activity
17188059,0.0,1,0,0.0,1.0,0.0,0.0,Low,0,Low Risk - Low Activity
17193678,0.0,1,0,0.0,1.0,0.0,0.0,Low,0,Low Risk - Low Activity
17215220,0.0,1,0,0.0,0.0,1.0,0.0,Low,0,Low Risk - Low Activity
17260217,0.0,1,0,0.0,0.0,1.0,0.0,Low,0,Low Risk - Low Activity
17260407,0.0,1,0,0.0,0.0,1.0,0.0,Low,0,Low Risk - Low Activity
17264888,0.0,1,0,0.0,1.0,0.0,0.0,Low,0,Low Risk - Low Activity
17274252,0.0,1,0,0.0,1.0,0.0,0.0,Low,0,Low Risk - Low Activity
17276566,0.0,1,0,0.0,0.0,1.0,0.0,Low,0,Low Risk - Low Activity
17281014,0.0,1,0,0.0,0.0,1.0,0.0,Low,0,Low Risk - Low Activity
17313154,0.0,1,0,0.0,0.0,1.0,0.0,Low,0,Low Risk - Low Activity
17315978,0.0,1,0,0.0,1.0,0.0,0.0,Low,0,Low Risk - Low Activity
17331645,0.0,1,0,0.0,1.0,0.0,0.0,Low,0,Low Risk - Low Activity
17333878,0.0,1,0,0.0,1.0,0.0,0.0,Low,0,Low Risk - Low Activity
17347550,0.0,1,0,0.0,0.0,1.0,0.0,Low,0,Low Risk - Low Activity
17355701,0.0,1,0,0.0,1.0,0.0,0.0,Low,0,Low Risk - Low Activity
17381677,0.0,1,0,0.0,1.0,0.0,0.0,Low,0,Low Risk - Low Activity
17384614,0.0,1,0,0.0,0.0,1.0,0.0,Low,0,Low Risk - Low Activity
17418139,0.0,1,0,0.0,0.0,1.0,0.0,Low,0,Low Risk - Low Activity
17437168,0.0,1,0,0.0,0.0,1.0,0.0,Low,0,Low Risk - Low Activity
17482305,0.0,1,0,0.0,1.0,0.0,0.0,Low,0,Low Risk - Low Activity
17484133,0.0,1,0,0.0,0.0,1.0,0.0,Low,0,Low Risk - Low Activity
17488634,0.0,1,0,0.0,0.0,1.0,0.0,Low,0,Low Risk - Low Activity
17488899,0.0,1,0,0.0,0.0,1.0,0.0,Low,0,Low Risk - Low Activity
17493340,0.0,1,0,0.0,1.0,0.0,0.0,Low,0,Low Risk - Low Activity
17522600,0.0,1,0,0.0,0.0,1.0,0.0,Low,0,Low Risk - Low Activity
17526053,0.0,1,0,0.0,1.0,0.0,0.0,Low,0,Low Risk - Low Activity
17534109,0.0,1,0,0.0,0.0,1.0,0.0,Low,0,Low Risk - Low Activity
17537228,0.0,1,0,0.0,0.0,1.0,0.0,Low,0,Low Risk - Low Activity
17578669,0.0,1,0,0.0,0.0,1.0,0.0,Low,0,Low Risk - Low Activity
17580098,0.0,1,0,0.0,0.0,1.0,0.0,Low,0,Low Risk - Low Activity
17588333,0.0,1,0,0.0,0.0,1.0,0.0,Low,0,Low Risk - Low Activity
17615307,0.0,1,0,0.0,1.0,0.0,0.0,Low,0,Low Risk - Low Activity
17623458,0.0,1,0,0.0,0.0,1.0,0.0,Low,0,Low Risk - Low Activity
17645684,0.0,1,0,0.0,0.0,1.0,0.0,Low,0,Low Risk - Low Activity
17699739,0.0,1,0,0.0,1.0,0.0,0.0,Low,0,Low Risk - Low Activity
17708977,0.0,1,0,0.0,1.0,0.0,0.0,Low,0,Low Risk - Low Activity
17715686,0.0,1,0,0.0,1.0,0.0,0.0,Low,0,Low Risk - Low Activity
17725510,0.0,1,0,0.0,1.0,0.0,0.0,Low,0,Low Risk - Low Activity
17733026,0.0,1,0,0.0,1.0,0.0,0.0,Low,0,Low Risk - Low Activity
17756930,0.0,1,0,0.0,0.0,1.0,0.0,Low,0,Low Risk - Low Activity
17758882,0.0,1,0,0.0,1.0,0.0,0.0,Low,0,Low Risk - Low Activity
17762144,0.0,1,0,0.0,0.0,1.0,0.0,Low,0,Low Risk - Low Activity
17795093,0.0,1,0,0.0,0.0,1.0,0.0,Low,0,Low Risk - Low Activity
17807675,0.0,1,0,0.0,0.0,1.0,0.0,Low,0,Low Risk - Low Activity
17814052,0.0,1,0,0.0,1.0,0.0,0.0,Low,0,Low Risk - Low Activity
17815044,0.0,1,0,0.0,0.0,1.0,0.0,Low,0,Low Risk - Low Activity
17844306,0.0,1,0,0.0,1.0,0.0,0.0,Low,0,Low Risk - Low Activity
17862039,0.0,1,0,0.0,1.0,0.0,0.0,Low,0,Low Risk - Low Activity
17883085,0.0,1,0,1.0,0.0,0.0,0.0,Low,1,Low Risk - Low Activity
17886492,0.0,1,0,0.0,0.0,1.0,0.0,Low,0,Low Risk - Low Activity
17906996,0.0,1,0,0.0,1.0,0.0,0.0,Low,0,Low Risk - Low Activity
17926670,0.0,1,0,0.0,1.0,0.0,0.0,Low,0,Low Risk - Low Activity
17937437,0.0,1,0,0.0,0.0,1.0,0.0,Low,0,Low Risk - Low Activity
17937952,0.0,1,0,0.0,0.0,1.0,0.0,Low,0,Low Risk - Low Activity
17939754,0.0,1,0,0.0,0.0,1.0,0.0,Low,0,Low Risk - Low Activity
17955447,0.0,1,0,0.0,1.0,0.0,0.0,Low,0,Low Risk - Low Activity
17974139,0.0,1,0,0.0,0.0,1.0,0.0,Low,0,Low Risk - Low Activity
17986682,0.0,1,0,0.0,0.0,1.0,0.0,Low,0,Low Risk - Low Activity
17993673,0.0,1,0,0.0,0.0,1.0,0.0,Low,0,Low Risk - Low Activity
18001280,0.0,1,0,0.0,0.0,1.0,0.0,Low,0,Low Risk - Low Activity
18011068,0.0,1,0,0.0,0.0,1.0,0.0,Low,0,Low Risk - Low Activity
18014187,0.0,1,0,0.0,1.0,0.0,0.0,Low,0,Low Risk - Low Activity
18027192,0.0,1,0,0.0,0.0,1.0,0.0,Low,0,Low Risk - Low Activity
18031355,0.0,1,0,0.0,1.0,0.0,0.0,Low,0,Low Risk - Low Activity
18046364,0.0,1,0,0.0,0.0,1.0,0.0,Low,0,Low Risk - Low Activity
18089898,0.0,1,0,0.0,0.0,1.0,0.0,Low,0,Low Risk - Low Activity
18100723,0.0,1,0,0.0,0.0,1.0,0.0,Low,0,Low Risk - Low Activity
18103136,0.0,1,0,0.0,0.0,1.0,0.0,Low,0,Low Risk - Low Activity
18108644,0.0,1,0,0.0,1.0,0.0,0.0,Low,0,Low Risk - Low Activity
18114679,0.0,1,0,0.0,0.0,1.0,0.0,Low,0,Low Risk - Low Activity
18117165,0.0,1,0,0.0,0.0,1.0,0.0,Low,0,Low Risk - Low Activity
18149179,0.0,1,0,0.0,1.0,0.0,0.0,Low,0,Low Risk - Low Activity
18150390,0.0,1,0,0.0,1.0,0.0,0.0,Low,0,Low Risk - Low Activity
18164924,0.0,1,0,0.0,1.0,0.0,0.0,Low,0,Low Risk - Low Activity
18202980,0.0,1,0,0.0,0.0,1.0,0.0,Low,0,Low Risk - Low Activity
18204648,0.0,1,0,0.0,0.0,1.0,0.0,Low,0,Low Risk - Low Activity
18206866,0.0,1,0,0.0,0.0,1.0,0.0,Low,0,Low Risk - Low Activity
18211144,0.0,1,0,0.0,0.0,1.0,0.0,Low,0,Low Risk - Low Activity
18258089,0.0,1,0,0.0,0.0,1.0,0.0,Low,0,Low Risk - Low Activity
18265544,0.0,1,0,0.0,1.0,0.0,0.0,Low,0,Low Risk - Low Activity
18280140,0.0,1,0,0.0,0.0,1.0,0.0,Low,0,Low Risk - Low Activity
18296810,0.0,1,0,0.0,1.0,0.0,0.0,Low,0,Low Risk - Low Activity
18299685,0.0,1,0,0.0,0.0,1.0,0.0,Low,0,Low Risk - Low Activity
18307070,0.0,1,0,0.0,1.0,0.0,0.0,Low,0,Low Risk - Low Activity
18316162,0.0,1,0,0.0,0.0,1.0,0.0,Low,0,Low Risk - Low Activity
18322123,0.0,1,0,0.0,0.0,1.0,0.0,Low,0,Low Risk - Low Activity
18329129,0.0,1,0,0.0,1.0,0.0,0.0,Low,0,Low Risk - Low Activity
18337868,0.0,1,0,0.0,1.0,0.0,0.0,Low,0,Low Risk - Low Activity
18349005,0.0,1,0,0.0,0.0,1.0,0.0,Low,0,Low Risk - Low Activity
18349402,0.0,1,0,0.0,0.0,1.0,0.0,Low,0,Low Risk - Low Activity
18356090,0.0,1,0,0.0,0.0,1.0,0.0,Low,0,Low Risk - Low Activity
18370182,0.0,1,0,0.0,0.0,1.0,0.0,Low,0,Low Risk - Low Activity
18385739,0.0,1,0,0.0,1.0,0.0,0.0,Low,0,Low Risk - Low Activity
18389415,0.0,1,0,0.0,1.0,0.0,0.0,Low,0,Low Risk - Low Activity
18390876,0.0,1,0,0.0,0.0,1.0,0.0,Low,0,Low Risk - Low Activity
18391029,0.0,1,0,0.0,1.0,0.0,0.0,Low,0,Low Risk - Low Activity
18394380,0.0,1,0,0.0,0.0,1.0,0.0,Low,0,Low Risk - Low Activity
18418634,0.0,1,0,0.0,0.0,1.0,0.0,Low,0,Low Risk - Low Activity
18423410,0.0,1,0,0.0,1.0,0.0,0.0,Low,0,Low Risk - Low Activity
18432088,0.0,1,0,0.0,1.0,0.0,0.0,Low,0,Low Risk - Low Activity
18435632,0.0,1,0,0.0,1.0,0.0,0.0,Low,0,Low Risk - Low Activity
18466826,0.0,1,0,0.0,0.0,1.0,0.0,Low,0,Low Risk - Low Activity
18469650,0.0,1,0,0.0,0.0,1.0,0.0,Low,0,Low Risk - Low Activity
18470765,0.0,1,0,0.0,1.0,0.0,0.0,Low,0,Low Risk - Low Activity
18480341,0.0,1,0,0.0,0.0,1.0,0.0,Low,0,Low Risk - Low Activity
18486571,0.0,1,0,0.0,0.0,1.0,0.0,Low,0,Low Risk - Low Activity
18510072,0.0,1,0,0.0,1.0,0.0,0.0,Low,0,Low Risk - Low Activity
18522702,0.0,1,0,0.0,1.0,0.0,0.0,Low,0,Low Risk - Low Activity
18523993,0.0,1,0,0.0,1.0,0.0,0.0,Low,0,Low Risk - Low Activity
18525488,0.0,1,0,0.0,1.0,0.0,0.0,Low,0,Low Risk - Low Activity
18531574,0.0,1,0,0.0,0.0,1.0,0.0,Low,0,Low Risk - Low Activity
18542168,0.0,1,0,0.0,1.0,0.0,0.0,Low,0,Low Risk - Low Activity
18542765,0.0,1,0,1.0,0.0,0.0,0.0,Low,1,Low Risk - Low Activity
18548206,0.0,1,0,0.0,0.0,1.0,0.0,Low,0,Low Risk - Low Activity
18553204,0.0,1,0,0.0,0.0,1.0,0.0,Low,0,Low Risk - Low Activity
18556541,0.0,1,0,0.0,1.0,0.0,0.0,Low,0,Low Risk - Low Activity
18557727,0.0,1,0,0.0,1.0,0.0,0.0,Low,0,Low Risk - Low Activity
18563141,0.0,1,0,0.0,0.0,1.0,0.0,Low,0,Low Risk - Low Activity
18563278,0.0,1,0,0.0,0.0,1.0,0.0,Low,0,Low Risk - Low Activity
18573702,0.0,1,0,0.0,1.0,0.0,0.0,Low,0,Low Risk - Low Activity
18575042,0.0,1,0,0.0,1.0,0.0,0.0,Low,0,Low Risk - Low Activity
18577694,0.0,1,0,0.0,0.0,1.0,0.0,Low,0,Low Risk - Low Activity
18581527,0.0,1,0,0.0,0.0,1.0,0.0,Low,0,Low Risk - Low Activity
18595193,0.0,1,0,0.0,0.0,1.0,0.0,Low,0,Low Risk - Low Activity
18596097,0.0,1,0,1.0,0.0,0.0,0.0,Low,1,Low Risk - Low Activity
18599774,0.0,1,0,0.0,0.0,1.0,0.0,Low,0,Low Risk - Low Activity
18601261,0.0,1,0,0.0,0.0,1.0,0.0,Low,0,Low Risk - Low Activity
18612042,0.0,1,0,0.0,0.0,1.0,0.0,Low,0,Low Risk - Low Activity
18642357,0.0,1,0,0.0,0.0,1.0,0.0,Low,0,Low Risk - Low Activity
18642753,0.0,1,0,0.0,0.0,1.0,0.0,Low,0,Low Risk - Low Activity
18651342,0.0,1,0,0.0,1.0,0.0,0.0,Low,0,Low Risk - Low Activity
18652190,0.0,1,0,0.0,1.0,0.0,0.0,Low,0,Low Risk - Low Activity
18654391,0.0,1,0,0.0,0.0,1.0,0.0,Low,0,Low Risk - Low Activity
18667989,0.0,1,0,0.0,1.0,0.0,0.0,Low,0,Low Risk - Low Activity
18676633,0.0,1,0,0.0,0.0,1.0,0.0,Low,0,Low Risk - Low Activity
18700821,0.0,1,0,0.0,1.0,0.0,0.0,Low,0,Low Risk - Low Activity
18707065,0.0,1,0,0.0,1.0,0.0,0.0,Low,0,Low Risk - Low Activity
18714455,0.0,1,0,0.0,1.0,0.0,0.0,Low,0,Low Risk - Low Activity
18720098,0.0,1,0,0.0,0.0,1.0,0.0,Low,0,Low Risk - Low Activity
18721451,0.0,1,0,0.0,0.0,1.0,0.0,Low,0,Low Risk - Low Activity
18725081,0.0,1,0,0.0,1.0,0.0,0.0,Low,0,Low Risk - Low Activity
18733225,0.0,1,0,0.0,1.0,0.0,0.0,Low,0,Low Risk - Low Activity
18740948,0.0,1,0,0.0,1.0,0.0,0.0,Low,0,Low Risk - Low Activity
18752676,0.0,1,0,0.0,1.0,0.0,0.0,Low,0,Low Risk - Low Activity
18778891,0.0,1,0,0.0,0.0,1.0,0.0,Low,0,Low Risk - Low Activity
18785554,0.0,1,0,0.0,0.0,1.0,0.0,Low,0,Low Risk - Low Activity
18796635,0.0,1,0,0.0,1.0,0.0,0.0,Low,0,Low Risk - Low Activity
18804998,0.0,1,0,0.0,0.0,1.0,0.0,Low,0,Low Risk - Low Activity
18805758,0.0,1,0,0.0,1.0,0.0,0.0,Low,0,Low Risk - Low Activity
18807913,0.0,1,0,0.0,0.0,1.0,0.0,Low,0,Low Risk - Low Activity
18843893,0.0,1,0,0.0,0.0,1.0,0.0,Low,0,Low Risk - Low Activity
18852766,0.0,1,0,0.0,1.0,0.0,0.0,Low,0,Low Risk - Low Activity
18857120,0.0,1,0,0.0,1.0,0.0,0.0,Low,0,Low Risk - Low Activity
18865862,0.0,1,0,0.0,0.0,1.0,0.0,Low,0,Low Risk - Low Activity
18865881,0.0,1,0,0.0,1.0,0.0,0.0,Low,0,Low Risk - Low Activity
18872293,0.0,1,0,0.0,0.0,1.0,0.0,Low,0,Low Risk - Low Activity
18876493,0.0,1,0,0.0,0.0,1.0,0.0,Low,0,Low Risk - Low Activity
18890414,0.0,1,0,0.0,1.0,0.0,0.0,Low,0,Low Risk - Low Activity
18917261,0.0,1,0,0.0,0.0,1.0,0.0,Low,0,Low Risk - Low Activity
18922964,0.0,1,0,0.0,0.0,1.0,0.0,Low,0,Low Risk - Low Activity
18931963,0.0,1,0,0.0,1.0,0.0,0.0,Low,0,Low Risk - Low Activity
18939540,0.0,1,0,0.0,0.0,1.0,0.0,Low,0,Low Risk - Low Activity
18943273,0.0,1,0,0.0,0.0,1.0,0.0,Low,0,Low Risk - Low Activity
18957584,0.0,1,0,0.0,1.0,0.0,0.0,Low,0,Low Risk - Low Activity
18983968,0.0,1,0,0.0,1.0,0.0,0.0,Low,0,Low Risk - Low Activity
18985665,0.0,1,0,0.0,1.0,0.0,0.0,Low,0,Low Risk - Low Activity
18998070,0.0,1,0,0.0,0.0,1.0,0.0,Low,0,Low Risk - Low Activity
19007556,0.0,1,0,0.0,0.0,1.0,0.0,Low,0,Low Risk - Low Activity
19008469,0.0,1,0,1.0,0.0,0.0,0.0,Low,1,Low Risk - Low Activity
19009332,0.0,1,0,0.0,1.0,0.0,0.0,Low,0,Low Risk - Low Activity
19011792,0.0,1,0,0.0,1.0,0.0,0.0,Low,0,Low Risk - Low Activity
19042429,0.0,1,0,1.0,0.0,0.0,0.0,Low,1,Low Risk - Low Activity
19047202,0.0,1,0,0.0,0.0,1.0,0.0,Low,0,Low Risk - Low Activity
19049526,0.0,1,0,0.0,0.0,1.0,0.0,Low,0,Low Risk - Low Activity
19055129,0.0,1,0,0.0,0.0,1.0,0.0,Low,0,Low Risk - Low Activity
19095993,0.0,1,0,0.0,1.0,0.0,0.0,Low,0,Low Risk - Low Activity
19112743,0.0,1,0,0.0,0.0,1.0,0.0,Low,0,Low Risk - Low Activity
19116918,0.0,1,0,0.0,1.0,0.0,0.0,Low,0,Low Risk - Low Activity
19119081,0.0,1,0,0.0,0.0,1.0,0.0,Low,0,Low Risk - Low Activity
19133808,0.0,1,0,0.0,1.0,0.0,0.0,Low,0,Low Risk - Low Activity
19138225,0.0,1,0,0.0,1.0,0.0,0.0,Low,0,Low Risk - Low Activity
19145696,0.0,1,0,0.0,1.0,0.0,0.0,Low,0,Low Risk - Low Activity
19149523,0.0,1,0,0.0,0.0,1.0,0.0,Low,0,Low Risk - Low Activity
19153151,0.0,1,0,0.0,1.0,0.0,0.0,Low,0,Low Risk - Low Activity
19163436,0.0,1,0,0.0,1.0,0.0,0.0,Low,0,Low Risk - Low Activity
19174278,0.0,1,0,0.0,1.0,0.0,0.0,Low,0,Low Risk - Low Activity
19175079,0.0,1,0,0.0,1.0,0.0,0.0,Low,0,Low Risk - Low Activity
19175556,0.0,1,0,0.0,1.0,0.0,0.0,Low,0,Low Risk - Low Activity
19187462,0.0,1,0,0.0,1.0,0.0,0.0,Low,0,Low Risk - Low Activity
19197115,0.0,1,0,0.0,1.0,0.0,0.0,Low,0,Low Risk - Low Activity
19207592,0.0,1,0,0.0,1.0,0.0,0.0,Low,0,Low Risk - Low Activity
19210968,0.0,1,0,0.0,1.0,0.0,0.0,Low,0,Low Risk - Low Activity
19222739,0.0,1,0,0.0,1.0,0.0,0.0,Low,0,Low Risk - Low Activity
19223449,0.0,1,0,0.0,0.0,1.0,0.0,Low,0,Low Risk - Low Activity
19242346,0.0,1,0,0.0,1.0,0.0,0.0,Low,0,Low Risk - Low Activity
19248207,0.0,1,0,0.0,1.0,0.0,0.0,Low,0,Low Risk - Low Activity
19254302,0.0,1,0,0.0,1.0,0.0,0.0,Low,0,Low Risk - Low Activity
19258091,0.0,1,0,0.0,1.0,0.0,0.0,Low,0,Low Risk - Low Activity
19261235,0.0,1,0,0.0,1.0,0.0,0.0,Low,0,Low Risk - Low Activity
19267963,0.0,1,0,0.0,0.0,1.0,0.0,Low,0,Low Risk - Low Activity
19274932,0.0,1,0,0.0,0.0,1.0,0.0,Low,0,Low Risk - Low Activity
19285908,0.0,1,0,0.0,1.0,0.0,0.0,Low,0,Low Risk - Low Activity
19289037,0.0,1,0,0.0,0.0,1.0,0.0,Low,0,Low Risk - Low Activity
19291761,0.0,1,0,0.0,0.0,1.0,0.0,Low,0,Low Risk - Low Activity
19322323,0.0,1,0,0.0,1.0,0.0,0.0,Low,0,Low Risk - Low Activity
19336055,0.0,1,0,0.0,0.0,1.0,0.0,Low,0,Low Risk - Low Activity
19346818,0.0,1,0,0.0,0.0,1.0,0.0,Low,0,Low Risk - Low Activity
19363285,0.0,1,0,0.0,0.0,1.0,0.0,Low,0,Low Risk - Low Activity
19370244,0.0,1,0,0.0,0.0,1.0,0.0,Low,0,Low Risk - Low Activity
19374389,0.0,1,0,0.0,0.0,1.0,0.0,Low,0,Low Risk - Low Activity
19374927,0.0,1,0,0.0,0.0,1.0,0.0,Low,0,Low Risk - Low Activity
19383274,0.0,1,0,0.0,1.0,0.0,0.0,Low,0,Low Risk - Low Activity
19392380,0.0,1,0,0.0,0.0,1.0,0.0,Low,0,Low Risk - Low Activity
19404715,0.0,1,0,0.0,1.0,0.0,0.0,Low,0,Low Risk - Low Activity
19406092,0.0,1,0,0.0,1.0,0.0,0.0,Low,0,Low Risk - Low Activity
19446588,0.0,1,0,0.0,0.0,1.0,0.0,Low,0,Low Risk - Low Activity
19449342,0.0,1,0,0.0,0.0,1.0,0.0,Low,0,Low Risk - Low Activity
19455627,0.0,1,0,0.0,0.0,1.0,0.0,Low,0,Low Risk - Low Activity
19461730,0.0,1,0,0.0,0.0,1.0,0.0,Low,0,Low Risk - Low Activity
19492402,0.0,1,0,0.0,1.0,0.0,0.0,Low,0,Low Risk - Low Activity
19506891,0.0,1,0,0.0,0.0,1.0,0.0,Low,0,Low Risk - Low Activity
19529259,0.0,1,0,0.0,0.0,1.0,0.0,Low,0,Low Risk - Low Activity
19532795,0.0,1,0,0.0,0.0,1.0,0.0,Low,0,Low Risk - Low Activity
19537544,0.0,1,0,0.0,1.0,0.0,0.0,Low,0,Low Risk - Low Activity
19553910,0.0,1,0,0.0,0.0,1.0,0.0,Low,0,Low Risk - Low Activity
19556254,0.0,1,0,0.0,0.0,1.0,0.0,Low,0,Low Risk - Low Activity
19571315,0.0,1,0,0.0,0.0,1.0,0.0,Low,0,Low Risk - Low Activity
19582440,0.0,1,0,0.0,1.0,0.0,0.0,Low,0,Low Risk - Low Activity
19589081,0.0,1,0,0.0,1.0,0.0,0.0,Low,0,Low Risk - Low Activity
19590950,0.0,1,0,0.0,0.0,1.0,0.0,Low,0,Low Risk - Low Activity
19594417,0.0,1,0,0.0,0.0,1.0,0.0,Low,0,Low Risk - Low Activity
19598634,0.0,1,0,0.0,1.0,0.0,0.0,Low,0,Low Risk - Low Activity
19616522,0.0,1,0,0.0,0.0,1.0,0.0,Low,0,Low Risk - Low Activity
19622107,0.0,1,0,0.0,0.0,1.0,0.0,Low,0,Low Risk - Low Activity
19629392,0.0,1,0,0.0,0.0,1.0,0.0,Low,0,Low Risk - Low Activity
19635763,0.0,1,0,0.0,1.0,0.0,0.0,Low,0,Low Risk - Low Activity
19639200,0.0,1,0,0.0,1.0,0.0,0.0,Low,0,Low Risk - Low Activity
19640119,0.0,1,0,0.0,0.0,1.0,0.0,Low,0,Low Risk - Low Activity
19644090,0.0,1,0,0.0,0.0,1.0,0.0,Low,0,Low Risk - Low Activity
19654374,0.0,1,0,0.0,0.0,1.0,0.0,Low,0,Low Risk - Low Activity
19673472,0.0,1,0,0.0,1.0,0.0,0.0,Low,0,Low Risk - Low Activity
19679349,0.0,1,0,0.0,1.0,0.0,0.0,Low,0,Low Risk - Low Activity
19685782,0.0,1,0,0.0,1.0,0.0,0.0,Low,0,Low Risk - Low Activity
19709301,0.0,1,0,0.0,0.0,1.0,0.0,Low,0,Low Risk - Low Activity
19715741,0.0,1,0,0.0,0.0,1.0,0.0,Low,0,Low Risk - Low Activity
19725160,0.0,1,0,0.0,0.0,1.0,0.0,Low,0,Low Risk - Low Activity
19736782,0.0,1,0,0.0,0.0,1.0,0.0,Low,0,Low Risk - Low Activity
19739103,0.0,1,0,0.0,0.0,1.0,0.0,Low,0,Low Risk - Low Activity
19739305,0.0,1,0,0.0,1.0,0.0,0.0,Low,0,Low Risk - Low Activity
19739309,0.0,1,0,0.0,0.0,1.0,0.0,Low,0,Low Risk - Low Activity
19739412,0.0,1,0,0.0,1.0,0.0,0.0,Low,0,Low Risk - Low Activity
19741520,0.0,1,0,0.0,0.0,1.0,0.0,Low,0,Low Risk - Low Activity
19778261,0.0,1,0,0.0,0.0,1.0,0.0,Low,0,Low Risk - Low Activity
19807675,0.0,1,0,0.0,0.0,1.0,0.0,Low,0,Low Risk - Low Activity
19833945,0.0,1,0,0.0,0.0,1.0,0.0,Low,0,Low Risk - Low Activity
19838252,0.0,1,0,0.0,0.0,1.0,0.0,Low,0,Low Risk - Low Activity
19876260,0.0,1,0,0.0,1.0,0.0,0.0,Low,0,Low Risk - Low Activity
19876491,0.0,1,0,0.0,0.0,1.0,0.0,Low,0,Low Risk - Low Activity
19879404,0.0,1,0,0.0,0.0,1.0,0.0,Low,0,Low Risk - Low Activity
19882219,0.0,1,0,0.0,0.0,1.0,0.0,Low,0,Low Risk - Low Activity
19890540,0.0,1,0,0.0,0.0,1.0,0.0,Low,0,Low Risk - Low Activity
19891589,0.0,1,0,0.0,1.0,0.0,0.0,Low,0,Low Risk - Low Activity
19909309,0.0,1,0,0.0,1.0,0.0,0.0,Low,0,Low Risk - Low Activity
19922375,0.0,1,0,0.0,0.0,1.0,0.0,Low,0,Low Risk - Low Activity
19924993,0.0,1,0,0.0,1.0,0.0,0.0,Low,0,Low Risk - Low Activity
19929722,0.0,1,0,0.0,0.0,1.0,0.0,Low,0,Low Risk - Low Activity
19937943,0.0,1,0,0.0,0.0,1.0,0.0,Low,0,Low Risk - Low Activity
19948476,0.0,1,0,0.0,0.0,1.0,0.0,Low,0,Low Risk - Low Activity
19953593,0.0,1,0,0.0,0.0,1.0,0.0,Low,0,Low Risk - Low Activity
19954612,0.0,1,0,0.0,1.0,0.0,0.0,Low,0,Low Risk - Low Activity
19962811,0.0,1,0,0.0,0.0,1.0,0.0,Low,0,Low Risk - Low Activity
19966157,0.0,1,0,0.0,0.0,1.0,0.0,Low,0,Low Risk - Low Activity
19968032,0.0,1,0,0.0,1.0,0.0,0.0,Low,0,Low Risk - Low Activity
19998986,0.0,1,0,0.0,0.0,1.0,0.0,Low,0,Low Risk - Low Activity
20028835,0.0,1,0,0.0,0.0,1.0,0.0,Low,0,Low Risk - Low Activity
20029394,0.0,1,0,0.0,1.0,0.0,0.0,Low,0,Low Risk - Low Activity
20050713,0.0,1,0,0.0,1.0,0.0,0.0,Low,0,Low Risk - Low Activity
20053498,0.0,1,0,0.0,0.0,1.0,0.0,Low,0,Low Risk - Low Activity
20054720,0.0,1,0,0.0,0.0,1.0,0.0,Low,0,Low Risk - Low Activity
20064641,0.0,1,0,0.0,0.0,1.0,0.0,Low,0,Low Risk - Low Activity
20068466,0.0,1,0,0.0,1.0,0.0,0.0,Low,0,Low Risk - Low Activity
20071264,0.0,1,0,0.0,1.0,0.0,0.0,Low,0,Low Risk - Low Activity
20075703,0.0,1,0,0.0,1.0,0.0,0.0,Low,0,Low Risk - Low Activity
20092096,0.0,1,0,0.0,0.0,1.0,0.0,Low,0,Low Risk - Low Activity
20095854,0.0,1,0,0.0,0.0,1.0,0.0,Low,0,Low Risk - Low Activity
20104522,0.0,1,0,0.0,0.0,1.0,0.0,Low,0,Low Risk - Low Activity
20113997,0.0,1,0,0.0,1.0,0.0,0.0,Low,0,Low Risk - Low Activity
20152613,0.0,1,0,0.0,1.0,0.0,0.0,Low,0,Low Risk - Low Activity
20158478,0.0,1,0,0.0,0.0,1.0,0.0,Low,0,Low Risk - Low Activity
20171842,0.0,1,0,0.0,0.0,1.0,0.0,Low,0,Low Risk - Low Activity
20186314,0.0,1,0,0.0,0.0,1.0,0.0,Low,0,Low Risk - Low Activity
20186718,0.0,1,0,0.0,0.0,1.0,0.0,Low,0,Low Risk - Low Activity
20194038,0.0,1,0,0.0,1.0,0.0,0.0,Low,0,Low Risk - Low Activity
20205583,0.0,1,0,0.0,0.0,1.0,0.0,Low,0,Low Risk - Low Activity
20240469,0.0,1,0,0.0,1.0,0.0,0.0,Low,0,Low Risk - Low Activity
20250667,0.0,1,0,0.0,0.0,1.0,0.0,Low,0,Low Risk - Low Activity
20252152,0.0,1,0,0.0,0.0,1.0,0.0,Low,0,Low Risk - Low Activity
20262805,0.0,1,0,0.0,0.0,1.0,0.0,Low,0,Low Risk - Low Activity
20270879,0.0,1,0,0.0,0.0,1.0,0.0,Low,0,Low Risk - Low Activity
20279459,0.0,1,0,0.0,1.0,0.0,0.0,Low,0,Low Risk - Low Activity
20282023,0.0,1,0,0.0,1.0,0.0,0.0,Low,0,Low Risk - Low Activity
20286624,0.0,1,0,0.0,0.0,1.0,0.0,Low,0,Low Risk - Low Activity
20290257,0.0,1,0,0.0,1.0,0.0,0.0,Low,0,Low Risk - Low Activity
20292012,0.0,1,0,0.0,0.0,1.0,0.0,Low,0,Low Risk - Low Activity
20308482,0.0,1,0,0.0,0.0,1.0,0.0,Low,0,Low Risk - Low Activity
20312626,0.0,1,0,0.0,0.0,1.0,0.0,Low,0,Low Risk - Low Activity
20333400,0.0,1,0,0.0,0.0,1.0,0.0,Low,0,Low Risk - Low Activity
20339656,0.0,1,0,0.0,0.0,1.0,0.0,Low,0,Low Risk - Low Activity
20342726,0.0,1,0,0.0,0.0,1.0,0.0,Low,0,Low Risk - Low Activity
20345155,0.0,1,0,0.0,0.0,1.0,0.0,Low,0,Low Risk - Low Activity
20346659,0.0,1,0,0.0,1.0,0.0,0.0,Low,0,Low Risk - Low Activity
20366007,0.0,1,0,0.0,0.0,1.0,0.0,Low,0,Low Risk - Low Activity
20369381,0.0,1,0,0.0,0.0,1.0,0.0,Low,0,Low Risk - Low Activity
20370773,0.0,1,0,0.0,0.0,1.0,0.0,Low,0,Low Risk - Low Activity
20383089,0.0,1,0,0.0,0.0,1.0,0.0,Low,0,Low Risk - Low Activity
20384610,0.0,1,0,0.0,0.0,1.0,0.0,Low,0,Low Risk - Low Activity
20385565,0.0,1,0,0.0,1.0,0.0,0.0,Low,0,Low Risk - Low Activity
20398672,0.0,1,0,0.0,0.0,1.0,0.0,Low,0,Low Risk - Low Activity
20401593,0.0,1,0,0.0,0.0,1.0,0.0,Low,0,Low Risk - Low Activity
20409964,0.0,1,0,0.0,0.0,1.0,0.0,Low,0,Low Risk - Low Activity
20414155,0.0,1,0,0.0,0.0,1.0,0.0,Low,0,Low Risk - Low Activity
20440438,0.0,1,0,0.0,0.0,1.0,0.0,Low,0,Low Risk - Low Activity
20440985,0.0,1,0,0.0,0.0,1.0,0.0,Low,0,Low Risk - Low Activity
20464082,0.0,1,0,0.0,0.0,1.0,0.0,Low,0,Low Risk - Low Activity
20525222,0.0,1,0,0.0,1.0,0.0,0.0,Low,0,Low Risk - Low Activity
20535055,0.0,1,0,0.0,0.0,1.0,0.0,Low,0,Low Risk - Low Activity
20535356,0.0,1,0,0.0,0.0,1.0,0.0,Low,0,Low Risk - Low Activity
20536063,0.0,1,0,0.0,1.0,0.0,0.0,Low,0,Low Risk - Low Activity
20537205,0.0,1,0,0.0,0.0,1.0,0.0,Low,0,Low Risk - Low Activity
20552472,0.0,1,0,0.0,0.0,1.0,0.0,Low,0,Low Risk - Low Activity
20557500,0.0,1,0,0.0,0.0,1.0,0.0,Low,0,Low Risk - Low Activity
20563373,0.0,1,0,0.0,1.0,0.0,0.0,Low,0,Low Risk - Low Activity
20570133,0.0,1,0,0.0,0.0,1.0,0.0,Low,0,Low Risk - Low Activity
20571098,0.0,1,0,0.0,0.0,1.0,0.0,Low,0,Low Risk - Low Activity
20573794,0.0,1,0,0.0,0.0,1.0,0.0,Low,0,Low Risk - Low Activity
20583605,0.0,1,0,0.0,0.0,1.0,0.0,Low,0,Low Risk - Low Activity
20598692,0.0,1,0,0.0,0.0,1.0,0.0,Low,0,Low Risk - Low Activity
20605034,0.0,1,0,0.0,1.0,0.0,0.0,Low,0,Low Risk - Low Activity
20618479,0.0,1,0,0.0,0.0,1.0,0.0,Low,0,Low Risk - Low Activity
20620418,0.0,1,0,0.0,0.0,1.0,0.0,Low,0,Low Risk - Low Activity
20624359,0.0,1,0,0.0,0.0,1.0,0.0,Low,0,Low Risk - Low Activity
20630553,0.0,1,0,0.0,0.0,1.0,0.0,Low,0,Low Risk - Low Activity
20635251,0.0,1,0,0.0,1.0,0.0,0.0,Low,0,Low Risk - Low Activity
20639018,0.0,1,0,0.0,0.0,1.0,0.0,Low,0,Low Risk - Low Activity
20651115,0.0,1,0,0.0,0.0,1.0,0.0,Low,0,Low Risk - Low Activity
20652189,0.0,1,0,0.0,1.0,0.0,0.0,Low,0,Low Risk - Low Activity
20681109,0.0,1,0,0.0,1.0,0.0,0.0,Low,0,Low Risk - Low Activity
20682536,0.0,1,0,0.0,0.0,1.0,0.0,Low,0,Low Risk - Low Activity
20682975,0.0,1,0,0.0,0.0,1.0,0.0,Low,0,Low Risk - Low Activity
20688124,0.0,1,0,0.0,0.0,1.0,0.0,Low,0,Low Risk - Low Activity
20690139,0.0,1,0,0.0,1.0,0.0,0.0,Low,0,Low Risk - Low Activity
20699087,0.0,1,0,0.0,0.0,1.0,0.0,Low,0,Low Risk - Low Activity
20714514,0.0,1,0,0.0,1.0,0.0,0.0,Low,0,Low Risk - Low Activity
20730908,0.0,1,0,0.0,0.0,1.0,0.0,Low,0,Low Risk - Low Activity
20757858,0.0,1,0,0.0,1.0,0.0,0.0,Low,0,Low Risk - Low Activity
20768359,0.0,1,0,0.0,0.0,1.0,0.0,Low,0,Low Risk - Low Activity
20791091,0.0,1,0,0.0,0.0,1.0,0.0,Low,0,Low Risk - Low Activity
20791130,0.0,1,0,1.0,0.0,0.0,0.0,Low,1,Low Risk - Low Activity
20799611,0.0,1,0,0.0,1.0,0.0,0.0,Low,0,Low Risk - Low Activity
20803569,0.0,1,0,0.0,1.0,0.0,0.0,Low,0,Low Risk - Low Activity
20813811,0.0,1,0,0.0,0.0,1.0,0.0,Low,0,Low Risk - Low Activity
20834327,0.0,1,0,0.0,1.0,0.0,0.0,Low,0,Low Risk - Low Activity
20839033,0.0,1,0,0.0,0.0,1.0,0.0,Low,0,Low Risk - Low Activity
20840687,0.0,1,0,0.0,1.0,0.0,0.0,Low,0,Low Risk - Low Activity
20842425,0.0,1,0,0.0,0.0,1.0,0.0,Low,0,Low Risk - Low Activity
20865368,0.0,1,0,0.0,1.0,0.0,0.0,Low,0,Low Risk - Low Activity
20865599,0.0,1,0,0.0,0.0,1.0,0.0,Low,0,Low Risk - Low Activity
20868064,0.0,1,0,0.0,0.0,1.0,0.0,Low,0,Low Risk - Low Activity
20869399,0.0,1,0,0.0,1.0,0.0,0.0,Low,0,Low Risk - Low Activity
20889503,0.0,1,0,0.0,0.0,1.0,0.0,Low,0,Low Risk - Low Activity
20893364,0.0,1,0,0.0,0.0,1.0,0.0,Low,0,Low Risk - Low Activity
20894555,0.0,1,0,0.0,1.0,0.0,0.0,Low,0,Low Risk - Low Activity
20896600,0.0,1,0,0.0,1.0,0.0,0.0,Low,0,Low Risk - Low Activity
20897183,0.0,1,0,0.0,0.0,1.0,0.0,Low,0,Low Risk - Low Activity
20897295,0.0,1,0,0.0,0.0,1.0,0.0,Low,0,Low Risk - Low Activity
20901660,0.0,1,0,0.0,0.0,1.0,0.0,Low,0,Low Risk - Low Activity
20914857,0.0,1,0,0.0,0.0,1.0,0.0,Low,0,Low Risk - Low Activity
20915602,0.0,1,0,0.0,1.0,0.0,0.0,Low,0,Low Risk - Low Activity
20945696,0.0,1,0,0.0,1.0,0.0,0.0,Low,0,Low Risk - Low Activity
20953303,0.0,1,0,0.0,0.0,1.0,0.0,Low,0,Low Risk - Low Activity
20963475,0.0,1,0,0.0,0.0,1.0,0.0,Low,0,Low Risk - Low Activity
20966903,0.0,1,0,0.0,1.0,0.0,0.0,Low,0,Low Risk - Low Activity
20981701,0.0,1,0,0.0,0.0,1.0,0.0,Low,0,Low Risk - Low Activity
20997604,0.0,1,0,0.0,0.0,1.0,0.0,Low,0,Low Risk - Low Activity
20998888,0.0,1,0,0.0,0.0,1.0,0.0,Low,0,Low Risk - Low Activity
21003230,0.0,1,0,0.0,1.0,0.0,0.0,Low,0,Low Risk - Low Activity
21008431,0.0,1,0,0.0,1.0,0.0,0.0,Low,0,Low Risk - Low Activity
21017317,0.0,1,0,0.0,1.0,0.0,0.0,Low,0,Low Risk - Low Activity
21028808,0.0,1,0,0.0,1.0,0.0,0.0,Low,0,Low Risk - Low Activity
21029413,0.0,1,0,0.0,0.0,1.0,0.0,Low,0,Low Risk - Low Activity
21030962,0.0,1,0,0.0,0.0,1.0,0.0,Low,0,Low Risk - Low Activity
21039293,0.0,1,0,0.0,1.0,0.0,0.0,Low,0,Low Risk - Low Activity
21039517,0.0,1,0,0.0,0.0,1.0,0.0,Low,0,Low Risk - Low Activity
21053751,0.0,1,0,0.0,1.0,0.0,0.0,Low,0,Low Risk - Low Activity
21055024,0.0,1,0,0.0,0.0,1.0,0.0,Low,0,Low Risk - Low Activity
21066278,0.0,1,0,0.0,1.0,0.0,0.0,Low,0,Low Risk - Low Activity
21067845,0.0,1,0,0.0,0.0,1.0,0.0,Low,0,Low Risk - Low Activity
21076832,0.0,1,0,0.0,1.0,0.0,0.0,Low,0,Low Risk - Low Activity
21087009,0.0,1,0,0.0,0.0,1.0,0.0,Low,0,Low Risk - Low Activity
21109285,0.0,1,0,0.0,1.0,0.0,0.0,Low,0,Low Risk - Low Activity
21112508,0.0,1,0,0.0,1.0,0.0,0.0,Low,0,Low Risk - Low Activity
21118219,0.0,1,0,0.0,0.0,1.0,0.0,Low,0,Low Risk - Low Activity
21123839,0.0,1,0,0.0,0.0,1.0,0.0,Low,0,Low Risk - Low Activity
21133265,0.0,1,0,0.0,0.0,1.0,0.0,Low,0,Low Risk - Low Activity
21136877,0.0,1,0,0.0,1.0,0.0,0.0,Low,0,Low Risk - Low Activity
21139002,0.0,1,0,0.0,0.0,1.0,0.0,Low,0,Low Risk - Low Activity
21146541,0.0,1,0,0.0,0.0,1.0,0.0,Low,0,Low Risk - Low Activity
21154562,0.0,1,0,0.0,0.0,1.0,0.0,Low,0,Low Risk - Low Activity
21183901,0.0,1,0,0.0,0.0,1.0,0.0,Low,0,Low Risk - Low Activity
21193428,0.0,1,0,0.0,1.0,0.0,0.0,Low,0,Low Risk - Low Activity
21195439,0.0,1,0,0.0,0.0,1.0,0.0,Low,0,Low Risk - Low Activity
21225928,0.0,1,0,0.0,1.0,0.0,0.0,Low,0,Low Risk - Low Activity
21233103,0.0,1,0,0.0,1.0,0.0,0.0,Low,0,Low Risk - Low Activity
21234150,0.0,1,0,0.0,1.0,0.0,0.0,Low,0,Low Risk - Low Activity
21235945,0.0,1,0,0.0,0.0,1.0,0.0,Low,0,Low Risk - Low Activity
21236005,0.0,1,0,0.0,0.0,1.0,0.0,Low,0,Low Risk - Low Activity
21250366,0.0,1,0,0.0,0.0,1.0,0.0,Low,0,Low Risk - Low Activity
21250977,0.0,1,0,0.0,0.0,1.0,0.0,Low,0,Low Risk - Low Activity
21258344,0.0,1,0,0.0,0.0,1.0,0.0,Low,0,Low Risk - Low Activity
21269532,0.0,1,0,0.0,1.0,0.0,0.0,Low,0,Low Risk - Low Activity
21298076,0.0,1,0,0.0,0.0,1.0,0.0,Low,0,Low Risk - Low Activity
21311439,0.0,1,0,0.0,1.0,0.0,0.0,Low,0,Low Risk - Low Activity
21311805,0.0,1,0,0.0,1.0,0.0,0.0,Low,0,Low Risk - Low Activity
21326150,0.0,1,0,0.0,0.0,1.0,0.0,Low,0,Low Risk - Low Activity
21339934,0.0,1,0,0.0,0.0,1.0,0.0,Low,0,Low Risk - Low Activity
21358535,0.0,1,0,0.0,0.0,1.0,0.0,Low,0,Low Risk - Low Activity
21376996,0.0,1,0,0.0,0.0,1.0,0.0,Low,0,Low Risk - Low Activity
21388773,0.0,1,0,0.0,0.0,1.0,0.0,Low,0,Low Risk - Low Activity
21416472,0.0,1,0,0.0,1.0,0.0,0.0,Low,0,Low Risk - Low Activity
21428266,0.0,1,0,0.0,0.0,1.0,0.0,Low,0,Low Risk - Low Activity
21428938,0.0,1,0,0.0,1.0,0.0,0.0,Low,0,Low Risk - Low Activity
21431340,0.0,1,0,0.0,1.0,0.0,0.0,Low,0,Low Risk - Low Activity
21498248,0.0,1,0,0.0,0.0,1.0,0.0,Low,0,Low Risk - Low Activity
21511113,0.0,1,0,0.0,0.0,1.0,0.0,Low,0,Low Risk - Low Activity
21513575,0.0,1,0,0.0,1.0,0.0,0.0,Low,0,Low Risk - Low Activity
21520428,0.0,1,0,0.0,0.0,1.0,0.0,Low,0,Low Risk - Low Activity
21526505,0.0,1,0,0.0,0.0,1.0,0.0,Low,0,Low Risk - Low Activity
21539510,0.0,1,0,0.0,1.0,0.0,0.0,Low,0,Low Risk - Low Activity
21553299,0.0,1,0,0.0,0.0,1.0,0.0,Low,0,Low Risk - Low Activity
21559959,0.0,1,0,0.0,1.0,0.0,0.0,Low,0,Low Risk - Low Activity
21576390,0.0,1,0,0.0,0.0,1.0,0.0,Low,0,Low Risk - Low Activity
21582880,0.0,1,0,0.0,0.0,1.0,0.0,Low,0,Low Risk - Low Activity
21589956,0.0,1,0,0.0,0.0,1.0,0.0,Low,0,Low Risk - Low Activity
21599723,0.0,1,0,0.0,0.0,1.0,0.0,Low,0,Low Risk - Low Activity
21611170,0.0,1,0,0.0,0.0,1.0,0.0,Low,0,Low Risk - Low Activity
21611568,0.0,1,0,0.0,0.0,1.0,0.0,Low,0,Low Risk - Low Activity
21623996,0.0,1,0,0.0,0.0,1.0,0.0,Low,0,Low Risk - Low Activity
21652437,0.0,1,0,0.0,0.0,1.0,0.0,Low,0,Low Risk - Low Activity
21653044,0.0,1,0,0.0,0.0,1.0,0.0,Low,0,Low Risk - Low Activity
21661469,0.0,1,0,0.0,0.0,1.0,0.0,Low,0,Low Risk - Low Activity
21661481,0.0,1,0,0.0,0.0,1.0,0.0,Low,0,Low Risk - Low Activity
21663112,0.0,1,0,0.0,1.0,0.0,0.0,Low,0,Low Risk - Low Activity
21684913,0.0,1,0,0.0,1.0,0.0,0.0,Low,0,Low Risk - Low Activity
21692110,0.0,1,0,0.0,1.0,0.0,0.0,Low,0,Low Risk - Low Activity
21696946,0.0,1,0,0.0,0.0,1.0,0.0,Low,0,Low Risk - Low Activity
21697547,0.0,1,0,0.0,0.0,1.0,0.0,Low,0,Low Risk - Low Activity
21708943,0.0,1,0,0.0,1.0,0.0,0.0,Low,0,Low Risk - Low Activity
21709643,0.0,1,0,0.0,1.0,0.0,0.0,Low,0,Low Risk - Low Activity
21714563,0.0,1,0,0.0,0.0,1.0,0.0,Low,0,Low Risk - Low Activity
21725518,0.0,1,0,0.0,0.0,1.0,0.0,Low,0,Low Risk - Low Activity
21732022,0.0,1,0,0.0,1.0,0.0,0.0,Low,0,Low Risk - Low Activity
21754514,0.0,1,0,0.0,0.0,1.0,0.0,Low,0,Low Risk - Low Activity
21757822,0.0,1,0,0.0,1.0,0.0,0.0,Low,0,Low Risk - Low Activity
21759549,0.0,1,0,0.0,0.0,1.0,0.0,Low,0,Low Risk - Low Activity
21771892,0.0,1,0,0.0,0.0,1.0,0.0,Low,0,Low Risk - Low Activity
21791075,0.0,1,0,0.0,1.0,0.0,0.0,Low,0,Low Risk - Low Activity
21796959,0.0,1,0,0.0,1.0,0.0,0.0,Low,0,Low Risk - Low Activity
21809125,0.0,1,0,0.0,0.0,1.0,0.0,Low,0,Low Risk - Low Activity
21817927,0.0,1,0,0.0,1.0,0.0,0.0,Low,0,Low Risk - Low Activity
21824702,0.0,1,0,0.0,0.0,1.0,0.0,Low,0,Low Risk - Low Activity
21827184,0.0,1,0,0.0,0.0,1.0,0.0,Low,0,Low Risk - Low Activity
21850594,0.0,1,0,0.0,1.0,0.0,0.0,Low,0,Low Risk - Low Activity
21856589,0.0,1,0,0.0,1.0,0.0,0.0,Low,0,Low Risk - Low Activity
21878254,0.0,1,0,0.0,0.0,1.0,0.0,Low,0,Low Risk - Low Activity
21887746,0.0,1,0,0.0,1.0,0.0,0.0,Low,0,Low Risk - Low Activity
21897510,0.0,1,0,0.0,0.0,1.0,0.0,Low,0,Low Risk - Low Activity
21899923,0.0,1,0,0.0,1.0,0.0,0.0,Low,0,Low Risk - Low Activity
21900969,0.0,1,0,0.0,0.0,1.0,0.0,Low,0,Low Risk - Low Activity
21913169,0.0,1,0,0.0,1.0,0.0,0.0,Low,0,Low Risk - Low Activity
21915954,0.0,1,0,0.0,0.0,1.0,0.0,Low,0,Low Risk - Low Activity
21923513,0.0,1,0,0.0,0.0,1.0,0.0,Low,0,Low Risk - Low Activity
21934898,0.0,1,0,0.0,0.0,1.0,0.0,Low,0,Low Risk - Low Activity
21944535,0.0,1,0,0.0,1.0,0.0,0.0,Low,0,Low Risk - Low Activity
21945497,0.0,1,0,0.0,0.0,1.0,0.0,Low,0,Low Risk - Low Activity
21946024,0.0,1,0,0.0,0.0,1.0,0.0,Low,0,Low Risk - Low Activity
21960877,0.0,1,0,0.0,1.0,0.0,0.0,Low,0,Low Risk - Low Activity
21972353,0.0,1,0,0.0,0.0,1.0,0.0,Low,0,Low Risk - Low Activity
21980441,0.0,1,0,0.0,1.0,0.0,0.0,Low,0,Low Risk - Low Activity
21980545,0.0,1,0,0.0,1.0,0.0,0.0,Low,0,Low Risk - Low Activity
21997948,0.0,1,0,0.0,0.0,1.0,0.0,Low,0,Low Risk - Low Activity
22004692,0.0,1,0,0.0,0.0,1.0,0.0,Low,0,Low Risk - Low Activity
22006304,0.0,1,0,0.0,0.0,1.0,0.0,Low,0,Low Risk - Low Activity
22009989,0.0,1,0,0.0,1.0,0.0,0.0,Low,0,Low Risk - Low Activity
22020901,0.0,1,0,0.0,1.0,0.0,0.0,Low,0,Low Risk - Low Activity
22033562,0.0,1,0,0.0,0.0,1.0,0.0,Low,0,Low Risk - Low Activity
22063426,0.0,1,0,0.0,0.0,1.0,0.0,Low,0,Low Risk - Low Activity
22063751,0.0,1,0,0.0,0.0,1.0,0.0,Low,0,Low Risk - Low Activity
22066894,0.0,1,0,0.0,0.0,1.0,0.0,Low,0,Low Risk - Low Activity
22069800,0.0,1,0,0.0,0.0,1.0,0.0,Low,0,Low Risk - Low Activity
22070155,0.0,1,0,0.0,0.0,1.0,0.0,Low,0,Low Risk - Low Activity
22072391,0.0,1,0,0.0,1.0,0.0,0.0,Low,0,Low Risk - Low Activity
22099415,0.0,1,0,0.0,1.0,0.0,0.0,Low,0,Low Risk - Low Activity
22102130,0.0,1,0,0.0,0.0,1.0,0.0,Low,0,Low Risk - Low Activity
22105103,0.0,1,0,0.0,1.0,0.0,0.0,Low,0,Low Risk - Low Activity
22122942,0.0,1,0,0.0,1.0,0.0,0.0,Low,0,Low Risk - Low Activity
22128337,0.0,1,0,0.0,1.0,0.0,0.0,Low,0,Low Risk - Low Activity
22133668,0.0,1,0,0.0,1.0,0.0,0.0,Low,0,Low Risk - Low Activity
22141513,0.0,1,0,0.0,0.0,1.0,0.0,Low,0,Low Risk - Low Activity
22142232,0.0,1,0,0.0,1.0,0.0,0.0,Low,0,Low Risk - Low Activity
22152598,0.0,1,0,0.0,0.0,1.0,0.0,Low,0,Low Risk - Low Activity
22157007,0.0,1,0,0.0,0.0,1.0,0.0,Low,0,Low Risk - Low Activity
22172076,0.0,1,0,0.0,0.0,1.0,0.0,Low,0,Low Risk - Low Activity
22180448,0.0,1,0,0.0,0.0,1.0,0.0,Low,0,Low Risk - Low Activity
22216377,0.0,1,0,0.0,0.0,1.0,0.0,Low,0,Low Risk - Low Activity
22239528,0.0,1,0,0.0,0.0,1.0,0.0,Low,0,Low Risk - Low Activity
22239533,0.0,1,0,0.0,1.0,0.0,0.0,Low,0,Low Risk - Low Activity
22249814,0.0,1,0,0.0,1.0,0.0,0.0,Low,0,Low Risk - Low Activity
22257927,0.0,1,0,0.0,1.0,0.0,0.0,Low,0,Low Risk - Low Activity
22258673,0.0,1,0,0.0,0.0,1.0,0.0,Low,0,Low Risk - Low Activity
22264924,0.0,1,0,0.0,0.0,1.0,0.0,Low,0,Low Risk - Low Activity
22273182,0.0,1,0,0.0,1.0,0.0,0.0,Low,0,Low Risk - Low Activity
22273435,0.0,1,0,0.0,1.0,0.0,0.0,Low,0,Low Risk - Low Activity
22282607,0.0,1,0,0.0,1.0,0.0,0.0,Low,0,Low Risk - Low Activity
22285605,0.0,1,0,0.0,1.0,0.0,0.0,Low,0,Low Risk - Low Activity
22286819,0.0,1,0,0.0,0.0,1.0,0.0,Low,0,Low Risk - Low Activity
22288175,0.0,1,0,0.0,0.0,1.0,0.0,Low,0,Low Risk - Low Activity
22288389,0.0,1,0,0.0,1.0,0.0,0.0,Low,0,Low Risk - Low Activity
22309080,0.0,1,0,0.0,1.0,0.0,0.0,Low,0,Low Risk - Low Activity
22317392,0.0,1,0,0.0,1.0,0.0,0.0,Low,0,Low Risk - Low Activity
22323198,0.0,1,0,0.0,1.0,0.0,0.0,Low,0,Low Risk - Low Activity
22339269,0.0,1,0,0.0,1.0,0.0,0.0,Low,0,Low Risk - Low Activity
22344291,0.0,1,0,0.0,0.0,1.0,0.0,Low,0,Low Risk - Low Activity
22344350,0.0,1,0,0.0,0.0,1.0,0.0,Low,0,Low Risk - Low Activity
22355651,0.0,1,0,0.0,0.0,1.0,0.0,Low,0,Low Risk - Low Activity
22358548,0.0,1,0,0.0,0.0,1.0,0.0,Low,0,Low Risk - Low Activity
22359558,0.0,1,0,0.0,1.0,0.0,0.0,Low,0,Low Risk - Low Activity
22386274,0.0,1,0,0.0,0.0,1.0,0.0,Low,0,Low Risk - Low Activity
22388071,0.0,1,0,0.0,0.0,1.0,0.0,Low,0,Low Risk - Low Activity
22421842,0.0,1,0,0.0,1.0,0.0,0.0,Low,0,Low Risk - Low Activity
22440022,0.0,1,0,0.0,0.0,1.0,0.0,Low,0,Low Risk - Low Activity
22441230,0.0,1,0,0.0,0.0,1.0,0.0,Low,0,Low Risk - Low Activity
22445002,0.0,1,0,0.0,0.0,1.0,0.0,Low,0,Low Risk - Low Activity
22456879,0.0,1,0,0.0,0.0,1.0,0.0,Low,0,Low Risk - Low Activity
22467259,0.0,1,0,0.0,0.0,1.0,0.0,Low,0,Low Risk - Low Activity
22480259,0.0,1,0,0.0,1.0,0.0,0.0,Low,0,Low Risk - Low Activity
22492617,0.0,1,0,0.0,1.0,0.0,0.0,Low,0,Low Risk - Low Activity
22497308,0.0,1,0,0.0,0.0,1.0,0.0,Low,0,Low Risk - Low Activity
22499549,0.0,1,0,0.0,0.0,1.0,0.0,Low,0,Low Risk - Low Activity
22501839,0.0,1,0,0.0,0.0,1.0,0.0,Low,0,Low Risk - Low Activity
22514955,0.0,1,0,0.0,0.0,1.0,0.0,Low,0,Low Risk - Low Activity
22525559,0.0,1,0,0.0,1.0,0.0,0.0,Low,0,Low Risk - Low Activity
22530157,0.0,1,0,0.0,0.0,1.0,0.0,Low,0,Low Risk - Low Activity
22541414,0.0,1,0,0.0,0.0,1.0,0.0,Low,0,Low Risk - Low Activity
22542279,0.0,1,0,0.0,0.0,1.0,0.0,Low,0,Low Risk - Low Activity
22542638,0.0,1,0,0.0,0.0,1.0,0.0,Low,0,Low Risk - Low Activity
22547546,0.0,1,0,0.0,0.0,1.0,0.0,Low,0,Low Risk - Low Activity
22558141,0.0,1,0,0.0,0.0,1.0,0.0,Low,0,Low Risk - Low Activity
22562066,0.0,1,0,0.0,0.0,1.0,0.0,Low,0,Low Risk - Low Activity
22569545,0.0,1,0,0.0,0.0,1.0,0.0,Low,0,Low Risk - Low Activity
22574385,0.0,1,0,0.0,1.0,0.0,0.0,Low,0,Low Risk - Low Activity
22585990,0.0,1,0,0.0,0.0,1.0,0.0,Low,0,Low Risk - Low Activity
22592346,0.0,1,0,0.0,0.0,1.0,0.0,Low,0,Low Risk - Low Activity
22609052,0.0,1,0,0.0,0.0,1.0,0.0,Low,0,Low Risk - Low Activity
22617198,0.0,1,0,0.0,0.0,1.0,0.0,Low,0,Low Risk - Low Activity
22617422,0.0,1,0,0.0,0.0,1.0,0.0,Low,0,Low Risk - Low Activity
22630765,0.0,1,0,0.0,0.0,1.0,0.0,Low,0,Low Risk - Low Activity
22632210,0.0,1,0,0.0,0.0,1.0,0.0,Low,0,Low Risk - Low Activity
22633431,0.0,1,0,0.0,0.0,1.0,0.0,Low,0,Low Risk - Low Activity
22643709,0.0,1,0,0.0,0.0,1.0,0.0,Low,0,Low Risk - Low Activity
22668423,0.0,1,0,0.0,1.0,0.0,0.0,Low,0,Low Risk - Low Activity
22694068,0.0,1,0,0.0,0.0,1.0,0.0,Low,0,Low Risk - Low Activity
22714477,0.0,1,0,0.0,0.0,1.0,0.0,Low,0,Low Risk - Low Activity
22723892,0.0,1,0,0.0,1.0,0.0,0.0,Low,0,Low Risk - Low Activity
22737413,0.0,1,0,0.0,1.0,0.0,0.0,Low,0,Low Risk - Low Activity
22739964,0.0,1,0,0.0,0.0,1.0,0.0,Low,0,Low Risk - Low Activity
22762443,0.0,1,0,0.0,1.0,0.0,0.0,Low,0,Low Risk - Low Activity
22805190,0.0,1,0,0.0,0.0,1.0,0.0,Low,0,Low Risk - Low Activity
22813069,0.0,1,0,0.0,0.0,1.0,0.0,Low,0,Low Risk - Low Activity
22814224,0.0,1,0,0.0,0.0,1.0,0.0,Low,0,Low Risk - Low Activity
22829964,0.0,1,0,0.0,1.0,0.0,0.0,Low,0,Low Risk - Low Activity
22835608,0.0,1,0,0.0,0.0,1.0,0.0,Low,0,Low Risk - Low Activity
22842020,0.0,1,0,0.0,0.0,1.0,0.0,Low,0,Low Risk - Low Activity
22850714,0.0,1,0,0.0,1.0,0.0,0.0,Low,0,Low Risk - Low Activity
22866652,0.0,1,0,0.0,0.0,1.0,0.0,Low,0,Low Risk - Low Activity
22868783,0.0,1,0,0.0,0.0,1.0,0.0,Low,0,Low Risk - Low Activity
22870337,0.0,1,0,0.0,0.0,1.0,0.0,Low,0,Low Risk - Low Activity
22875557,0.0,1,0,0.0,0.0,1.0,0.0,Low,0,Low Risk - Low Activity
22876758,0.0,1,0,0.0,1.0,0.0,0.0,Low,0,Low Risk - Low Activity
22903998,0.0,1,0,0.0,1.0,0.0,0.0,Low,0,Low Risk - Low Activity
22929060,0.0,1,0,0.0,0.0,1.0,0.0,Low,0,Low Risk - Low Activity
22932908,0.0,1,0,0.0,0.0,1.0,0.0,Low,0,Low Risk - Low Activity
22944276,0.0,1,0,0.0,0.0,1.0,0.0,Low,0,Low Risk - Low Activity
22948936,0.0,1,0,0.0,0.0,1.0,0.0,Low,0,Low Risk - Low Activity
22957964,0.0,1,0,0.0,0.0,1.0,0.0,Low,0,Low Risk - Low Activity
22992147,0.0,1,0,0.0,1.0,0.0,0.0,Low,0,Low Risk - Low Activity
22999290,0.0,1,0,0.0,1.0,0.0,0.0,Low,0,Low Risk - Low Activity
22999915,0.0,1,0,0.0,0.0,1.0,0.0,Low,0,Low Risk - Low Activity
23000381,0.0,1,0,0.0,1.0,0.0,0.0,Low,0,Low Risk - Low Activity
23014992,0.0,1,0,0.0,0.0,1.0,0.0,Low,0,Low Risk - Low Activity
23020543,0.0,1,0,0.0,1.0,0.0,0.0,Low,0,Low Risk - Low Activity
23022421,0.0,1,0,0.0,0.0,1.0,0.0,Low,0,Low Risk - Low Activity
23025613,0.0,1,0,0.0,1.0,0.0,0.0,Low,0,Low Risk - Low Activity
23045941,0.0,1,0,0.0,0.0,1.0,0.0,Low,0,Low Risk - Low Activity
23049566,0.0,1,0,0.0,1.0,0.0,0.0,Low,0,Low Risk - Low Activity
23087138,0.0,1,0,0.0,1.0,0.0,0.0,Low,0,Low Risk - Low Activity
23088963,0.0,1,0,0.0,0.0,1.0,0.0,Low,0,Low Risk - Low Activity
23094138,0.0,1,0,0.0,0.0,1.0,0.0,Low,0,Low Risk - Low Activity
23097888,0.0,1,0,0.0,0.0,1.0,0.0,Low,0,Low Risk - Low Activity
23106258,0.0,1,0,0.0,0.0,1.0,0.0,Low,0,Low Risk - Low Activity
23131727,0.0,1,0,0.0,0.0,1.0,0.0,Low,0,Low Risk - Low Activity
23131844,0.0,1,0,0.0,0.0,1.0,0.0,Low,0,Low Risk - Low Activity
23133359,0.0,1,0,0.0,0.0,1.0,0.0,Low,0,Low Risk - Low Activity
23136100,0.0,1,0,0.0,0.0,1.0,0.0,Low,0,Low Risk - Low Activity
23138151,0.0,1,0,0.0,0.0,1.0,0.0,Low,0,Low Risk - Low Activity
23142630,0.0,1,0,0.0,0.0,1.0,0.0,Low,0,Low Risk - Low Activity
23155648,0.0,1,0,0.0,0.0,1.0,0.0,Low,0,Low Risk - Low Activity
23157070,0.0,1,0,0.0,1.0,0.0,0.0,Low,0,Low Risk - Low Activity
23165154,0.0,1,0,0.0,0.0,1.0,0.0,Low,0,Low Risk - Low Activity
23170605,0.0,1,0,0.0,1.0,0.0,0.0,Low,0,Low Risk - Low Activity
23182672,0.0,1,0,0.0,1.0,0.0,0.0,Low,0,Low Risk - Low Activity
23187861,0.0,1,0,0.0,1.0,0.0,0.0,Low,0,Low Risk - Low Activity
23202919,0.0,1,0,0.0,0.0,1.0,0.0,Low,0,Low Risk - Low Activity
23207955,0.0,1,0,0.0,0.0,1.0,0.0,Low,0,Low Risk - Low Activity
23224099,0.0,1,0,0.0,1.0,0.0,0.0,Low,0,Low Risk - Low Activity
23231763,0.0,1,0,0.0,0.0,1.0,0.0,Low,0,Low Risk - Low Activity
23236510,0.0,1,0,0.0,1.0,0.0,0.0,Low,0,Low Risk - Low Activity
23242938,0.0,1,0,0.0,1.0,0.0,0.0,Low,0,Low Risk - Low Activity
23248124,0.0,1,0,0.0,0.0,1.0,0.0,Low,0,Low Risk - Low Activity
23249570,0.0,1,0,0.0,0.0,1.0,0.0,Low,0,Low Risk - Low Activity
23263027,0.0,1,0,0.0,0.0,1.0,0.0,Low,0,Low Risk - Low Activity
23265419,0.0,1,0,0.0,0.0,1.0,0.0,Low,0,Low Risk - Low Activity
23270195,0.0,1,0,0.0,0.0,1.0,0.0,Low,0,Low Risk - Low Activity
23277755,0.0,1,0,0.0,0.0,1.0,0.0,Low,0,Low Risk - Low Activity
23279390,0.0,1,0,0.0,1.0,0.0,0.0,Low,0,Low Risk - Low Activity
23285180,0.0,1,0,0.0,1.0,0.0,0.0,Low,0,Low Risk - Low Activity
23292601,0.0,1,0,0.0,1.0,0.0,0.0,Low,0,Low Risk - Low Activity
23293926,0.0,1,0,0.0,1.0,0.0,0.0,Low,0,Low Risk - Low Activity
23297803,0.0,1,0,0.0,0.0,1.0,0.0,Low,0,Low Risk - Low Activity
23309548,0.0,1,0,0.0,0.0,1.0,0.0,Low,0,Low Risk - Low Activity
23343142,0.0,1,0,0.0,1.0,0.0,0.0,Low,0,Low Risk - Low Activity
23347477,0.0,1,0,0.0,0.0,1.0,0.0,Low,0,Low Risk - Low Activity
23371815,0.0,1,0,0.0,0.0,1.0,0.0,Low,0,Low Risk - Low Activity
23381731,0.0,1,0,0.0,1.0,0.0,0.0,Low,0,Low Risk - Low Activity
23382760,0.0,1,0,0.0,0.0,1.0,0.0,Low,0,Low Risk - Low Activity
23384598,0.0,1,0,0.0,1.0,0.0,0.0,Low,0,Low Risk - Low Activity
23385257,0.0,1,0,0.0,0.0,1.0,0.0,Low,0,Low Risk - Low Activity
23389837,0.0,1,0,0.0,0.0,1.0,0.0,Low,0,Low Risk - Low Activity
23405206,0.0,1,0,0.0,1.0,0.0,0.0,Low,0,Low Risk - Low Activity
23425623,0.0,1,0,0.0,0.0,1.0,0.0,Low,0,Low Risk - Low Activity
23444871,0.0,1,0,0.0,1.0,0.0,0.0,Low,0,Low Risk - Low Activity
23448936,0.0,1,0,0.0,1.0,0.0,0.0,Low,0,Low Risk - Low Activity
23456893,0.0,1,0,0.0,0.0,1.0,0.0,Low,0,Low Risk - Low Activity
23463581,0.0,1,0,0.0,0.0,1.0,0.0,Low,0,Low Risk - Low Activity
23468685,0.0,1,0,0.0,0.0,1.0,0.0,Low,0,Low Risk - Low Activity
23470290,0.0,1,0,0.0,1.0,0.0,0.0,Low,0,Low Risk - Low Activity
23496004,0.0,1,0,0.0,0.0,1.0,0.0,Low,0,Low Risk - Low Activity
23497863,0.0,1,0,0.0,0.0,1.0,0.0,Low,0,Low Risk - Low Activity
23499013,0.0,1,0,0.0,0.0,1.0,0.0,Low,0,Low Risk - Low Activity
23504532,0.0,1,0,0.0,0.0,1.0,0.0,Low,0,Low Risk - Low Activity
23506380,0.0,1,0,0.0,0.0,1.0,0.0,Low,0,Low Risk - Low Activity
23507039,0.0,1,0,0.0,1.0,0.0,0.0,Low,0,Low Risk - Low Activity
23509159,0.0,1,0,0.0,0.0,1.0,0.0,Low,0,Low Risk - Low Activity
23511515,0.0,1,0,0.0,0.0,1.0,0.0,Low,0,Low Risk - Low Activity
23528630,0.0,1,0,0.0,0.0,1.0,0.0,Low,0,Low Risk - Low Activity
23543943,0.0,1,0,0.0,1.0,0.0,0.0,Low,0,Low Risk - Low Activity
23556645,0.0,1,0,0.0,1.0,0.0,0.0,Low,0,Low Risk - Low Activity
23557628,0.0,1,0,0.0,0.0,1.0,0.0,Low,0,Low Risk - Low Activity
23559117,0.0,1,0,0.0,0.0,1.0,0.0,Low,0,Low Risk - Low Activity
23563213,0.0,1,0,0.0,1.0,0.0,0.0,Low,0,Low Risk - Low Activity
23572924,0.0,1,0,0.0,1.0,0.0,0.0,Low,0,Low Risk - Low Activity
23591214,0.0,1,0,0.0,0.0,1.0,0.0,Low,0,Low Risk - Low Activity
23591891,0.0,1,0,1.0,0.0,0.0,0.0,Low,1,Low Risk - Low Activity
23595638,0.0,1,0,0.0,0.0,1.0,0.0,Low,0,Low Risk - Low Activity
23600352,0.0,1,0,0.0,1.0,0.0,0.0,Low,0,Low Risk - Low Activity
23641773,0.0,1,0,0.0,0.0,1.0,0.0,Low,0,Low Risk - Low Activity
23647168,0.0,1,0,0.0,0.0,1.0,0.0,Low,0,Low Risk - Low Activity
23656845,0.0,1,0,0.0,0.0,1.0,0.0,Low,0,Low Risk - Low Activity
23671103,0.0,1,0,0.0,0.0,1.0,0.0,Low,0,Low Risk - Low Activity
23691020,0.0,1,0,0.0,0.0,1.0,0.0,Low,0,Low Risk - Low Activity
23708720,0.0,1,0,0.0,1.0,0.0,0.0,Low,0,Low Risk - Low Activity
23716396,0.0,1,0,0.0,0.0,1.0,0.0,Low,0,Low Risk - Low Activity
23721675,0.0,1,0,0.0,0.0,1.0,0.0,Low,0,Low Risk - Low Activity
23729763,0.0,1,0,0.0,1.0,0.0,0.0,Low,0,Low Risk - Low Activity
23737711,0.0,1,0,0.0,0.0,1.0,0.0,Low,0,Low Risk - Low Activity
23751023,0.0,1,0,0.0,0.0,1.0,0.0,Low,0,Low Risk - Low Activity
23751448,0.0,1,0,0.0,1.0,0.0,0.0,Low,0,Low Risk - Low Activity
23753372,0.0,1,0,0.0,0.0,1.0,0.0,Low,0,Low Risk - Low Activity
23756236,0.0,1,0,0.0,1.0,0.0,0.0,Low,0,Low Risk - Low Activity
23763604,0.0,1,0,0.0,0.0,1.0,0.0,Low,0,Low Risk - Low Activity
23763997,0.0,1,0,0.0,0.0,1.0,0.0,Low,0,Low Risk - Low Activity
23770433,0.0,1,0,0.0,0.0,1.0,0.0,Low,0,Low Risk - Low Activity
23775349,0.0,1,0,0.0,1.0,0.0,0.0,Low,0,Low Risk - Low Activity
23783244,0.0,1,0,0.0,0.0,1.0,0.0,Low,0,Low Risk - Low Activity
23792873,0.0,1,0,0.0,1.0,0.0,0.0,Low,0,Low Risk - Low Activity
23805548,0.0,1,0,0.0,0.0,1.0,0.0,Low,0,Low Risk - Low Activity
23830229,0.0,1,0,0.0,0.0,1.0,0.0,Low,0,Low Risk - Low Activity
23860513,0.0,1,0,0.0,0.0,1.0,0.0,Low,0,Low Risk - Low Activity
23861136,0.0,1,0,0.0,1.0,0.0,0.0,Low,0,Low Risk - Low Activity
23876326,0.0,1,0,0.0,0.0,1.0,0.0,Low,0,Low Risk - Low Activity
23883303,0.0,1,0,0.0,0.0,1.0,0.0,Low,0,Low Risk - Low Activity
23906210,0.0,1,0,0.0,0.0,1.0,0.0,Low,0,Low Risk - Low Activity
23910049,0.0,1,0,0.0,1.0,0.0,0.0,Low,0,Low Risk - Low Activity
23919325,0.0,1,0,0.0,0.0,1.0,0.0,Low,0,Low Risk - Low Activity
23920513,0.0,1,0,0.0,0.0,1.0,0.0,Low,0,Low Risk - Low Activity
23946210,0.0,1,0,0.0,0.0,1.0,0.0,Low,0,Low Risk - Low Activity
23972125,0.0,1,0,0.0,1.0,0.0,0.0,Low,0,Low Risk - Low Activity
23986521,0.0,1,0,0.0,1.0,0.0,0.0,Low,0,Low Risk - Low Activity
23992143,0.0,1,0,0.0,0.0,1.0,0.0,Low,0,Low Risk - Low Activity
23994392,0.0,1,0,0.0,0.0,1.0,0.0,Low,0,Low Risk - Low Activity
23994683,0.0,1,0,0.0,0.0,1.0,0.0,Low,0,Low Risk - Low Activity
24000204,0.0,1,0,0.0,1.0,0.0,0.0,Low,0,Low Risk - Low Activity
24043999,0.0,1,0,0.0,0.0,1.0,0.0,Low,0,Low Risk - Low Activity
24052107,0.0,1,0,1.0,0.0,0.0,0.0,Low,1,Low Risk - Low Activity
24069102,0.0,1,0,0.0,0.0,1.0,0.0,Low,0,Low Risk - Low Activity
24090635,0.0,1,0,0.0,0.0,1.0,0.0,Low,0,Low Risk - Low Activity
24121126,0.0,1,0,0.0,1.0,0.0,0.0,Low,0,Low Risk - Low Activity
24122654,0.0,1,0,0.0,1.0,0.0,0.0,Low,0,Low Risk - Low Activity
24130197,0.0,1,0,0.0,0.0,1.0,0.0,Low,0,Low Risk - Low Activity
24135349,0.0,1,0,0.0,0.0,1.0,0.0,Low,0,Low Risk - Low Activity
24150591,0.0,1,0,0.0,1.0,0.0,0.0,Low,0,Low Risk - Low Activity
24159393,0.0,1,0,0.0,0.0,1.0,0.0,Low,0,Low Risk - Low Activity
24165551,0.0,1,0,0.0,0.0,1.0,0.0,Low,0,Low Risk - Low Activity
24171273,0.0,1,0,0.0,0.0,1.0,0.0,Low,0,Low Risk - Low Activity
24177037,0.0,1,0,0.0,0.0,1.0,0.0,Low,0,Low Risk - Low Activity
24181045,0.0,1,0,0.0,1.0,0.0,0.0,Low,0,Low Risk - Low Activity
24190877,0.0,1,0,0.0,0.0,1.0,0.0,Low,0,Low Risk - Low Activity
24217429,0.0,1,0,0.0,0.0,1.0,0.0,Low,0,Low Risk - Low Activity
24225114,0.0,1,0,0.0,1.0,0.0,0.0,Low,0,Low Risk - Low Activity
24233405,0.0,1,0,1.0,0.0,0.0,0.0,Low,1,Low Risk - Low Activity
24234303,0.0,1,0,0.0,0.0,1.0,0.0,Low,0,Low Risk - Low Activity
24248986,0.0,1,0,0.0,1.0,0.0,0.0,Low,0,Low Risk - Low Activity
24251820,0.0,1,0,0.0,1.0,0.0,0.0,Low,0,Low Risk - Low Activity
24257014,0.0,1,0,0.0,0.0,1.0,0.0,Low,0,Low Risk - Low Activity
24274621,0.0,1,0,0.0,0.0,1.0,0.0,Low,0,Low Risk - Low Activity
24276122,0.0,1,0,0.0,1.0,0.0,0.0,Low,0,Low Risk - Low Activity
24280051,0.0,1,0,0.0,0.0,1.0,0.0,Low,0,Low Risk - Low Activity
24294675,0.0,1,0,0.0,0.0,1.0,0.0,Low,0,Low Risk - Low Activity
24299018,0.0,1,0,0.0,0.0,1.0,0.0,Low,0,Low Risk - Low Activity
24326938,0.0,1,0,0.0,0.0,1.0,0.0,Low,0,Low Risk - Low Activity
24331465,0.0,1,0,0.0,0.0,1.0,0.0,Low,0,Low Risk - Low Activity
24336549,0.0,1,0,0.0,0.0,1.0,0.0,Low,0,Low Risk - Low Activity
24342539,0.0,1,0,0.0,0.0,1.0,0.0,Low,0,Low Risk - Low Activity
24343132,0.0,1,0,0.0,1.0,0.0,0.0,Low,0,Low Risk - Low Activity
24365284,0.0,1,0,0.0,0.0,1.0,0.0,Low,0,Low Risk - Low Activity
24404489,0.0,1,0,0.0,0.0,1.0,0.0,Low,0,Low Risk - Low Activity
24405928,0.0,1,0,0.0,0.0,1.0,0.0,Low,0,Low Risk - Low Activity
24411116,0.0,1,0,0.0,1.0,0.0,0.0,Low,0,Low Risk - Low Activity
24417824,0.0,1,0,0.0,1.0,0.0,0.0,Low,0,Low Risk - Low Activity
24433098,0.0,1,0,0.0,0.0,1.0,0.0,Low,0,Low Risk - Low Activity
24441958,0.0,1,0,0.0,0.0,1.0,0.0,Low,0,Low Risk - Low Activity
24444357,0.0,1,0,0.0,1.0,0.0,0.0,Low,0,Low Risk - Low Activity
24454938,0.0,1,0,0.0,0.0,1.0,0.0,Low,0,Low Risk - Low Activity
24474095,0.0,1,0,0.0,0.0,1.0,0.0,Low,0,Low Risk - Low Activity
24500078,0.0,1,0,0.0,0.0,1.0,0.0,Low,0,Low Risk - Low Activity
24504499,0.0,1,0,0.0,1.0,0.0,0.0,Low,0,Low Risk - Low Activity
24561456,0.0,1,0,0.0,0.0,1.0,0.0,Low,0,Low Risk - Low Activity
24575770,0.0,1,0,0.0,0.0,1.0,0.0,Low,0,Low Risk - Low Activity
24576530,0.0,1,0,0.0,0.0,1.0,0.0,Low,0,Low Risk - Low Activity
24578445,0.0,1,0,0.0,0.0,1.0,0.0,Low,0,Low Risk - Low Activity
24588057,0.0,1,0,0.0,0.0,1.0,0.0,Low,0,Low Risk - Low Activity
24592108,0.0,1,0,0.0,0.0,1.0,0.0,Low,0,Low Risk - Low Activity
24605842,0.0,1,0,0.0,1.0,0.0,0.0,Low,0,Low Risk - Low Activity
24609121,0.0,1,0,0.0,1.0,0.0,0.0,Low,0,Low Risk - Low Activity
24615013,0.0,1,0,0.0,0.0,1.0,0.0,Low,0,Low Risk - Low Activity
24617976,0.0,1,0,0.0,0.0,1.0,0.0,Low,0,Low Risk - Low Activity
24622231,0.0,1,0,0.0,0.0,1.0,0.0,Low,0,Low Risk - Low Activity
24623794,0.0,1,0,0.0,0.0,1.0,0.0,Low,0,Low Risk - Low Activity
24634117,0.0,1,0,0.0,0.0,1.0,0.0,Low,0,Low Risk - Low Activity
24640454,0.0,1,0,0.0,0.0,1.0,0.0,Low,0,Low Risk - Low Activity
24642966,0.0,1,0,0.0,0.0,1.0,0.0,Low,0,Low Risk - Low Activity
24643388,0.0,1,0,0.0,0.0,1.0,0.0,Low,0,Low Risk - Low Activity
24649830,0.0,1,0,0.0,0.0,1.0,0.0,Low,0,Low Risk - Low Activity
24667740,0.0,1,0,0.0,1.0,0.0,0.0,Low,0,Low Risk - Low Activity
24668326,0.0,1,0,0.0,1.0,0.0,0.0,Low,0,Low Risk - Low Activity
24685128,0.0,1,0,0.0,1.0,0.0,0.0,Low,0,Low Risk - Low Activity
24687206,0.0,1,0,0.0,0.0,1.0,0.0,Low,0,Low Risk - Low Activity
24688092,0.0,1,0,0.0,1.0,0.0,0.0,Low,0,Low Risk - Low Activity
24728844,0.0,1,0,0.0,0.0,1.0,0.0,Low,0,Low Risk - Low Activity
24735461,0.0,1,0,0.0,0.0,1.0,0.0,Low,0,Low Risk - Low Activity
24739189,0.0,1,0,0.0,1.0,0.0,0.0,Low,0,Low Risk - Low Activity
24759226,0.0,1,0,0.0,0.0,1.0,0.0,Low,0,Low Risk - Low Activity
24761377,0.0,1,0,0.0,1.0,0.0,0.0,Low,0,Low Risk - Low Activity
24764735,0.0,1,0,0.0,1.0,0.0,0.0,Low,0,Low Risk - Low Activity
24769643,0.0,1,0,0.0,0.0,1.0,0.0,Low,0,Low Risk - Low Activity
24777530,0.0,1,0,0.0,0.0,1.0,0.0,Low,0,Low Risk - Low Activity
24784935,0.0,1,0,0.0,0.0,1.0,0.0,Low,0,Low Risk - Low Activity
24785293,0.0,1,0,0.0,0.0,1.0,0.0,Low,0,Low Risk - Low Activity
24806434,0.0,1,0,0.0,1.0,0.0,0.0,Low,0,Low Risk - Low Activity
24808575,0.0,1,0,0.0,1.0,0.0,0.0,Low,0,Low Risk - Low Activity
24817845,0.0,1,0,0.0,0.0,1.0,0.0,Low,0,Low Risk - Low Activity
24833065,0.0,1,0,0.0,0.0,1.0,0.0,Low,0,Low Risk - Low Activity
24837266,0.0,1,0,0.0,1.0,0.0,0.0,Low,0,Low Risk - Low Activity
24858709,0.0,1,0,0.0,1.0,0.0,0.0,Low,0,Low Risk - Low Activity
24865698,0.0,1,0,0.0,1.0,0.0,0.0,Low,0,Low Risk - Low Activity
24883853,0.0,1,0,0.0,0.0,1.0,0.0,Low,0,Low Risk - Low Activity
24893001,0.0,1,0,0.0,1.0,0.0,0.0,Low,0,Low Risk - Low Activity
24911000,0.0,1,0,0.0,1.0,0.0,0.0,Low,0,Low Risk - Low Activity
24921504,0.0,1,0,0.0,1.0,0.0,0.0,Low,0,Low Risk - Low Activity
24935297,0.0,1,0,0.0,1.0,0.0,0.0,Low,0,Low Risk - Low Activity
24943671,0.0,1,0,0.0,0.0,1.0,0.0,Low,0,Low Risk - Low Activity
24946385,0.0,1,0,0.0,0.0,1.0,0.0,Low,0,Low Risk - Low Activity
24949139,0.0,1,0,0.0,1.0,0.0,0.0,Low,0,Low Risk - Low Activity
24978225,0.0,1,0,1.0,0.0,0.0,0.0,Low,1,Low Risk - Low Activity
25005886,0.0,1,0,0.0,0.0,1.0,0.0,Low,0,Low Risk - Low Activity
25010386,0.0,1,0,0.0,0.0,1.0,0.0,Low,0,Low Risk - Low Activity
25016300,0.0,1,0,0.0,0.0,1.0,0.0,Low,0,Low Risk - Low Activity
25032167,0.0,1,0,0.0,0.0,1.0,0.0,Low,0,Low Risk - Low Activity
25041160,0.0,1,0,0.0,1.0,0.0,0.0,Low,0,Low Risk - Low Activity
25043490,0.0,1,0,0.0,1.0,0.0,0.0,Low,0,Low Risk - Low Activity
25057320,0.0,1,0,0.0,0.0,1.0,0.0,Low,0,Low Risk - Low Activity
25061049,0.0,1,0,0.0,1.0,0.0,0.0,Low,0,Low Risk - Low Activity
25068096,0.0,1,0,0.0,0.0,1.0,0.0,Low,0,Low Risk - Low Activity
25087535,0.0,1,0,0.0,1.0,0.0,0.0,Low,0,Low Risk - Low Activity
25098708,0.0,1,0,0.0,0.0,1.0,0.0,Low,0,Low Risk - Low Activity
25105865,0.0,1,0,0.0,1.0,0.0,0.0,Low,0,Low Risk - Low Activity
25110377,0.0,1,0,0.0,0.0,1.0,0.0,Low,0,Low Risk - Low Activity
25119100,0.0,1,0,0.0,1.0,0.0,0.0,Low,0,Low Risk - Low Activity
25127223,0.0,1,0,0.0,0.0,1.0,0.0,Low,0,Low Risk - Low Activity
25136753,0.0,1,0,0.0,1.0,0.0,0.0,Low,0,Low Risk - Low Activity
25137065,0.0,1,0,0.0,0.0,1.0,0.0,Low,0,Low Risk - Low Activity
25137341,0.0,1,0,0.0,1.0,0.0,0.0,Low,0,Low Risk - Low Activity
25138470,0.0,1,0,0.0,1.0,0.0,0.0,Low,0,Low Risk - Low Activity
25146910,0.0,1,0,0.0,0.0,1.0,0.0,Low,0,Low Risk - Low Activity
25148062,0.0,1,0,0.0,0.0,1.0,0.0,Low,0,Low Risk - Low Activity
25158087,0.0,1,0,0.0,0.0,1.0,0.0,Low,0,Low Risk - Low Activity
25167399,0.0,1,0,0.0,1.0,0.0,0.0,Low,0,Low Risk - Low Activity
25178149,0.0,1,0,0.0,1.0,0.0,0.0,Low,0,Low Risk - Low Activity
25212290,0.0,1,0,0.0,0.0,1.0,0.0,Low,0,Low Risk - Low Activity
25214261,0.0,1,0,0.0,0.0,1.0,0.0,Low,0,Low Risk - Low Activity
25217185,0.0,1,0,0.0,0.0,1.0,0.0,Low,0,Low Risk - Low Activity
25218483,0.0,1,0,0.0,1.0,0.0,0.0,Low,0,Low Risk - Low Activity
25244970,0.0,1,0,0.0,1.0,0.0,0.0,Low,0,Low Risk - Low Activity
25275193,0.0,1,0,0.0,1.0,0.0,0.0,Low,0,Low Risk - Low Activity
25279519,0.0,1,0,0.0,0.0,1.0,0.0,Low,0,Low Risk - Low Activity
25302999,0.0,1,0,0.0,1.0,0.0,0.0,Low,0,Low Risk - Low Activity
25309540,0.0,1,0,0.0,1.0,0.0,0.0,Low,0,Low Risk - Low Activity
25325012,0.0,1,0,0.0,0.0,1.0,0.0,Low,0,Low Risk - Low Activity
25342066,0.0,1,0,0.0,0.0,1.0,0.0,Low,0,Low Risk - Low Activity
25346230,0.0,1,0,0.0,1.0,0.0,0.0,Low,0,Low Risk - Low Activity
25348241,0.0,1,0,0.0,0.0,1.0,0.0,Low,0,Low Risk - Low Activity
25353318,0.0,1,0,0.0,1.0,0.0,0.0,Low,0,Low Risk - Low Activity
25372184,0.0,1,0,0.0,1.0,0.0,0.0,Low,0,Low Risk - Low Activity
25374924,0.0,1,0,0.0,0.0,1.0,0.0,Low,0,Low Risk - Low Activity
25376000,0.0,1,0,0.0,1.0,0.0,0.0,Low,0,Low Risk - Low Activity
25382822,0.0,1,0,0.0,0.0,1.0,0.0,Low,0,Low Risk - Low Activity
25384011,0.0,1,0,0.0,1.0,0.0,0.0,Low,0,Low Risk - Low Activity
25387609,0.0,1,0,0.0,0.0,1.0,0.0,Low,0,Low Risk - Low Activity
25398638,0.0,1,0,0.0,1.0,0.0,0.0,Low,0,Low Risk - Low Activity
25414526,0.0,1,0,0.0,0.0,1.0,0.0,Low,0,Low Risk - Low Activity
25415538,0.0,1,0,0.0,1.0,0.0,0.0,Low,0,Low Risk - Low Activity
25427961,0.0,1,0,0.0,0.0,1.0,0.0,Low,0,Low Risk - Low Activity
25431070,0.0,1,0,0.0,0.0,1.0,0.0,Low,0,Low Risk - Low Activity
25440447,0.0,1,0,0.0,0.0,1.0,0.0,Low,0,Low Risk - Low Activity
25479909,0.0,1,0,0.0,0.0,1.0,0.0,Low,0,Low Risk - Low Activity
25492834,0.0,1,0,0.0,0.0,1.0,0.0,Low,0,Low Risk - Low Activity
25516088,0.0,1,0,0.0,0.0,1.0,0.0,Low,0,Low Risk - Low Activity
25538449,0.0,1,0,0.0,1.0,0.0,0.0,Low,0,Low Risk - Low Activity
25552431,0.0,1,0,0.0,1.0,0.0,0.0,Low,0,Low Risk - Low Activity
25555941,0.0,1,0,0.0,0.0,1.0,0.0,Low,0,Low Risk - Low Activity
25563482,0.0,1,0,0.0,0.0,1.0,0.0,Low,0,Low Risk - Low Activity
25567118,0.0,1,0,0.0,0.0,1.0,0.0,Low,0,Low Risk - Low Activity
25569581,0.0,1,0,0.0,0.0,1.0,0.0,Low,0,Low Risk - Low Activity
25571069,0.0,1,0,0.0,0.0,1.0,0.0,Low,0,Low Risk - Low Activity
25571761,0.0,1,0,0.0,0.0,1.0,0.0,Low,0,Low Risk - Low Activity
25575737,0.0,1,0,0.0,1.0,0.0,0.0,Low,0,Low Risk - Low Activity
25627632,0.0,1,0,0.0,0.0,1.0,0.0,Low,0,Low Risk - Low Activity
25637568,0.0,1,0,0.0,1.0,0.0,0.0,Low,0,Low Risk - Low Activity
25644169,0.0,1,0,0.0,1.0,0.0,0.0,Low,0,Low Risk - Low Activity
25650294,0.0,1,0,0.0,1.0,0.0,0.0,Low,0,Low Risk - Low Activity
25681777,0.0,1,0,0.0,0.0,1.0,0.0,Low,0,Low Risk - Low Activity
25694008,0.0,1,0,0.0,0.0,1.0,0.0,Low,0,Low Risk - Low Activity
25708751,0.0,1,0,0.0,1.0,0.0,0.0,Low,0,Low Risk - Low Activity
25724999,0.0,1,0,0.0,1.0,0.0,0.0,Low,0,Low Risk - Low Activity
25725626,0.0,1,0,0.0,1.0,0.0,0.0,Low,0,Low Risk - Low Activity
25737102,0.0,1,0,0.0,0.0,1.0,0.0,Low,0,Low Risk - Low Activity
25761725,0.0,1,0,0.0,1.0,0.0,0.0,Low,0,Low Risk - Low Activity
25814293,0.0,1,0,0.0,0.0,1.0,0.0,Low,0,Low Risk - Low Activity
25816526,0.0,1,0,0.0,1.0,0.0,0.0,Low,0,Low Risk - Low Activity
25817321,0.0,1,0,0.0,0.0,1.0,0.0,Low,0,Low Risk - Low Activity
25817355,0.0,1,0,0.0,0.0,1.0,0.0,Low,0,Low Risk - Low Activity
25817523,0.0,1,0,0.0,0.0,1.0,0.0,Low,0,Low Risk - Low Activity
25830949,0.0,1,0,0.0,1.0,0.0,0.0,Low,0,Low Risk - Low Activity
25837705,0.0,1,0,0.0,0.0,1.0,0.0,Low,0,Low Risk - Low Activity
25840648,0.0,1,0,0.0,0.0,1.0,0.0,Low,0,Low Risk - Low Activity
25885439,0.0,1,0,0.0,0.0,1.0,0.0,Low,0,Low Risk - Low Activity
25887070,0.0,1,0,0.0,1.0,0.0,0.0,Low,0,Low Risk - Low Activity
25926563,0.0,1,0,0.0,1.0,0.0,0.0,Low,0,Low Risk - Low Activity
25951649,0.0,1,0,0.0,0.0,1.0,0.0,Low,0,Low Risk - Low Activity
25964340,0.0,1,0,0.0,0.0,1.0,0.0,Low,0,Low Risk - Low Activity
25979867,0.0,1,0,0.0,0.0,1.0,0.0,Low,0,Low Risk - Low Activity
25983102,0.0,1,0,0.0,0.0,1.0,0.0,Low,0,Low Risk - Low Activity
26046667,0.0,1,0,0.0,0.0,1.0,0.0,Low,0,Low Risk - Low Activity
26054409,0.0,1,0,0.0,1.0,0.0,0.0,Low,0,Low Risk - Low Activity
26062262,0.0,1,0,0.0,1.0,0.0,0.0,Low,0,Low Risk - Low Activity
26063051,0.0,1,0,0.0,1.0,0.0,0.0,Low,0,Low Risk - Low Activity
26067179,0.0,1,0,0.0,0.0,1.0,0.0,Low,0,Low Risk - Low Activity
26070864,0.0,1,0,0.0,0.0,1.0,0.0,Low,0,Low Risk - Low Activity
26095531,0.0,1,0,0.0,0.0,1.0,0.0,Low,0,Low Risk - Low Activity
26095569,0.0,1,0,0.0,0.0,1.0,0.0,Low,0,Low Risk - Low Activity
26103335,0.0,1,0,0.0,1.0,0.0,0.0,Low,0,Low Risk - Low Activity
26110665,0.0,1,0,0.0,1.0,0.0,0.0,Low,0,Low Risk - Low Activity
26112566,0.0,1,0,0.0,0.0,1.0,0.0,Low,0,Low Risk - Low Activity
26154515,0.0,1,0,0.0,0.0,1.0,0.0,Low,0,Low Risk - Low Activity
26165028,0.0,1,0,0.0,0.0,1.0,0.0,Low,0,Low Risk - Low Activity
26168075,0.0,1,0,0.0,0.0,1.0,0.0,Low,0,Low Risk - Low Activity
26169206,0.0,1,0,0.0,0.0,1.0,0.0,Low,0,Low Risk - Low Activity
26187255,0.0,1,0,0.0,0.0,1.0,0.0,Low,0,Low Risk - Low Activity
26191369,0.0,1,0,0.0,1.0,0.0,0.0,Low,0,Low Risk - Low Activity
26198382,0.0,1,0,0.0,1.0,0.0,0.0,Low,0,Low Risk - Low Activity
26203512,0.0,1,0,0.0,1.0,0.0,0.0,Low,0,Low Risk - Low Activity
26205249,0.0,1,0,0.0,0.0,1.0,0.0,Low,0,Low Risk - Low Activity
26207913,0.0,1,0,0.0,0.0,1.0,0.0,Low,0,Low Risk - Low Activity
26213508,0.0,1,0,0.0,0.0,1.0,0.0,Low,0,Low Risk - Low Activity
26224616,0.0,1,0,0.0,1.0,0.0,0.0,Low,0,Low Risk - Low Activity
26261002,0.0,1,0,0.0,1.0,0.0,0.0,Low,0,Low Risk - Low Activity
26268639,0.0,1,0,0.0,0.0,1.0,0.0,Low,0,Low Risk - Low Activity
26299293,0.0,1,0,0.0,0.0,1.0,0.0,Low,0,Low Risk - Low Activity
26310227,0.0,1,0,0.0,0.0,1.0,0.0,Low,0,Low Risk - Low Activity
26314161,0.0,1,0,0.0,0.0,1.0,0.0,Low,0,Low Risk - Low Activity
26339155,0.0,1,0,0.0,1.0,0.0,0.0,Low,0,Low Risk - Low Activity
26349737,0.0,1,0,0.0,1.0,0.0,0.0,Low,0,Low Risk - Low Activity
26352554,0.0,1,0,0.0,1.0,0.0,0.0,Low,0,Low Risk - Low Activity
26379413,0.0,1,0,0.0,1.0,0.0,0.0,Low,0,Low Risk - Low Activity
26380972,0.0,1,0,0.0,0.0,1.0,0.0,Low,0,Low Risk - Low Activity
26391123,0.0,1,0,0.0,0.0,1.0,0.0,Low,0,Low Risk - Low Activity
26409673,0.0,1,0,0.0,0.0,1.0,0.0,Low,0,Low Risk - Low Activity
26412476,0.0,1,0,0.0,1.0,0.0,0.0,Low,0,Low Risk - Low Activity
26429777,0.0,1,0,0.0,1.0,0.0,0.0,Low,0,Low Risk - Low Activity
26433722,0.0,1,0,0.0,0.0,1.0,0.0,Low,0,Low Risk - Low Activity
26435276,0.0,1,0,0.0,0.0,1.0,0.0,Low,0,Low Risk - Low Activity
26449380,0.0,1,0,0.0,0.0,1.0,0.0,Low,0,Low Risk - Low Activity
26450994,0.0,1,0,0.0,0.0,1.0,0.0,Low,0,Low Risk - Low Activity
26472556,0.0,1,0,0.0,0.0,1.0,0.0,Low,0,Low Risk - Low Activity
26473409,0.0,1,0,0.0,0.0,1.0,0.0,Low,0,Low Risk - Low Activity
26491620,0.0,1,0,0.0,1.0,0.0,0.0,Low,0,Low Risk - Low Activity
26495342,0.0,1,0,0.0,1.0,0.0,0.0,Low,0,Low Risk - Low Activity
26500015,0.0,1,0,0.0,1.0,0.0,0.0,Low,0,Low Risk - Low Activity
26519790,0.0,1,0,0.0,0.0,1.0,0.0,Low,0,Low Risk - Low Activity
26524657,0.0,1,0,0.0,0.0,1.0,0.0,Low,0,Low Risk - Low Activity
26528453,0.0,1,0,0.0,1.0,0.0,0.0,Low,0,Low Risk - Low Activity
26533128,0.0,1,0,0.0,0.0,1.0,0.0,Low,0,Low Risk - Low Activity
26538525,0.0,1,0,0.0,0.0,1.0,0.0,Low,0,Low Risk - Low Activity
26546384,0.0,1,0,0.0,1.0,0.0,0.0,Low,0,Low Risk - Low Activity
26547179,0.0,1,0,0.0,1.0,0.0,0.0,Low,0,Low Risk - Low Activity
26551530,0.0,1,0,0.0,0.0,1.0,0.0,Low,0,Low Risk - Low Activity
26553802,0.0,1,0,0.0,0.0,1.0,0.0,Low,0,Low Risk - Low Activity
26564396,0.0,1,0,0.0,0.0,1.0,0.0,Low,0,Low Risk - Low Activity
26565943,0.0,1,0,0.0,1.0,0.0,0.0,Low,0,Low Risk - Low Activity
26590573,0.0,1,0,0.0,0.0,1.0,0.0,Low,0,Low Risk - Low Activity
26626965,0.0,1,0,0.0,0.0,1.0,0.0,Low,0,Low Risk - Low Activity
26631986,0.0,1,0,0.0,0.0,1.0,0.0,Low,0,Low Risk - Low Activity
26632061,0.0,1,0,0.0,0.0,1.0,0.0,Low,0,Low Risk - Low Activity
26657211,0.0,1,0,0.0,0.0,1.0,0.0,Low,0,Low Risk - Low Activity
26660028,0.0,1,0,0.0,0.0,1.0,0.0,Low,0,Low Risk - Low Activity
26662016,0.0,1,0,0.0,1.0,0.0,0.0,Low,0,Low Risk - Low Activity
26664655,0.0,1,0,0.0,1.0,0.0,0.0,Low,0,Low Risk - Low Activity
26720399,0.0,1,0,0.0,1.0,0.0,0.0,Low,0,Low Risk - Low Activity
26721267,0.0,1,0,0.0,0.0,1.0,0.0,Low,0,Low Risk - Low Activity
26734182,0.0,1,0,0.0,0.0,1.0,0.0,Low,0,Low Risk - Low Activity
26744404,0.0,1,0,0.0,1.0,0.0,0.0,Low,0,Low Risk - Low Activity
26748169,0.0,1,0,0.0,1.0,0.0,0.0,Low,0,Low Risk - Low Activity
26748199,0.0,1,0,0.0,0.0,1.0,0.0,Low,0,Low Risk - Low Activity
26752506,0.0,1,0,0.0,1.0,0.0,0.0,Low,0,Low Risk - Low Activity
26753260,0.0,1,0,0.0,0.0,1.0,0.0,Low,0,Low Risk - Low Activity
26755689,0.0,1,0,0.0,0.0,1.0,0.0,Low,0,Low Risk - Low Activity
26761429,0.0,1,0,0.0,0.0,1.0,0.0,Low,0,Low Risk - Low Activity
26767164,0.0,1,0,0.0,0.0,1.0,0.0,Low,0,Low Risk - Low Activity
26776414,0.0,1,0,0.0,0.0,1.0,0.0,Low,0,Low Risk - Low Activity
26777774,0.0,1,0,0.0,1.0,0.0,0.0,Low,0,Low Risk - Low Activity
26803806,0.0,1,0,0.0,0.0,1.0,0.0,Low,0,Low Risk - Low Activity
26816096,0.0,1,0,0.0,0.0,1.0,0.0,Low,0,Low Risk - Low Activity
26817084,0.0,1,0,0.0,0.0,1.0,0.0,Low,0,Low Risk - Low Activity
26831906,0.0,1,0,0.0,1.0,0.0,0.0,Low,0,Low Risk - Low Activity
26841341,0.0,1,0,0.0,1.0,0.0,0.0,Low,0,Low Risk - Low Activity
26846992,0.0,1,0,0.0,1.0,0.0,0.0,Low,0,Low Risk - Low Activity
26851027,0.0,1,0,0.0,0.0,1.0,0.0,Low,0,Low Risk - Low Activity
26851806,0.0,1,0,0.0,0.0,1.0,0.0,Low,0,Low Risk - Low Activity
26897657,0.0,1,0,0.0,0.0,1.0,0.0,Low,0,Low Risk - Low Activity
26919111,0.0,1,0,0.0,0.0,1.0,0.0,Low,0,Low Risk - Low Activity
26930138,0.0,1,0,0.0,1.0,0.0,0.0,Low,0,Low Risk - Low Activity
26960748,0.0,1,0,0.0,1.0,0.0,0.0,Low,0,Low Risk - Low Activity
26960861,0.0,1,0,0.0,1.0,0.0,0.0,Low,0,Low Risk - Low Activity
26987316,0.0,1,0,0.0,1.0,0.0,0.0,Low,0,Low Risk - Low Activity
27001988,0.0,1,0,0.0,0.0,1.0,0.0,Low,0,Low Risk - Low Activity
27003290,0.0,1,0,0.0,1.0,0.0,0.0,Low,0,Low Risk - Low Activity
27006472,0.0,1,0,0.0,1.0,0.0,0.0,Low,0,Low Risk - Low Activity
27011121,0.0,1,0,0.0,0.0,1.0,0.0,Low,0,Low Risk - Low Activity
27014038,0.0,1,0,0.0,0.0,1.0,0.0,Low,0,Low Risk - Low Activity
27018118,0.0,1,0,0.0,1.0,0.0,0.0,Low,0,Low Risk - Low Activity
27019784,0.0,1,0,0.0,0.0,1.0,0.0,Low,0,Low Risk - Low Activity
27033093,0.0,1,0,0.0,0.0,1.0,0.0,Low,0,Low Risk - Low Activity
27048842,0.0,1,0,0.0,0.0,1.0,0.0,Low,0,Low Risk - Low Activity
27053526,0.0,1,0,0.0,1.0,0.0,0.0,Low,0,Low Risk - Low Activity
27054255,0.0,1,0,0.0,0.0,1.0,0.0,Low,0,Low Risk - Low Activity
27061454,0.0,1,0,0.0,0.0,1.0,0.0,Low,0,Low Risk - Low Activity
27061503,0.0,1,0,0.0,0.0,1.0,0.0,Low,0,Low Risk - Low Activity
27078642,0.0,1,0,0.0,1.0,0.0,0.0,Low,0,Low Risk - Low Activity
27084066,0.0,1,0,0.0,0.0,1.0,0.0,Low,0,Low Risk - Low Activity
27103425,0.0,1,0,0.0,0.0,1.0,0.0,Low,0,Low Risk - Low Activity
27111111,0.0,1,0,0.0,1.0,0.0,0.0,Low,0,Low Risk - Low Activity
27116731,0.0,1,0,0.0,0.0,1.0,0.0,Low,0,Low Risk - Low Activity
27125684,0.0,1,0,0.0,0.0,1.0,0.0,Low,0,Low Risk - Low Activity
27131322,0.0,1,0,0.0,0.0,1.0,0.0,Low,0,Low Risk - Low Activity
27135939,0.0,1,0,0.0,0.0,1.0,0.0,Low,0,Low Risk - Low Activity
27141562,0.0,1,0,0.0,0.0,1.0,0.0,Low,0,Low Risk - Low Activity
27142667,0.0,1,0,0.0,0.0,1.0,0.0,Low,0,Low Risk - Low Activity
27157479,0.0,1,0,0.0,0.0,1.0,0.0,Low,0,Low Risk - Low Activity
27157865,0.0,1,0,0.0,1.0,0.0,0.0,Low,0,Low Risk - Low Activity
27164633,0.0,1,0,0.0,1.0,0.0,0.0,Low,0,Low Risk - Low Activity
27179330,0.0,1,0,0.0,0.0,1.0,0.0,Low,0,Low Risk - Low Activity
27185047,0.0,1,0,0.0,0.0,1.0,0.0,Low,0,Low Risk - Low Activity
27197224,0.0,1,0,0.0,0.0,1.0,0.0,Low,0,Low Risk - Low Activity
27203263,0.0,1,0,0.0,0.0,1.0,0.0,Low,0,Low Risk - Low Activity
27214850,0.0,1,0,0.0,1.0,0.0,0.0,Low,0,Low Risk - Low Activity
27221001,0.0,1,0,0.0,1.0,0.0,0.0,Low,0,Low Risk - Low Activity
27222543,0.0,1,0,0.0,0.0,1.0,0.0,Low,0,Low Risk - Low Activity
27224215,0.0,1,0,1.0,0.0,0.0,0.0,Low,1,Low Risk - Low Activity
27254076,0.0,1,0,0.0,0.0,1.0,0.0,Low,0,Low Risk - Low Activity
27261878,0.0,1,0,0.0,0.0,1.0,0.0,Low,0,Low Risk - Low Activity
27269462,0.0,1,0,0.0,0.0,1.0,0.0,Low,0,Low Risk - Low Activity
27273407,0.0,1,0,0.0,0.0,1.0,0.0,Low,0,Low Risk - Low Activity
27297560,0.0,1,0,0.0,0.0,1.0,0.0,Low,0,Low Risk - Low Activity
27297582,0.0,1,0,0.0,0.0,1.0,0.0,Low,0,Low Risk - Low Activity
27301268,0.0,1,0,0.0,0.0,1.0,0.0,Low,0,Low Risk - Low Activity
27303021,0.0,1,0,0.0,0.0,1.0,0.0,Low,0,Low Risk - Low Activity
27342147,0.0,1,0,0.0,0.0,1.0,0.0,Low,0,Low Risk - Low Activity
27343885,0.0,1,0,0.0,0.0,1.0,0.0,Low,0,Low Risk - Low Activity
27347763,0.0,1,0,0.0,0.0,1.0,0.0,Low,0,Low Risk - Low Activity
27357056,0.0,1,0,0.0,1.0,0.0,0.0,Low,0,Low Risk - Low Activity
27362912,0.0,1,0,0.0,1.0,0.0,0.0,Low,0,Low Risk - Low Activity
27377088,0.0,1,0,0.0,1.0,0.0,0.0,Low,0,Low Risk - Low Activity
27391895,0.0,1,0,0.0,0.0,1.0,0.0,Low,0,Low Risk - Low Activity
27395641,0.0,1,0,0.0,0.0,1.0,0.0,Low,0,Low Risk - Low Activity
27398536,0.0,1,0,0.0,0.0,1.0,0.0,Low,0,Low Risk - Low Activity
27415098,0.0,1,0,0.0,0.0,1.0,0.0,Low,0,Low Risk - Low Activity
27419791,0.0,1,0,0.0,0.0,1.0,0.0,Low,0,Low Risk - Low Activity
27426750,0.0,1,0,0.0,1.0,0.0,0.0,Low,0,Low Risk - Low Activity
27430058,0.0,1,0,0.0,0.0,1.0,0.0,Low,0,Low Risk - Low Activity
27443742,0.0,1,0,0.0,0.0,1.0,0.0,Low,0,Low Risk - Low Activity
27452226,0.0,1,0,0.0,0.0,1.0,0.0,Low,0,Low Risk - Low Activity
27458583,0.0,1,0,0.0,0.0,1.0,0.0,Low,0,Low Risk - Low Activity
27475340,0.0,1,0,0.0,0.0,1.0,0.0,Low,0,Low Risk - Low Activity
27485342,0.0,1,0,0.0,1.0,0.0,0.0,Low,0,Low Risk - Low Activity
27486631,0.0,1,0,0.0,1.0,0.0,0.0,Low,0,Low Risk - Low Activity
27490201,0.0,1,0,0.0,1.0,0.0,0.0,Low,0,Low Risk - Low Activity
27495946,0.0,1,0,0.0,0.0,1.0,0.0,Low,0,Low Risk - Low Activity
27502844,0.0,1,0,0.0,0.0,1.0,0.0,Low,0,Low Risk - Low Activity
27503430,0.0,1,0,0.0,0.0,1.0,0.0,Low,0,Low Risk - Low Activity
27523699,0.0,1,0,0.0,0.0,1.0,0.0,Low,0,Low Risk - Low Activity
27532727,0.0,1,0,0.0,0.0,1.0,0.0,Low,0,Low Risk - Low Activity
27559030,0.0,1,0,0.0,0.0,1.0,0.0,Low,0,Low Risk - Low Activity
27559625,0.0,1,0,0.0,1.0,0.0,0.0,Low,0,Low Risk - Low Activity
27595862,0.0,1,0,0.0,0.0,1.0,0.0,Low,0,Low Risk - Low Activity
27602148,0.0,1,0,0.0,0.0,1.0,0.0,Low,0,Low Risk - Low Activity
27608803,0.0,1,0,0.0,0.0,1.0,0.0,Low,0,Low Risk - Low Activity
27608846,0.0,1,0,0.0,0.0,1.0,0.0,Low,0,Low Risk - Low Activity
27631008,0.0,1,0,0.0,0.0,1.0,0.0,Low,0,Low Risk - Low Activity
27639562,0.0,1,0,0.0,1.0,0.0,0.0,Low,0,Low Risk - Low Activity
27654293,0.0,1,0,0.0,0.0,1.0,0.0,Low,0,Low Risk - Low Activity
27659990,0.0,1,0,0.0,1.0,0.0,0.0,Low,0,Low Risk - Low Activity
27674670,0.0,1,0,0.0,1.0,0.0,0.0,Low,0,Low Risk - Low Activity
27680001,0.0,1,0,0.0,0.0,1.0,0.0,Low,0,Low Risk - Low Activity
27686867,0.0,1,0,0.0,1.0,0.0,0.0,Low,0,Low Risk - Low Activity
27700559,0.0,1,0,0.0,1.0,0.0,0.0,Low,0,Low Risk - Low Activity
27746233,0.0,1,0,0.0,0.0,1.0,0.0,Low,0,Low Risk - Low Activity
27763928,0.0,1,0,0.0,1.0,0.0,0.0,Low,0,Low Risk - Low Activity
27772610,0.0,1,0,0.0,0.0,1.0,0.0,Low,0,Low Risk - Low Activity
27788995,0.0,1,0,0.0,0.0,1.0,0.0,Low,0,Low Risk - Low Activity
27790169,0.0,1,0,0.0,0.0,1.0,0.0,Low,0,Low Risk - Low Activity
27804627,0.0,1,0,0.0,0.0,1.0,0.0,Low,0,Low Risk - Low Activity
27805859,0.0,1,0,0.0,1.0,0.0,0.0,Low,0,Low Risk - Low Activity
27806169,0.0,1,0,0.0,0.0,1.0,0.0,Low,0,Low Risk - Low Activity
27815638,0.0,1,0,0.0,1.0,0.0,0.0,Low,0,Low Risk - Low Activity
27828399,0.0,1,0,0.0,1.0,0.0,0.0,Low,0,Low Risk - Low Activity
27838801,0.0,1,0,0.0,1.0,0.0,0.0,Low,0,Low Risk - Low Activity
27846249,0.0,1,0,0.0,0.0,1.0,0.0,Low,0,Low Risk - Low Activity
27850533,0.0,1,0,0.0,1.0,0.0,0.0,Low,0,Low Risk - Low Activity
27889793,0.0,1,0,0.0,0.0,1.0,0.0,Low,0,Low Risk - Low Activity
27899408,0.0,1,0,0.0,0.0,1.0,0.0,Low,0,Low Risk - Low Activity
27904110,0.0,1,0,0.0,0.0,1.0,0.0,Low,0,Low Risk - Low Activity
27922400,0.0,1,0,0.0,0.0,1.0,0.0,Low,0,Low Risk - Low Activity
27924383,0.0,1,0,0.0,1.0,0.0,0.0,Low,0,Low Risk - Low Activity
27927647,0.0,1,0,0.0,0.0,1.0,0.0,Low,0,Low Risk - Low Activity
27930493,0.0,1,0,0.0,1.0,0.0,0.0,Low,0,Low Risk - Low Activity
27932406,0.0,1,0,0.0,0.0,1.0,0.0,Low,0,Low Risk - Low Activity
27936970,0.0,1,0,0.0,0.0,1.0,0.0,Low,0,Low Risk - Low Activity
27960013,0.0,1,0,0.0,0.0,1.0,0.0,Low,0,Low Risk - Low Activity
27962968,0.0,1,0,0.0,0.0,1.0,0.0,Low,0,Low Risk - Low Activity
27971645,0.0,1,0,0.0,1.0,0.0,0.0,Low,0,Low Risk - Low Activity
27972209,0.0,1,0,0.0,0.0,1.0,0.0,Low,0,Low Risk - Low Activity
27978092,0.0,1,0,0.0,0.0,1.0,0.0,Low,0,Low Risk - Low Activity
27978885,0.0,1,0,0.0,0.0,1.0,0.0,Low,0,Low Risk - Low Activity
27982205,0.0,1,0,0.0,0.0,1.0,0.0,Low,0,Low Risk - Low Activity
27987677,0.0,1,0,0.0,0.0,1.0,0.0,Low,0,Low Risk - Low Activity
28002251,0.0,1,0,0.0,0.0,1.0,0.0,Low,0,Low Risk - Low Activity
28015312,0.0,1,0,0.0,1.0,0.0,0.0,Low,0,Low Risk - Low Activity
28015653,0.0,1,0,0.0,0.0,1.0,0.0,Low,0,Low Risk - Low Activity
28019533,0.0,1,0,0.0,1.0,0.0,0.0,Low,0,Low Risk - Low Activity
28022770,0.0,1,0,0.0,0.0,1.0,0.0,Low,0,Low Risk - Low Activity
28024493,0.0,1,0,0.0,0.0,1.0,0.0,Low,0,Low Risk - Low Activity
28033386,0.0,1,0,0.0,0.0,1.0,0.0,Low,0,Low Risk - Low Activity
28060887,0.0,1,0,0.0,1.0,0.0,0.0,Low,0,Low Risk - Low Activity
28061207,0.0,1,0,0.0,0.0,1.0,0.0,Low,0,Low Risk - Low Activity
28061931,0.0,1,0,0.0,1.0,0.0,0.0,Low,0,Low Risk - Low Activity
28072110,0.0,1,0,0.0,0.0,1.0,0.0,Low,0,Low Risk - Low Activity
28078213,0.0,1,0,0.0,0.0,1.0,0.0,Low,0,Low Risk - Low Activity
28083772,0.0,1,0,0.0,0.0,1.0,0.0,Low,0,Low Risk - Low Activity
28091837,0.0,1,0,0.0,0.0,1.0,0.0,Low,0,Low Risk - Low Activity
28102971,0.0,1,0,0.0,0.0,1.0,0.0,Low,0,Low Risk - Low Activity
28115109,0.0,1,0,0.0,0.0,1.0,0.0,Low,0,Low Risk - Low Activity
28128690,0.0,1,0,0.0,1.0,0.0,0.0,Low,0,Low Risk - Low Activity
28133586,0.0,1,0,0.0,1.0,0.0,0.0,Low,0,Low Risk - Low Activity
28134579,0.0,1,0,0.0,1.0,0.0,0.0,Low,0,Low Risk - Low Activity
28137367,0.0,1,0,0.0,1.0,0.0,0.0,Low,0,Low Risk - Low Activity
28139995,0.0,1,0,0.0,1.0,0.0,0.0,Low,0,Low Risk - Low Activity
28160345,0.0,1,0,0.0,1.0,0.0,0.0,Low,0,Low Risk - Low Activity
28175538,0.0,1,0,0.0,0.0,1.0,0.0,Low,0,Low Risk - Low Activity
28190262,0.0,1,0,0.0,0.0,1.0,0.0,Low,0,Low Risk - Low Activity
28196799,0.0,1,0,0.0,1.0,0.0,0.0,Low,0,Low Risk - Low Activity
28206566,0.0,1,0,0.0,0.0,1.0,0.0,Low,0,Low Risk - Low Activity
28215964,0.0,1,0,0.0,0.0,1.0,0.0,Low,0,Low Risk - Low Activity
28240019,0.0,1,0,0.0,0.0,1.0,0.0,Low,0,Low Risk - Low Activity
28253434,0.0,1,0,0.0,1.0,0.0,0.0,Low,0,Low Risk - Low Activity
28254242,0.0,1,0,0.0,0.0,1.0,0.0,Low,0,Low Risk - Low Activity
28260850,0.0,1,0,0.0,1.0,0.0,0.0,Low,0,Low Risk - Low Activity
28263320,0.0,1,0,0.0,0.0,1.0,0.0,Low,0,Low Risk - Low Activity
28266366,0.0,1,0,0.0,1.0,0.0,0.0,Low,0,Low Risk - Low Activity
28286068,0.0,1,0,0.0,0.0,1.0,0.0,Low,0,Low Risk - Low Activity
28288824,0.0,1,0,0.0,0.0,1.0,0.0,Low,0,Low Risk - Low Activity
28293668,0.0,1,0,0.0,1.0,0.0,0.0,Low,0,Low Risk - Low Activity
28295021,0.0,1,0,0.0,0.0,1.0,0.0,Low,0,Low Risk - Low Activity
28318735,0.0,1,0,0.0,0.0,1.0,0.0,Low,0,Low Risk - Low Activity
28331222,0.0,1,0,0.0,1.0,0.0,0.0,Low,0,Low Risk - Low Activity
28332965,0.0,1,0,0.0,0.0,1.0,0.0,Low,0,Low Risk - Low Activity
28333209,0.0,1,0,0.0,0.0,1.0,0.0,Low,0,Low Risk - Low Activity
28333735,0.0,1,0,0.0,0.0,1.0,0.0,Low,0,Low Risk - Low Activity
28340301,0.0,1,0,0.0,0.0,1.0,0.0,Low,0,Low Risk - Low Activity
28364898,0.0,1,0,0.0,0.0,1.0,0.0,Low,0,Low Risk - Low Activity
28379713,0.0,1,0,0.0,0.0,1.0,0.0,Low,0,Low Risk - Low Activity
28414283,0.0,1,0,1.0,0.0,0.0,0.0,Low,1,Low Risk - Low Activity
28427157,0.0,1,0,0.0,0.0,1.0,0.0,Low,0,Low Risk - Low Activity
28448453,0.0,1,0,0.0,0.0,1.0,0.0,Low,0,Low Risk - Low Activity
28450554,0.0,1,0,0.0,0.0,1.0,0.0,Low,0,Low Risk - Low Activity
28455437,0.0,1,0,0.0,0.0,1.0,0.0,Low,0,Low Risk - Low Activity
28512332,0.0,1,0,0.0,1.0,0.0,0.0,Low,0,Low Risk - Low Activity
28517162,0.0,1,0,0.0,1.0,0.0,0.0,Low,0,Low Risk - Low Activity
28529220,0.0,1,0,0.0,1.0,0.0,0.0,Low,0,Low Risk - Low Activity
28546133,0.0,1,0,0.0,1.0,0.0,0.0,Low,0,Low Risk - Low Activity
28552333,0.0,1,0,0.0,0.0,1.0,0.0,Low,0,Low Risk - Low Activity
28559101,0.0,1,0,0.0,0.0,1.0,0.0,Low,0,Low Risk - Low Activity
28577261,0.0,1,0,0.0,0.0,1.0,0.0,Low,0,Low Risk - Low Activity
28577724,0.0,1,0,0.0,0.0,1.0,0.0,Low,0,Low Risk - Low Activity
28581896,0.0,1,0,0.0,1.0,0.0,0.0,Low,0,Low Risk - Low Activity
28589843,0.0,1,0,0.0,1.0,0.0,0.0,Low,0,Low Risk - Low Activity
28591446,0.0,1,0,0.0,0.0,1.0,0.0,Low,0,Low Risk - Low Activity
28596871,0.0,1,0,0.0,0.0,1.0,0.0,Low,0,Low Risk - Low Activity
28605098,0.0,1,0,0.0,0.0,1.0,0.0,Low,0,Low Risk - Low Activity
28607715,0.0,1,0,0.0,1.0,0.0,0.0,Low,0,Low Risk - Low Activity
28616530,0.0,1,0,0.0,0.0,1.0,0.0,Low,0,Low Risk - Low Activity
28638023,0.0,1,0,0.0,0.0,1.0,0.0,Low,0,Low Risk - Low Activity
28638516,0.0,1,0,0.0,0.0,1.0,0.0,Low,0,Low Risk - Low Activity
28651601,0.0,1,0,0.0,0.0,1.0,0.0,Low,0,Low Risk - Low Activity
28668576,0.0,1,0,0.0,0.0,1.0,0.0,Low,0,Low Risk - Low Activity
28680039,0.0,1,0,0.0,0.0,1.0,0.0,Low,0,Low Risk - Low Activity
28698496,0.0,1,0,0.0,1.0,0.0,0.0,Low,0,Low Risk - Low Activity
28731390,0.0,1,0,0.0,1.0,0.0,0.0,Low,0,Low Risk - Low Activity
28734072,0.0,1,0,0.0,0.0,1.0,0.0,Low,0,Low Risk - Low Activity
28735204,0.0,1,0,0.0,0.0,1.0,0.0,Low,0,Low Risk - Low Activity
28742122,0.0,1,0,0.0,1.0,0.0,0.0,Low,0,Low Risk - Low Activity
28745416,0.0,1,0,0.0,0.0,1.0,0.0,Low,0,Low Risk - Low Activity
28754474,0.0,1,0,0.0,1.0,0.0,0.0,Low,0,Low Risk - Low Activity
28758167,0.0,1,0,0.0,1.0,0.0,0.0,Low,0,Low Risk - Low Activity
28758266,0.0,1,0,0.0,0.0,1.0,0.0,Low,0,Low Risk - Low Activity
28763334,0.0,1,0,0.0,1.0,0.0,0.0,Low,0,Low Risk - Low Activity
28767968,0.0,1,0,0.0,1.0,0.0,0.0,Low,0,Low Risk - Low Activity
28778769,0.0,1,0,0.0,0.0,1.0,0.0,Low,0,Low Risk - Low Activity
28796323,0.0,1,0,0.0,0.0,1.0,0.0,Low,0,Low Risk - Low Activity
28797414,0.0,1,0,0.0,1.0,0.0,0.0,Low,0,Low Risk - Low Activity
28801073,0.0,1,0,0.0,0.0,1.0,0.0,Low,0,Low Risk - Low Activity
28813099,0.0,1,0,0.0,1.0,0.0,0.0,Low,0,Low Risk - Low Activity
28813566,0.0,1,0,0.0,1.0,0.0,0.0,Low,0,Low Risk - Low Activity
28818535,0.0,1,0,0.0,0.0,1.0,0.0,Low,0,Low Risk - Low Activity
28849152,0.0,1,0,0.0,1.0,0.0,0.0,Low,0,Low Risk - Low Activity
28858110,0.0,1,0,0.0,0.0,1.0,0.0,Low,0,Low Risk - Low Activity
28870050,0.0,1,0,0.0,0.0,1.0,0.0,Low,0,Low Risk - Low Activity
28876212,0.0,1,0,0.0,0.0,1.0,0.0,Low,0,Low Risk - Low Activity
28876881,0.0,1,0,0.0,0.0,1.0,0.0,Low,0,Low Risk - Low Activity
28884714,0.0,1,0,0.0,0.0,1.0,0.0,Low,0,Low Risk - Low Activity
28888549,0.0,1,0,0.0,1.0,0.0,0.0,Low,0,Low Risk - Low Activity
28900012,0.0,1,0,0.0,1.0,0.0,0.0,Low,0,Low Risk - Low Activity
28901421,0.0,1,0,0.0,1.0,0.0,0.0,Low,0,Low Risk - Low Activity
28928254,0.0,1,0,0.0,0.0,1.0,0.0,Low,0,Low Risk - Low Activity
28932461,0.0,1,0,0.0,0.0,1.0,0.0,Low,0,Low Risk - Low Activity
28935854,0.0,1,0,0.0,0.0,1.0,0.0,Low,0,Low Risk - Low Activity
28936767,0.0,1,0,0.0,1.0,0.0,0.0,Low,0,Low Risk - Low Activity
28937858,0.0,1,0,0.0,0.0,1.0,0.0,Low,0,Low Risk - Low Activity
28993400,0.0,1,0,0.0,0.0,1.0,0.0,Low,0,Low Risk - Low Activity
29001100,0.0,1,0,0.0,0.0,1.0,0.0,Low,0,Low Risk - Low Activity
29010377,0.0,1,0,0.0,0.0,1.0,0.0,Low,0,Low Risk - Low Activity
29012972,0.0,1,0,0.0,0.0,1.0,0.0,Low,0,Low Risk - Low Activity
29016260,0.0,1,0,0.0,0.0,1.0,0.0,Low,0,Low Risk - Low Activity
29031893,0.0,1,0,0.0,0.0,1.0,0.0,Low,0,Low Risk - Low Activity
29035559,0.0,1,0,0.0,0.0,1.0,0.0,Low,0,Low Risk - Low Activity
29040703,0.0,1,0,0.0,0.0,1.0,0.0,Low,0,Low Risk - Low Activity
29044564,0.0,1,0,0.0,0.0,1.0,0.0,Low,0,Low Risk - Low Activity
29052743,0.0,1,0,0.0,0.0,1.0,0.0,Low,0,Low Risk - Low Activity
29069731,0.0,1,0,0.0,0.0,1.0,0.0,Low,0,Low Risk - Low Activity
29072212,0.0,1,0,0.0,0.0,1.0,0.0,Low,0,Low Risk - Low Activity
29080065,0.0,1,0,0.0,0.0,1.0,0.0,Low,0,Low Risk - Low Activity
29086614,0.0,1,0,0.0,0.0,1.0,0.0,Low,0,Low Risk - Low Activity
29087850,0.0,1,0,0.0,0.0,1.0,0.0,Low,0,Low Risk - Low Activity
29094299,0.0,1,0,0.0,0.0,1.0,0.0,Low,0,Low Risk - Low Activity
29110743,0.0,1,0,0.0,1.0,0.0,0.0,Low,0,Low Risk - Low Activity
29119937,0.0,1,0,0.0,0.0,1.0,0.0,Low,0,Low Risk - Low Activity
29129887,0.0,1,0,0.0,1.0,0.0,0.0,Low,0,Low Risk - Low Activity
29143979,0.0,1,0,0.0,1.0,0.0,0.0,Low,0,Low Risk - Low Activity
29182048,0.0,1,0,0.0,0.0,1.0,0.0,Low,0,Low Risk - Low Activity
29183108,0.0,1,0,0.0,0.0,1.0,0.0,Low,0,Low Risk - Low Activity
29217135,0.0,1,0,0.0,0.0,1.0,0.0,Low,0,Low Risk - Low Activity
29220701,0.0,1,0,0.0,0.0,1.0,0.0,Low,0,Low Risk - Low Activity
29228103,0.0,1,0,0.0,1.0,0.0,0.0,Low,0,Low Risk - Low Activity
29244643,0.0,1,0,0.0,1.0,0.0,0.0,Low,0,Low Risk - Low Activity
29257524,0.0,1,0,0.0,1.0,0.0,0.0,Low,0,Low Risk - Low Activity
29261328,0.0,1,0,0.0,1.0,0.0,0.0,Low,0,Low Risk - Low Activity
29274490,0.0,1,0,0.0,0.0,1.0,0.0,Low,0,Low Risk - Low Activity
29282123,0.0,1,0,0.0,1.0,0.0,0.0,Low,0,Low Risk - Low Activity
29295361,0.0,1,0,0.0,1.0,0.0,0.0,Low,0,Low Risk - Low Activity
29304798,0.0,1,0,0.0,1.0,0.0,0.0,Low,0,Low Risk - Low Activity
29312838,0.0,1,0,0.0,1.0,0.0,0.0,Low,0,Low Risk - Low Activity
29313286,0.0,1,0,0.0,1.0,0.0,0.0,Low,0,Low Risk - Low Activity
29338682,0.0,1,0,0.0,1.0,0.0,0.0,Low,0,Low Risk - Low Activity
29350440,0.0,1,0,0.0,0.0,1.0,0.0,Low,0,Low Risk - Low Activity
29352700,0.0,1,0,0.0,1.0,0.0,0.0,Low,0,Low Risk - Low Activity
29356190,0.0,1,0,0.0,0.0,1.0,0.0,Low,0,Low Risk - Low Activity
29359063,0.0,1,0,0.0,0.0,1.0,0.0,Low,0,Low Risk - Low Activity
29375659,0.0,1,0,0.0,0.0,1.0,0.0,Low,0,Low Risk - Low Activity
29400299,0.0,1,0,0.0,0.0,1.0,0.0,Low,0,Low Risk - Low Activity
29426402,0.0,1,0,0.0,1.0,0.0,0.0,Low,0,Low Risk - Low Activity
29429749,0.0,1,0,0.0,0.0,1.0,0.0,Low,0,Low Risk - Low Activity
29432224,0.0,1,0,0.0,0.0,1.0,0.0,Low,0,Low Risk - Low Activity
29465408,0.0,1,0,0.0,0.0,1.0,0.0,Low,0,Low Risk - Low Activity
29467512,0.0,1,0,0.0,1.0,0.0,0.0,Low,0,Low Risk - Low Activity
29468035,0.0,1,0,0.0,0.0,1.0,0.0,Low,0,Low Risk - Low Activity
29468680,0.0,1,0,0.0,1.0,0.0,0.0,Low,0,Low Risk - Low Activity
29470480,0.0,1,0,0.0,0.0,1.0,0.0,Low,0,Low Risk - Low Activity
29484207,0.0,1,0,0.0,0.0,1.0,0.0,Low,0,Low Risk - Low Activity
29495426,0.0,1,0,0.0,0.0,1.0,0.0,Low,0,Low Risk - Low Activity
29513324,0.0,1,0,0.0,0.0,1.0,0.0,Low,0,Low Risk - Low Activity
29522943,0.0,1,0,0.0,1.0,0.0,0.0,Low,0,Low Risk - Low Activity
29526826,0.0,1,0,0.0,0.0,1.0,0.0,Low,0,Low Risk - Low Activity
29529892,0.0,1,0,0.0,0.0,1.0,0.0,Low,0,Low Risk - Low Activity
29538206,0.0,1,0,0.0,1.0,0.0,0.0,Low,0,Low Risk - Low Activity
29548875,0.0,1,0,0.0,0.0,1.0,0.0,Low,0,Low Risk - Low Activity
29558375,0.0,1,0,0.0,0.0,1.0,0.0,Low,0,Low Risk - Low Activity
29558981,0.0,1,0,0.0,0.0,1.0,0.0,Low,0,Low Risk - Low Activity
29603167,0.0,1,0,0.0,0.0,1.0,0.0,Low,0,Low Risk - Low Activity
29624508,0.0,1,0,0.0,0.0,1.0,0.0,Low,0,Low Risk - Low Activity
29626834,0.0,1,0,0.0,1.0,0.0,0.0,Low,0,Low Risk - Low Activity
29630567,0.0,1,0,0.0,0.0,1.0,0.0,Low,0,Low Risk - Low Activity
29633845,0.0,1,0,0.0,0.0,1.0,0.0,Low,0,Low Risk - Low Activity
29639950,0.0,1,0,0.0,0.0,1.0,0.0,Low,0,Low Risk - Low Activity
29641079,0.0,1,0,0.0,0.0,1.0,0.0,Low,0,Low Risk - Low Activity
29665873,0.0,1,0,0.0,1.0,0.0,0.0,Low,0,Low Risk - Low Activity
29680184,0.0,1,0,0.0,0.0,1.0,0.0,Low,0,Low Risk - Low Activity
29690393,0.0,1,0,0.0,0.0,1.0,0.0,Low,0,Low Risk - Low Activity
29690829,0.0,1,0,0.0,0.0,1.0,0.0,Low,0,Low Risk - Low Activity
29700135,0.0,1,0,0.0,0.0,1.0,0.0,Low,0,Low Risk - Low Activity
29711518,0.0,1,0,0.0,1.0,0.0,0.0,Low,0,Low Risk - Low Activity
29733257,0.0,1,0,0.0,1.0,0.0,0.0,Low,0,Low Risk - Low Activity
29742984,0.0,1,0,0.0,0.0,1.0,0.0,Low,0,Low Risk - Low Activity
29743588,0.0,1,0,0.0,0.0,1.0,0.0,Low,0,Low Risk - Low Activity
29748463,0.0,1,0,0.0,1.0,0.0,0.0,Low,0,Low Risk - Low Activity
29751385,0.0,1,0,0.0,0.0,1.0,0.0,Low,0,Low Risk - Low Activity
29753667,0.0,1,0,0.0,0.0,1.0,0.0,Low,0,Low Risk - Low Activity
29754230,0.0,1,0,0.0,0.0,1.0,0.0,Low,0,Low Risk - Low Activity
29761346,0.0,1,0,0.0,1.0,0.0,0.0,Low,0,Low Risk - Low Activity
29761958,0.0,1,0,0.0,0.0,1.0,0.0,Low,0,Low Risk - Low Activity
29773453,0.0,1,0,0.0,0.0,1.0,0.0,Low,0,Low Risk - Low Activity
29800324,0.0,1,0,0.0,1.0,0.0,0.0,Low,0,Low Risk - Low Activity
29804175,0.0,1,0,0.0,0.0,1.0,0.0,Low,0,Low Risk - Low Activity
29818547,0.0,1,0,0.0,1.0,0.0,0.0,Low,0,Low Risk - Low Activity
29818789,0.0,1,0,0.0,0.0,1.0,0.0,Low,0,Low Risk - Low Activity
29824277,0.0,1,0,0.0,0.0,1.0,0.0,Low,0,Low Risk - Low Activity
29829787,0.0,1,0,0.0,1.0,0.0,0.0,Low,0,Low Risk - Low Activity
29841111,0.0,1,0,0.0,0.0,1.0,0.0,Low,0,Low Risk - Low Activity
29844437,0.0,1,0,0.0,1.0,0.0,0.0,Low,0,Low Risk - Low Activity
29844539,0.0,1,0,0.0,0.0,1.0,0.0,Low,0,Low Risk - Low Activity
29849433,0.0,1,0,0.0,0.0,1.0,0.0,Low,0,Low Risk - Low Activity
29850088,0.0,1,0,0.0,1.0,0.0,0.0,Low,0,Low Risk - Low Activity
29873771,0.0,1,0,0.0,0.0,1.0,0.0,Low,0,Low Risk - Low Activity
29881350,0.0,1,0,0.0,1.0,0.0,0.0,Low,0,Low Risk - Low Activity
29883990,0.0,1,0,0.0,0.0,1.0,0.0,Low,0,Low Risk - Low Activity
29890106,0.0,1,0,0.0,0.0,1.0,0.0,Low,0,Low Risk - Low Activity
29912449,0.0,1,0,0.0,1.0,0.0,0.0,Low,0,Low Risk - Low Activity
29936280,0.0,1,0,0.0,0.0,1.0,0.0,Low,0,Low Risk - Low Activity
29965211,0.0,1,0,0.0,0.0,1.0,0.0,Low,0,Low Risk - Low Activity
30000621,0.0,1,0,0.0,1.0,0.0,0.0,Low,0,Low Risk - Low Activity
30003962,0.0,1,0,0.0,1.0,0.0,0.0,Low,0,Low Risk - Low Activity
30012753,0.0,1,0,0.0,0.0,1.0,0.0,Low,0,Low Risk - Low Activity
30018414,0.0,1,0,0.0,0.0,1.0,0.0,Low,0,Low Risk - Low Activity
30038025,0.0,1,0,0.0,1.0,0.0,0.0,Low,0,Low Risk - Low Activity
30053998,0.0,1,0,0.0,0.0,1.0,0.0,Low,0,Low Risk - Low Activity
30081014,0.0,1,0,0.0,0.0,1.0,0.0,Low,0,Low Risk - Low Activity
30081784,0.0,1,0,0.0,1.0,0.0,0.0,Low,0,Low Risk - Low Activity
30082759,0.0,1,0,0.0,0.0,1.0,0.0,Low,0,Low Risk - Low Activity
30090407,0.0,1,0,0.0,0.0,1.0,0.0,Low,0,Low Risk - Low Activity
30093345,0.0,1,0,0.0,1.0,0.0,0.0,Low,0,Low Risk - Low Activity
30103919,0.0,1,0,0.0,0.0,1.0,0.0,Low,0,Low Risk - Low Activity
30105373,0.0,1,0,0.0,1.0,0.0,0.0,Low,0,Low Risk - Low Activity
30107596,0.0,1,0,0.0,1.0,0.0,0.0,Low,0,Low Risk - Low Activity
30116175,0.0,1,0,0.0,0.0,1.0,0.0,Low,0,Low Risk - Low Activity
30118197,0.0,1,0,0.0,0.0,1.0,0.0,Low,0,Low Risk - Low Activity
30130452,0.0,1,0,0.0,0.0,1.0,0.0,Low,0,Low Risk - Low Activity
30131808,0.0,1,0,0.0,1.0,0.0,0.0,Low,0,Low Risk - Low Activity
30132584,0.0,1,0,0.0,0.0,1.0,0.0,Low,0,Low Risk - Low Activity
30136723,0.0,1,0,0.0,1.0,0.0,0.0,Low,0,Low Risk - Low Activity
30151338,0.0,1,0,0.0,1.0,0.0,0.0,Low,0,Low Risk - Low Activity
30176390,0.0,1,0,0.0,1.0,0.0,0.0,Low,0,Low Risk - Low Activity
30186984,0.0,1,0,0.0,1.0,0.0,0.0,Low,0,Low Risk - Low Activity
30198416,0.0,1,0,0.0,1.0,0.0,0.0,Low,0,Low Risk - Low Activity
30209329,0.0,1,0,0.0,1.0,0.0,0.0,Low,0,Low Risk - Low Activity
30232437,0.0,1,0,0.0,1.0,0.0,0.0,Low,0,Low Risk - Low Activity
30233343,0.0,1,0,0.0,0.0,1.0,0.0,Low,0,Low Risk - Low Activity
30241562,0.0,1,0,0.0,0.0,1.0,0.0,Low,0,Low Risk - Low Activity
30251806,0.0,1,0,0.0,1.0,0.0,0.0,Low,0,Low Risk - Low Activity
30280032,0.0,1,0,0.0,1.0,0.0,0.0,Low,0,Low Risk - Low Activity
30280986,0.0,1,0,0.0,1.0,0.0,0.0,Low,0,Low Risk - Low Activity
30292989,0.0,1,0,0.0,0.0,1.0,0.0,Low,0,Low Risk - Low Activity
30293086,0.0,1,0,0.0,0.0,1.0,0.0,Low,0,Low Risk - Low Activity
30293777,0.0,1,0,0.0,0.0,1.0,0.0,Low,0,Low Risk - Low Activity
30301754,0.0,1,0,0.0,0.0,1.0,0.0,Low,0,Low Risk - Low Activity
30311049,0.0,1,0,0.0,0.0,1.0,0.0,Low,0,Low Risk - Low Activity
30314935,0.0,1,0,0.0,1.0,0.0,0.0,Low,0,Low Risk - Low Activity
30323780,0.0,1,0,0.0,1.0,0.0,0.0,Low,0,Low Risk - Low Activity
30334311,0.0,1,0,0.0,1.0,0.0,0.0,Low,0,Low Risk - Low Activity
30334614,0.0,1,0,0.0,1.0,0.0,0.0,Low,0,Low Risk - Low Activity
30344870,0.0,1,0,0.0,0.0,1.0,0.0,Low,0,Low Risk - Low Activity
30353473,0.0,1,0,0.0,1.0,0.0,0.0,Low,0,Low Risk - Low Activity
30359020,0.0,1,0,0.0,1.0,0.0,0.0,Low,0,Low Risk - Low Activity
30360709,0.0,1,0,0.0,0.0,1.0,0.0,Low,0,Low Risk - Low Activity
30362178,0.0,1,0,0.0,0.0,1.0,0.0,Low,0,Low Risk - Low Activity
30382646,0.0,1,0,0.0,1.0,0.0,0.0,Low,0,Low Risk - Low Activity
30384861,0.0,1,0,0.0,0.0,1.0,0.0,Low,0,Low Risk - Low Activity
30396014,0.0,1,0,0.0,0.0,1.0,0.0,Low,0,Low Risk - Low Activity
30403375,0.0,1,0,0.0,0.0,1.0,0.0,Low,0,Low Risk - Low Activity
30417233,0.0,1,0,0.0,1.0,0.0,0.0,Low,0,Low Risk - Low Activity
30417832,0.0,1,0,0.0,1.0,0.0,0.0,Low,0,Low Risk - Low Activity
30421091,0.0,1,0,0.0,0.0,1.0,0.0,Low,0,Low Risk - Low Activity
30433493,0.0,1,0,0.0,0.0,1.0,0.0,Low,0,Low Risk - Low Activity
30452362,0.0,1,0,0.0,1.0,0.0,0.0,Low,0,Low Risk - Low Activity
30458342,0.0,1,0,0.0,0.0,1.0,0.0,Low,0,Low Risk - Low Activity
30460720,0.0,1,0,0.0,0.0,1.0,0.0,Low,0,Low Risk - Low Activity
30466410,0.0,1,0,0.0,0.0,1.0,0.0,Low,0,Low Risk - Low Activity
30466765,0.0,1,0,0.0,0.0,1.0,0.0,Low,0,Low Risk - Low Activity
30470033,0.0,1,0,0.0,1.0,0.0,0.0,Low,0,Low Risk - Low Activity
30478821,0.0,1,0,0.0,0.0,1.0,0.0,Low,0,Low Risk - Low Activity
30482046,0.0,1,0,0.0,1.0,0.0,0.0,Low,0,Low Risk - Low Activity
30490924,0.0,1,0,0.0,1.0,0.0,0.0,Low,0,Low Risk - Low Activity
30493381,0.0,1,0,0.0,1.0,0.0,0.0,Low,0,Low Risk - Low Activity
30503449,0.0,1,0,0.0,1.0,0.0,0.0,Low,0,Low Risk - Low Activity
30512410,0.0,1,0,0.0,0.0,1.0,0.0,Low,0,Low Risk - Low Activity
30517592,0.0,1,0,0.0,0.0,1.0,0.0,Low,0,Low Risk - Low Activity
30518148,0.0,1,0,0.0,0.0,1.0,0.0,Low,0,Low Risk - Low Activity
30523327,0.0,1,0,0.0,0.0,1.0,0.0,Low,0,Low Risk - Low Activity
30528271,0.0,1,0,0.0,1.0,0.0,0.0,Low,0,Low Risk - Low Activity
30550003,0.0,1,0,0.0,0.0,1.0,0.0,Low,0,Low Risk - Low Activity
30563709,0.0,1,0,0.0,0.0,1.0,0.0,Low,0,Low Risk - Low Activity
30571889,0.0,1,0,0.0,1.0,0.0,0.0,Low,0,Low Risk - Low Activity
30577105,0.0,1,0,0.0,0.0,1.0,0.0,Low,0,Low Risk - Low Activity
30591157,0.0,1,0,0.0,1.0,0.0,0.0,Low,0,Low Risk - Low Activity
30593457,0.0,1,0,0.0,1.0,0.0,0.0,Low,0,Low Risk - Low Activity
30603632,0.0,1,0,0.0,1.0,0.0,0.0,Low,0,Low Risk - Low Activity
30611988,0.0,1,0,0.0,0.0,1.0,0.0,Low,0,Low Risk - Low Activity
30613250,0.0,1,0,0.0,0.0,1.0,0.0,Low,0,Low Risk - Low Activity
30614603,0.0,1,0,0.0,1.0,0.0,0.0,Low,0,Low Risk - Low Activity
30614808,0.0,1,0,0.0,1.0,0.0,0.0,Low,0,Low Risk - Low Activity
30642731,0.0,1,0,0.0,0.0,1.0,0.0,Low,0,Low Risk - Low Activity
30643880,0.0,1,0,0.0,0.0,1.0,0.0,Low,0,Low Risk - Low Activity
30646011,0.0,1,0,0.0,0.0,1.0,0.0,Low,0,Low Risk - Low Activity
30648271,0.0,1,0,0.0,1.0,0.0,0.0,Low,0,Low Risk - Low Activity
30648863,0.0,1,0,0.0,0.0,1.0,0.0,Low,0,Low Risk - Low Activity
30658957,0.0,1,0,0.0,1.0,0.0,0.0,Low,0,Low Risk - Low Activity
30664079,0.0,1,0,0.0,1.0,0.0,0.0,Low,0,Low Risk - Low Activity
30682522,0.0,1,0,0.0,1.0,0.0,0.0,Low,0,Low Risk - Low Activity
30714595,0.0,1,0,0.0,1.0,0.0,0.0,Low,0,Low Risk - Low Activity
30763325,0.0,1,0,0.0,1.0,0.0,0.0,Low,0,Low Risk - Low Activity
30780277,0.0,1,0,0.0,1.0,0.0,0.0,Low,0,Low Risk - Low Activity
30788249,0.0,1,0,1.0,0.0,0.0,0.0,Low,1,Low Risk - Low Activity
30790275,0.0,1,0,0.0,0.0,1.0,0.0,Low,0,Low Risk - Low Activity
30824787,0.0,1,0,0.0,0.0,1.0,0.0,Low,0,Low Risk - Low Activity
30825803,0.0,1,0,0.0,0.0,1.0,0.0,Low,0,Low Risk - Low Activity
30862322,0.0,1,0,0.0,0.0,1.0,0.0,Low,0,Low Risk - Low Activity
30881780,0.0,1,0,0.0,0.0,1.0,0.0,Low,0,Low Risk - Low Activity
30889105,0.0,1,0,1.0,0.0,0.0,0.0,Low,1,Low Risk - Low Activity
30914306,0.0,1,0,0.0,0.0,1.0,0.0,Low,0,Low Risk - Low Activity
30916434,0.0,1,0,0.0,1.0,0.0,0.0,Low,0,Low Risk - Low Activity
30927048,0.0,1,0,0.0,1.0,0.0,0.0,Low,0,Low Risk - Low Activity
30931611,0.0,1,0,0.0,1.0,0.0,0.0,Low,0,Low Risk - Low Activity
30941307,0.0,1,0,0.0,1.0,0.0,0.0,Low,0,Low Risk - Low Activity
30946984,0.0,1,0,0.0,0.0,1.0,0.0,Low,0,Low Risk - Low Activity
30952585,0.0,1,0,0.0,0.0,1.0,0.0,Low,0,Low Risk - Low Activity
30971362,0.0,1,0,0.0,0.0,1.0,0.0,Low,0,Low Risk - Low Activity
30992681,0.0,1,0,0.0,0.0,1.0,0.0,Low,0,Low Risk - Low Activity
30996070,0.0,1,0,0.0,0.0,1.0,0.0,Low,0,Low Risk - Low Activity
31003797,0.0,1,0,0.0,0.0,1.0,0.0,Low,0,Low Risk - Low Activity
31009754,0.0,1,0,0.0,1.0,0.0,0.0,Low,0,Low Risk - Low Activity
31017855,0.0,1,0,0.0,1.0,0.0,0.0,Low,0,Low Risk - Low Activity
31025542,0.0,1,0,0.0,0.0,1.0,0.0,Low,0,Low Risk - Low Activity
31035422,0.0,1,0,0.0,0.0,1.0,0.0,Low,0,Low Risk - Low Activity
31037415,0.0,1,0,0.0,0.0,1.0,0.0,Low,0,Low Risk - Low Activity
31041458,0.0,1,0,0.0,0.0,1.0,0.0,Low,0,Low Risk - Low Activity
31041527,0.0,1,0,0.0,0.0,1.0,0.0,Low,0,Low Risk - Low Activity
31047294,0.0,1,0,0.0,0.0,1.0,0.0,Low,0,Low Risk - Low Activity
31055582,0.0,1,0,0.0,0.0,1.0,0.0,Low,0,Low Risk - Low Activity
31058448,0.0,1,0,0.0,0.0,1.0,0.0,Low,0,Low Risk - Low Activity
31075781,0.0,1,0,0.0,0.0,1.0,0.0,Low,0,Low Risk - Low Activity
31098494,0.0,1,0,0.0,0.0,1.0,0.0,Low,0,Low Risk - Low Activity
31102152,0.0,1,0,0.0,1.0,0.0,0.0,Low,0,Low Risk - Low Activity
31102843,0.0,1,0,0.0,0.0,1.0,0.0,Low,0,Low Risk - Low Activity
31115537,0.0,1,0,0.0,1.0,0.0,0.0,Low,0,Low Risk - Low Activity
31132691,0.0,1,0,0.0,0.0,1.0,0.0,Low,0,Low Risk - Low Activity
31143490,0.0,1,0,0.0,1.0,0.0,0.0,Low,0,Low Risk - Low Activity
31147078,0.0,1,0,0.0,1.0,0.0,0.0,Low,0,Low Risk - Low Activity
31153504,0.0,1,0,0.0,0.0,1.0,0.0,Low,0,Low Risk - Low Activity
31171758,0.0,1,0,0.0,1.0,0.0,0.0,Low,0,Low Risk - Low Activity
31174784,0.0,1,0,0.0,1.0,0.0,0.0,Low,0,Low Risk - Low Activity
31183369,0.0,1,0,0.0,1.0,0.0,0.0,Low,0,Low Risk - Low Activity
31192221,0.0,1,0,0.0,1.0,0.0,0.0,Low,0,Low Risk - Low Activity
31204898,0.0,1,0,0.0,1.0,0.0,0.0,Low,0,Low Risk - Low Activity
31205361,0.0,1,0,0.0,0.0,1.0,0.0,Low,0,Low Risk - Low Activity
31209283,0.0,1,0,0.0,1.0,0.0,0.0,Low,0,Low Risk - Low Activity
31224611,0.0,1,0,0.0,0.0,1.0,0.0,Low,0,Low Risk - Low Activity
31228984,0.0,1,0,0.0,0.0,1.0,0.0,Low,0,Low Risk - Low Activity
31246922,0.0,1,0,0.0,1.0,0.0,0.0,Low,0,Low Risk - Low Activity
31251374,0.0,1,0,0.0,1.0,0.0,0.0,Low,0,Low Risk - Low Activity
31260061,0.0,1,0,0.0,0.0,1.0,0.0,Low,0,Low Risk - Low Activity
31267829,0.0,1,0,0.0,0.0,1.0,0.0,Low,0,Low Risk - Low Activity
31299804,0.0,1,0,0.0,1.0,0.0,0.0,Low,0,Low Risk - Low Activity
31301535,0.0,1,0,0.0,0.0,1.0,0.0,Low,0,Low Risk - Low Activity
31301613,0.0,1,0,0.0,1.0,0.0,0.0,Low,0,Low Risk - Low Activity
31316688,0.0,1,0,0.0,0.0,1.0,0.0,Low,0,Low Risk - Low Activity
31318983,0.0,1,0,0.0,0.0,1.0,0.0,Low,0,Low Risk - Low Activity
31345885,0.0,1,0,0.0,1.0,0.0,0.0,Low,0,Low Risk - Low Activity
31354492,0.0,1,0,0.0,1.0,0.0,0.0,Low,0,Low Risk - Low Activity
31356412,0.0,1,0,0.0,0.0,1.0,0.0,Low,0,Low Risk - Low Activity
31397389,0.0,1,0,0.0,1.0,0.0,0.0,Low,0,Low Risk - Low Activity
31398056,0.0,1,0,0.0,1.0,0.0,0.0,Low,0,Low Risk - Low Activity
31413363,0.0,1,0,0.0,1.0,0.0,0.0,Low,0,Low Risk - Low Activity
31425410,0.0,1,0,0.0,0.0,1.0,0.0,Low,0,Low Risk - Low Activity
31440015,0.0,1,0,0.0,0.0,1.0,0.0,Low,0,Low Risk - Low Activity
31442070,0.0,1,0,0.0,0.0,1.0,0.0,Low,0,Low Risk - Low Activity
31443396,0.0,1,0,0.0,0.0,1.0,0.0,Low,0,Low Risk - Low Activity
31455387,0.0,1,0,0.0,0.0,1.0,0.0,Low,0,Low Risk - Low Activity
31476465,0.0,1,0,0.0,1.0,0.0,0.0,Low,0,Low Risk - Low Activity
31480645,0.0,1,0,0.0,0.0,1.0,0.0,Low,0,Low Risk - Low Activity
31502338,0.0,1,0,0.0,1.0,0.0,0.0,Low,0,Low Risk - Low Activity
31514890,0.0,1,0,0.0,1.0,0.0,0.0,Low,0,Low Risk - Low Activity
31520303,0.0,1,0,0.0,0.0,1.0,0.0,Low,0,Low Risk - Low Activity
31523843,0.0,1,0,0.0,0.0,1.0,0.0,Low,0,Low Risk - Low Activity
31550599,0.0,1,0,0.0,0.0,1.0,0.0,Low,0,Low Risk - Low Activity
31557893,0.0,1,0,0.0,0.0,1.0,0.0,Low,0,Low Risk - Low Activity
31595770,0.0,1,0,0.0,0.0,1.0,0.0,Low,0,Low Risk - Low Activity
31612102,0.0,1,0,0.0,0.0,1.0,0.0,Low,0,Low Risk - Low Activity
31612584,0.0,1,0,0.0,1.0,0.0,0.0,Low,0,Low Risk - Low Activity
31620180,0.0,1,0,0.0,1.0,0.0,0.0,Low,0,Low Risk - Low Activity
31621054,0.0,1,0,0.0,1.0,0.0,0.0,Low,0,Low Risk - Low Activity
31625712,0.0,1,0,0.0,0.0,1.0,0.0,Low,0,Low Risk - Low Activity
31630495,0.0,1,0,0.0,1.0,0.0,0.0,Low,0,Low Risk - Low Activity
31634457,0.0,1,0,0.0,0.0,1.0,0.0,Low,0,Low Risk - Low Activity
31639238,0.0,1,0,0.0,0.0,1.0,0.0,Low,0,Low Risk - Low Activity
31640123,0.0,1,0,0.0,1.0,0.0,0.0,Low,0,Low Risk - Low Activity
31642806,0.0,1,0,0.0,1.0,0.0,0.0,Low,0,Low Risk - Low Activity
31645676,0.0,1,0,0.0,1.0,0.0,0.0,Low,0,Low Risk - Low Activity
31656429,0.0,1,0,0.0,0.0,1.0,0.0,Low,0,Low Risk - Low Activity
31659782,0.0,1,0,0.0,0.0,1.0,0.0,Low,0,Low Risk - Low Activity
31662749,0.0,1,0,0.0,0.0,1.0,0.0,Low,0,Low Risk - Low Activity
31665259,0.0,1,0,0.0,0.0,1.0,0.0,Low,0,Low Risk - Low Activity
31672044,0.0,1,0,0.0,0.0,1.0,0.0,Low,0,Low Risk - Low Activity
31703738,0.0,1,0,0.0,1.0,0.0,0.0,Low,0,Low Risk - Low Activity
31708480,0.0,1,0,0.0,1.0,0.0,0.0,Low,0,Low Risk - Low Activity
31714090,0.0,1,0,0.0,0.0,1.0,0.0,Low,0,Low Risk - Low Activity
31728460,0.0,1,0,0.0,0.0,1.0,0.0,Low,0,Low Risk - Low Activity
31740457,0.0,1,0,0.0,0.0,1.0,0.0,Low,0,Low Risk - Low Activity
31757239,0.0,1,0,0.0,1.0,0.0,0.0,Low,0,Low Risk - Low Activity
31765920,0.0,1,0,0.0,1.0,0.0,0.0,Low,0,Low Risk - Low Activity
31778653,0.0,1,0,1.0,0.0,0.0,0.0,Low,1,Low Risk - Low Activity
31790423,0.0,1,0,0.0,0.0,1.0,0.0,Low,0,Low Risk - Low Activity
31798656,0.0,1,0,0.0,1.0,0.0,0.0,Low,0,Low Risk - Low Activity
31805910,0.0,1,0,0.0,0.0,1.0,0.0,Low,0,Low Risk - Low Activity
31806349,0.0,1,0,0.0,0.0,1.0,0.0,Low,0,Low Risk - Low Activity
31816061,0.0,1,0,0.0,1.0,0.0,0.0,Low,0,Low Risk - Low Activity
31821116,0.0,1,0,0.0,0.0,1.0,0.0,Low,0,Low Risk - Low Activity
31827397,0.0,1,0,0.0,0.0,1.0,0.0,Low,0,Low Risk - Low Activity
31840618,0.0,1,0,0.0,0.0,1.0,0.0,Low,0,Low Risk - Low Activity
31847798,0.0,1,0,0.0,1.0,0.0,0.0,Low,0,Low Risk - Low Activity
31849077,0.0,1,0,0.0,0.0,1.0,0.0,Low,0,Low Risk - Low Activity
31854074,0.0,1,0,0.0,0.0,1.0,0.0,Low,0,Low Risk - Low Activity
31864704,0.0,1,0,0.0,0.0,1.0,0.0,Low,0,Low Risk - Low Activity
31872704,0.0,1,0,0.0,1.0,0.0,0.0,Low,0,Low Risk - Low Activity
31877434,0.0,1,0,0.0,1.0,0.0,0.0,Low,0,Low Risk - Low Activity
31880665,0.0,1,0,0.0,0.0,1.0,0.0,Low,0,Low Risk - Low Activity
31886882,0.0,1,0,1.0,0.0,0.0,0.0,Low,1,Low Risk - Low Activity
31891068,0.0,1,0,0.0,0.0,1.0,0.0,Low,0,Low Risk - Low Activity
31896185,0.0,1,0,0.0,0.0,1.0,0.0,Low,0,Low Risk - Low Activity
31897418,0.0,1,0,0.0,0.0,1.0,0.0,Low,0,Low Risk - Low Activity
31912693,0.0,1,0,0.0,0.0,1.0,0.0,Low,0,Low Risk - Low Activity
31913607,0.0,1,0,1.0,0.0,0.0,0.0,Low,1,Low Risk - Low Activity
31914083,0.0,1,0,0.0,1.0,0.0,0.0,Low,0,Low Risk - Low Activity
31924547,0.0,1,0,0.0,0.0,1.0,0.0,Low,0,Low Risk - Low Activity
31931478,0.0,1,0,0.0,0.0,1.0,0.0,Low,0,Low Risk - Low Activity
31935811,0.0,1,0,0.0,0.0,1.0,0.0,Low,0,Low Risk - Low Activity
31936787,0.0,1,0,0.0,0.0,1.0,0.0,Low,0,Low Risk - Low Activity
31942451,0.0,1,0,0.0,0.0,1.0,0.0,Low,0,Low Risk - Low Activity
31942894,0.0,1,0,0.0,1.0,0.0,0.0,Low,0,Low Risk - Low Activity
31946603,0.0,1,0,0.0,1.0,0.0,0.0,Low,0,Low Risk - Low Activity
31952965,0.0,1,0,0.0,0.0,1.0,0.0,Low,0,Low Risk - Low Activity
31960733,0.0,1,0,0.0,0.0,1.0,0.0,Low,0,Low Risk - Low Activity
31962838,0.0,1,0,0.0,0.0,1.0,0.0,Low,0,Low Risk - Low Activity
31975416,0.0,1,0,0.0,0.0,1.0,0.0,Low,0,Low Risk - Low Activity
32013917,0.0,1,0,0.0,0.0,1.0,0.0,Low,0,Low Risk - Low Activity
32041363,0.0,1,0,0.0,0.0,1.0,0.0,Low,0,Low Risk - Low Activity
32042908,0.0,1,0,0.0,1.0,0.0,0.0,Low,0,Low Risk - Low Activity
32060560,0.0,1,0,0.0,0.0,1.0,0.0,Low,0,Low Risk - Low Activity
32072451,0.0,1,0,0.0,0.0,1.0,0.0,Low,0,Low Risk - Low Activity
32077500,0.0,1,0,0.0,0.0,1.0,0.0,Low,0,Low Risk - Low Activity
32078004,0.0,1,0,0.0,0.0,1.0,0.0,Low,0,Low Risk - Low Activity
32082982,0.0,1,0,0.0,0.0,1.0,0.0,Low,0,Low Risk - Low Activity
32085489,0.0,1,0,0.0,1.0,0.0,0.0,Low,0,Low Risk - Low Activity
32087542,0.0,1,0,1.0,0.0,0.0,0.0,Low,1,Low Risk - Low Activity
32090457,0.0,1,0,0.0,0.0,1.0,0.0,Low,0,Low Risk - Low Activity
32106033,0.0,1,0,0.0,0.0,1.0,0.0,Low,0,Low Risk - Low Activity
32106686,0.0,1,0,0.0,1.0,0.0,0.0,Low,0,Low Risk - Low Activity
32114860,0.0,1,0,0.0,1.0,0.0,0.0,Low,0,Low Risk - Low Activity
32126634,0.0,1,0,0.0,0.0,1.0,0.0,Low,0,Low Risk - Low Activity
32140256,0.0,1,0,0.0,1.0,0.0,0.0,Low,0,Low Risk - Low Activity
32145089,0.0,1,0,0.0,0.0,1.0,0.0,Low,0,Low Risk - Low Activity
32156424,0.0,1,0,0.0,1.0,0.0,0.0,Low,0,Low Risk - Low Activity
32168880,0.0,1,0,0.0,1.0,0.0,0.0,Low,0,Low Risk - Low Activity
32199552,0.0,1,0,0.0,0.0,1.0,0.0,Low,0,Low Risk - Low Activity
32203052,0.0,1,0,0.0,0.0,1.0,0.0,Low,0,Low Risk - Low Activity
32219652,0.0,1,0,0.0,0.0,1.0,0.0,Low,0,Low Risk - Low Activity
32230034,0.0,1,0,0.0,1.0,0.0,0.0,Low,0,Low Risk - Low Activity
32248864,0.0,1,0,0.0,0.0,1.0,0.0,Low,0,Low Risk - Low Activity
32248888,0.0,1,0,0.0,0.0,1.0,0.0,Low,0,Low Risk - Low Activity
32249289,0.0,1,0,0.0,1.0,0.0,0.0,Low,0,Low Risk - Low Activity
32252262,0.0,1,0,0.0,0.0,1.0,0.0,Low,0,Low Risk - Low Activity
32262643,0.0,1,0,0.0,0.0,1.0,0.0,Low,0,Low Risk - Low Activity
32274024,0.0,1,0,0.0,0.0,1.0,0.0,Low,0,Low Risk - Low Activity
32281821,0.0,1,0,0.0,0.0,1.0,0.0,Low,0,Low Risk - Low Activity
32285010,0.0,1,0,0.0,1.0,0.0,0.0,Low,0,Low Risk - Low Activity
32289017,0.0,1,0,0.0,0.0,1.0,0.0,Low,0,Low Risk - Low Activity
32302857,0.0,1,0,0.0,0.0,1.0,0.0,Low,0,Low Risk - Low Activity
32320848,0.0,1,0,0.0,0.0,1.0,0.0,Low,0,Low Risk - Low Activity
32338972,0.0,1,0,0.0,0.0,1.0,0.0,Low,0,Low Risk - Low Activity
32339258,0.0,1,0,0.0,1.0,0.0,0.0,Low,0,Low Risk - Low Activity
32357615,0.0,1,0,0.0,1.0,0.0,0.0,Low,0,Low Risk - Low Activity
32361860,0.0,1,0,0.0,1.0,0.0,0.0,Low,0,Low Risk - Low Activity
32366285,0.0,1,0,0.0,0.0,1.0,0.0,Low,0,Low Risk - Low Activity
32372645,0.0,1,0,0.0,0.0,1.0,0.0,Low,0,Low Risk - Low Activity
32373038,0.0,1,0,0.0,0.0,1.0,0.0,Low,0,Low Risk - Low Activity
32402894,0.0,1,0,0.0,1.0,0.0,0.0,Low,0,Low Risk - Low Activity
32412325,0.0,1,0,0.0,0.0,1.0,0.0,Low,0,Low Risk - Low Activity
32417435,0.0,1,0,0.0,0.0,1.0,0.0,Low,0,Low Risk - Low Activity
32420829,0.0,1,0,0.0,0.0,1.0,0.0,Low,0,Low Risk - Low Activity
32421329,0.0,1,0,0.0,1.0,0.0,0.0,Low,0,Low Risk - Low Activity
32446076,0.0,1,0,0.0,0.0,1.0,0.0,Low,0,Low Risk - Low Activity
32451742,0.0,1,0,0.0,0.0,1.0,0.0,Low,0,Low Risk - Low Activity
32456796,0.0,1,0,0.0,1.0,0.0,0.0,Low,0,Low Risk - Low Activity
32480094,0.0,1,0,0.0,0.0,1.0,0.0,Low,0,Low Risk - Low Activity
32489522,0.0,1,0,0.0,1.0,0.0,0.0,Low,0,Low Risk - Low Activity
32493972,0.0,1,0,0.0,0.0,1.0,0.0,Low,0,Low Risk - Low Activity
32503326,0.0,1,0,0.0,1.0,0.0,0.0,Low,0,Low Risk - Low Activity
32505691,0.0,1,0,0.0,1.0,0.0,0.0,Low,0,Low Risk - Low Activity
32529541,0.0,1,0,0.0,0.0,1.0,0.0,Low,0,Low Risk - Low Activity
32531531,0.0,1,0,0.0,1.0,0.0,0.0,Low,0,Low Risk - Low Activity
32552742,0.0,1,0,0.0,0.0,1.0,0.0,Low,0,Low Risk - Low Activity
32563486,0.0,1,0,0.0,0.0,1.0,0.0,Low,0,Low Risk - Low Activity
32574208,0.0,1,0,0.0,0.0,1.0,0.0,Low,0,Low Risk - Low Activity
32580679,0.0,1,0,0.0,1.0,0.0,0.0,Low,0,Low Risk - Low Activity
32601774,0.0,1,0,1.0,0.0,0.0,0.0,Low,1,Low Risk - Low Activity
32609703,0.0,1,0,0.0,0.0,1.0,0.0,Low,0,Low Risk - Low Activity
32644164,0.0,1,0,0.0,0.0,1.0,0.0,Low,0,Low Risk - Low Activity
32649634,0.0,1,0,0.0,0.0,1.0,0.0,Low,0,Low Risk - Low Activity
32660045,0.0,1,0,0.0,1.0,0.0,0.0,Low,0,Low Risk - Low Activity
32671116,0.0,1,0,1.0,0.0,0.0,0.0,Low,1,Low Risk - Low Activity
32671915,0.0,1,0,0.0,0.0,1.0,0.0,Low,0,Low Risk - Low Activity
32675225,0.0,1,0,0.0,1.0,0.0,0.0,Low,0,Low Risk - Low Activity
32682944,0.0,1,0,0.0,0.0,1.0,0.0,Low,0,Low Risk - Low Activity
32684890,0.0,1,0,0.0,1.0,0.0,0.0,Low,0,Low Risk - Low Activity
32728657,0.0,1,0,0.0,0.0,1.0,0.0,Low,0,Low Risk - Low Activity
32729937,0.0,1,0,0.0,0.0,1.0,0.0,Low,0,Low Risk - Low Activity
32744177,0.0,1,0,0.0,0.0,1.0,0.0,Low,0,Low Risk - Low Activity
32749770,0.0,1,0,0.0,0.0,1.0,0.0,Low,0,Low Risk - Low Activity
32754619,0.0,1,0,0.0,0.0,1.0,0.0,Low,0,Low Risk - Low Activity
32761544,0.0,1,0,0.0,1.0,0.0,0.0,Low,0,Low Risk - Low Activity
32765044,0.0,1,0,0.0,0.0,1.0,0.0,Low,0,Low Risk - Low Activity
32784801,0.0,1,0,0.0,0.0,1.0,0.0,Low,0,Low Risk - Low Activity
32798936,0.0,1,0,0.0,0.0,1.0,0.0,Low,0,Low Risk - Low Activity
32801841,0.0,1,0,0.0,1.0,0.0,0.0,Low,0,Low Risk - Low Activity
32803732,0.0,1,0,0.0,0.0,1.0,0.0,Low,0,Low Risk - Low Activity
32812539,0.0,1,0,0.0,0.0,1.0,0.0,Low,0,Low Risk - Low Activity
32818883,0.0,1,0,0.0,0.0,1.0,0.0,Low,0,Low Risk - Low Activity
32844218,0.0,1,0,0.0,0.0,1.0,0.0,Low,0,Low Risk - Low Activity
32846848,0.0,1,0,0.0,0.0,1.0,0.0,Low,0,Low Risk - Low Activity
32848103,0.0,1,0,0.0,1.0,0.0,0.0,Low,0,Low Risk - Low Activity
32848370,0.0,1,0,0.0,0.0,1.0,0.0,Low,0,Low Risk - Low Activity
32854977,0.0,1,0,0.0,0.0,1.0,0.0,Low,0,Low Risk - Low Activity
32857596,0.0,1,0,0.0,1.0,0.0,0.0,Low,0,Low Risk - Low Activity
32888490,0.0,1,0,0.0,0.0,1.0,0.0,Low,0,Low Risk - Low Activity
32900628,0.0,1,0,0.0,0.0,1.0,0.0,Low,0,Low Risk - Low Activity
32920235,0.0,1,0,0.0,1.0,0.0,0.0,Low,0,Low Risk - Low Activity
32951233,0.0,1,0,0.0,0.0,1.0,0.0,Low,0,Low Risk - Low Activity
32957225,0.0,1,0,0.0,0.0,1.0,0.0,Low,0,Low Risk - Low Activity
32958497,0.0,1,0,0.0,0.0,1.0,0.0,Low,0,Low Risk - Low Activity
32960361,0.0,1,0,0.0,1.0,0.0,0.0,Low,0,Low Risk - Low Activity
32966096,0.0,1,0,0.0,0.0,1.0,0.0,Low,0,Low Risk - Low Activity
32973284,0.0,1,0,0.0,0.0,1.0,0.0,Low,0,Low Risk - Low Activity
32975616,0.0,1,0,0.0,1.0,0.0,0.0,Low,0,Low Risk - Low Activity
32979430,0.0,1,0,0.0,0.0,1.0,0.0,Low,0,Low Risk - Low Activity
32983558,0.0,1,0,0.0,0.0,1.0,0.0,Low,0,Low Risk - Low Activity
32998628,0.0,1,0,0.0,1.0,0.0,0.0,Low,0,Low Risk - Low Activity
33008662,0.0,1,0,0.0,0.0,1.0,0.0,Low,0,Low Risk - Low Activity
33011132,0.0,1,0,0.0,0.0,1.0,0.0,Low,0,Low Risk - Low Activity
33017407,0.0,1,0,0.0,0.0,1.0,0.0,Low,0,Low Risk - Low Activity
33028554,0.0,1,0,0.0,0.0,1.0,0.0,Low,0,Low Risk - Low Activity
33040045,0.0,1,0,0.0,1.0,0.0,0.0,Low,0,Low Risk - Low Activity
33040630,0.0,1,0,0.0,0.0,1.0,0.0,Low,0,Low Risk - Low Activity
33058264,0.0,1,0,0.0,1.0,0.0,0.0,Low,0,Low Risk - Low Activity
33064004,0.0,1,0,0.0,0.0,1.0,0.0,Low,0,Low Risk - Low Activity
33078282,0.0,1,0,0.0,0.0,1.0,0.0,Low,0,Low Risk - Low Activity
33078888,0.0,1,0,0.0,0.0,1.0,0.0,Low,0,Low Risk - Low Activity
33084475,0.0,1,0,0.0,1.0,0.0,0.0,Low,0,Low Risk - Low Activity
33123891,0.0,1,0,0.0,0.0,1.0,0.0,Low,0,Low Risk - Low Activity
33138222,0.0,1,0,0.0,0.0,1.0,0.0,Low,0,Low Risk - Low Activity
33143689,0.0,1,0,0.0,0.0,1.0,0.0,Low,0,Low Risk - Low Activity
33147861,0.0,1,0,0.0,0.0,1.0,0.0,Low,0,Low Risk - Low Activity
33153288,0.0,1,0,0.0,0.0,1.0,0.0,Low,0,Low Risk - Low Activity
33153380,0.0,1,0,0.0,1.0,0.0,0.0,Low,0,Low Risk - Low Activity
33154027,0.0,1,0,0.0,0.0,1.0,0.0,Low,0,Low Risk - Low Activity
33155579,0.0,1,0,0.0,0.0,1.0,0.0,Low,0,Low Risk - Low Activity
33158088,0.0,1,0,0.0,0.0,1.0,0.0,Low,0,Low Risk - Low Activity
33159831,0.0,1,0,0.0,1.0,0.0,0.0,Low,0,Low Risk - Low Activity
33165740,0.0,1,0,0.0,1.0,0.0,0.0,Low,0,Low Risk - Low Activity
33166630,0.0,1,0,0.0,0.0,1.0,0.0,Low,0,Low Risk - Low Activity
33189773,0.0,1,0,0.0,0.0,1.0,0.0,Low,0,Low Risk - Low Activity
33193242,0.0,1,0,0.0,1.0,0.0,0.0,Low,0,Low Risk - Low Activity
33194136,0.0,1,0,0.0,1.0,0.0,0.0,Low,0,Low Risk - Low Activity
33248975,0.0,1,0,0.0,0.0,1.0,0.0,Low,0,Low Risk - Low Activity
33266245,0.0,1,0,0.0,1.0,0.0,0.0,Low,0,Low Risk - Low Activity
33289644,0.0,1,0,0.0,0.0,1.0,0.0,Low,0,Low Risk - Low Activity
33311047,0.0,1,0,0.0,0.0,1.0,0.0,Low,0,Low Risk - Low Activity
33314602,0.0,1,0,0.0,0.0,1.0,0.0,Low,0,Low Risk - Low Activity
33317086,0.0,1,0,0.0,0.0,1.0,0.0,Low,0,Low Risk - Low Activity
33323658,0.0,1,0,0.0,0.0,1.0,0.0,Low,0,Low Risk - Low Activity
33340610,0.0,1,0,0.0,0.0,1.0,0.0,Low,0,Low Risk - Low Activity
33358953,0.0,1,0,0.0,0.0,1.0,0.0,Low,0,Low Risk - Low Activity
33361305,0.0,1,0,0.0,1.0,0.0,0.0,Low,0,Low Risk - Low Activity
33374695,0.0,1,0,0.0,0.0,1.0,0.0,Low,0,Low Risk - Low Activity
33401029,0.0,1,0,0.0,1.0,0.0,0.0,Low,0,Low Risk - Low Activity
33405201,0.0,1,0,0.0,0.0,1.0,0.0,Low,0,Low Risk - Low Activity
33407093,0.0,1,0,0.0,0.0,1.0,0.0,Low,0,Low Risk - Low Activity
33413961,0.0,1,0,0.0,0.0,1.0,0.0,Low,0,Low Risk - Low Activity
33415609,0.0,1,0,0.0,0.0,1.0,0.0,Low,0,Low Risk - Low Activity
33418848,0.0,1,0,0.0,1.0,0.0,0.0,Low,0,Low Risk - Low Activity
33421107,0.0,1,0,0.0,0.0,1.0,0.0,Low,0,Low Risk - Low Activity
33431304,0.0,1,0,0.0,0.0,1.0,0.0,Low,0,Low Risk - Low Activity
33437151,0.0,1,0,0.0,0.0,1.0,0.0,Low,0,Low Risk - Low Activity
33439806,0.0,1,0,0.0,0.0,1.0,0.0,Low,0,Low Risk - Low Activity
33442834,0.0,1,0,0.0,1.0,0.0,0.0,Low,0,Low Risk - Low Activity
33445840,0.0,1,0,0.0,1.0,0.0,0.0,Low,0,Low Risk - Low Activity
33453490,0.0,1,0,0.0,0.0,1.0,0.0,Low,0,Low Risk - Low Activity
33473335,0.0,1,0,0.0,1.0,0.0,0.0,Low,0,Low Risk - Low Activity
33481624,0.0,1,0,0.0,0.0,1.0,0.0,Low,0,Low Risk - Low Activity
33485199,0.0,1,0,0.0,1.0,0.0,0.0,Low,0,Low Risk - Low Activity
33495126,0.0,1,0,0.0,1.0,0.0,0.0,Low,0,Low Risk - Low Activity
33501016,0.0,1,0,0.0,1.0,0.0,0.0,Low,0,Low Risk - Low Activity
33501429,0.0,1,0,0.0,0.0,1.0,0.0,Low,0,Low Risk - Low Activity
33540136,0.0,1,0,0.0,0.0,1.0,0.0,Low,0,Low Risk - Low Activity
33545919,0.0,1,0,0.0,1.0,0.0,0.0,Low,0,Low Risk - Low Activity
33548287,0.0,1,0,0.0,1.0,0.0,0.0,Low,0,Low Risk - Low Activity
33550040,0.0,1,0,0.0,0.0,1.0,0.0,Low,0,Low Risk - Low Activity
33553000,0.0,1,0,0.0,0.0,1.0,0.0,Low,0,Low Risk - Low Activity
33565384,0.0,1,0,0.0,0.0,1.0,0.0,Low,0,Low Risk - Low Activity
33572733,0.0,1,0,0.0,0.0,1.0,0.0,Low,0,Low Risk - Low Activity
33578333,0.0,1,0,0.0,1.0,0.0,0.0,Low,0,Low Risk - Low Activity
33592502,0.0,1,0,0.0,0.0,1.0,0.0,Low,0,Low Risk - Low Activity
33606725,0.0,1,0,0.0,1.0,0.0,0.0,Low,0,Low Risk - Low Activity
33609468,0.0,1,0,0.0,1.0,0.0,0.0,Low,0,Low Risk - Low Activity
33633522,0.0,1,0,0.0,1.0,0.0,0.0,Low,0,Low Risk - Low Activity
33643970,0.0,1,0,0.0,0.0,1.0,0.0,Low,0,Low Risk - Low Activity
33650902,0.0,1,0,0.0,1.0,0.0,0.0,Low,0,Low Risk - Low Activity
33686228,0.0,1,0,0.0,0.0,1.0,0.0,Low,0,Low Risk - Low Activity
33686275,0.0,1,0,0.0,0.0,1.0,0.0,Low,0,Low Risk - Low Activity
33706854,0.0,1,0,0.0,1.0,0.0,0.0,Low,0,Low Risk - Low Activity
33707217,0.0,1,0,0.0,0.0,1.0,0.0,Low,0,Low Risk - Low Activity
33707272,0.0,1,0,0.0,0.0,1.0,0.0,Low,0,Low Risk - Low Activity
33708211,0.0,1,0,0.0,0.0,1.0,0.0,Low,0,Low Risk - Low Activity
33710732,0.0,1,0,0.0,1.0,0.0,0.0,Low,0,Low Risk - Low Activity
33710919,0.0,1,0,0.0,0.0,1.0,0.0,Low,0,Low Risk - Low Activity
33722357,0.0,1,0,0.0,0.0,1.0,0.0,Low,0,Low Risk - Low Activity
33726396,0.0,1,0,0.0,0.0,1.0,0.0,Low,0,Low Risk - Low Activity
33730630,0.0,1,0,0.0,1.0,0.0,0.0,Low,0,Low Risk - Low Activity
33733336,0.0,1,0,0.0,1.0,0.0,0.0,Low,0,Low Risk - Low Activity
33735819,0.0,1,0,0.0,0.0,1.0,0.0,Low,0,Low Risk - Low Activity
33742543,0.0,1,0,0.0,0.0,1.0,0.0,Low,0,Low Risk - Low Activity
33742845,0.0,1,0,0.0,1.0,0.0,0.0,Low,0,Low Risk - Low Activity
33745073,0.0,1,0,0.0,0.0,1.0,0.0,Low,0,Low Risk - Low Activity
33757960,0.0,1,0,0.0,0.0,1.0,0.0,Low,0,Low Risk - Low Activity
33774790,0.0,1,0,0.0,1.0,0.0,0.0,Low,0,Low Risk - Low Activity
33796448,0.0,1,0,0.0,1.0,0.0,0.0,Low,0,Low Risk - Low Activity
33797031,0.0,1,0,0.0,1.0,0.0,0.0,Low,0,Low Risk - Low Activity
33798584,0.0,1,0,0.0,0.0,1.0,0.0,Low,0,Low Risk - Low Activity
33800385,0.0,1,0,0.0,0.0,1.0,0.0,Low,0,Low Risk - Low Activity
33803754,0.0,1,0,0.0,0.0,1.0,0.0,Low,0,Low Risk - Low Activity
33813936,0.0,1,0,0.0,0.0,1.0,0.0,Low,0,Low Risk - Low Activity
33815487,0.0,1,0,0.0,0.0,1.0,0.0,Low,0,Low Risk - Low Activity
33830762,0.0,1,0,0.0,1.0,0.0,0.0,Low,0,Low Risk - Low Activity
33841777,0.0,1,0,0.0,1.0,0.0,0.0,Low,0,Low Risk - Low Activity
33851979,0.0,1,0,0.0,1.0,0.0,0.0,Low,0,Low Risk - Low Activity
33853609,0.0,1,0,0.0,0.0,1.0,0.0,Low,0,Low Risk - Low Activity
33859429,0.0,1,0,0.0,0.0,1.0,0.0,Low,0,Low Risk - Low Activity
33871747,0.0,1,0,0.0,1.0,0.0,0.0,Low,0,Low Risk - Low Activity
33888910,0.0,1,0,0.0,0.0,1.0,0.0,Low,0,Low Risk - Low Activity
33894317,0.0,1,0,0.0,1.0,0.0,0.0,Low,0,Low Risk - Low Activity
33899809,0.0,1,0,0.0,0.0,1.0,0.0,Low,0,Low Risk - Low Activity
33920974,0.0,1,0,0.0,0.0,1.0,0.0,Low,0,Low Risk - Low Activity
33923999,0.0,1,0,0.0,0.0,1.0,0.0,Low,0,Low Risk - Low Activity
33949310,0.0,1,0,0.0,1.0,0.0,0.0,Low,0,Low Risk - Low Activity
33962124,0.0,1,0,0.0,1.0,0.0,0.0,Low,0,Low Risk - Low Activity
33964242,0.0,1,0,0.0,0.0,1.0,0.0,Low,0,Low Risk - Low Activity
33977972,0.0,1,0,0.0,0.0,1.0,0.0,Low,0,Low Risk - Low Activity
34026981,0.0,1,0,0.0,1.0,0.0,0.0,Low,0,Low Risk - Low Activity
34030068,0.0,1,0,0.0,1.0,0.0,0.0,Low,0,Low Risk - Low Activity
34032604,0.0,1,0,0.0,1.0,0.0,0.0,Low,0,Low Risk - Low Activity
34046707,0.0,1,0,0.0,1.0,0.0,0.0,Low,0,Low Risk - Low Activity
34047337,0.0,1,0,0.0,1.0,0.0,0.0,Low,0,Low Risk - Low Activity
34049280,0.0,1,0,0.0,1.0,0.0,0.0,Low,0,Low Risk - Low Activity
34055078,0.0,1,0,0.0,1.0,0.0,0.0,Low,0,Low Risk - Low Activity
34056889,0.0,1,0,0.0,0.0,1.0,0.0,Low,0,Low Risk - Low Activity
34074614,0.0,1,0,0.0,0.0,1.0,0.0,Low,0,Low Risk - Low Activity
34075805,0.0,1,0,0.0,1.0,0.0,0.0,Low,0,Low Risk - Low Activity
34097458,0.0,1,0,0.0,1.0,0.0,0.0,Low,0,Low Risk - Low Activity
34108491,0.0,1,0,0.0,0.0,1.0,0.0,Low,0,Low Risk - Low Activity
34113748,0.0,1,0,0.0,1.0,0.0,0.0,Low,0,Low Risk - Low Activity
34123747,0.0,1,0,0.0,1.0,0.0,0.0,Low,0,Low Risk - Low Activity
34139164,0.0,1,0,0.0,0.0,1.0,0.0,Low,0,Low Risk - Low Activity
34139311,0.0,1,0,0.0,1.0,0.0,0.0,Low,0,Low Risk - Low Activity
34153484,0.0,1,0,0.0,1.0,0.0,0.0,Low,0,Low Risk - Low Activity
34165876,0.0,1,0,0.0,0.0,1.0,0.0,Low,0,Low Risk - Low Activity
34197070,0.0,1,0,0.0,1.0,0.0,0.0,Low,0,Low Risk - Low Activity
34199369,0.0,1,0,0.0,1.0,0.0,0.0,Low,0,Low Risk - Low Activity
34209224,0.0,1,0,0.0,1.0,0.0,0.0,Low,0,Low Risk - Low Activity
34219479,0.0,1,0,0.0,0.0,1.0,0.0,Low,0,Low Risk - Low Activity
34228405,0.0,1,0,0.0,0.0,1.0,0.0,Low,0,Low Risk - Low Activity
34244090,0.0,1,0,0.0,0.0,1.0,0.0,Low,0,Low Risk - Low Activity
34249452,0.0,1,0,0.0,0.0,1.0,0.0,Low,0,Low Risk - Low Activity
34277769,0.0,1,0,0.0,0.0,1.0,0.0,Low,0,Low Risk - Low Activity
34285518,0.0,1,0,0.0,0.0,1.0,0.0,Low,0,Low Risk - Low Activity
34288546,0.0,1,0,0.0,0.0,1.0,0.0,Low,0,Low Risk - Low Activity
34289690,0.0,1,0,0.0,1.0,0.0,0.0,Low,0,Low Risk - Low Activity
34291115,0.0,1,0,0.0,0.0,1.0,0.0,Low,0,Low Risk - Low Activity
34319399,0.0,1,0,0.0,0.0,1.0,0.0,Low,0,Low Risk - Low Activity
34323353,0.0,1,0,0.0,0.0,1.0,0.0,Low,0,Low Risk - Low Activity
34334660,0.0,1,0,0.0,0.0,1.0,0.0,Low,0,Low Risk - Low Activity
34336652,0.0,1,0,0.0,1.0,0.0,0.0,Low,0,Low Risk - Low Activity
34344240,0.0,1,0,0.0,0.0,1.0,0.0,Low,0,Low Risk - Low Activity
34359093,0.0,1,0,0.0,1.0,0.0,0.0,Low,0,Low Risk - Low Activity
34373402,0.0,1,0,0.0,0.0,1.0,0.0,Low,0,Low Risk - Low Activity
34375336,0.0,1,0,0.0,0.0,1.0,0.0,Low,0,Low Risk - Low Activity
34383285,0.0,1,0,0.0,0.0,1.0,0.0,Low,0,Low Risk - Low Activity
34399780,0.0,1,0,0.0,0.0,1.0,0.0,Low,0,Low Risk - Low Activity
34407600,0.0,1,0,0.0,1.0,0.0,0.0,Low,0,Low Risk - Low Activity
34423298,0.0,1,0,0.0,1.0,0.0,0.0,Low,0,Low Risk - Low Activity
34426472,0.0,1,0,0.0,0.0,1.0,0.0,Low,0,Low Risk - Low Activity
34438796,0.0,1,0,0.0,0.0,1.0,0.0,Low,0,Low Risk - Low Activity
34445591,0.0,1,0,0.0,0.0,1.0,0.0,Low,0,Low Risk - Low Activity
34464168,0.0,1,0,0.0,0.0,1.0,0.0,Low,0,Low Risk - Low Activity
34483598,0.0,1,0,0.0,1.0,0.0,0.0,Low,0,Low Risk - Low Activity
34495943,0.0,1,0,0.0,0.0,1.0,0.0,Low,0,Low Risk - Low Activity
34499826,0.0,1,0,0.0,1.0,0.0,0.0,Low,0,Low Risk - Low Activity
34524035,0.0,1,0,0.0,1.0,0.0,0.0,Low,0,Low Risk - Low Activity
34530056,0.0,1,0,0.0,1.0,0.0,0.0,Low,0,Low Risk - Low Activity
34536608,0.0,1,0,0.0,1.0,0.0,0.0,Low,0,Low Risk - Low Activity
34544908,0.0,1,0,0.0,0.0,1.0,0.0,Low,0,Low Risk - Low Activity
34552029,0.0,1,0,0.0,0.0,1.0,0.0,Low,0,Low Risk - Low Activity
34561251,0.0,1,0,0.0,1.0,0.0,0.0,Low,0,Low Risk - Low Activity
34571764,0.0,1,0,0.0,0.0,1.0,0.0,Low,0,Low Risk - Low Activity
34578545,0.0,1,0,0.0,0.0,1.0,0.0,Low,0,Low Risk - Low Activity
34584017,0.0,1,0,0.0,0.0,1.0,0.0,Low,0,Low Risk - Low Activity
34603009,0.0,1,0,0.0,0.0,1.0,0.0,Low,0,Low Risk - Low Activity
34604476,0.0,1,0,0.0,1.0,0.0,0.0,Low,0,Low Risk - Low Activity
34606166,0.0,1,0,0.0,1.0,0.0,0.0,Low,0,Low Risk - Low Activity
34628988,0.0,1,0,0.0,1.0,0.0,0.0,Low,0,Low Risk - Low Activity
34630918,0.0,1,0,0.0,0.0,1.0,0.0,Low,0,Low Risk - Low Activity
34636065,0.0,1,0,0.0,0.0,1.0,0.0,Low,0,Low Risk - Low Activity
34643130,0.0,1,0,0.0,1.0,0.0,0.0,Low,0,Low Risk - Low Activity
34650865,0.0,1,0,0.0,0.0,1.0,0.0,Low,0,Low Risk - Low Activity
34658124,0.0,1,0,0.0,1.0,0.0,0.0,Low,0,Low Risk - Low Activity
34666517,0.0,1,0,0.0,0.0,1.0,0.0,Low,0,Low Risk - Low Activity
34671646,0.0,1,0,0.0,0.0,1.0,0.0,Low,0,Low Risk - Low Activity
34704191,0.0,1,0,0.0,0.0,1.0,0.0,Low,0,Low Risk - Low Activity
34715429,0.0,1,0,0.0,0.0,1.0,0.0,Low,0,Low Risk - Low Activity
34718935,0.0,1,0,0.0,0.0,1.0,0.0,Low,0,Low Risk - Low Activity
34719808,0.0,1,0,0.0,0.0,1.0,0.0,Low,0,Low Risk - Low Activity
34727658,0.0,1,0,0.0,1.0,0.0,0.0,Low,0,Low Risk - Low Activity
34739375,0.0,1,0,0.0,0.0,1.0,0.0,Low,0,Low Risk - Low Activity
34751170,0.0,1,0,0.0,0.0,1.0,0.0,Low,0,Low Risk - Low Activity
34755488,0.0,1,0,0.0,1.0,0.0,0.0,Low,0,Low Risk - Low Activity
34794036,0.0,1,0,0.0,1.0,0.0,0.0,Low,0,Low Risk - Low Activity
34832235,0.0,1,0,0.0,0.0,1.0,0.0,Low,0,Low Risk - Low Activity
34836782,0.0,1,0,0.0,1.0,0.0,0.0,Low,0,Low Risk - Low Activity
34855894,0.0,1,0,0.0,1.0,0.0,0.0,Low,0,Low Risk - Low Activity
34856114,0.0,1,0,0.0,1.0,0.0,0.0,Low,0,Low Risk - Low Activity
34865474,0.0,1,0,0.0,0.0,1.0,0.0,Low,0,Low Risk - Low Activity
34883544,0.0,1,0,0.0,0.0,1.0,0.0,Low,0,Low Risk - Low Activity
34893187,0.0,1,0,0.0,1.0,0.0,0.0,Low,0,Low Risk - Low Activity
34895224,0.0,1,0,0.0,1.0,0.0,0.0,Low,0,Low Risk - Low Activity
34898315,0.0,1,0,0.0,0.0,1.0,0.0,Low,0,Low Risk - Low Activity
34925773,0.0,1,0,0.0,1.0,0.0,0.0,Low,0,Low Risk - Low Activity
34934596,0.0,1,0,0.0,1.0,0.0,0.0,Low,0,Low Risk - Low Activity
34940677,0.0,1,0,0.0,0.0,1.0,0.0,Low,0,Low Risk - Low Activity
34944534,0.0,1,0,0.0,0.0,1.0,0.0,Low,0,Low Risk - Low Activity
34952733,0.0,1,0,0.0,0.0,1.0,0.0,Low,0,Low Risk - Low Activity
34965857,0.0,1,0,0.0,1.0,0.0,0.0,Low,0,Low Risk - Low Activity
34982685,0.0,1,0,0.0,0.0,1.0,0.0,Low,0,Low Risk - Low Activity
34983422,0.0,1,0,0.0,0.0,1.0,0.0,Low,0,Low Risk - Low Activity
34988163,0.0,1,0,0.0,1.0,0.0,0.0,Low,0,Low Risk - Low Activity
34992915,0.0,1,0,0.0,0.0,1.0,0.0,Low,0,Low Risk - Low Activity
35013684,0.0,1,0,0.0,1.0,0.0,0.0,Low,0,Low Risk - Low Activity
35034445,0.0,1,0,0.0,0.0,1.0,0.0,Low,0,Low Risk - Low Activity
35035305,0.0,1,0,0.0,0.0,1.0,0.0,Low,0,Low Risk - Low Activity
35043111,0.0,1,0,0.0,1.0,0.0,0.0,Low,0,Low Risk - Low Activity
35046746,0.0,1,0,0.0,0.0,1.0,0.0,Low,0,Low Risk - Low Activity
35069769,0.0,1,0,0.0,0.0,1.0,0.0,Low,0,Low Risk - Low Activity
35113853,0.0,1,0,0.0,1.0,0.0,0.0,Low,0,Low Risk - Low Activity
35115602,0.0,1,0,0.0,1.0,0.0,0.0,Low,0,Low Risk - Low Activity
35119310,0.0,1,0,0.0,0.0,1.0,0.0,Low,0,Low Risk - Low Activity
35120074,0.0,1,0,0.0,1.0,0.0,0.0,Low,0,Low Risk - Low Activity
35120180,0.0,1,0,0.0,0.0,1.0,0.0,Low,0,Low Risk - Low Activity
35147455,0.0,1,0,0.0,1.0,0.0,0.0,Low,0,Low Risk - Low Activity
35152143,0.0,1,0,0.0,1.0,0.0,0.0,Low,0,Low Risk - Low Activity
35171648,0.0,1,0,0.0,0.0,1.0,0.0,Low,0,Low Risk - Low Activity
35172714,0.0,1,0,0.0,0.0,1.0,0.0,Low,0,Low Risk - Low Activity
35179749,0.0,1,0,0.0,1.0,0.0,0.0,Low,0,Low Risk - Low Activity
35181381,0.0,1,0,0.0,0.0,1.0,0.0,Low,0,Low Risk - Low Activity
35204295,0.0,1,0,0.0,0.0,1.0,0.0,Low,0,Low Risk - Low Activity
35206537,0.0,1,0,0.0,0.0,1.0,0.0,Low,0,Low Risk - Low Activity
35218585,0.0,1,0,0.0,1.0,0.0,0.0,Low,0,Low Risk - Low Activity
35230039,0.0,1,0,0.0,0.0,1.0,0.0,Low,0,Low Risk - Low Activity
35234886,0.0,1,0,0.0,1.0,0.0,0.0,Low,0,Low Risk - Low Activity
35257863,0.0,1,0,0.0,0.0,1.0,0.0,Low,0,Low Risk - Low Activity
35265420,0.0,1,0,0.0,1.0,0.0,0.0,Low,0,Low Risk - Low Activity
35269266,0.0,1,0,0.0,0.0,1.0,0.0,Low,0,Low Risk - Low Activity
35279609,0.0,1,0,0.0,0.0,1.0,0.0,Low,0,Low Risk - Low Activity
35283773,0.0,1,0,0.0,1.0,0.0,0.0,Low,0,Low Risk - Low Activity
35291198,0.0,1,0,0.0,0.0,1.0,0.0,Low,0,Low Risk - Low Activity
35293420,0.0,1,0,0.0,1.0,0.0,0.0,Low,0,Low Risk - Low Activity
35297464,0.0,1,0,0.0,0.0,1.0,0.0,Low,0,Low Risk - Low Activity
35297851,0.0,1,0,0.0,0.0,1.0,0.0,Low,0,Low Risk - Low Activity
35298626,0.0,1,0,0.0,0.0,1.0,0.0,Low,0,Low Risk - Low Activity
35304504,0.0,1,0,0.0,1.0,0.0,0.0,Low,0,Low Risk - Low Activity
35333451,0.0,1,0,0.0,1.0,0.0,0.0,Low,0,Low Risk - Low Activity
35348989,0.0,1,0,0.0,0.0,1.0,0.0,Low,0,Low Risk - Low Activity
35357501,0.0,1,0,0.0,1.0,0.0,0.0,Low,0,Low Risk - Low Activity
35359036,0.0,1,0,0.0,1.0,0.0,0.0,Low,0,Low Risk - Low Activity
35363094,0.0,1,0,0.0,0.0,1.0,0.0,Low,0,Low Risk - Low Activity
35373757,0.0,1,0,0.0,0.0,1.0,0.0,Low,0,Low Risk - Low Activity
35402586,0.0,1,0,0.0,0.0,1.0,0.0,Low,0,Low Risk - Low Activity
35416614,0.0,1,0,0.0,0.0,1.0,0.0,Low,0,Low Risk - Low Activity
35423160,0.0,1,0,0.0,1.0,0.0,0.0,Low,0,Low Risk - Low Activity
35427089,0.0,1,0,0.0,1.0,0.0,0.0,Low,0,Low Risk - Low Activity
35450961,0.0,1,0,0.0,0.0,1.0,0.0,Low,0,Low Risk - Low Activity
35476451,0.0,1,0,0.0,1.0,0.0,0.0,Low,0,Low Risk - Low Activity
35486843,0.0,1,0,0.0,0.0,1.0,0.0,Low,0,Low Risk - Low Activity
35499788,0.0,1,0,0.0,1.0,0.0,0.0,Low,0,Low Risk - Low Activity
35508705,0.0,1,0,0.0,0.0,1.0,0.0,Low,0,Low Risk - Low Activity
35513288,0.0,1,0,0.0,0.0,1.0,0.0,Low,0,Low Risk - Low Activity
35529717,0.0,1,0,0.0,0.0,1.0,0.0,Low,0,Low Risk - Low Activity
35532247,0.0,1,0,0.0,0.0,1.0,0.0,Low,0,Low Risk - Low Activity
35569781,0.0,1,0,0.0,0.0,1.0,0.0,Low,0,Low Risk - Low Activity
35571879,0.0,1,0,0.0,0.0,1.0,0.0,Low,0,Low Risk - Low Activity
35578023,0.0,1,0,0.0,0.0,1.0,0.0,Low,0,Low Risk - Low Activity
35583751,0.0,1,0,0.0,0.0,1.0,0.0,Low,0,Low Risk - Low Activity
35585142,0.0,1,0,0.0,0.0,1.0,0.0,Low,0,Low Risk - Low Activity
35597734,0.0,1,0,0.0,1.0,0.0,0.0,Low,0,Low Risk - Low Activity
35601600,0.0,1,0,0.0,1.0,0.0,0.0,Low,0,Low Risk - Low Activity
35603657,0.0,1,0,0.0,0.0,1.0,0.0,Low,0,Low Risk - Low Activity
35609474,0.0,1,0,0.0,0.0,1.0,0.0,Low,0,Low Risk - Low Activity
35610116,0.0,1,0,0.0,0.0,1.0,0.0,Low,0,Low Risk - Low Activity
35627978,0.0,1,0,0.0,1.0,0.0,0.0,Low,0,Low Risk - Low Activity
35640344,0.0,1,0,0.0,0.0,1.0,0.0,Low,0,Low Risk - Low Activity
35657124,0.0,1,0,0.0,1.0,0.0,0.0,Low,0,Low Risk - Low Activity
35663104,0.0,1,0,1.0,0.0,0.0,0.0,Low,1,Low Risk - Low Activity
35664354,0.0,1,0,0.0,0.0,1.0,0.0,Low,0,Low Risk - Low Activity
35666289,0.0,1,0,0.0,1.0,0.0,0.0,Low,0,Low Risk - Low Activity
35669030,0.0,1,0,0.0,0.0,1.0,0.0,Low,0,Low Risk - Low Activity
35672704,0.0,1,0,0.0,0.0,1.0,0.0,Low,0,Low Risk - Low Activity
35687958,0.0,1,0,0.0,0.0,1.0,0.0,Low,0,Low Risk - Low Activity
35708469,0.0,1,0,0.0,0.0,1.0,0.0,Low,0,Low Risk - Low Activity
35714866,0.0,1,0,0.0,1.0,0.0,0.0,Low,0,Low Risk - Low Activity
35715307,0.0,1,0,0.0,1.0,0.0,0.0,Low,0,Low Risk - Low Activity
35722059,0.0,1,0,0.0,1.0,0.0,0.0,Low,0,Low Risk - Low Activity
35725975,0.0,1,0,0.0,0.0,1.0,0.0,Low,0,Low Risk - Low Activity
35739702,0.0,1,0,0.0,1.0,0.0,0.0,Low,0,Low Risk - Low Activity
35744591,0.0,1,0,0.0,0.0,1.0,0.0,Low,0,Low Risk - Low Activity
35749730,0.0,1,0,0.0,0.0,1.0,0.0,Low,0,Low Risk - Low Activity
35752959,0.0,1,0,0.0,0.0,1.0,0.0,Low,0,Low Risk - Low Activity
35757692,0.0,1,0,0.0,0.0,1.0,0.0,Low,0,Low Risk - Low Activity
35758143,0.0,1,0,0.0,1.0,0.0,0.0,Low,0,Low Risk - Low Activity
35805084,0.0,1,0,0.0,1.0,0.0,0.0,Low,0,Low Risk - Low Activity
35807804,0.0,1,0,0.0,1.0,0.0,0.0,Low,0,Low Risk - Low Activity
35808311,0.0,1,0,0.0,0.0,1.0,0.0,Low,0,Low Risk - Low Activity
35819917,0.0,1,0,0.0,1.0,0.0,0.0,Low,0,Low Risk - Low Activity
35836046,0.0,1,0,0.0,1.0,0.0,0.0,Low,0,Low Risk - Low Activity
35840749,0.0,1,0,0.0,0.0,1.0,0.0,Low,0,Low Risk - Low Activity
35843273,0.0,1,0,0.0,1.0,0.0,0.0,Low,0,Low Risk - Low Activity
35850713,0.0,1,0,0.0,1.0,0.0,0.0,Low,0,Low Risk - Low Activity
35861402,0.0,1,0,0.0,0.0,1.0,0.0,Low,0,Low Risk - Low Activity
35871000,0.0,1,0,1.0,0.0,0.0,0.0,Low,1,Low Risk - Low Activity
35871389,0.0,1,0,0.0,1.0,0.0,0.0,Low,0,Low Risk - Low Activity
35889863,0.0,1,0,0.0,1.0,0.0,0.0,Low,0,Low Risk - Low Activity
35910266,0.0,1,0,0.0,1.0,0.0,0.0,Low,0,Low Risk - Low Activity
35915905,0.0,1,0,0.0,0.0,1.0,0.0,Low,0,Low Risk - Low Activity
35918926,0.0,1,0,0.0,1.0,0.0,0.0,Low,0,Low Risk - Low Activity
35920847,0.0,1,0,0.0,0.0,1.0,0.0,Low,0,Low Risk - Low Activity
35938081,0.0,1,0,0.0,1.0,0.0,0.0,Low,0,Low Risk - Low Activity
35942803,0.0,1,0,0.0,0.0,1.0,0.0,Low,0,Low Risk - Low Activity
35956646,0.0,1,0,0.0,0.0,1.0,0.0,Low,0,Low Risk - Low Activity
35972451,0.0,1,0,0.0,0.0,1.0,0.0,Low,0,Low Risk - Low Activity
35978759,0.0,1,0,0.0,0.0,1.0,0.0,Low,0,Low Risk - Low Activity
35990336,0.0,1,0,0.0,0.0,1.0,0.0,Low,0,Low Risk - Low Activity
35991724,0.0,1,0,0.0,0.0,1.0,0.0,Low,0,Low Risk - Low Activity
36010088,0.0,1,0,0.0,0.0,1.0,0.0,Low,0,Low Risk - Low Activity
36022087,0.0,1,0,0.0,0.0,1.0,0.0,Low,0,Low Risk - Low Activity
36026041,0.0,1,0,0.0,1.0,0.0,0.0,Low,0,Low Risk - Low Activity
36031191,0.0,1,0,0.0,0.0,1.0,0.0,Low,0,Low Risk - Low Activity
36048463,0.0,1,0,0.0,1.0,0.0,0.0,Low,0,Low Risk - Low Activity
36051944,0.0,1,0,0.0,0.0,1.0,0.0,Low,0,Low Risk - Low Activity
36054565,0.0,1,0,0.0,0.0,1.0,0.0,Low,0,Low Risk - Low Activity
36058688,0.0,1,0,0.0,0.0,1.0,0.0,Low,0,Low Risk - Low Activity
36070988,0.0,1,0,0.0,0.0,1.0,0.0,Low,0,Low Risk - Low Activity
36071171,0.0,1,0,0.0,0.0,1.0,0.0,Low,0,Low Risk - Low Activity
36085381,0.0,1,0,0.0,0.0,1.0,0.0,Low,0,Low Risk - Low Activity
36103410,0.0,1,0,0.0,1.0,0.0,0.0,Low,0,Low Risk - Low Activity
36110354,0.0,1,0,0.0,0.0,1.0,0.0,Low,0,Low Risk - Low Activity
36111446,0.0,1,0,0.0,0.0,1.0,0.0,Low,0,Low Risk - Low Activity
36120629,0.0,1,0,0.0,0.0,1.0,0.0,Low,0,Low Risk - Low Activity
36132355,0.0,1,0,0.0,0.0,1.0,0.0,Low,0,Low Risk - Low Activity
36133188,0.0,1,0,0.0,0.0,1.0,0.0,Low,0,Low Risk - Low Activity
36173848,0.0,1,0,0.0,0.0,1.0,0.0,Low,0,Low Risk - Low Activity
36175103,0.0,1,0,0.0,1.0,0.0,0.0,Low,0,Low Risk - Low Activity
36184325,0.0,1,0,0.0,1.0,0.0,0.0,Low,0,Low Risk - Low Activity
36191983,0.0,1,0,0.0,1.0,0.0,0.0,Low,0,Low Risk - Low Activity
36206488,0.0,1,0,0.0,0.0,1.0,0.0,Low,0,Low Risk - Low Activity
36209516,0.0,1,0,0.0,1.0,0.0,0.0,Low,0,Low Risk - Low Activity
36218527,0.0,1,0,0.0,0.0,1.0,0.0,Low,0,Low Risk - Low Activity
36232184,0.0,1,0,0.0,0.0,1.0,0.0,Low,0,Low Risk - Low Activity
36233495,0.0,1,0,0.0,0.0,1.0,0.0,Low,0,Low Risk - Low Activity
36252790,0.0,1,0,0.0,0.0,1.0,0.0,Low,0,Low Risk - Low Activity
36258692,0.0,1,0,0.0,1.0,0.0,0.0,Low,0,Low Risk - Low Activity
36278646,0.0,1,0,0.0,0.0,1.0,0.0,Low,0,Low Risk - Low Activity
36282550,0.0,1,0,0.0,0.0,1.0,0.0,Low,0,Low Risk - Low Activity
36285510,0.0,1,0,0.0,1.0,0.0,0.0,Low,0,Low Risk - Low Activity
36306271,0.0,1,0,0.0,0.0,1.0,0.0,Low,0,Low Risk - Low Activity
36319100,0.0,1,0,0.0,0.0,1.0,0.0,Low,0,Low Risk - Low Activity
36321021,0.0,1,0,0.0,0.0,1.0,0.0,Low,0,Low Risk - Low Activity
36328050,0.0,1,0,0.0,1.0,0.0,0.0,Low,0,Low Risk - Low Activity
36330953,0.0,1,0,0.0,1.0,0.0,0.0,Low,0,Low Risk - Low Activity
36335267,0.0,1,0,0.0,1.0,0.0,0.0,Low,0,Low Risk - Low Activity
36339991,0.0,1,0,0.0,1.0,0.0,0.0,Low,0,Low Risk - Low Activity
36340124,0.0,1,0,0.0,1.0,0.0,0.0,Low,0,Low Risk - Low Activity
36341942,0.0,1,0,0.0,1.0,0.0,0.0,Low,0,Low Risk - Low Activity
36358114,0.0,1,0,0.0,1.0,0.0,0.0,Low,0,Low Risk - Low Activity
36366702,0.0,1,0,0.0,1.0,0.0,0.0,Low,0,Low Risk - Low Activity
36374895,0.0,1,0,0.0,1.0,0.0,0.0,Low,0,Low Risk - Low Activity
36374898,0.0,1,0,0.0,1.0,0.0,0.0,Low,0,Low Risk - Low Activity
36379871,0.0,1,0,0.0,0.0,1.0,0.0,Low,0,Low Risk - Low Activity
36400790,0.0,1,0,0.0,1.0,0.0,0.0,Low,0,Low Risk - Low Activity
36407333,0.0,1,0,0.0,1.0,0.0,0.0,Low,0,Low Risk - Low Activity
36411545,0.0,1,0,0.0,0.0,1.0,0.0,Low,0,Low Risk - Low Activity
36422398,0.0,1,0,0.0,1.0,0.0,0.0,Low,0,Low Risk - Low Activity
36448920,0.0,1,0,0.0,0.0,1.0,0.0,Low,0,Low Risk - Low Activity
36451448,0.0,1,0,0.0,1.0,0.0,0.0,Low,0,Low Risk - Low Activity
36463684,0.0,1,0,0.0,1.0,0.0,0.0,Low,0,Low Risk - Low Activity
36469738,0.0,1,0,0.0,1.0,0.0,0.0,Low,0,Low Risk - Low Activity
36471885,0.0,1,0,0.0,0.0,1.0,0.0,Low,0,Low Risk - Low Activity
36475037,0.0,1,0,0.0,1.0,0.0,0.0,Low,0,Low Risk - Low Activity
36477404,0.0,1,0,0.0,0.0,1.0,0.0,Low,0,Low Risk - Low Activity
36479589,0.0,1,0,0.0,0.0,1.0,0.0,Low,0,Low Risk - Low Activity
36509935,0.0,1,0,0.0,0.0,1.0,0.0,Low,0,Low Risk - Low Activity
36510146,0.0,1,0,0.0,1.0,0.0,0.0,Low,0,Low Risk - Low Activity
36516671,0.0,1,0,0.0,0.0,1.0,0.0,Low,0,Low Risk - Low Activity
36532421,0.0,1,0,0.0,0.0,1.0,0.0,Low,0,Low Risk - Low Activity
36547177,0.0,1,0,0.0,1.0,0.0,0.0,Low,0,Low Risk - Low Activity
36548128,0.0,1,0,0.0,0.0,1.0,0.0,Low,0,Low Risk - Low Activity
36553089,0.0,1,0,1.0,0.0,0.0,0.0,Low,1,Low Risk - Low Activity
36601404,0.0,1,0,0.0,1.0,0.0,0.0,Low,0,Low Risk - Low Activity
36605312,0.0,1,0,0.0,0.0,1.0,0.0,Low,0,Low Risk - Low Activity
36618890,0.0,1,0,0.0,1.0,0.0,0.0,Low,0,Low Risk - Low Activity
36635892,0.0,1,0,0.0,0.0,1.0,0.0,Low,0,Low Risk - Low Activity
36665944,0.0,1,0,0.0,0.0,1.0,0.0,Low,0,Low Risk - Low Activity
36668539,0.0,1,0,0.0,1.0,0.0,0.0,Low,0,Low Risk - Low Activity
36674893,0.0,1,0,0.0,0.0,1.0,0.0,Low,0,Low Risk - Low Activity
36694709,0.0,1,0,0.0,0.0,1.0,0.0,Low,0,Low Risk - Low Activity
36724115,0.0,1,0,0.0,1.0,0.0,0.0,Low,0,Low Risk - Low Activity
36728816,0.0,1,0,0.0,0.0,1.0,0.0,Low,0,Low Risk - Low Activity
36729383,0.0,1,0,0.0,1.0,0.0,0.0,Low,0,Low Risk - Low Activity
36757957,0.0,1,0,0.0,1.0,0.0,0.0,Low,0,Low Risk - Low Activity
36779873,0.0,1,0,0.0,0.0,1.0,0.0,Low,0,Low Risk - Low Activity
36824264,0.0,1,0,0.0,1.0,0.0,0.0,Low,0,Low Risk - Low Activity
36829879,0.0,1,0,0.0,1.0,0.0,0.0,Low,0,Low Risk - Low Activity
36832807,0.0,1,0,0.0,0.0,1.0,0.0,Low,0,Low Risk - Low Activity
36842845,0.0,1,0,0.0,1.0,0.0,0.0,Low,0,Low Risk - Low Activity
36846412,0.0,1,0,0.0,1.0,0.0,0.0,Low,0,Low Risk - Low Activity
36851646,0.0,1,0,0.0,1.0,0.0,0.0,Low,0,Low Risk - Low Activity
36852976,0.0,1,0,0.0,1.0,0.0,0.0,Low,0,Low Risk - Low Activity
36862537,0.0,1,0,0.0,1.0,0.0,0.0,Low,0,Low Risk - Low Activity
36877508,0.0,1,0,0.0,0.0,1.0,0.0,Low,0,Low Risk - Low Activity
36882822,0.0,1,0,0.0,1.0,0.0,0.0,Low,0,Low Risk - Low Activity
36883970,0.0,1,0,0.0,1.0,0.0,0.0,Low,0,Low Risk - Low Activity
36885748,0.0,1,0,0.0,0.0,1.0,0.0,Low,0,Low Risk - Low Activity
36897006,0.0,1,0,0.0,0.0,1.0,0.0,Low,0,Low Risk - Low Activity
36909209,0.0,1,0,0.0,0.0,1.0,0.0,Low,0,Low Risk - Low Activity
36914664,0.0,1,0,0.0,0.0,1.0,0.0,Low,0,Low Risk - Low Activity
36924944,0.0,1,0,0.0,0.0,1.0,0.0,Low,0,Low Risk - Low Activity
36949277,0.0,1,0,0.0,1.0,0.0,0.0,Low,0,Low Risk - Low Activity
36965431,0.0,1,0,0.0,0.0,1.0,0.0,Low,0,Low Risk - Low Activity
36968999,0.0,1,0,0.0,0.0,1.0,0.0,Low,0,Low Risk - Low Activity
36972537,0.0,1,0,0.0,1.0,0.0,0.0,Low,0,Low Risk - Low Activity
36992578,0.0,1,0,0.0,1.0,0.0,0.0,Low,0,Low Risk - Low Activity
36995937,0.0,1,0,0.0,1.0,0.0,0.0,Low,0,Low Risk - Low Activity
37000076,0.0,1,0,0.0,0.0,1.0,0.0,Low,0,Low Risk - Low Activity
37005504,0.0,1,0,0.0,0.0,1.0,0.0,Low,0,Low Risk - Low Activity
37009574,0.0,1,0,0.0,1.0,0.0,0.0,Low,0,Low Risk - Low Activity
37014801,0.0,1,0,0.0,0.0,1.0,0.0,Low,0,Low Risk - Low Activity
37016700,0.0,1,0,0.0,1.0,0.0,0.0,Low,0,Low Risk - Low Activity
37016732,0.0,1,0,0.0,0.0,1.0,0.0,Low,0,Low Risk - Low Activity
37031764,0.0,1,0,0.0,1.0,0.0,0.0,Low,0,Low Risk - Low Activity
37032322,0.0,1,0,0.0,0.0,1.0,0.0,Low,0,Low Risk - Low Activity
37038259,0.0,1,0,0.0,0.0,1.0,0.0,Low,0,Low Risk - Low Activity
37038437,0.0,1,0,0.0,1.0,0.0,0.0,Low,0,Low Risk - Low Activity
37050233,0.0,1,0,0.0,0.0,1.0,0.0,Low,0,Low Risk - Low Activity
37052520,0.0,1,0,0.0,0.0,1.0,0.0,Low,0,Low Risk - Low Activity
37064627,0.0,1,0,0.0,0.0,1.0,0.0,Low,0,Low Risk - Low Activity
37080153,0.0,1,0,0.0,0.0,1.0,0.0,Low,0,Low Risk - Low Activity
37086900,0.0,1,0,1.0,0.0,0.0,0.0,Low,1,Low Risk - Low Activity
37089252,0.0,1,0,0.0,0.0,1.0,0.0,Low,0,Low Risk - Low Activity
37156129,0.0,1,0,0.0,0.0,1.0,0.0,Low,0,Low Risk - Low Activity
37170919,0.0,1,0,0.0,0.0,1.0,0.0,Low,0,Low Risk - Low Activity
37171712,0.0,1,0,0.0,1.0,0.0,0.0,Low,0,Low Risk - Low Activity
37177395,0.0,1,0,0.0,1.0,0.0,0.0,Low,0,Low Risk - Low Activity
37178207,0.0,1,0,0.0,1.0,0.0,0.0,Low,0,Low Risk - Low Activity
37184435,0.0,1,0,0.0,1.0,0.0,0.0,Low,0,Low Risk - Low Activity
37210485,0.0,1,0,0.0,0.0,1.0,0.0,Low,0,Low Risk - Low Activity
37256486,0.0,1,0,0.0,0.0,1.0,0.0,Low,0,Low Risk - Low Activity
37262124,0.0,1,0,0.0,1.0,0.0,0.0,Low,0,Low Risk - Low Activity
37267194,0.0,1,0,0.0,0.0,1.0,0.0,Low,0,Low Risk - Low Activity
37281435,0.0,1,0,0.0,0.0,1.0,0.0,Low,0,Low Risk - Low Activity
37292685,0.0,1,0,0.0,0.0,1.0,0.0,Low,0,Low Risk - Low Activity
37308738,0.0,1,0,0.0,0.0,1.0,0.0,Low,0,Low Risk - Low Activity
37319335,0.0,1,0,0.0,0.0,1.0,0.0,Low,0,Low Risk - Low Activity
37342310,0.0,1,0,0.0,0.0,1.0,0.0,Low,0,Low Risk - Low Activity
37344020,0.0,1,0,0.0,1.0,0.0,0.0,Low,0,Low Risk - Low Activity
37351131,0.0,1,0,0.0,0.0,1.0,0.0,Low,0,Low Risk - Low Activity
37370695,0.0,1,0,0.0,1.0,0.0,0.0,Low,0,Low Risk - Low Activity
37385579,0.0,1,0,0.0,0.0,1.0,0.0,Low,0,Low Risk - Low Activity
37434647,0.0,1,0,0.0,0.0,1.0,0.0,Low,0,Low Risk - Low Activity
37434854,0.0,1,0,0.0,1.0,0.0,0.0,Low,0,Low Risk - Low Activity
37437031,0.0,1,0,0.0,1.0,0.0,0.0,Low,0,Low Risk - Low Activity
37441514,0.0,1,0,0.0,1.0,0.0,0.0,Low,0,Low Risk - Low Activity
37446506,0.0,1,0,0.0,1.0,0.0,0.0,Low,0,Low Risk - Low Activity
37454187,0.0,1,0,0.0,1.0,0.0,0.0,Low,0,Low Risk - Low Activity
37458294,0.0,1,0,0.0,1.0,0.0,0.0,Low,0,Low Risk - Low Activity
37478502,0.0,1,0,0.0,0.0,1.0,0.0,Low,0,Low Risk - Low Activity
37490224,0.0,1,0,0.0,0.0,1.0,0.0,Low,0,Low Risk - Low Activity
37510466,0.0,1,0,0.0,1.0,0.0,0.0,Low,0,Low Risk - Low Activity
37542102,0.0,1,0,0.0,0.0,1.0,0.0,Low,0,Low Risk - Low Activity
37549190,0.0,1,0,0.0,0.0,1.0,0.0,Low,0,Low Risk - Low Activity
37551711,0.0,1,0,0.0,1.0,0.0,0.0,Low,0,Low Risk - Low Activity
37563434,0.0,1,0,0.0,0.0,1.0,0.0,Low,0,Low Risk - Low Activity
37587206,0.0,1,0,0.0,0.0,1.0,0.0,Low,0,Low Risk - Low Activity
37598466,0.0,1,0,0.0,1.0,0.0,0.0,Low,0,Low Risk - Low Activity
37601808,0.0,1,0,0.0,1.0,0.0,0.0,Low,0,Low Risk - Low Activity
37602612,0.0,1,0,0.0,1.0,0.0,0.0,Low,0,Low Risk - Low Activity
37605394,0.0,1,0,0.0,0.0,1.0,0.0,Low,0,Low Risk - Low Activity
37612259,0.0,1,0,0.0,0.0,1.0,0.0,Low,0,Low Risk - Low Activity
37622876,0.0,1,0,0.0,0.0,1.0,0.0,Low,0,Low Risk - Low Activity
37630279,0.0,1,0,0.0,0.0,1.0,0.0,Low,0,Low Risk - Low Activity
37631832,0.0,1,0,0.0,0.0,1.0,0.0,Low,0,Low Risk - Low Activity
37641629,0.0,1,0,0.0,0.0,1.0,0.0,Low,0,Low Risk - Low Activity
37650681,0.0,1,0,0.0,1.0,0.0,0.0,Low,0,Low Risk - Low Activity
37666397,0.0,1,0,0.0,1.0,0.0,0.0,Low,0,Low Risk - Low Activity
37683603,0.0,1,0,0.0,0.0,1.0,0.0,Low,0,Low Risk - Low Activity
37683842,0.0,1,0,0.0,0.0,1.0,0.0,Low,0,Low Risk - Low Activity
37687743,0.0,1,0,0.0,0.0,1.0,0.0,Low,0,Low Risk - Low Activity
37688919,0.0,1,0,0.0,0.0,1.0,0.0,Low,0,Low Risk - Low Activity
37699585,0.0,1,0,0.0,1.0,0.0,0.0,Low,0,Low Risk - Low Activity
37714565,0.0,1,0,0.0,1.0,0.0,0.0,Low,0,Low Risk - Low Activity
37718406,0.0,1,0,0.0,1.0,0.0,0.0,Low,0,Low Risk - Low Activity
37731036,0.0,1,0,0.0,0.0,1.0,0.0,Low,0,Low Risk - Low Activity
37761903,0.0,1,0,0.0,1.0,0.0,0.0,Low,0,Low Risk - Low Activity
37761962,0.0,1,0,0.0,1.0,0.0,0.0,Low,0,Low Risk - Low Activity
37777640,0.0,1,0,0.0,0.0,1.0,0.0,Low,0,Low Risk - Low Activity
37787842,0.0,1,0,0.0,0.0,1.0,0.0,Low,0,Low Risk - Low Activity
37798667,0.0,1,0,0.0,0.0,1.0,0.0,Low,0,Low Risk - Low Activity
37810794,0.0,1,0,0.0,0.0,1.0,0.0,Low,0,Low Risk - Low Activity
37813009,0.0,1,0,0.0,1.0,0.0,0.0,Low,0,Low Risk - Low Activity
37847647,0.0,1,0,0.0,0.0,1.0,0.0,Low,0,Low Risk - Low Activity
37850075,0.0,1,0,0.0,0.0,1.0,0.0,Low,0,Low Risk - Low Activity
37855154,0.0,1,0,0.0,0.0,1.0,0.0,Low,0,Low Risk - Low Activity
37876440,0.0,1,0,0.0,1.0,0.0,0.0,Low,0,Low Risk - Low Activity
37877725,0.0,1,0,0.0,0.0,1.0,0.0,Low,0,Low Risk - Low Activity
37886877,0.0,1,0,0.0,0.0,1.0,0.0,Low,0,Low Risk - Low Activity
37909575,0.0,1,0,0.0,1.0,0.0,0.0,Low,0,Low Risk - Low Activity
37912590,0.0,1,0,0.0,0.0,1.0,0.0,Low,0,Low Risk - Low Activity
37918407,0.0,1,0,0.0,0.0,1.0,0.0,Low,0,Low Risk - Low Activity
37919855,0.0,1,0,0.0,1.0,0.0,0.0,Low,0,Low Risk - Low Activity
37922380,0.0,1,0,0.0,0.0,1.0,0.0,Low,0,Low Risk - Low Activity
37929767,0.0,1,0,0.0,0.0,1.0,0.0,Low,0,Low Risk - Low Activity
37930474,0.0,1,0,0.0,0.0,1.0,0.0,Low,0,Low Risk - Low Activity
37953914,0.0,1,0,0.0,0.0,1.0,0.0,Low,0,Low Risk - Low Activity
37995221,0.0,1,0,0.0,1.0,0.0,0.0,Low,0,Low Risk - Low Activity
37995991,0.0,1,0,0.0,0.0,1.0,0.0,Low,0,Low Risk - Low Activity
38004769,0.0,1,0,0.0,1.0,0.0,0.0,Low,0,Low Risk - Low Activity
38005949,0.0,1,0,0.0,1.0,0.0,0.0,Low,0,Low Risk - Low Activity
38011304,0.0,1,0,0.0,1.0,0.0,0.0,Low,0,Low Risk - Low Activity
38023901,0.0,1,0,0.0,1.0,0.0,0.0,Low,0,Low Risk - Low Activity
38030609,0.0,1,0,0.0,0.0,1.0,0.0,Low,0,Low Risk - Low Activity
38037862,0.0,1,0,0.0,0.0,1.0,0.0,Low,0,Low Risk - Low Activity
38052650,0.0,1,0,0.0,0.0,1.0,0.0,Low,0,Low Risk - Low Activity
38055436,0.0,1,0,0.0,1.0,0.0,0.0,Low,0,Low Risk - Low Activity
38065077,0.0,1,0,0.0,1.0,0.0,0.0,Low,0,Low Risk - Low Activity
38073078,0.0,1,0,0.0,1.0,0.0,0.0,Low,0,Low Risk - Low Activity
38091544,0.0,1,0,0.0,0.0,1.0,0.0,Low,0,Low Risk - Low Activity
38093273,0.0,1,0,0.0,1.0,0.0,0.0,Low,0,Low Risk - Low Activity
38101691,0.0,1,0,0.0,0.0,1.0,0.0,Low,0,Low Risk - Low Activity
38110713,0.0,1,0,0.0,1.0,0.0,0.0,Low,0,Low Risk - Low Activity
38121034,0.0,1,0,0.0,1.0,0.0,0.0,Low,0,Low Risk - Low Activity
38124064,0.0,1,0,0.0,0.0,1.0,0.0,Low,0,Low Risk - Low Activity
38135851,0.0,1,0,0.0,0.0,1.0,0.0,Low,0,Low Risk - Low Activity
38177445,0.0,1,0,0.0,1.0,0.0,0.0,Low,0,Low Risk - Low Activity
38196358,0.0,1,0,0.0,0.0,1.0,0.0,Low,0,Low Risk - Low Activity
38196786,0.0,1,0,0.0,0.0,1.0,0.0,Low,0,Low Risk - Low Activity
38214590,0.0,1,0,0.0,0.0,1.0,0.0,Low,0,Low Risk - Low Activity
38225857,0.0,1,0,0.0,0.0,1.0,0.0,Low,0,Low Risk - Low Activity
38228893,0.0,1,0,0.0,0.0,1.0,0.0,Low,0,Low Risk - Low Activity
38229624,0.0,1,0,0.0,1.0,0.0,0.0,Low,0,Low Risk - Low Activity
38241888,0.0,1,0,0.0,1.0,0.0,0.0,Low,0,Low Risk - Low Activity
38245562,0.0,1,0,0.0,0.0,1.0,0.0,Low,0,Low Risk - Low Activity
38251760,0.0,1,0,0.0,1.0,0.0,0.0,Low,0,Low Risk - Low Activity
38252860,0.0,1,0,0.0,1.0,0.0,0.0,Low,0,Low Risk - Low Activity
38254185,0.0,1,0,0.0,0.0,1.0,0.0,Low,0,Low Risk - Low Activity
38269625,0.0,1,0,0.0,0.0,1.0,0.0,Low,0,Low Risk - Low Activity
38298903,0.0,1,0,0.0,0.0,1.0,0.0,Low,0,Low Risk - Low Activity
38312776,0.0,1,0,0.0,0.0,1.0,0.0,Low,0,Low Risk - Low Activity
38316181,0.0,1,0,0.0,0.0,1.0,0.0,Low,0,Low Risk - Low Activity
38326581,0.0,1,0,0.0,0.0,1.0,0.0,Low,0,Low Risk - Low Activity
38359911,0.0,1,0,0.0,0.0,1.0,0.0,Low,0,Low Risk - Low Activity
38370488,0.0,1,0,0.0,0.0,1.0,0.0,Low,0,Low Risk - Low Activity
38373739,0.0,1,0,0.0,0.0,1.0,0.0,Low,0,Low Risk - Low Activity
38375545,0.0,1,0,0.0,1.0,0.0,0.0,Low,0,Low Risk - Low Activity
38382726,0.0,1,0,0.0,1.0,0.0,0.0,Low,0,Low Risk - Low Activity
38393142,0.0,1,0,0.0,0.0,1.0,0.0,Low,0,Low Risk - Low Activity
38397779,0.0,1,0,0.0,0.0,1.0,0.0,Low,0,Low Risk - Low Activity
38411747,0.0,1,0,0.0,0.0,1.0,0.0,Low,0,Low Risk - Low Activity
38415189,0.0,1,0,0.0,1.0,0.0,0.0,Low,0,Low Risk - Low Activity
38425222,0.0,1,0,0.0,0.0,1.0,0.0,Low,0,Low Risk - Low Activity
38426253,0.0,1,0,0.0,1.0,0.0,0.0,Low,0,Low Risk - Low Activity
38438533,0.0,1,0,0.0,0.0,1.0,0.0,Low,0,Low Risk - Low Activity
38480548,0.0,1,0,0.0,0.0,1.0,0.0,Low,0,Low Risk - Low Activity
38485728,0.0,1,0,0.0,1.0,0.0,0.0,Low,0,Low Risk - Low Activity
38507405,0.0,1,0,0.0,0.0,1.0,0.0,Low,0,Low Risk - Low Activity
38514090,0.0,1,0,0.0,0.0,1.0,0.0,Low,0,Low Risk - Low Activity
38514491,0.0,1,0,0.0,0.0,1.0,0.0,Low,0,Low Risk - Low Activity
38515143,0.0,1,0,0.0,0.0,1.0,0.0,Low,0,Low Risk - Low Activity
38523601,0.0,1,0,0.0,1.0,0.0,0.0,Low,0,Low Risk - Low Activity
38526445,0.0,1,0,0.0,0.0,1.0,0.0,Low,0,Low Risk - Low Activity
38534443,0.0,1,0,0.0,1.0,0.0,0.0,Low,0,Low Risk - Low Activity
38548556,0.0,1,0,0.0,1.0,0.0,0.0,Low,0,Low Risk - Low Activity
38562033,0.0,1,0,0.0,0.0,1.0,0.0,Low,0,Low Risk - Low Activity
38565183,0.0,1,0,0.0,0.0,1.0,0.0,Low,0,Low Risk - Low Activity
38567303,0.0,1,0,0.0,1.0,0.0,0.0,Low,0,Low Risk - Low Activity
38570554,0.0,1,0,0.0,1.0,0.0,0.0,Low,0,Low Risk - Low Activity
38588157,0.0,1,0,0.0,0.0,1.0,0.0,Low,0,Low Risk - Low Activity
38621506,0.0,1,0,0.0,0.0,1.0,0.0,Low,0,Low Risk - Low Activity
38642875,0.0,1,0,0.0,0.0,1.0,0.0,Low,0,Low Risk - Low Activity
38668732,0.0,1,0,0.0,0.0,1.0,0.0,Low,0,Low Risk - Low Activity
38669701,0.0,1,0,0.0,0.0,1.0,0.0,Low,0,Low Risk - Low Activity
38684531,0.0,1,0,0.0,0.0,1.0,0.0,Low,0,Low Risk - Low Activity
38686691,0.0,1,0,0.0,1.0,0.0,0.0,Low,0,Low Risk - Low Activity
38692936,0.0,1,0,0.0,0.0,1.0,0.0,Low,0,Low Risk - Low Activity
38695970,0.0,1,0,0.0,0.0,1.0,0.0,Low,0,Low Risk - Low Activity
38696423,0.0,1,0,0.0,1.0,0.0,0.0,Low,0,Low Risk - Low Activity
38705439,0.0,1,0,0.0,0.0,1.0,0.0,Low,0,Low Risk - Low Activity
38705872,0.0,1,0,0.0,0.0,1.0,0.0,Low,0,Low Risk - Low Activity
38710063,0.0,1,0,0.0,0.0,1.0,0.0,Low,0,Low Risk - Low Activity
38710686,0.0,1,0,0.0,1.0,0.0,0.0,Low,0,Low Risk - Low Activity
38713759,0.0,1,0,0.0,0.0,1.0,0.0,Low,0,Low Risk - Low Activity
38720648,0.0,1,0,0.0,0.0,1.0,0.0,Low,0,Low Risk - Low Activity
38731953,0.0,1,0,0.0,0.0,1.0,0.0,Low,0,Low Risk - Low Activity
38742777,0.0,1,0,0.0,0.0,1.0,0.0,Low,0,Low Risk - Low Activity
38753369,0.0,1,0,0.0,1.0,0.0,0.0,Low,0,Low Risk - Low Activity
38753936,0.0,1,0,0.0,0.0,1.0,0.0,Low,0,Low Risk - Low Activity
38756907,0.0,1,0,0.0,0.0,1.0,0.0,Low,0,Low Risk - Low Activity
38757070,0.0,1,0,0.0,0.0,1.0,0.0,Low,0,Low Risk - Low Activity
38761426,0.0,1,0,0.0,0.0,1.0,0.0,Low,0,Low Risk - Low Activity
38779848,0.0,1,0,0.0,1.0,0.0,0.0,Low,0,Low Risk - Low Activity
38782146,0.0,1,0,0.0,0.0,1.0,0.0,Low,0,Low Risk - Low Activity
38828484,0.0,1,0,0.0,1.0,0.0,0.0,Low,0,Low Risk - Low Activity
38836354,0.0,1,0,0.0,0.0,1.0,0.0,Low,0,Low Risk - Low Activity
38851452,0.0,1,0,0.0,0.0,1.0,0.0,Low,0,Low Risk - Low Activity
38854829,0.0,1,0,0.0,1.0,0.0,0.0,Low,0,Low Risk - Low Activity
38864047,0.0,1,0,0.0,1.0,0.0,0.0,Low,0,Low Risk - Low Activity
38874924,0.0,1,0,0.0,0.0,1.0,0.0,Low,0,Low Risk - Low Activity
38877836,0.0,1,0,0.0,1.0,0.0,0.0,Low,0,Low Risk - Low Activity
38892063,0.0,1,0,0.0,1.0,0.0,0.0,Low,0,Low Risk - Low Activity
38909671,0.0,1,0,0.0,0.0,1.0,0.0,Low,0,Low Risk - Low Activity
38917592,0.0,1,0,0.0,0.0,1.0,0.0,Low,0,Low Risk - Low Activity
38922703,0.0,1,0,0.0,0.0,1.0,0.0,Low,0,Low Risk - Low Activity
38936072,0.0,1,0,0.0,0.0,1.0,0.0,Low,0,Low Risk - Low Activity
38939153,0.0,1,0,0.0,0.0,1.0,0.0,Low,0,Low Risk - Low Activity
38959539,0.0,1,0,0.0,0.0,1.0,0.0,Low,0,Low Risk - Low Activity
38972000,0.0,1,0,0.0,0.0,1.0,0.0,Low,0,Low Risk - Low Activity
38988283,0.0,1,0,0.0,1.0,0.0,0.0,Low,0,Low Risk - Low Activity
38988896,0.0,1,0,0.0,1.0,0.0,0.0,Low,0,Low Risk - Low Activity
38996733,0.0,1,0,0.0,0.0,1.0,0.0,Low,0,Low Risk - Low Activity
39014174,0.0,1,0,0.0,0.0,1.0,0.0,Low,0,Low Risk - Low Activity
39041159,0.0,1,0,0.0,0.0,1.0,0.0,Low,0,Low Risk - Low Activity
39047451,0.0,1,0,0.0,1.0,0.0,0.0,Low,0,Low Risk - Low Activity
39067871,0.0,1,0,0.0,1.0,0.0,0.0,Low,0,Low Risk - Low Activity
39103951,0.0,1,0,0.0,0.0,1.0,0.0,Low,0,Low Risk - Low Activity
39105797,0.0,1,0,0.0,0.0,1.0,0.0,Low,0,Low Risk - Low Activity
39110207,0.0,1,0,0.0,0.0,1.0,0.0,Low,0,Low Risk - Low Activity
39129144,0.0,1,0,0.0,0.0,1.0,0.0,Low,0,Low Risk - Low Activity
39145027,0.0,1,0,0.0,0.0,1.0,0.0,Low,0,Low Risk - Low Activity
39161512,0.0,1,0,0.0,0.0,1.0,0.0,Low,0,Low Risk - Low Activity
39161705,0.0,1,0,0.0,0.0,1.0,0.0,Low,0,Low Risk - Low Activity
39162479,0.0,1,0,0.0,0.0,1.0,0.0,Low,0,Low Risk - Low Activity
39171313,0.0,1,0,0.0,0.0,1.0,0.0,Low,0,Low Risk - Low Activity
39196386,0.0,1,0,0.0,1.0,0.0,0.0,Low,0,Low Risk - Low Activity
39201444,0.0,1,0,0.0,1.0,0.0,0.0,Low,0,Low Risk - Low Activity
39209367,0.0,1,0,0.0,1.0,0.0,0.0,Low,0,Low Risk - Low Activity
39235440,0.0,1,0,0.0,1.0,0.0,0.0,Low,0,Low Risk - Low Activity
39236281,0.0,1,0,0.0,1.0,0.0,0.0,Low,0,Low Risk - Low Activity
39238908,0.0,1,0,0.0,1.0,0.0,0.0,Low,0,Low Risk - Low Activity
39245786,0.0,1,0,0.0,0.0,1.0,0.0,Low,0,Low Risk - Low Activity
39282346,0.0,1,0,0.0,0.0,1.0,0.0,Low,0,Low Risk - Low Activity
39286735,0.0,1,0,0.0,1.0,0.0,0.0,Low,0,Low Risk - Low Activity
39293136,0.0,1,0,0.0,1.0,0.0,0.0,Low,0,Low Risk - Low Activity
39300017,0.0,1,0,0.0,0.0,1.0,0.0,Low,0,Low Risk - Low Activity
39300739,0.0,1,0,0.0,1.0,0.0,0.0,Low,0,Low Risk - Low Activity
39303638,0.0,1,0,0.0,1.0,0.0,0.0,Low,0,Low Risk - Low Activity
39317621,0.0,1,0,0.0,1.0,0.0,0.0,Low,0,Low Risk - Low Activity
39332131,0.0,1,0,0.0,1.0,0.0,0.0,Low,0,Low Risk - Low Activity
39339191,0.0,1,0,0.0,1.0,0.0,0.0,Low,0,Low Risk - Low Activity
39349698,0.0,1,0,0.0,1.0,0.0,0.0,Low,0,Low Risk - Low Activity
39357991,0.0,1,0,0.0,1.0,0.0,0.0,Low,0,Low Risk - Low Activity
39361109,0.0,1,0,0.0,0.0,1.0,0.0,Low,0,Low Risk - Low Activity
39363673,0.0,1,0,0.0,0.0,1.0,0.0,Low,0,Low Risk - Low Activity
39364078,0.0,1,0,0.0,1.0,0.0,0.0,Low,0,Low Risk - Low Activity
39375921,0.0,1,0,0.0,0.0,1.0,0.0,Low,0,Low Risk - Low Activity
39377929,0.0,1,0,0.0,1.0,0.0,0.0,Low,0,Low Risk - Low Activity
39398191,0.0,1,0,0.0,0.0,1.0,0.0,Low,0,Low Risk - Low Activity
39404725,0.0,1,0,0.0,0.0,1.0,0.0,Low,0,Low Risk - Low Activity
39406428,0.0,1,0,0.0,1.0,0.0,0.0,Low,0,Low Risk - Low Activity
39451320,0.0,1,0,0.0,0.0,1.0,0.0,Low,0,Low Risk - Low Activity
39455858,0.0,1,0,0.0,0.0,1.0,0.0,Low,0,Low Risk - Low Activity
39457465,0.0,1,0,0.0,1.0,0.0,0.0,Low,0,Low Risk - Low Activity
39469655,0.0,1,0,0.0,0.0,1.0,0.0,Low,0,Low Risk - Low Activity
39502382,0.0,1,0,0.0,1.0,0.0,0.0,Low,0,Low Risk - Low Activity
39502828,0.0,1,0,0.0,1.0,0.0,0.0,Low,0,Low Risk - Low Activity
39510995,0.0,1,0,0.0,1.0,0.0,0.0,Low,0,Low Risk - Low Activity
39530079,0.0,1,0,0.0,0.0,1.0,0.0,Low,0,Low Risk - Low Activity
39533146,0.0,1,0,0.0,1.0,0.0,0.0,Low,0,Low Risk - Low Activity
39537757,0.0,1,0,0.0,0.0,1.0,0.0,Low,0,Low Risk - Low Activity
39539888,0.0,1,0,0.0,1.0,0.0,0.0,Low,0,Low Risk - Low Activity
39545365,0.0,1,0,0.0,1.0,0.0,0.0,Low,0,Low Risk - Low Activity
39554747,0.0,1,0,0.0,0.0,1.0,0.0,Low,0,Low Risk - Low Activity
39556026,0.0,1,0,0.0,1.0,0.0,0.0,Low,0,Low Risk - Low Activity
39559197,0.0,1,0,0.0,0.0,1.0,0.0,Low,0,Low Risk - Low Activity
39559852,0.0,1,0,0.0,1.0,0.0,0.0,Low,0,Low Risk - Low Activity
39575370,0.0,1,0,0.0,0.0,1.0,0.0,Low,0,Low Risk - Low Activity
39576450,0.0,1,0,0.0,1.0,0.0,0.0,Low,0,Low Risk - Low Activity
39583304,0.0,1,0,0.0,1.0,0.0,0.0,Low,0,Low Risk - Low Activity
39585166,0.0,1,0,0.0,0.0,1.0,0.0,Low,0,Low Risk - Low Activity
39586840,0.0,1,0,0.0,0.0,1.0,0.0,Low,0,Low Risk - Low Activity
39600983,0.0,1,0,0.0,1.0,0.0,0.0,Low,0,Low Risk - Low Activity
39604187,0.0,1,0,0.0,1.0,0.0,0.0,Low,0,Low Risk - Low Activity
39646278,0.0,1,0,0.0,1.0,0.0,0.0,Low,0,Low Risk - Low Activity
39661078,0.0,1,0,0.0,0.0,1.0,0.0,Low,0,Low Risk - Low Activity
39663664,0.0,1,0,0.0,1.0,0.0,0.0,Low,0,Low Risk - Low Activity
39675662,0.0,1,0,0.0,1.0,0.0,0.0,Low,0,Low Risk - Low Activity
39690055,0.0,1,0,0.0,1.0,0.0,0.0,Low,0,Low Risk - Low Activity
39696959,0.0,1,0,0.0,1.0,0.0,0.0,Low,0,Low Risk - Low Activity
39699986,0.0,1,0,0.0,0.0,1.0,0.0,Low,0,Low Risk - Low Activity
39707917,0.0,1,0,0.0,0.0,1.0,0.0,Low,0,Low Risk - Low Activity
39708233,0.0,1,0,0.0,0.0,1.0,0.0,Low,0,Low Risk - Low Activity
39720772,0.0,1,0,0.0,1.0,0.0,0.0,Low,0,Low Risk - Low Activity
39727438,0.0,1,0,0.0,0.0,1.0,0.0,Low,0,Low Risk - Low Activity
39730130,0.0,1,0,0.0,0.0,1.0,0.0,Low,0,Low Risk - Low Activity
39730754,0.0,1,0,0.0,0.0,1.0,0.0,Low,0,Low Risk - Low Activity
39731504,0.0,1,0,0.0,0.0,1.0,0.0,Low,0,Low Risk - Low Activity
39737225,0.0,1,0,0.0,0.0,1.0,0.0,Low,0,Low Risk - Low Activity
39737803,0.0,1,0,0.0,0.0,1.0,0.0,Low,0,Low Risk - Low Activity
39753547,0.0,1,0,0.0,1.0,0.0,0.0,Low,0,Low Risk - Low Activity
39773064,0.0,1,0,0.0,1.0,0.0,0.0,Low,0,Low Risk - Low Activity
39788817,0.0,1,0,0.0,0.0,1.0,0.0,Low,0,Low Risk - Low Activity
39791524,0.0,1,0,0.0,1.0,0.0,0.0,Low,0,Low Risk - Low Activity
39800741,0.0,1,0,0.0,1.0,0.0,0.0,Low,0,Low Risk - Low Activity
39802458,0.0,1,0,0.0,0.0,1.0,0.0,Low,0,Low Risk - Low Activity
39805344,0.0,1,0,0.0,1.0,0.0,0.0,Low,0,Low Risk - Low Activity
39816631,0.0,1,0,0.0,0.0,1.0,0.0,Low,0,Low Risk - Low Activity
39818921,0.0,1,0,0.0,0.0,1.0,0.0,Low,0,Low Risk - Low Activity
39832407,0.0,1,0,0.0,0.0,1.0,0.0,Low,0,Low Risk - Low Activity
39835779,0.0,1,0,0.0,1.0,0.0,0.0,Low,0,Low Risk - Low Activity
39840657,0.0,1,0,0.0,0.0,1.0,0.0,Low,0,Low Risk - Low Activity
39845566,0.0,1,0,0.0,1.0,0.0,0.0,Low,0,Low Risk - Low Activity
39867496,0.0,1,0,0.0,1.0,0.0,0.0,Low,0,Low Risk - Low Activity
39867864,0.0,1,0,0.0,0.0,1.0,0.0,Low,0,Low Risk - Low Activity
39889413,0.0,1,0,0.0,0.0,1.0,0.0,Low,0,Low Risk - Low Activity
39915114,0.0,1,0,0.0,0.0,1.0,0.0,Low,0,Low Risk - Low Activity
39921317,0.0,1,0,0.0,0.0,1.0,0.0,Low,0,Low Risk - Low Activity
39930681,0.0,1,0,0.0,0.0,1.0,0.0,Low,0,Low Risk - Low Activity
39937001,0.0,1,0,0.0,0.0,1.0,0.0,Low,0,Low Risk - Low Activity
39952546,0.0,1,0,0.0,1.0,0.0,0.0,Low,0,Low Risk - Low Activity
39969126,0.0,1,0,0.0,0.0,1.0,0.0,Low,0,Low Risk - Low Activity
39972929,0.0,1,0,0.0,0.0,1.0,0.0,Low,0,Low Risk - Low Activity
39974358,0.0,1,0,0.0,0.0,1.0,0.0,Low,0,Low Risk - Low Activity
39981219,0.0,1,0,0.0,0.0,1.0,0.0,Low,0,Low Risk - Low Activity
39991927,0.0,1,0,0.0,0.0,1.0,0.0,Low,0,Low Risk - Low Activity
39992067,0.0,1,0,0.0,1.0,0.0,0.0,Low,0,Low Risk - Low Activity
40005497,0.0,1,0,0.0,0.0,1.0,0.0,Low,0,Low Risk - Low Activity
40019643,0.0,1,0,0.0,1.0,0.0,0.0,Low,0,Low Risk - Low Activity
40039685,0.0,1,0,0.0,0.0,1.0,0.0,Low,0,Low Risk - Low Activity
40072708,0.0,1,0,0.0,0.0,1.0,0.0,Low,0,Low Risk - Low Activity
40079928,0.0,1,0,0.0,0.0,1.0,0.0,Low,0,Low Risk - Low Activity
40099294,0.0,1,0,0.0,0.0,1.0,0.0,Low,0,Low Risk - Low Activity
40099331,0.0,1,0,0.0,1.0,0.0,0.0,Low,0,Low Risk - Low Activity
40112472,0.0,1,0,0.0,0.0,1.0,0.0,Low,0,Low Risk - Low Activity
40136010,0.0,1,0,0.0,1.0,0.0,0.0,Low,0,Low Risk - Low Activity
40153042,0.0,1,0,0.0,1.0,0.0,0.0,Low,0,Low Risk - Low Activity
40153682,0.0,1,0,0.0,1.0,0.0,0.0,Low,0,Low Risk - Low Activity
40156709,0.0,1,0,0.0,1.0,0.0,0.0,Low,0,Low Risk - Low Activity
40182609,0.0,1,0,0.0,1.0,0.0,0.0,Low,0,Low Risk - Low Activity
40188685,0.0,1,0,0.0,1.0,0.0,0.0,Low,0,Low Risk - Low Activity
40214247,0.0,1,0,0.0,1.0,0.0,0.0,Low,0,Low Risk - Low Activity
40232579,0.0,1,0,0.0,0.0,1.0,0.0,Low,0,Low Risk - Low Activity
40245725,0.0,1,0,0.0,0.0,1.0,0.0,Low,0,Low Risk - Low Activity
40250166,0.0,1,0,0.0,1.0,0.0,0.0,Low,0,Low Risk - Low Activity
40302258,0.0,1,0,0.0,1.0,0.0,0.0,Low,0,Low Risk - Low Activity
40318214,0.0,1,0,0.0,0.0,1.0,0.0,Low,0,Low Risk - Low Activity
40333694,0.0,1,0,0.0,0.0,1.0,0.0,Low,0,Low Risk - Low Activity
40335254,0.0,1,0,0.0,1.0,0.0,0.0,Low,0,Low Risk - Low Activity
40340878,0.0,1,0,0.0,0.0,1.0,0.0,Low,0,Low Risk - Low Activity
40343250,0.0,1,0,0.0,0.0,1.0,0.0,Low,0,Low Risk - Low Activity
40358387,0.0,1,0,0.0,0.0,1.0,0.0,Low,0,Low Risk - Low Activity
40376590,0.0,1,0,0.0,1.0,0.0,0.0,Low,0,Low Risk - Low Activity
40398205,0.0,1,0,0.0,1.0,0.0,0.0,Low,0,Low Risk - Low Activity
40413325,0.0,1,0,0.0,0.0,1.0,0.0,Low,0,Low Risk - Low Activity
40428178,0.0,1,0,0.0,1.0,0.0,0.0,Low,0,Low Risk - Low Activity
40435412,0.0,1,0,0.0,0.0,1.0,0.0,Low,0,Low Risk - Low Activity
40455102,0.0,1,0,0.0,1.0,0.0,0.0,Low,0,Low Risk - Low Activity
40467814,0.0,1,0,0.0,1.0,0.0,0.0,Low,0,Low Risk - Low Activity
40475188,0.0,1,0,0.0,1.0,0.0,0.0,Low,0,Low Risk - Low Activity
40491920,0.0,1,0,0.0,0.0,1.0,0.0,Low,0,Low Risk - Low Activity
40494217,0.0,1,0,0.0,1.0,0.0,0.0,Low,0,Low Risk - Low Activity
40505926,0.0,1,0,0.0,1.0,0.0,0.0,Low,0,Low Risk - Low Activity
40509035,0.0,1,0,0.0,0.0,1.0,0.0,Low,0,Low Risk - Low Activity
40510233,0.0,1,0,0.0,1.0,0.0,0.0,Low,0,Low Risk - Low Activity
40510469,0.0,1,0,0.0,1.0,0.0,0.0,Low,0,Low Risk - Low Activity
40511046,0.0,1,0,0.0,0.0,1.0,0.0,Low,0,Low Risk - Low Activity
40512934,0.0,1,0,0.0,0.0,1.0,0.0,Low,0,Low Risk - Low Activity
40519881,0.0,1,0,0.0,0.0,1.0,0.0,Low,0,Low Risk - Low Activity
40525094,0.0,1,0,0.0,1.0,0.0,0.0,Low,0,Low Risk - Low Activity
40527054,0.0,1,0,0.0,0.0,1.0,0.0,Low,0,Low Risk - Low Activity
40533385,0.0,1,0,0.0,0.0,1.0,0.0,Low,0,Low Risk - Low Activity
40552097,0.0,1,0,0.0,0.0,1.0,0.0,Low,0,Low Risk - Low Activity
40566417,0.0,1,0,0.0,1.0,0.0,0.0,Low,0,Low Risk - Low Activity
40589544,0.0,1,0,0.0,0.0,1.0,0.0,Low,0,Low Risk - Low Activity
40590762,0.0,1,0,0.0,0.0,1.0,0.0,Low,0,Low Risk - Low Activity
40598315,0.0,1,0,0.0,0.0,1.0,0.0,Low,0,Low Risk - Low Activity
40632322,0.0,1,0,0.0,1.0,0.0,0.0,Low,0,Low Risk - Low Activity
40635795,0.0,1,0,0.0,0.0,1.0,0.0,Low,0,Low Risk - Low Activity
40641961,0.0,1,0,0.0,1.0,0.0,0.0,Low,0,Low Risk - Low Activity
40653998,0.0,1,0,0.0,0.0,1.0,0.0,Low,0,Low Risk - Low Activity
40666634,0.0,1,0,0.0,0.0,1.0,0.0,Low,0,Low Risk - Low Activity
40669465,0.0,1,0,0.0,1.0,0.0,0.0,Low,0,Low Risk - Low Activity
40672025,0.0,1,0,0.0,1.0,0.0,0.0,Low,0,Low Risk - Low Activity
40680790,0.0,1,0,0.0,0.0,1.0,0.0,Low,0,Low Risk - Low Activity
40681844,0.0,1,0,0.0,0.0,1.0,0.0,Low,0,Low Risk - Low Activity
40684005,0.0,1,0,0.0,0.0,1.0,0.0,Low,0,Low Risk - Low Activity
40685577,0.0,1,0,0.0,0.0,1.0,0.0,Low,0,Low Risk - Low Activity
40694152,0.0,1,0,0.0,0.0,1.0,0.0,Low,0,Low Risk - Low Activity
40694841,0.0,1,0,0.0,0.0,1.0,0.0,Low,0,Low Risk - Low Activity
40697526,0.0,1,0,0.0,1.0,0.0,0.0,Low,0,Low Risk - Low Activity
40709914,0.0,1,0,0.0,0.0,1.0,0.0,Low,0,Low Risk - Low Activity
40723366,0.0,1,0,0.0,1.0,0.0,0.0,Low,0,Low Risk - Low Activity
40735901,0.0,1,0,0.0,0.0,1.0,0.0,Low,0,Low Risk - Low Activity
40739844,0.0,1,0,0.0,1.0,0.0,0.0,Low,0,Low Risk - Low Activity
40740693,0.0,1,0,0.0,0.0,1.0,0.0,Low,0,Low Risk - Low Activity
40766926,0.0,1,0,0.0,1.0,0.0,0.0,Low,0,Low Risk - Low Activity
40778223,0.0,1,0,0.0,0.0,1.0,0.0,Low,0,Low Risk - Low Activity
40781198,0.0,1,0,0.0,0.0,1.0,0.0,Low,0,Low Risk - Low Activity
40783237,0.0,1,0,0.0,0.0,1.0,0.0,Low,0,Low Risk - Low Activity
40796380,0.0,1,0,0.0,1.0,0.0,0.0,Low,0,Low Risk - Low Activity
40812495,0.0,1,0,0.0,1.0,0.0,0.0,Low,0,Low Risk - Low Activity
40815509,0.0,1,0,0.0,0.0,1.0,0.0,Low,0,Low Risk - Low Activity
40818442,0.0,1,0,0.0,0.0,1.0,0.0,Low,0,Low Risk - Low Activity
40818829,0.0,1,0,0.0,0.0,1.0,0.0,Low,0,Low Risk - Low Activity
40824357,0.0,1,0,0.0,0.0,1.0,0.0,Low,0,Low Risk - Low Activity
40831604,0.0,1,0,0.0,1.0,0.0,0.0,Low,0,Low Risk - Low Activity
40845267,0.0,1,0,0.0,1.0,0.0,0.0,Low,0,Low Risk - Low Activity
40849422,0.0,1,0,0.0,0.0,1.0,0.0,Low,0,Low Risk - Low Activity
40850378,0.0,1,0,0.0,1.0,0.0,0.0,Low,0,Low Risk - Low Activity
40860711,0.0,1,0,0.0,0.0,1.0,0.0,Low,0,Low Risk - Low Activity
40885334,0.0,1,0,0.0,1.0,0.0,0.0,Low,0,Low Risk - Low Activity
40891759,0.0,1,0,0.0,1.0,0.0,0.0,Low,0,Low Risk - Low Activity
40892329,0.0,1,0,0.0,0.0,1.0,0.0,Low,0,Low Risk - Low Activity
40893057,0.0,1,0,0.0,0.0,1.0,0.0,Low,0,Low Risk - Low Activity
40900373,0.0,1,0,0.0,0.0,1.0,0.0,Low,0,Low Risk - Low Activity
40911369,0.0,1,0,0.0,1.0,0.0,0.0,Low,0,Low Risk - Low Activity
40938661,0.0,1,0,0.0,0.0,1.0,0.0,Low,0,Low Risk - Low Activity
40945869,0.0,1,0,0.0,0.0,1.0,0.0,Low,0,Low Risk - Low Activity
40961097,0.0,1,0,0.0,0.0,1.0,0.0,Low,0,Low Risk - Low Activity
40968977,0.0,1,0,0.0,0.0,1.0,0.0,Low,0,Low Risk - Low Activity
40970925,0.0,1,0,0.0,1.0,0.0,0.0,Low,0,Low Risk - Low Activity
40972985,0.0,1,0,0.0,1.0,0.0,0.0,Low,0,Low Risk - Low Activity
40977616,0.0,1,0,0.0,0.0,1.0,0.0,Low,0,Low Risk - Low Activity
40992782,0.0,1,0,0.0,1.0,0.0,0.0,Low,0,Low Risk - Low Activity
40995570,0.0,1,0,0.0,0.0,1.0,0.0,Low,0,Low Risk - Low Activity
41003999,0.0,1,0,0.0,0.0,1.0,0.0,Low,0,Low Risk - Low Activity
41023422,0.0,1,0,0.0,0.0,1.0,0.0,Low,0,Low Risk - Low Activity
41033060,0.0,1,0,0.0,0.0,1.0,0.0,Low,0,Low Risk - Low Activity
41051254,0.0,1,0,0.0,0.0,1.0,0.0,Low,0,Low Risk - Low Activity
41074329,0.0,1,0,0.0,0.0,1.0,0.0,Low,0,Low Risk - Low Activity
41079495,0.0,1,0,0.0,1.0,0.0,0.0,Low,0,Low Risk - Low Activity
41087267,0.0,1,0,0.0,1.0,0.0,0.0,Low,0,Low Risk - Low Activity
41094696,0.0,1,0,0.0,1.0,0.0,0.0,Low,0,Low Risk - Low Activity
41095027,0.0,1,0,0.0,1.0,0.0,0.0,Low,0,Low Risk - Low Activity
41123626,0.0,1,0,0.0,1.0,0.0,0.0,Low,0,Low Risk - Low Activity
41123954,0.0,1,0,0.0,0.0,1.0,0.0,Low,0,Low Risk - Low Activity
41127726,0.0,1,0,0.0,0.0,1.0,0.0,Low,0,Low Risk - Low Activity
41132003,0.0,1,0,0.0,0.0,1.0,0.0,Low,0,Low Risk - Low Activity
41135569,0.0,1,0,0.0,1.0,0.0,0.0,Low,0,Low Risk - Low Activity
41145976,0.0,1,0,0.0,1.0,0.0,0.0,Low,0,Low Risk - Low Activity
41159844,0.0,1,0,0.0,0.0,1.0,0.0,Low,0,Low Risk - Low Activity
41170774,0.0,1,0,0.0,1.0,0.0,0.0,Low,0,Low Risk - Low Activity
41172216,0.0,1,0,0.0,1.0,0.0,0.0,Low,0,Low Risk - Low Activity
41176126,0.0,1,0,0.0,0.0,1.0,0.0,Low,0,Low Risk - Low Activity
41181217,0.0,1,0,0.0,0.0,1.0,0.0,Low,0,Low Risk - Low Activity
41181871,0.0,1,0,0.0,0.0,1.0,0.0,Low,0,Low Risk - Low Activity
41202261,0.0,1,0,0.0,1.0,0.0,0.0,Low,0,Low Risk - Low Activity
41223808,0.0,1,0,0.0,0.0,1.0,0.0,Low,0,Low Risk - Low Activity
41239246,0.0,1,0,0.0,0.0,1.0,0.0,Low,0,Low Risk - Low Activity
41245831,0.0,1,0,0.0,0.0,1.0,0.0,Low,0,Low Risk - Low Activity
41257342,0.0,1,0,0.0,0.0,1.0,0.0,Low,0,Low Risk - Low Activity
41272870,0.0,1,0,0.0,1.0,0.0,0.0,Low,0,Low Risk - Low Activity
41274774,0.0,1,0,0.0,0.0,1.0,0.0,Low,0,Low Risk - Low Activity
41276611,0.0,1,0,0.0,0.0,1.0,0.0,Low,0,Low Risk - Low Activity
41282240,0.0,1,0,0.0,1.0,0.0,0.0,Low,0,Low Risk - Low Activity
41297161,0.0,1,0,0.0,0.0,1.0,0.0,Low,0,Low Risk - Low Activity
41305764,0.0,1,0,0.0,1.0,0.0,0.0,Low,0,Low Risk - Low Activity
41306320,0.0,1,0,0.0,1.0,0.0,0.0,Low,0,Low Risk - Low Activity
41308259,0.0,1,0,0.0,0.0,1.0,0.0,Low,0,Low Risk - Low Activity
41363313,0.0,1,0,0.0,0.0,1.0,0.0,Low,0,Low Risk - Low Activity
41365547,0.0,1,0,0.0,1.0,0.0,0.0,Low,0,Low Risk - Low Activity
41381269,0.0,1,0,0.0,0.0,1.0,0.0,Low,0,Low Risk - Low Activity
41393402,0.0,1,0,0.0,1.0,0.0,0.0,Low,0,Low Risk - Low Activity
41429207,0.0,1,0,0.0,0.0,1.0,0.0,Low,0,Low Risk - Low Activity
41433733,0.0,1,0,0.0,1.0,0.0,0.0,Low,0,Low Risk - Low Activity
41438662,0.0,1,0,0.0,0.0,1.0,0.0,Low,0,Low Risk - Low Activity
41448803,0.0,1,0,0.0,0.0,1.0,0.0,Low,0,Low Risk - Low Activity
41458808,0.0,1,0,0.0,1.0,0.0,0.0,Low,0,Low Risk - Low Activity
41459642,0.0,1,0,0.0,0.0,1.0,0.0,Low,0,Low Risk - Low Activity
41469897,0.0,1,0,0.0,1.0,0.0,0.0,Low,0,Low Risk - Low Activity
41472180,0.0,1,0,0.0,1.0,0.0,0.0,Low,0,Low Risk - Low Activity
41479397,0.0,1,0,0.0,0.0,1.0,0.0,Low,0,Low Risk - Low Activity
41484407,0.0,1,0,0.0,0.0,1.0,0.0,Low,0,Low Risk - Low Activity
41510371,0.0,1,0,0.0,0.0,1.0,0.0,Low,0,Low Risk - Low Activity
41519420,0.0,1,0,0.0,0.0,1.0,0.0,Low,0,Low Risk - Low Activity
41543698,0.0,1,0,0.0,0.0,1.0,0.0,Low,0,Low Risk - Low Activity
41547406,0.0,1,0,0.0,0.0,1.0,0.0,Low,0,Low Risk - Low Activity
41564927,0.0,1,0,0.0,0.0,1.0,0.0,Low,0,Low Risk - Low Activity
41603526,0.0,1,0,0.0,0.0,1.0,0.0,Low,0,Low Risk - Low Activity
41611091,0.0,1,0,0.0,0.0,1.0,0.0,Low,0,Low Risk - Low Activity
41621824,0.0,1,0,0.0,0.0,1.0,0.0,Low,0,Low Risk - Low Activity
41626795,0.0,1,0,0.0,0.0,1.0,0.0,Low,0,Low Risk - Low Activity
41628872,0.0,1,0,0.0,0.0,1.0,0.0,Low,0,Low Risk - Low Activity
41667623,0.0,1,0,0.0,1.0,0.0,0.0,Low,0,Low Risk - Low Activity
41725153,0.0,1,0,0.0,0.0,1.0,0.0,Low,0,Low Risk - Low Activity
41730697,0.0,1,0,0.0,0.0,1.0,0.0,Low,0,Low Risk - Low Activity
41731939,0.0,1,0,0.0,1.0,0.0,0.0,Low,0,Low Risk - Low Activity
41738250,0.0,1,0,0.0,1.0,0.0,0.0,Low,0,Low Risk - Low Activity
41764271,0.0,1,0,1.0,0.0,0.0,0.0,Low,1,Low Risk - Low Activity
41764919,0.0,1,0,0.0,1.0,0.0,0.0,Low,0,Low Risk - Low Activity
41775762,0.0,1,0,0.0,0.0,1.0,0.0,Low,0,Low Risk - Low Activity
41788013,0.0,1,0,0.0,0.0,1.0,0.0,Low,0,Low Risk - Low Activity
41791832,0.0,1,0,0.0,0.0,1.0,0.0,Low,0,Low Risk - Low Activity
41795337,0.0,1,0,0.0,0.0,1.0,0.0,Low,0,Low Risk - Low Activity
41795660,0.0,1,0,0.0,0.0,1.0,0.0,Low,0,Low Risk - Low Activity
41799427,0.0,1,0,0.0,1.0,0.0,0.0,Low,0,Low Risk - Low Activity
41813685,0.0,1,0,0.0,0.0,1.0,0.0,Low,0,Low Risk - Low Activity
41816643,0.0,1,0,0.0,1.0,0.0,0.0,Low,0,Low Risk - Low Activity
41823551,0.0,1,0,0.0,1.0,0.0,0.0,Low,0,Low Risk - Low Activity
41840312,0.0,1,0,0.0,0.0,1.0,0.0,Low,0,Low Risk - Low Activity
41853743,0.0,1,0,0.0,1.0,0.0,0.0,Low,0,Low Risk - Low Activity
41860285,0.0,1,0,0.0,1.0,0.0,0.0,Low,0,Low Risk - Low Activity
41860917,0.0,1,0,0.0,0.0,1.0,0.0,Low,0,Low Risk - Low Activity
41863939,0.0,1,0,0.0,1.0,0.0,0.0,Low,0,Low Risk - Low Activity
41866366,0.0,1,0,0.0,0.0,1.0,0.0,Low,0,Low Risk - Low Activity
41867786,0.0,1,0,0.0,0.0,1.0,0.0,Low,0,Low Risk - Low Activity
41881937,0.0,1,0,0.0,1.0,0.0,0.0,Low,0,Low Risk - Low Activity
41908178,0.0,1,0,0.0,1.0,0.0,0.0,Low,0,Low Risk - Low Activity
41925086,0.0,1,0,0.0,0.0,1.0,0.0,Low,0,Low Risk - Low Activity
41930674,0.0,1,0,0.0,1.0,0.0,0.0,Low,0,Low Risk - Low Activity
41933331,0.0,1,0,0.0,0.0,1.0,0.0,Low,0,Low Risk - Low Activity
41949203,0.0,1,0,0.0,1.0,0.0,0.0,Low,0,Low Risk - Low Activity
41949757,0.0,1,0,0.0,1.0,0.0,0.0,Low,0,Low Risk - Low Activity
41952614,0.0,1,0,0.0,1.0,0.0,0.0,Low,0,Low Risk - Low Activity
41954344,0.0,1,0,0.0,1.0,0.0,0.0,Low,0,Low Risk - Low Activity
41956253,0.0,1,0,0.0,0.0,1.0,0.0,Low,0,Low Risk - Low Activity
41964682,0.0,1,0,0.0,0.0,1.0,0.0,Low,0,Low Risk - Low Activity
41965475,0.0,1,0,0.0,1.0,0.0,0.0,Low,0,Low Risk - Low Activity
41966753,0.0,1,0,0.0,0.0,1.0,0.0,Low,0,Low Risk - Low Activity
41974651,0.0,1,0,0.0,0.0,1.0,0.0,Low,0,Low Risk - Low Activity
41982421,0.0,1,0,0.0,0.0,1.0,0.0,Low,0,Low Risk - Low Activity
41982767,0.0,1,0,0.0,1.0,0.0,0.0,Low,0,Low Risk - Low Activity
42005234,0.0,1,0,0.0,0.0,1.0,0.0,Low,0,Low Risk - Low Activity
42021922,0.0,1,0,0.0,1.0,0.0,0.0,Low,0,Low Risk - Low Activity
42032084,0.0,1,0,0.0,1.0,0.0,0.0,Low,0,Low Risk - Low Activity
42037733,0.0,1,0,0.0,0.0,1.0,0.0,Low,0,Low Risk - Low Activity
42046970,0.0,1,0,0.0,1.0,0.0,0.0,Low,0,Low Risk - Low Activity
42054071,0.0,1,0,0.0,1.0,0.0,0.0,Low,0,Low Risk - Low Activity
42056943,0.0,1,0,0.0,0.0,1.0,0.0,Low,0,Low Risk - Low Activity
42057127,0.0,1,0,0.0,0.0,1.0,0.0,Low,0,Low Risk - Low Activity
42082870,0.0,1,0,0.0,0.0,1.0,0.0,Low,0,Low Risk - Low Activity
42089417,0.0,1,0,0.0,0.0,1.0,0.0,Low,0,Low Risk - Low Activity
42097694,0.0,1,0,0.0,0.0,1.0,0.0,Low,0,Low Risk - Low Activity
42114583,0.0,1,0,0.0,1.0,0.0,0.0,Low,0,Low Risk - Low Activity
42115194,0.0,1,0,0.0,1.0,0.0,0.0,Low,0,Low Risk - Low Activity
42118225,0.0,1,0,0.0,1.0,0.0,0.0,Low,0,Low Risk - Low Activity
42144205,0.0,1,0,0.0,1.0,0.0,0.0,Low,0,Low Risk - Low Activity
42154113,0.0,1,0,0.0,0.0,1.0,0.0,Low,0,Low Risk - Low Activity
42173973,0.0,1,0,0.0,0.0,1.0,0.0,Low,0,Low Risk - Low Activity
42180806,0.0,1,0,0.0,1.0,0.0,0.0,Low,0,Low Risk - Low Activity
42185377,0.0,1,0,0.0,0.0,1.0,0.0,Low,0,Low Risk - Low Activity
42187809,0.0,1,0,0.0,1.0,0.0,0.0,Low,0,Low Risk - Low Activity
42189645,0.0,1,0,0.0,1.0,0.0,0.0,Low,0,Low Risk - Low Activity
42195633,0.0,1,0,0.0,1.0,0.0,0.0,Low,0,Low Risk - Low Activity
42204336,0.0,1,0,0.0,1.0,0.0,0.0,Low,0,Low Risk - Low Activity
42210825,0.0,1,0,0.0,1.0,0.0,0.0,Low,0,Low Risk - Low Activity
42215472,0.0,1,0,0.0,0.0,1.0,0.0,Low,0,Low Risk - Low Activity
42216325,0.0,1,0,0.0,0.0,1.0,0.0,Low,0,Low Risk - Low Activity
42219171,0.0,1,0,0.0,1.0,0.0,0.0,Low,0,Low Risk - Low Activity
42232253,0.0,1,0,0.0,0.0,1.0,0.0,Low,0,Low Risk - Low Activity
42244126,0.0,1,0,0.0,0.0,1.0,0.0,Low,0,Low Risk - Low Activity
42248312,0.0,1,0,0.0,0.0,1.0,0.0,Low,0,Low Risk - Low Activity
42266352,0.0,1,0,0.0,0.0,1.0,0.0,Low,0,Low Risk - Low Activity
42274196,0.0,1,0,0.0,0.0,1.0,0.0,Low,0,Low Risk - Low Activity
42277391,0.0,1,0,0.0,0.0,1.0,0.0,Low,0,Low Risk - Low Activity
42280275,0.0,1,0,0.0,1.0,0.0,0.0,Low,0,Low Risk - Low Activity
42281998,0.0,1,0,0.0,1.0,0.0,0.0,Low,0,Low Risk - Low Activity
42312823,0.0,1,0,0.0,1.0,0.0,0.0,Low,0,Low Risk - Low Activity
42313352,0.0,1,0,0.0,0.0,1.0,0.0,Low,0,Low Risk - Low Activity
42331468,0.0,1,0,0.0,1.0,0.0,0.0,Low,0,Low Risk - Low Activity
42336211,0.0,1,0,0.0,0.0,1.0,0.0,Low,0,Low Risk - Low Activity
42341736,0.0,1,0,0.0,1.0,0.0,0.0,Low,0,Low Risk - Low Activity
42346128,0.0,1,0,0.0,0.0,1.0,0.0,Low,0,Low Risk - Low Activity
42348219,0.0,1,0,0.0,0.0,1.0,0.0,Low,0,Low Risk - Low Activity
42372549,0.0,1,0,0.0,0.0,1.0,0.0,Low,0,Low Risk - Low Activity
42376261,0.0,1,0,0.0,0.0,1.0,0.0,Low,0,Low Risk - Low Activity
42381283,0.0,1,0,0.0,0.0,1.0,0.0,Low,0,Low Risk - Low Activity
42393894,0.0,1,0,0.0,0.0,1.0,0.0,Low,0,Low Risk - Low Activity
42412689,0.0,1,0,0.0,1.0,0.0,0.0,Low,0,Low Risk - Low Activity
42418355,0.0,1,0,0.0,0.0,1.0,0.0,Low,0,Low Risk - Low Activity
42427499,0.0,1,0,0.0,0.0,1.0,0.0,Low,0,Low Risk - Low Activity
42449421,0.0,1,0,0.0,0.0,1.0,0.0,Low,0,Low Risk - Low Activity
42479040,0.0,1,0,0.0,1.0,0.0,0.0,Low,0,Low Risk - Low Activity
42487116,0.0,1,0,0.0,1.0,0.0,0.0,Low,0,Low Risk - Low Activity
42495585,0.0,1,0,0.0,0.0,1.0,0.0,Low,0,Low Risk - Low Activity
42513565,0.0,1,0,0.0,0.0,1.0,0.0,Low,0,Low Risk - Low Activity
42526699,0.0,1,0,0.0,1.0,0.0,0.0,Low,0,Low Risk - Low Activity
42527059,0.0,1,0,0.0,0.0,1.0,0.0,Low,0,Low Risk - Low Activity
42529638,0.0,1,0,0.0,0.0,1.0,0.0,Low,0,Low Risk - Low Activity
42533979,0.0,1,0,0.0,0.0,1.0,0.0,Low,0,Low Risk - Low Activity
42545876,0.0,1,0,0.0,0.0,1.0,0.0,Low,0,Low Risk - Low Activity
42552611,0.0,1,0,0.0,0.0,1.0,0.0,Low,0,Low Risk - Low Activity
42575163,0.0,1,0,0.0,1.0,0.0,0.0,Low,0,Low Risk - Low Activity
42597963,0.0,1,0,0.0,0.0,1.0,0.0,Low,0,Low Risk - Low Activity
42598215,0.0,1,0,0.0,0.0,1.0,0.0,Low,0,Low Risk - Low Activity
42607610,0.0,1,0,0.0,1.0,0.0,0.0,Low,0,Low Risk - Low Activity
42630890,0.0,1,0,0.0,1.0,0.0,0.0,Low,0,Low Risk - Low Activity
42643870,0.0,1,0,0.0,0.0,1.0,0.0,Low,0,Low Risk - Low Activity
42654650,0.0,1,0,0.0,0.0,1.0,0.0,Low,0,Low Risk - Low Activity
42673019,0.0,1,0,0.0,1.0,0.0,0.0,Low,0,Low Risk - Low Activity
42673181,0.0,1,0,0.0,0.0,1.0,0.0,Low,0,Low Risk - Low Activity
42673386,0.0,1,0,0.0,0.0,1.0,0.0,Low,0,Low Risk - Low Activity
42673513,0.0,1,0,0.0,0.0,1.0,0.0,Low,0,Low Risk - Low Activity
42685441,0.0,1,0,0.0,0.0,1.0,0.0,Low,0,Low Risk - Low Activity
42700110,0.0,1,0,0.0,1.0,0.0,0.0,Low,0,Low Risk - Low Activity
42748553,0.0,1,0,0.0,1.0,0.0,0.0,Low,0,Low Risk - Low Activity
42777660,0.0,1,0,0.0,0.0,1.0,0.0,Low,0,Low Risk - Low Activity
42778845,0.0,1,0,0.0,0.0,1.0,0.0,Low,0,Low Risk - Low Activity
42781400,0.0,1,0,0.0,0.0,1.0,0.0,Low,0,Low Risk - Low Activity
42785599,0.0,1,0,0.0,0.0,1.0,0.0,Low,0,Low Risk - Low Activity
42792885,0.0,1,0,0.0,1.0,0.0,0.0,Low,0,Low Risk - Low Activity
42792895,0.0,1,0,0.0,0.0,1.0,0.0,Low,0,Low Risk - Low Activity
42799978,0.0,1,0,0.0,0.0,1.0,0.0,Low,0,Low Risk - Low Activity
42800333,0.0,1,0,0.0,0.0,1.0,0.0,Low,0,Low Risk - Low Activity
42821823,0.0,1,0,0.0,0.0,1.0,0.0,Low,0,Low Risk - Low Activity
42824215,0.0,1,0,0.0,0.0,1.0,0.0,Low,0,Low Risk - Low Activity
42826028,0.0,1,0,0.0,0.0,1.0,0.0,Low,0,Low Risk - Low Activity
42827469,0.0,1,0,0.0,0.0,1.0,0.0,Low,0,Low Risk - Low Activity
42834532,0.0,1,0,0.0,1.0,0.0,0.0,Low,0,Low Risk - Low Activity
42835869,0.0,1,0,0.0,0.0,1.0,0.0,Low,0,Low Risk - Low Activity
42840746,0.0,1,0,0.0,1.0,0.0,0.0,Low,0,Low Risk - Low Activity
42856675,0.0,1,0,0.0,0.0,1.0,0.0,Low,0,Low Risk - Low Activity
42874972,0.0,1,0,0.0,1.0,0.0,0.0,Low,0,Low Risk - Low Activity
42879892,0.0,1,0,0.0,0.0,1.0,0.0,Low,0,Low Risk - Low Activity
42893043,0.0,1,0,0.0,0.0,1.0,0.0,Low,0,Low Risk - Low Activity
42899387,0.0,1,0,0.0,1.0,0.0,0.0,Low,0,Low Risk - Low Activity
42918919,0.0,1,0,0.0,1.0,0.0,0.0,Low,0,Low Risk - Low Activity
42919128,0.0,1,0,0.0,1.0,0.0,0.0,Low,0,Low Risk - Low Activity
42934217,0.0,1,0,0.0,1.0,0.0,0.0,Low,0,Low Risk - Low Activity
42940661,0.0,1,0,0.0,0.0,1.0,0.0,Low,0,Low Risk - Low Activity
42949092,0.0,1,0,0.0,0.0,1.0,0.0,Low,0,Low Risk - Low Activity
42951529,0.0,1,0,0.0,1.0,0.0,0.0,Low,0,Low Risk - Low Activity
42956890,0.0,1,0,0.0,1.0,0.0,0.0,Low,0,Low Risk - Low Activity
42964008,0.0,1,0,0.0,1.0,0.0,0.0,Low,0,Low Risk - Low Activity
42968907,0.0,1,0,0.0,0.0,1.0,0.0,Low,0,Low Risk - Low Activity
42983555,0.0,1,0,0.0,0.0,1.0,0.0,Low,0,Low Risk - Low Activity
42984667,0.0,1,0,0.0,1.0,0.0,0.0,Low,0,Low Risk - Low Activity
42990956,0.0,1,0,0.0,0.0,1.0,0.0,Low,0,Low Risk - Low Activity
43004378,0.0,1,0,0.0,0.0,1.0,0.0,Low,0,Low Risk - Low Activity
43009092,0.0,1,0,0.0,0.0,1.0,0.0,Low,0,Low Risk - Low Activity
43021123,0.0,1,0,0.0,0.0,1.0,0.0,Low,0,Low Risk - Low Activity
43037581,0.0,1,0,0.0,1.0,0.0,0.0,Low,0,Low Risk - Low Activity
43038217,0.0,1,0,0.0,1.0,0.0,0.0,Low,0,Low Risk - Low Activity
43045972,0.0,1,0,0.0,1.0,0.0,0.0,Low,0,Low Risk - Low Activity
43047956,0.0,1,0,0.0,0.0,1.0,0.0,Low,0,Low Risk - Low Activity
43048286,0.0,1,0,0.0,1.0,0.0,0.0,Low,0,Low Risk - Low Activity
43065852,0.0,1,0,0.0,1.0,0.0,0.0,Low,0,Low Risk - Low Activity
43073116,0.0,1,0,0.0,1.0,0.0,0.0,Low,0,Low Risk - Low Activity
43092074,0.0,1,0,0.0,0.0,1.0,0.0,Low,0,Low Risk - Low Activity
43114393,0.0,1,0,0.0,1.0,0.0,0.0,Low,0,Low Risk - Low Activity
43121436,0.0,1,0,0.0,0.0,1.0,0.0,Low,0,Low Risk - Low Activity
43122165,0.0,1,0,0.0,0.0,1.0,0.0,Low,0,Low Risk - Low Activity
43125597,0.0,1,0,0.0,1.0,0.0,0.0,Low,0,Low Risk - Low Activity
43128171,0.0,1,0,0.0,0.0,1.0,0.0,Low,0,Low Risk - Low Activity
43162900,0.0,1,0,0.0,0.0,1.0,0.0,Low,0,Low Risk - Low Activity
43163924,0.0,1,0,0.0,1.0,0.0,0.0,Low,0,Low Risk - Low Activity
43168866,0.0,1,0,0.0,1.0,0.0,0.0,Low,0,Low Risk - Low Activity
43174977,0.0,1,0,0.0,0.0,1.0,0.0,Low,0,Low Risk - Low Activity
43187073,0.0,1,0,0.0,1.0,0.0,0.0,Low,0,Low Risk - Low Activity
43194890,0.0,1,0,0.0,0.0,1.0,0.0,Low,0,Low Risk - Low Activity
43217748,0.0,1,0,0.0,1.0,0.0,0.0,Low,0,Low Risk - Low Activity
43226073,0.0,1,0,0.0,0.0,1.0,0.0,Low,0,Low Risk - Low Activity
43228532,0.0,1,0,0.0,1.0,0.0,0.0,Low,0,Low Risk - Low Activity
43236883,0.0,1,0,0.0,1.0,0.0,0.0,Low,0,Low Risk - Low Activity
43239597,0.0,1,0,0.0,0.0,1.0,0.0,Low,0,Low Risk - Low Activity
43280529,0.0,1,0,0.0,0.0,1.0,0.0,Low,0,Low Risk - Low Activity
43287411,0.0,1,0,0.0,1.0,0.0,0.0,Low,0,Low Risk - Low Activity
43291499,0.0,1,0,0.0,1.0,0.0,0.0,Low,0,Low Risk - Low Activity
43323262,0.0,1,0,0.0,0.0,1.0,0.0,Low,0,Low Risk - Low Activity
43324220,0.0,1,0,0.0,0.0,1.0,0.0,Low,0,Low Risk - Low Activity
43340720,0.0,1,0,0.0,0.0,1.0,0.0,Low,0,Low Risk - Low Activity
43345595,0.0,1,0,0.0,0.0,1.0,0.0,Low,0,Low Risk - Low Activity
43350798,0.0,1,0,0.0,1.0,0.0,0.0,Low,0,Low Risk - Low Activity
43365885,0.0,1,0,0.0,0.0,1.0,0.0,Low,0,Low Risk - Low Activity
43373612,0.0,1,0,0.0,0.0,1.0,0.0,Low,0,Low Risk - Low Activity
43374088,0.0,1,0,0.0,0.0,1.0,0.0,Low,0,Low Risk - Low Activity
43392309,0.0,1,0,0.0,0.0,1.0,0.0,Low,0,Low Risk - Low Activity
43418781,0.0,1,0,0.0,0.0,1.0,0.0,Low,0,Low Risk - Low Activity
43421679,0.0,1,0,0.0,0.0,1.0,0.0,Low,0,Low Risk - Low Activity
43445223,0.0,1,0,0.0,0.0,1.0,0.0,Low,0,Low Risk - Low Activity
43447458,0.0,1,0,0.0,0.0,1.0,0.0,Low,0,Low Risk - Low Activity
43450688,0.0,1,0,0.0,0.0,1.0,0.0,Low,0,Low Risk - Low Activity
43455398,0.0,1,0,0.0,0.0,1.0,0.0,Low,0,Low Risk - Low Activity
43476786,0.0,1,0,0.0,0.0,1.0,0.0,Low,0,Low Risk - Low Activity
43483330,0.0,1,0,0.0,1.0,0.0,0.0,Low,0,Low Risk - Low Activity
43501490,0.0,1,0,0.0,1.0,0.0,0.0,Low,0,Low Risk - Low Activity
43509168,0.0,1,0,0.0,0.0,1.0,0.0,Low,0,Low Risk - Low Activity
43515720,0.0,1,0,0.0,0.0,1.0,0.0,Low,0,Low Risk - Low Activity
43521027,0.0,1,0,0.0,0.0,1.0,0.0,Low,0,Low Risk - Low Activity
43529316,0.0,1,0,0.0,1.0,0.0,0.0,Low,0,Low Risk - Low Activity
43529615,0.0,1,0,0.0,1.0,0.0,0.0,Low,0,Low Risk - Low Activity
43536756,0.0,1,0,0.0,0.0,1.0,0.0,Low,0,Low Risk - Low Activity
43537080,0.0,1,0,1.0,0.0,0.0,0.0,Low,1,Low Risk - Low Activity
43548923,0.0,1,0,0.0,1.0,0.0,0.0,Low,0,Low Risk - Low Activity
43555203,0.0,1,0,0.0,0.0,1.0,0.0,Low,0,Low Risk - Low Activity
43576342,0.0,1,0,0.0,0.0,1.0,0.0,Low,0,Low Risk - Low Activity
43578097,0.0,1,0,0.0,0.0,1.0,0.0,Low,0,Low Risk - Low Activity
43593753,0.0,1,0,0.0,1.0,0.0,0.0,Low,0,Low Risk - Low Activity
43619053,0.0,1,0,0.0,0.0,1.0,0.0,Low,0,Low Risk - Low Activity
43668385,0.0,1,0,0.0,1.0,0.0,0.0,Low,0,Low Risk - Low Activity
43669052,0.0,1,0,0.0,0.0,1.0,0.0,Low,0,Low Risk - Low Activity
43671347,0.0,1,0,0.0,0.0,1.0,0.0,Low,0,Low Risk - Low Activity
43680286,0.0,1,0,0.0,0.0,1.0,0.0,Low,0,Low Risk - Low Activity
43681675,0.0,1,0,0.0,1.0,0.0,0.0,Low,0,Low Risk - Low Activity
43687320,0.0,1,0,0.0,0.0,1.0,0.0,Low,0,Low Risk - Low Activity
43702134,0.0,1,0,0.0,0.0,1.0,0.0,Low,0,Low Risk - Low Activity
43704182,0.0,1,0,0.0,0.0,1.0,0.0,Low,0,Low Risk - Low Activity
43709000,0.0,1,0,0.0,1.0,0.0,0.0,Low,0,Low Risk - Low Activity
43710805,0.0,1,0,0.0,0.0,1.0,0.0,Low,0,Low Risk - Low Activity
43725720,0.0,1,0,0.0,0.0,1.0,0.0,Low,0,Low Risk - Low Activity
43729943,0.0,1,0,0.0,0.0,1.0,0.0,Low,0,Low Risk - Low Activity
43757076,0.0,1,0,0.0,1.0,0.0,0.0,Low,0,Low Risk - Low Activity
43786618,0.0,1,0,0.0,0.0,1.0,0.0,Low,0,Low Risk - Low Activity
43789818,0.0,1,0,0.0,0.0,1.0,0.0,Low,0,Low Risk - Low Activity
43795727,0.0,1,0,0.0,0.0,1.0,0.0,Low,0,Low Risk - Low Activity
43802735,0.0,1,0,0.0,1.0,0.0,0.0,Low,0,Low Risk - Low Activity
43818991,0.0,1,0,0.0,0.0,1.0,0.0,Low,0,Low Risk - Low Activity
43828865,0.0,1,0,0.0,1.0,0.0,0.0,Low,0,Low Risk - Low Activity
43856982,0.0,1,0,0.0,1.0,0.0,0.0,Low,0,Low Risk - Low Activity
43863353,0.0,1,0,0.0,0.0,1.0,0.0,Low,0,Low Risk - Low Activity
43870025,0.0,1,0,0.0,0.0,1.0,0.0,Low,0,Low Risk - Low Activity
43872284,0.0,1,0,0.0,0.0,1.0,0.0,Low,0,Low Risk - Low Activity
43876252,0.0,1,0,0.0,1.0,0.0,0.0,Low,0,Low Risk - Low Activity
43876887,0.0,1,0,0.0,0.0,1.0,0.0,Low,0,Low Risk - Low Activity
43883287,0.0,1,0,0.0,0.0,1.0,0.0,Low,0,Low Risk - Low Activity
43921836,0.0,1,0,0.0,1.0,0.0,0.0,Low,0,Low Risk - Low Activity
43935691,0.0,1,0,0.0,0.0,1.0,0.0,Low,0,Low Risk - Low Activity
43938649,0.0,1,0,0.0,1.0,0.0,0.0,Low,0,Low Risk - Low Activity
43945308,0.0,1,0,0.0,0.0,1.0,0.0,Low,0,Low Risk - Low Activity
43947609,0.0,1,0,0.0,0.0,1.0,0.0,Low,0,Low Risk - Low Activity
43952011,0.0,1,0,0.0,0.0,1.0,0.0,Low,0,Low Risk - Low Activity
43966260,0.0,1,0,0.0,0.0,1.0,0.0,Low,0,Low Risk - Low Activity
43973046,0.0,1,0,0.0,0.0,1.0,0.0,Low,0,Low Risk - Low Activity
43973580,0.0,1,0,0.0,0.0,1.0,0.0,Low,0,Low Risk - Low Activity
43982996,0.0,1,0,0.0,1.0,0.0,0.0,Low,0,Low Risk - Low Activity
43984692,0.0,1,0,0.0,0.0,1.0,0.0,Low,0,Low Risk - Low Activity
43992629,0.0,1,0,0.0,1.0,0.0,0.0,Low,0,Low Risk - Low Activity
44019271,0.0,1,0,0.0,0.0,1.0,0.0,Low,0,Low Risk - Low Activity
44027222,0.0,1,0,0.0,0.0,1.0,0.0,Low,0,Low Risk - Low Activity
44032442,0.0,1,0,0.0,0.0,1.0,0.0,Low,0,Low Risk - Low Activity
44036432,0.0,1,0,0.0,0.0,1.0,0.0,Low,0,Low Risk - Low Activity
44048272,0.0,1,0,0.0,0.0,1.0,0.0,Low,0,Low Risk - Low Activity
44055870,0.0,1,0,0.0,0.0,1.0,0.0,Low,0,Low Risk - Low Activity
44069591,0.0,1,0,0.0,0.0,1.0,0.0,Low,0,Low Risk - Low Activity
44070568,0.0,1,0,0.0,0.0,1.0,0.0,Low,0,Low Risk - Low Activity
44085810,0.0,1,0,0.0,0.0,1.0,0.0,Low,0,Low Risk - Low Activity
44116895,0.0,1,0,0.0,0.0,1.0,0.0,Low,0,Low Risk - Low Activity
44135906,0.0,1,0,0.0,0.0,1.0,0.0,Low,0,Low Risk - Low Activity
44143077,0.0,1,0,0.0,1.0,0.0,0.0,Low,0,Low Risk - Low Activity
44158805,0.0,1,0,0.0,0.0,1.0,0.0,Low,0,Low Risk - Low Activity
44163680,0.0,1,0,0.0,1.0,0.0,0.0,Low,0,Low Risk - Low Activity
44174501,0.0,1,0,0.0,0.0,1.0,0.0,Low,0,Low Risk - Low Activity
44197793,0.0,1,0,0.0,1.0,0.0,0.0,Low,0,Low Risk - Low Activity
44210505,0.0,1,0,0.0,0.0,1.0,0.0,Low,0,Low Risk - Low Activity
44218177,0.0,1,0,0.0,0.0,1.0,0.0,Low,0,Low Risk - Low Activity
44222287,0.0,1,0,0.0,1.0,0.0,0.0,Low,0,Low Risk - Low Activity
44223813,0.0,1,0,0.0,0.0,1.0,0.0,Low,0,Low Risk - Low Activity
44234066,0.0,1,0,0.0,1.0,0.0,0.0,Low,0,Low Risk - Low Activity
44240165,0.0,1,0,0.0,1.0,0.0,0.0,Low,0,Low Risk - Low Activity
44254639,0.0,1,0,0.0,1.0,0.0,0.0,Low,0,Low Risk - Low Activity
44273930,0.0,1,0,0.0,1.0,0.0,0.0,Low,0,Low Risk - Low Activity
44294940,0.0,1,0,0.0,0.0,1.0,0.0,Low,0,Low Risk - Low Activity
44302674,0.0,1,0,0.0,1.0,0.0,0.0,Low,0,Low Risk - Low Activity
44317684,0.0,1,0,0.0,0.0,1.0,0.0,Low,0,Low Risk - Low Activity
44328280,0.0,1,0,0.0,0.0,1.0,0.0,Low,0,Low Risk - Low Activity
44333497,0.0,1,0,0.0,1.0,0.0,0.0,Low,0,Low Risk - Low Activity
44334963,0.0,1,0,0.0,1.0,0.0,0.0,Low,0,Low Risk - Low Activity
44354530,0.0,1,0,0.0,0.0,1.0,0.0,Low,0,Low Risk - Low Activity
44362911,0.0,1,0,0.0,0.0,1.0,0.0,Low,0,Low Risk - Low Activity
44374396,0.0,1,0,0.0,0.0,1.0,0.0,Low,0,Low Risk - Low Activity
44390462,0.0,1,0,0.0,1.0,0.0,0.0,Low,0,Low Risk - Low Activity
44393732,0.0,1,0,0.0,0.0,1.0,0.0,Low,0,Low Risk - Low Activity
44394012,0.0,1,0,0.0,1.0,0.0,0.0,Low,0,Low Risk - Low Activity
44405533,0.0,1,0,0.0,1.0,0.0,0.0,Low,0,Low Risk - Low Activity
44415970,0.0,1,0,0.0,0.0,1.0,0.0,Low,0,Low Risk - Low Activity
44420018,0.0,1,0,0.0,1.0,0.0,0.0,Low,0,Low Risk - Low Activity
44422436,0.0,1,0,0.0,0.0,1.0,0.0,Low,0,Low Risk - Low Activity
44428804,0.0,1,0,0.0,1.0,0.0,0.0,Low,0,Low Risk - Low Activity
44428981,0.0,1,0,0.0,1.0,0.0,0.0,Low,0,Low Risk - Low Activity
44436009,0.0,1,0,0.0,0.0,1.0,0.0,Low,0,Low Risk - Low Activity
44437464,0.0,1,0,0.0,1.0,0.0,0.0,Low,0,Low Risk - Low Activity
44454210,0.0,1,0,0.0,1.0,0.0,0.0,Low,0,Low Risk - Low Activity
44456999,0.0,1,0,0.0,1.0,0.0,0.0,Low,0,Low Risk - Low Activity
44513263,0.0,1,0,0.0,0.0,1.0,0.0,Low,0,Low Risk - Low Activity
44524506,0.0,1,0,0.0,1.0,0.0,0.0,Low,0,Low Risk - Low Activity
44524958,0.0,1,0,0.0,1.0,0.0,0.0,Low,0,Low Risk - Low Activity
44528814,0.0,1,0,0.0,1.0,0.0,0.0,Low,0,Low Risk - Low Activity
44560966,0.0,1,0,0.0,1.0,0.0,0.0,Low,0,Low Risk - Low Activity
44598988,0.0,1,0,0.0,1.0,0.0,0.0,Low,0,Low Risk - Low Activity
44599324,0.0,1,0,0.0,0.0,1.0,0.0,Low,0,Low Risk - Low Activity
44613797,0.0,1,0,0.0,1.0,0.0,0.0,Low,0,Low Risk - Low Activity
44625657,0.0,1,0,0.0,0.0,1.0,0.0,Low,0,Low Risk - Low Activity
44626660,0.0,1,0,0.0,0.0,1.0,0.0,Low,0,Low Risk - Low Activity
44626926,0.0,1,0,0.0,1.0,0.0,0.0,Low,0,Low Risk - Low Activity
44630681,0.0,1,0,0.0,0.0,1.0,0.0,Low,0,Low Risk - Low Activity
44645339,0.0,1,0,0.0,0.0,1.0,0.0,Low,0,Low Risk - Low Activity
44655314,0.0,1,0,0.0,0.0,1.0,0.0,Low,0,Low Risk - Low Activity
44660080,0.0,1,0,0.0,0.0,1.0,0.0,Low,0,Low Risk - Low Activity
44663736,0.0,1,0,0.0,0.0,1.0,0.0,Low,0,Low Risk - Low Activity
44667567,0.0,1,0,0.0,0.0,1.0,0.0,Low,0,Low Risk - Low Activity
44697529,0.0,1,0,0.0,0.0,1.0,0.0,Low,0,Low Risk - Low Activity
44721963,0.0,1,0,0.0,1.0,0.0,0.0,Low,0,Low Risk - Low Activity
44730015,0.0,1,0,0.0,1.0,0.0,0.0,Low,0,Low Risk - Low Activity
44736169,0.0,1,0,0.0,1.0,0.0,0.0,Low,0,Low Risk - Low Activity
44748201,0.0,1,0,0.0,1.0,0.0,0.0,Low,0,Low Risk - Low Activity
44748793,0.0,1,0,0.0,0.0,1.0,0.0,Low,0,Low Risk - Low Activity
44754812,0.0,1,0,0.0,1.0,0.0,0.0,Low,0,Low Risk - Low Activity
44760048,0.0,1,0,0.0,0.0,1.0,0.0,Low,0,Low Risk - Low Activity
44773724,0.0,1,0,0.0,1.0,0.0,0.0,Low,0,Low Risk - Low Activity
44784917,0.0,1,0,0.0,0.0,1.0,0.0,Low,0,Low Risk - Low Activity
44790631,0.0,1,0,0.0,0.0,1.0,0.0,Low,0,Low Risk - Low Activity
44808748,0.0,1,0,0.0,0.0,1.0,0.0,Low,0,Low Risk - Low Activity
44811074,0.0,1,0,0.0,0.0,1.0,0.0,Low,0,Low Risk - Low Activity
44812660,0.0,1,0,0.0,0.0,1.0,0.0,Low,0,Low Risk - Low Activity
44826412,0.0,1,0,0.0,0.0,1.0,0.0,Low,0,Low Risk - Low Activity
44835268,0.0,1,0,0.0,0.0,1.0,0.0,Low,0,Low Risk - Low Activity
44847718,0.0,1,0,0.0,0.0,1.0,0.0,Low,0,Low Risk - Low Activity
44857712,0.0,1,0,0.0,1.0,0.0,0.0,Low,0,Low Risk - Low Activity
44890235,0.0,1,0,0.0,0.0,1.0,0.0,Low,0,Low Risk - Low Activity
44895119,0.0,1,0,0.0,1.0,0.0,0.0,Low,0,Low Risk - Low Activity
44895517,0.0,1,0,0.0,0.0,1.0,0.0,Low,0,Low Risk - Low Activity
44899493,0.0,1,0,0.0,1.0,0.0,0.0,Low,0,Low Risk - Low Activity
44913166,0.0,1,0,0.0,0.0,1.0,0.0,Low,0,Low Risk - Low Activity
44919240,0.0,1,0,0.0,1.0,0.0,0.0,Low,0,Low Risk - Low Activity
44938999,0.0,1,0,0.0,1.0,0.0,0.0,Low,0,Low Risk - Low Activity
44945537,0.0,1,0,0.0,0.0,1.0,0.0,Low,0,Low Risk - Low Activity
44951183,0.0,1,0,0.0,0.0,1.0,0.0,Low,0,Low Risk - Low Activity
45006573,0.0,1,0,0.0,1.0,0.0,0.0,Low,0,Low Risk - Low Activity
45014530,0.0,1,0,0.0,0.0,1.0,0.0,Low,0,Low Risk - Low Activity
45018980,0.0,1,0,0.0,0.0,1.0,0.0,Low,0,Low Risk - Low Activity
45042462,0.0,1,0,0.0,1.0,0.0,0.0,Low,0,Low Risk - Low Activity
45044123,0.0,1,0,0.0,0.0,1.0,0.0,Low,0,Low Risk - Low Activity
45045918,0.0,1,0,0.0,0.0,1.0,0.0,Low,0,Low Risk - Low Activity
45048800,0.0,1,0,0.0,1.0,0.0,0.0,Low,0,Low Risk - Low Activity
45059215,0.0,1,0,0.0,1.0,0.0,0.0,Low,0,Low Risk - Low Activity
45069705,0.0,1,0,0.0,0.0,1.0,0.0,Low,0,Low Risk - Low Activity
45070234,0.0,1,0,0.0,0.0,1.0,0.0,Low,0,Low Risk - Low Activity
45099170,0.0,1,0,0.0,0.0,1.0,0.0,Low,0,Low Risk - Low Activity
45115543,0.0,1,0,0.0,1.0,0.0,0.0,Low,0,Low Risk - Low Activity
45120203,0.0,1,0,0.0,0.0,1.0,0.0,Low,0,Low Risk - Low Activity
45135824,0.0,1,0,0.0,0.0,1.0,0.0,Low,0,Low Risk - Low Activity
45143549,0.0,1,0,0.0,1.0,0.0,0.0,Low,0,Low Risk - Low Activity
45153147,0.0,1,0,0.0,0.0,1.0,0.0,Low,0,Low Risk - Low Activity
45156848,0.0,1,0,0.0,1.0,0.0,0.0,Low,0,Low Risk - Low Activity
45164243,0.0,1,0,0.0,0.0,1.0,0.0,Low,0,Low Risk - Low Activity
45165963,0.0,1,0,0.0,1.0,0.0,0.0,Low,0,Low Risk - Low Activity
45168086,0.0,1,0,0.0,0.0,1.0,0.0,Low,0,Low Risk - Low Activity
45169091,0.0,1,0,0.0,0.0,1.0,0.0,Low,0,Low Risk - Low Activity
45183154,0.0,1,0,0.0,1.0,0.0,0.0,Low,0,Low Risk - Low Activity
45192576,0.0,1,0,0.0,0.0,1.0,0.0,Low,0,Low Risk - Low Activity
45228222,0.0,1,0,0.0,0.0,1.0,0.0,Low,0,Low Risk - Low Activity
45246543,0.0,1,0,0.0,1.0,0.0,0.0,Low,0,Low Risk - Low Activity
45250209,0.0,1,0,0.0,0.0,1.0,0.0,Low,0,Low Risk - Low Activity
45255273,0.0,1,0,0.0,1.0,0.0,0.0,Low,0,Low Risk - Low Activity
45257520,0.0,1,0,0.0,1.0,0.0,0.0,Low,0,Low Risk - Low Activity
45257969,0.0,1,0,0.0,0.0,1.0,0.0,Low,0,Low Risk - Low Activity
45275494,0.0,1,0,0.0,0.0,1.0,0.0,Low,0,Low Risk - Low Activity
45280267,0.0,1,0,1.0,0.0,0.0,0.0,Low,1,Low Risk - Low Activity
45299050,0.0,1,0,0.0,0.0,1.0,0.0,Low,0,Low Risk - Low Activity
45300902,0.0,1,0,0.0,1.0,0.0,0.0,Low,0,Low Risk - Low Activity
45307143,0.0,1,0,0.0,0.0,1.0,0.0,Low,0,Low Risk - Low Activity
45314134,0.0,1,0,0.0,0.0,1.0,0.0,Low,0,Low Risk - Low Activity
45315557,0.0,1,0,0.0,0.0,1.0,0.0,Low,0,Low Risk - Low Activity
45317218,0.0,1,0,0.0,1.0,0.0,0.0,Low,0,Low Risk - Low Activity
45317293,0.0,1,0,0.0,0.0,1.0,0.0,Low,0,Low Risk - Low Activity
45320447,0.0,1,0,0.0,1.0,0.0,0.0,Low,0,Low Risk - Low Activity
45323105,0.0,1,0,0.0,0.0,1.0,0.0,Low,0,Low Risk - Low Activity
45344132,0.0,1,0,0.0,1.0,0.0,0.0,Low,0,Low Risk - Low Activity
45355218,0.0,1,0,0.0,0.0,1.0,0.0,Low,0,Low Risk - Low Activity
45355285,0.0,1,0,0.0,1.0,0.0,0.0,Low,0,Low Risk - Low Activity
45356537,0.0,1,0,0.0,0.0,1.0,0.0,Low,0,Low Risk - Low Activity
45367337,0.0,1,0,0.0,1.0,0.0,0.0,Low,0,Low Risk - Low Activity
45373735,0.0,1,0,0.0,1.0,0.0,0.0,Low,0,Low Risk - Low Activity
45381881,0.0,1,0,0.0,0.0,1.0,0.0,Low,0,Low Risk - Low Activity
45381981,0.0,1,0,0.0,1.0,0.0,0.0,Low,0,Low Risk - Low Activity
45387698,0.0,1,0,0.0,1.0,0.0,0.0,Low,0,Low Risk - Low Activity
45393227,0.0,1,0,0.0,0.0,1.0,0.0,Low,0,Low Risk - Low Activity
45397105,0.0,1,0,0.0,0.0,1.0,0.0,Low,0,Low Risk - Low Activity
45412333,0.0,1,0,0.0,0.0,1.0,0.0,Low,0,Low Risk - Low Activity
45412610,0.0,1,0,0.0,1.0,0.0,0.0,Low,0,Low Risk - Low Activity
45444113,0.0,1,0,0.0,0.0,1.0,0.0,Low,0,Low Risk - Low Activity
45445723,0.0,1,0,0.0,0.0,1.0,0.0,Low,0,Low Risk - Low Activity
45462449,0.0,1,0,0.0,0.0,1.0,0.0,Low,0,Low Risk - Low Activity
45465599,0.0,1,0,0.0,1.0,0.0,0.0,Low,0,Low Risk - Low Activity
45472729,0.0,1,0,0.0,0.0,1.0,0.0,Low,0,Low Risk - Low Activity
45476720,0.0,1,0,0.0,1.0,0.0,0.0,Low,0,Low Risk - Low Activity
45480469,0.0,1,0,0.0,0.0,1.0,0.0,Low,0,Low Risk - Low Activity
45482111,0.0,1,0,0.0,0.0,1.0,0.0,Low,0,Low Risk - Low Activity
45489582,0.0,1,0,0.0,1.0,0.0,0.0,Low,0,Low Risk - Low Activity
45502742,0.0,1,0,0.0,1.0,0.0,0.0,Low,0,Low Risk - Low Activity
45510216,0.0,1,0,0.0,0.0,1.0,0.0,Low,0,Low Risk - Low Activity
45514709,0.0,1,0,0.0,1.0,0.0,0.0,Low,0,Low Risk - Low Activity
45536628,0.0,1,0,0.0,1.0,0.0,0.0,Low,0,Low Risk - Low Activity
45538175,0.0,1,0,0.0,1.0,0.0,0.0,Low,0,Low Risk - Low Activity
45553749,0.0,1,0,0.0,1.0,0.0,0.0,Low,0,Low Risk - Low Activity
45576361,0.0,1,0,0.0,1.0,0.0,0.0,Low,0,Low Risk - Low Activity
45586477,0.0,1,0,0.0,0.0,1.0,0.0,Low,0,Low Risk - Low Activity
45611025,0.0,1,0,0.0,1.0,0.0,0.0,Low,0,Low Risk - Low Activity
45631515,0.0,1,0,0.0,1.0,0.0,0.0,Low,0,Low Risk - Low Activity
45632132,0.0,1,0,0.0,0.0,1.0,0.0,Low,0,Low Risk - Low Activity
45642176,0.0,1,0,0.0,0.0,1.0,0.0,Low,0,Low Risk - Low Activity
45644486,0.0,1,0,0.0,1.0,0.0,0.0,Low,0,Low Risk - Low Activity
45644660,0.0,1,0,0.0,0.0,1.0,0.0,Low,0,Low Risk - Low Activity
45660377,0.0,1,0,0.0,1.0,0.0,0.0,Low,0,Low Risk - Low Activity
45663989,0.0,1,0,0.0,1.0,0.0,0.0,Low,0,Low Risk - Low Activity
45666496,0.0,1,0,0.0,0.0,1.0,0.0,Low,0,Low Risk - Low Activity
45668800,0.0,1,0,0.0,0.0,1.0,0.0,Low,0,Low Risk - Low Activity
45681054,0.0,1,0,0.0,1.0,0.0,0.0,Low,0,Low Risk - Low Activity
45685570,0.0,1,0,0.0,0.0,1.0,0.0,Low,0,Low Risk - Low Activity
45689614,0.0,1,0,0.0,0.0,1.0,0.0,Low,0,Low Risk - Low Activity
45730790,0.0,1,0,0.0,0.0,1.0,0.0,Low,0,Low Risk - Low Activity
45731892,0.0,1,0,0.0,0.0,1.0,0.0,Low,0,Low Risk - Low Activity
45734214,0.0,1,0,0.0,0.0,1.0,0.0,Low,0,Low Risk - Low Activity
45738214,0.0,1,0,0.0,1.0,0.0,0.0,Low,0,Low Risk - Low Activity
45742787,0.0,1,0,0.0,0.0,1.0,0.0,Low,0,Low Risk - Low Activity
45743747,0.0,1,0,0.0,0.0,1.0,0.0,Low,0,Low Risk - Low Activity
45745809,0.0,1,0,0.0,0.0,1.0,0.0,Low,0,Low Risk - Low Activity
45748605,0.0,1,0,0.0,0.0,1.0,0.0,Low,0,Low Risk - Low Activity
45759663,0.0,1,0,0.0,0.0,1.0,0.0,Low,0,Low Risk - Low Activity
45765863,0.0,1,0,0.0,0.0,1.0,0.0,Low,0,Low Risk - Low Activity
45770542,0.0,1,0,0.0,0.0,1.0,0.0,Low,0,Low Risk - Low Activity
45771066,0.0,1,0,0.0,0.0,1.0,0.0,Low,0,Low Risk - Low Activity
45773316,0.0,1,0,0.0,0.0,1.0,0.0,Low,0,Low Risk - Low Activity
45783011,0.0,1,0,0.0,0.0,1.0,0.0,Low,0,Low Risk - Low Activity
45789209,0.0,1,0,0.0,0.0,1.0,0.0,Low,0,Low Risk - Low Activity
45802763,0.0,1,0,0.0,0.0,1.0,0.0,Low,0,Low Risk - Low Activity
45805094,0.0,1,0,0.0,1.0,0.0,0.0,Low,0,Low Risk - Low Activity
45811140,0.0,1,0,0.0,0.0,1.0,0.0,Low,0,Low Risk - Low Activity
45811919,0.0,1,0,0.0,1.0,0.0,0.0,Low,0,Low Risk - Low Activity
45821406,0.0,1,0,0.0,0.0,1.0,0.0,Low,0,Low Risk - Low Activity
45829116,0.0,1,0,0.0,0.0,1.0,0.0,Low,0,Low Risk - Low Activity
45856588,0.0,1,0,0.0,0.0,1.0,0.0,Low,0,Low Risk - Low Activity
45868492,0.0,1,0,0.0,0.0,1.0,0.0,Low,0,Low Risk - Low Activity
45873173,0.0,1,0,0.0,1.0,0.0,0.0,Low,0,Low Risk - Low Activity
45888515,0.0,1,0,0.0,0.0,1.0,0.0,Low,0,Low Risk - Low Activity
45893750,0.0,1,0,0.0,1.0,0.0,0.0,Low,0,Low Risk - Low Activity
45932870,0.0,1,0,0.0,1.0,0.0,0.0,Low,0,Low Risk - Low Activity
45934467,0.0,1,0,0.0,0.0,1.0,0.0,Low,0,Low Risk - Low Activity
45940279,0.0,1,0,0.0,0.0,1.0,0.0,Low,0,Low Risk - Low Activity
45941464,0.0,1,0,0.0,1.0,0.0,0.0,Low,0,Low Risk - Low Activity
45944937,0.0,1,0,0.0,0.0,1.0,0.0,Low,0,Low Risk - Low Activity
45947192,0.0,1,0,0.0,0.0,1.0,0.0,Low,0,Low Risk - Low Activity
45950489,0.0,1,0,0.0,1.0,0.0,0.0,Low,0,Low Risk - Low Activity
45968578,0.0,1,0,0.0,0.0,1.0,0.0,Low,0,Low Risk - Low Activity
46031508,0.0,1,0,0.0,1.0,0.0,0.0,Low,0,Low Risk - Low Activity
46068049,0.0,1,0,0.0,0.0,1.0,0.0,Low,0,Low Risk - Low Activity
46072632,0.0,1,0,0.0,0.0,1.0,0.0,Low,0,Low Risk - Low Activity
46079814,0.0,1,0,0.0,0.0,1.0,0.0,Low,0,Low Risk - Low Activity
46083604,0.0,1,0,0.0,0.0,1.0,0.0,Low,0,Low Risk - Low Activity
46113689,0.0,1,0,0.0,1.0,0.0,0.0,Low,0,Low Risk - Low Activity
46118528,0.0,1,0,0.0,0.0,1.0,0.0,Low,0,Low Risk - Low Activity
46119939,0.0,1,0,0.0,1.0,0.0,0.0,Low,0,Low Risk - Low Activity
46128562,0.0,1,0,0.0,1.0,0.0,0.0,Low,0,Low Risk - Low Activity
46156084,0.0,1,0,0.0,0.0,1.0,0.0,Low,0,Low Risk - Low Activity
46178528,0.0,1,0,0.0,0.0,1.0,0.0,Low,0,Low Risk - Low Activity
46182663,0.0,1,0,0.0,1.0,0.0,0.0,Low,0,Low Risk - Low Activity
46183435,0.0,1,0,0.0,0.0,1.0,0.0,Low,0,Low Risk - Low Activity
46184305,0.0,1,0,0.0,0.0,1.0,0.0,Low,0,Low Risk - Low Activity
46209636,0.0,1,0,0.0,0.0,1.0,0.0,Low,0,Low Risk - Low Activity
46211385,0.0,1,0,0.0,0.0,1.0,0.0,Low,0,Low Risk - Low Activity
46215758,0.0,1,0,1.0,0.0,0.0,0.0,Low,1,Low Risk - Low Activity
46217134,0.0,1,0,0.0,0.0,1.0,0.0,Low,0,Low Risk - Low Activity
46233692,0.0,1,0,0.0,1.0,0.0,0.0,Low,0,Low Risk - Low Activity
46242565,0.0,1,0,0.0,1.0,0.0,0.0,Low,0,Low Risk - Low Activity
46243359,0.0,1,0,0.0,1.0,0.0,0.0,Low,0,Low Risk - Low Activity
46251080,0.0,1,0,0.0,1.0,0.0,0.0,Low,0,Low Risk - Low Activity
46294532,0.0,1,0,0.0,1.0,0.0,0.0,Low,0,Low Risk - Low Activity
46304812,0.0,1,0,0.0,0.0,1.0,0.0,Low,0,Low Risk - Low Activity
46319083,0.0,1,0,0.0,0.0,1.0,0.0,Low,0,Low Risk - Low Activity
46322516,0.0,1,0,0.0,0.0,1.0,0.0,Low,0,Low Risk - Low Activity
46323641,0.0,1,0,0.0,0.0,1.0,0.0,Low,0,Low Risk - Low Activity
46342354,0.0,1,0,0.0,0.0,1.0,0.0,Low,0,Low Risk - Low Activity
46344380,0.0,1,0,0.0,0.0,1.0,0.0,Low,0,Low Risk - Low Activity
46359224,0.0,1,0,0.0,0.0,1.0,0.0,Low,0,Low Risk - Low Activity
46383914,0.0,1,0,0.0,1.0,0.0,0.0,Low,0,Low Risk - Low Activity
46401543,0.0,1,0,0.0,1.0,0.0,0.0,Low,0,Low Risk - Low Activity
46417266,0.0,1,0,0.0,0.0,1.0,0.0,Low,0,Low Risk - Low Activity
46421373,0.0,1,0,0.0,1.0,0.0,0.0,Low,0,Low Risk - Low Activity
46433648,0.0,1,0,0.0,1.0,0.0,0.0,Low,0,Low Risk - Low Activity
46439881,0.0,1,0,0.0,1.0,0.0,0.0,Low,0,Low Risk - Low Activity
46443998,0.0,1,0,0.0,0.0,1.0,0.0,Low,0,Low Risk - Low Activity
46461782,0.0,1,0,0.0,0.0,1.0,0.0,Low,0,Low Risk - Low Activity
46462636,0.0,1,0,0.0,0.0,1.0,0.0,Low,0,Low Risk - Low Activity
46462891,0.0,1,0,0.0,0.0,1.0,0.0,Low,0,Low Risk - Low Activity
46490508,0.0,1,0,0.0,0.0,1.0,0.0,Low,0,Low Risk - Low Activity
46506504,0.0,1,0,0.0,0.0,1.0,0.0,Low,0,Low Risk - Low Activity
46516106,0.0,1,0,0.0,0.0,1.0,0.0,Low,0,Low Risk - Low Activity
46559991,0.0,1,0,0.0,1.0,0.0,0.0,Low,0,Low Risk - Low Activity
46567173,0.0,1,0,0.0,1.0,0.0,0.0,Low,0,Low Risk - Low Activity
46582721,0.0,1,0,0.0,1.0,0.0,0.0,Low,0,Low Risk - Low Activity
46601034,0.0,1,0,0.0,0.0,1.0,0.0,Low,0,Low Risk - Low Activity
46607914,0.0,1,0,0.0,1.0,0.0,0.0,Low,0,Low Risk - Low Activity
46611214,0.0,1,0,0.0,0.0,1.0,0.0,Low,0,Low Risk - Low Activity
46626233,0.0,1,0,0.0,1.0,0.0,0.0,Low,0,Low Risk - Low Activity
46640197,0.0,1,0,0.0,0.0,1.0,0.0,Low,0,Low Risk - Low Activity
46645898,0.0,1,0,0.0,0.0,1.0,0.0,Low,0,Low Risk - Low Activity
46661649,0.0,1,0,0.0,0.0,1.0,0.0,Low,0,Low Risk - Low Activity
46663672,0.0,1,0,0.0,0.0,1.0,0.0,Low,0,Low Risk - Low Activity
46666839,0.0,1,0,0.0,0.0,1.0,0.0,Low,0,Low Risk - Low Activity
46677942,0.0,1,0,0.0,0.0,1.0,0.0,Low,0,Low Risk - Low Activity
46683470,0.0,1,0,0.0,1.0,0.0,0.0,Low,0,Low Risk - Low Activity
46709448,0.0,1,0,0.0,0.0,1.0,0.0,Low,0,Low Risk - Low Activity
46733719,0.0,1,0,0.0,0.0,1.0,0.0,Low,0,Low Risk - Low Activity
46735816,0.0,1,0,0.0,0.0,1.0,0.0,Low,0,Low Risk - Low Activity
46736635,0.0,1,0,0.0,0.0,1.0,0.0,Low,0,Low Risk - Low Activity
46751692,0.0,1,0,0.0,0.0,1.0,0.0,Low,0,Low Risk - Low Activity
46776135,0.0,1,0,0.0,0.0,1.0,0.0,Low,0,Low Risk - Low Activity
46776740,0.0,1,0,0.0,0.0,1.0,0.0,Low,0,Low Risk - Low Activity
46803066,0.0,1,0,0.0,0.0,1.0,0.0,Low,0,Low Risk - Low Activity
46806499,0.0,1,0,0.0,0.0,1.0,0.0,Low,0,Low Risk - Low Activity
46809708,0.0,1,0,0.0,0.0,1.0,0.0,Low,0,Low Risk - Low Activity
46823933,0.0,1,0,0.0,1.0,0.0,0.0,Low,0,Low Risk - Low Activity
46828353,0.0,1,0,0.0,0.0,1.0,0.0,Low,0,Low Risk - Low Activity
46842222,0.0,1,0,0.0,0.0,1.0,0.0,Low,0,Low Risk - Low Activity
46850808,0.0,1,0,0.0,0.0,1.0,0.0,Low,0,Low Risk - Low Activity
46872688,0.0,1,0,0.0,1.0,0.0,0.0,Low,0,Low Risk - Low Activity
46883929,0.0,1,0,0.0,1.0,0.0,0.0,Low,0,Low Risk - Low Activity
46903165,0.0,1,0,0.0,0.0,1.0,0.0,Low,0,Low Risk - Low Activity
46903853,0.0,1,0,0.0,0.0,1.0,0.0,Low,0,Low Risk - Low Activity
46906496,0.0,1,0,0.0,1.0,0.0,0.0,Low,0,Low Risk - Low Activity
46910011,0.0,1,0,0.0,1.0,0.0,0.0,Low,0,Low Risk - Low Activity
46944230,0.0,1,0,0.0,1.0,0.0,0.0,Low,0,Low Risk - Low Activity
46976050,0.0,1,0,0.0,0.0,1.0,0.0,Low,0,Low Risk - Low Activity
46982144,0.0,1,0,0.0,0.0,1.0,0.0,Low,0,Low Risk - Low Activity
46993643,0.0,1,0,0.0,1.0,0.0,0.0,Low,0,Low Risk - Low Activity
47021588,0.0,1,0,0.0,0.0,1.0,0.0,Low,0,Low Risk - Low Activity
47039270,0.0,1,0,0.0,0.0,1.0,0.0,Low,0,Low Risk - Low Activity
47044055,0.0,1,0,0.0,0.0,1.0,0.0,Low,0,Low Risk - Low Activity
47052476,0.0,1,0,0.0,0.0,1.0,0.0,Low,0,Low Risk - Low Activity
47056772,0.0,1,0,0.0,0.0,1.0,0.0,Low,0,Low Risk - Low Activity
47057367,0.0,1,0,0.0,0.0,1.0,0.0,Low,0,Low Risk - Low Activity
47071039,0.0,1,0,0.0,0.0,1.0,0.0,Low,0,Low Risk - Low Activity
47086897,0.0,1,0,0.0,0.0,1.0,0.0,Low,0,Low Risk - Low Activity
47101711,0.0,1,0,0.0,0.0,1.0,0.0,Low,0,Low Risk - Low Activity
47119943,0.0,1,0,0.0,1.0,0.0,0.0,Low,0,Low Risk - Low Activity
47125167,0.0,1,0,0.0,1.0,0.0,0.0,Low,0,Low Risk - Low Activity
47132819,0.0,1,0,0.0,0.0,1.0,0.0,Low,0,Low Risk - Low Activity
47140853,0.0,1,0,0.0,1.0,0.0,0.0,Low,0,Low Risk - Low Activity
47142533,0.0,1,0,0.0,0.0,1.0,0.0,Low,0,Low Risk - Low Activity
47150651,0.0,1,0,0.0,1.0,0.0,0.0,Low,0,Low Risk - Low Activity
47167613,0.0,1,0,0.0,0.0,1.0,0.0,Low,0,Low Risk - Low Activity
47174314,0.0,1,0,0.0,0.0,1.0,0.0,Low,0,Low Risk - Low Activity
47186456,0.0,1,0,0.0,0.0,1.0,0.0,Low,0,Low Risk - Low Activity
47194383,0.0,1,0,0.0,0.0,1.0,0.0,Low,0,Low Risk - Low Activity
47198124,0.0,1,0,0.0,0.0,1.0,0.0,Low,0,Low Risk - Low Activity
47200853,0.0,1,0,0.0,0.0,1.0,0.0,Low,0,Low Risk - Low Activity
47228722,0.0,1,0,0.0,0.0,1.0,0.0,Low,0,Low Risk - Low Activity
47246327,0.0,1,0,0.0,1.0,0.0,0.0,Low,0,Low Risk - Low Activity
47272117,0.0,1,0,0.0,1.0,0.0,0.0,Low,0,Low Risk - Low Activity
47277898,0.0,1,0,0.0,0.0,1.0,0.0,Low,0,Low Risk - Low Activity
47279052,0.0,1,0,0.0,0.0,1.0,0.0,Low,0,Low Risk - Low Activity
47283589,0.0,1,0,0.0,1.0,0.0,0.0,Low,0,Low Risk - Low Activity
47296754,0.0,1,0,0.0,0.0,1.0,0.0,Low,0,Low Risk - Low Activity
47300534,0.0,1,0,0.0,1.0,0.0,0.0,Low,0,Low Risk - Low Activity
47314180,0.0,1,0,0.0,0.0,1.0,0.0,Low,0,Low Risk - Low Activity
47331868,0.0,1,0,0.0,0.0,1.0,0.0,Low,0,Low Risk - Low Activity
47340424,0.0,1,0,0.0,0.0,1.0,0.0,Low,0,Low Risk - Low Activity
47352626,0.0,1,0,0.0,0.0,1.0,0.0,Low,0,Low Risk - Low Activity
47361130,0.0,1,0,0.0,0.0,1.0,0.0,Low,0,Low Risk - Low Activity
47364801,0.0,1,0,0.0,1.0,0.0,0.0,Low,0,Low Risk - Low Activity
47395253,0.0,1,0,0.0,1.0,0.0,0.0,Low,0,Low Risk - Low Activity
47396044,0.0,1,0,0.0,1.0,0.0,0.0,Low,0,Low Risk - Low Activity
47396474,0.0,1,0,0.0,1.0,0.0,0.0,Low,0,Low Risk - Low Activity
47400123,0.0,1,0,0.0,1.0,0.0,0.0,Low,0,Low Risk - Low Activity
47408944,0.0,1,0,0.0,1.0,0.0,0.0,Low,0,Low Risk - Low Activity
47410774,0.0,1,0,0.0,1.0,0.0,0.0,Low,0,Low Risk - Low Activity
47417488,0.0,1,0,0.0,0.0,1.0,0.0,Low,0,Low Risk - Low Activity
47428575,0.0,1,0,0.0,1.0,0.0,0.0,Low,0,Low Risk - Low Activity
47439697,0.0,1,0,0.0,1.0,0.0,0.0,Low,0,Low Risk - Low Activity
47441221,0.0,1,0,0.0,0.0,1.0,0.0,Low,0,Low Risk - Low Activity
47451325,0.0,1,0,0.0,0.0,1.0,0.0,Low,0,Low Risk - Low Activity
47459728,0.0,1,0,0.0,0.0,1.0,0.0,Low,0,Low Risk - Low Activity
47471605,0.0,1,0,0.0,0.0,1.0,0.0,Low,0,Low Risk - Low Activity
47527355,0.0,1,0,0.0,0.0,1.0,0.0,Low,0,Low Risk - Low Activity
47535338,0.0,1,0,0.0,0.0,1.0,0.0,Low,0,Low Risk - Low Activity
47547445,0.0,1,0,0.0,1.0,0.0,0.0,Low,0,Low Risk - Low Activity
47555435,0.0,1,0,0.0,0.0,1.0,0.0,Low,0,Low Risk - Low Activity
47555708,0.0,1,0,0.0,0.0,1.0,0.0,Low,0,Low Risk - Low Activity
47569857,0.0,1,0,0.0,0.0,1.0,0.0,Low,0,Low Risk - Low Activity
47575973,0.0,1,0,0.0,0.0,1.0,0.0,Low,0,Low Risk - Low Activity
47607242,0.0,1,0,0.0,1.0,0.0,0.0,Low,0,Low Risk - Low Activity
47608553,0.0,1,0,0.0,1.0,0.0,0.0,Low,0,Low Risk - Low Activity
47638510,0.0,1,0,0.0,1.0,0.0,0.0,Low,0,Low Risk - Low Activity
47668718,0.0,1,0,0.0,0.0,1.0,0.0,Low,0,Low Risk - Low Activity
47680756,0.0,1,0,0.0,1.0,0.0,0.0,Low,0,Low Risk - Low Activity
47698419,0.0,1,0,0.0,0.0,1.0,0.0,Low,0,Low Risk - Low Activity
47698923,0.0,1,0,0.0,1.0,0.0,0.0,Low,0,Low Risk - Low Activity
47705335,0.0,1,0,0.0,1.0,0.0,0.0,Low,0,Low Risk - Low Activity
47712101,0.0,1,0,0.0,1.0,0.0,0.0,Low,0,Low Risk - Low Activity
47718394,0.0,1,0,0.0,0.0,1.0,0.0,Low,0,Low Risk - Low Activity
47728534,0.0,1,0,0.0,0.0,1.0,0.0,Low,0,Low Risk - Low Activity
47732270,0.0,1,0,0.0,1.0,0.0,0.0,Low,0,Low Risk - Low Activity
47743559,0.0,1,0,0.0,0.0,1.0,0.0,Low,0,Low Risk - Low Activity
47775269,0.0,1,0,0.0,0.0,1.0,0.0,Low,0,Low Risk - Low Activity
47779305,0.0,1,0,0.0,0.0,1.0,0.0,Low,0,Low Risk - Low Activity
47790613,0.0,1,0,0.0,0.0,1.0,0.0,Low,0,Low Risk - Low Activity
47816475,0.0,1,0,0.0,1.0,0.0,0.0,Low,0,Low Risk - Low Activity
47822063,0.0,1,0,0.0,0.0,1.0,0.0,Low,0,Low Risk - Low Activity
47830260,0.0,1,0,0.0,0.0,1.0,0.0,Low,0,Low Risk - Low Activity
47832268,0.0,1,0,0.0,1.0,0.0,0.0,Low,0,Low Risk - Low Activity
47836959,0.0,1,0,0.0,0.0,1.0,0.0,Low,0,Low Risk - Low Activity
47841524,0.0,1,0,0.0,0.0,1.0,0.0,Low,0,Low Risk - Low Activity
47865013,0.0,1,0,0.0,1.0,0.0,0.0,Low,0,Low Risk - Low Activity
47877154,0.0,1,0,0.0,1.0,0.0,0.0,Low,0,Low Risk - Low Activity
47880158,0.0,1,0,0.0,1.0,0.0,0.0,Low,0,Low Risk - Low Activity
47896219,0.0,1,0,0.0,1.0,0.0,0.0,Low,0,Low Risk - Low Activity
47902596,0.0,1,0,0.0,0.0,1.0,0.0,Low,0,Low Risk - Low Activity
47905331,0.0,1,0,0.0,1.0,0.0,0.0,Low,0,Low Risk - Low Activity
47914501,0.0,1,0,0.0,1.0,0.0,0.0,Low,0,Low Risk - Low Activity
47915645,0.0,1,0,0.0,1.0,0.0,0.0,Low,0,Low Risk - Low Activity
47944643,0.0,1,0,0.0,0.0,1.0,0.0,Low,0,Low Risk - Low Activity
47945290,0.0,1,0,0.0,0.0,1.0,0.0,Low,0,Low Risk - Low Activity
47968885,0.0,1,0,0.0,0.0,1.0,0.0,Low,0,Low Risk - Low Activity
47983744,0.0,1,0,0.0,1.0,0.0,0.0,Low,0,Low Risk - Low Activity
47984104,0.0,1,0,0.0,0.0,1.0,0.0,Low,0,Low Risk - Low Activity
47990307,0.0,1,0,0.0,0.0,1.0,0.0,Low,0,Low Risk - Low Activity
48016557,0.0,1,0,0.0,0.0,1.0,0.0,Low,0,Low Risk - Low Activity
48065509,0.0,1,0,0.0,1.0,0.0,0.0,Low,0,Low Risk - Low Activity
48065701,0.0,1,0,0.0,0.0,1.0,0.0,Low,0,Low Risk - Low Activity
48070604,0.0,1,0,0.0,1.0,0.0,0.0,Low,0,Low Risk - Low Activity
48074519,0.0,1,0,0.0,0.0,1.0,0.0,Low,0,Low Risk - Low Activity
48085511,0.0,1,0,0.0,0.0,1.0,0.0,Low,0,Low Risk - Low Activity
48097075,0.0,1,0,0.0,0.0,1.0,0.0,Low,0,Low Risk - Low Activity
48100740,0.0,1,0,0.0,0.0,1.0,0.0,Low,0,Low Risk - Low Activity
48115789,0.0,1,0,0.0,1.0,0.0,0.0,Low,0,Low Risk - Low Activity
48120228,0.0,1,0,0.0,1.0,0.0,0.0,Low,0,Low Risk - Low Activity
48137937,0.0,1,0,0.0,1.0,0.0,0.0,Low,0,Low Risk - Low Activity
48143855,0.0,1,0,0.0,0.0,1.0,0.0,Low,0,Low Risk - Low Activity
48144352,0.0,1,0,0.0,0.0,1.0,0.0,Low,0,Low Risk - Low Activity
48152492,0.0,1,0,0.0,1.0,0.0,0.0,Low,0,Low Risk - Low Activity
48166526,0.0,1,0,0.0,1.0,0.0,0.0,Low,0,Low Risk - Low Activity
48169266,0.0,1,0,0.0,0.0,1.0,0.0,Low,0,Low Risk - Low Activity
48174564,0.0,1,0,0.0,0.0,1.0,0.0,Low,0,Low Risk - Low Activity
48195587,0.0,1,0,0.0,1.0,0.0,0.0,Low,0,Low Risk - Low Activity
48196977,0.0,1,0,0.0,1.0,0.0,0.0,Low,0,Low Risk - Low Activity
48197380,0.0,1,0,0.0,1.0,0.0,0.0,Low,0,Low Risk - Low Activity
48201745,0.0,1,0,0.0,0.0,1.0,0.0,Low,0,Low Risk - Low Activity
48203406,0.0,1,0,0.0,0.0,1.0,0.0,Low,0,Low Risk - Low Activity
48209704,0.0,1,0,0.0,0.0,1.0,0.0,Low,0,Low Risk - Low Activity
48212171,0.0,1,0,0.0,1.0,0.0,0.0,Low,0,Low Risk - Low Activity
48217311,0.0,1,0,0.0,1.0,0.0,0.0,Low,0,Low Risk - Low Activity
48221618,0.0,1,0,0.0,1.0,0.0,0.0,Low,0,Low Risk - Low Activity
48225705,0.0,1,0,0.0,0.0,1.0,0.0,Low,0,Low Risk - Low Activity
48232952,0.0,1,0,0.0,1.0,0.0,0.0,Low,0,Low Risk - Low Activity
48267948,0.0,1,0,0.0,1.0,0.0,0.0,Low,0,Low Risk - Low Activity
48272746,0.0,1,0,0.0,1.0,0.0,0.0,Low,0,Low Risk - Low Activity
48298771,0.0,1,0,0.0,1.0,0.0,0.0,Low,0,Low Risk - Low Activity
48312149,0.0,1,0,0.0,1.0,0.0,0.0,Low,0,Low Risk - Low Activity
48313579,0.0,1,0,0.0,0.0,1.0,0.0,Low,0,Low Risk - Low Activity
48314551,0.0,1,0,0.0,0.0,1.0,0.0,Low,0,Low Risk - Low Activity
48317910,0.0,1,0,0.0,1.0,0.0,0.0,Low,0,Low Risk - Low Activity
48323944,0.0,1,0,0.0,0.0,1.0,0.0,Low,0,Low Risk - Low Activity
48328643,0.0,1,0,0.0,1.0,0.0,0.0,Low,0,Low Risk - Low Activity
48350372,0.0,1,0,0.0,0.0,1.0,0.0,Low,0,Low Risk - Low Activity
48366979,0.0,1,0,0.0,0.0,1.0,0.0,Low,0,Low Risk - Low Activity
48401415,0.0,1,0,0.0,1.0,0.0,0.0,Low,0,Low Risk - Low Activity
48420430,0.0,1,0,0.0,0.0,1.0,0.0,Low,0,Low Risk - Low Activity
48424429,0.0,1,0,0.0,1.0,0.0,0.0,Low,0,Low Risk - Low Activity
48428143,0.0,1,0,0.0,1.0,0.0,0.0,Low,0,Low Risk - Low Activity
48428774,0.0,1,0,0.0,1.0,0.0,0.0,Low,0,Low Risk - Low Activity
48440926,0.0,1,0,0.0,1.0,0.0,0.0,Low,0,Low Risk - Low Activity
48446739,0.0,1,0,0.0,0.0,1.0,0.0,Low,0,Low Risk - Low Activity
48448135,0.0,1,0,0.0,0.0,1.0,0.0,Low,0,Low Risk - Low Activity
48463046,0.0,1,0,0.0,0.0,1.0,0.0,Low,0,Low Risk - Low Activity
48466209,0.0,1,0,0.0,0.0,1.0,0.0,Low,0,Low Risk - Low Activity
48471042,0.0,1,0,0.0,0.0,1.0,0.0,Low,0,Low Risk - Low Activity
48474280,0.0,1,0,0.0,1.0,0.0,0.0,Low,0,Low Risk - Low Activity
48485791,0.0,1,0,0.0,1.0,0.0,0.0,Low,0,Low Risk - Low Activity
48489193,0.0,1,0,0.0,0.0,1.0,0.0,Low,0,Low Risk - Low Activity
48499789,0.0,1,0,0.0,0.0,1.0,0.0,Low,0,Low Risk - Low Activity
48507671,0.0,1,0,0.0,0.0,1.0,0.0,Low,0,Low Risk - Low Activity
48544978,0.0,1,0,0.0,0.0,1.0,0.0,Low,0,Low Risk - Low Activity
48550535,0.0,1,0,0.0,0.0,1.0,0.0,Low,0,Low Risk - Low Activity
48551289,0.0,1,0,0.0,1.0,0.0,0.0,Low,0,Low Risk - Low Activity
48573789,0.0,1,0,0.0,1.0,0.0,0.0,Low,0,Low Risk - Low Activity
48592076,0.0,1,0,0.0,0.0,1.0,0.0,Low,0,Low Risk - Low Activity
48592862,0.0,1,0,0.0,0.0,1.0,0.0,Low,0,Low Risk - Low Activity
48606805,0.0,1,0,0.0,0.0,1.0,0.0,Low,0,Low Risk - Low Activity
48607618,0.0,1,0,0.0,1.0,0.0,0.0,Low,0,Low Risk - Low Activity
48612205,0.0,1,0,0.0,0.0,1.0,0.0,Low,0,Low Risk - Low Activity
48634154,0.0,1,0,0.0,0.0,1.0,0.0,Low,0,Low Risk - Low Activity
48636079,0.0,1,0,0.0,1.0,0.0,0.0,Low,0,Low Risk - Low Activity
48653629,0.0,1,0,0.0,0.0,1.0,0.0,Low,0,Low Risk - Low Activity
48655621,0.0,1,0,0.0,1.0,0.0,0.0,Low,0,Low Risk - Low Activity
48659792,0.0,1,0,0.0,1.0,0.0,0.0,Low,0,Low Risk - Low Activity
48679293,0.0,1,0,0.0,0.0,1.0,0.0,Low,0,Low Risk - Low Activity
48703986,0.0,1,0,0.0,0.0,1.0,0.0,Low,0,Low Risk - Low Activity
48706413,0.0,1,0,0.0,0.0,1.0,0.0,Low,0,Low Risk - Low Activity
48743080,0.0,1,0,0.0,0.0,1.0,0.0,Low,0,Low Risk - Low Activity
48766798,0.0,1,0,0.0,0.0,1.0,0.0,Low,0,Low Risk - Low Activity
48826547,0.0,1,0,0.0,1.0,0.0,0.0,Low,0,Low Risk - Low Activity
48842257,0.0,1,0,0.0,1.0,0.0,0.0,Low,0,Low Risk - Low Activity
48862033,0.0,1,0,0.0,1.0,0.0,0.0,Low,0,Low Risk - Low Activity
48866268,0.0,1,0,0.0,1.0,0.0,0.0,Low,0,Low Risk - Low Activity
48886452,0.0,1,0,0.0,0.0,1.0,0.0,Low,0,Low Risk - Low Activity
48894548,0.0,1,0,0.0,0.0,1.0,0.0,Low,0,Low Risk - Low Activity
48897876,0.0,1,0,0.0,0.0,1.0,0.0,Low,0,Low Risk - Low Activity
48914475,0.0,1,0,0.0,0.0,1.0,0.0,Low,0,Low Risk - Low Activity
48915279,0.0,1,0,0.0,0.0,1.0,0.0,Low,0,Low Risk - Low Activity
48918959,0.0,1,0,1.0,0.0,0.0,0.0,Low,1,Low Risk - Low Activity
48953536,0.0,1,0,0.0,0.0,1.0,0.0,Low,0,Low Risk - Low Activity
48958425,0.0,1,0,0.0,0.0,1.0,0.0,Low,0,Low Risk - Low Activity
48969071,0.0,1,0,0.0,0.0,1.0,0.0,Low,0,Low Risk - Low Activity
48971975,0.0,1,0,0.0,0.0,1.0,0.0,Low,0,Low Risk - Low Activity
48983926,0.0,1,0,0.0,0.0,1.0,0.0,Low,0,Low Risk - Low Activity
48984662,0.0,1,0,0.0,1.0,0.0,0.0,Low,0,Low Risk - Low Activity
49000268,0.0,1,0,0.0,0.0,1.0,0.0,Low,0,Low Risk - Low Activity
49008214,0.0,1,0,0.0,1.0,0.0,0.0,Low,0,Low Risk - Low Activity
49038095,0.0,1,0,0.0,0.0,1.0,0.0,Low,0,Low Risk - Low Activity
49053421,0.0,1,0,0.0,0.0,1.0,0.0,Low,0,Low Risk - Low Activity
49055843,0.0,1,0,0.0,1.0,0.0,0.0,Low,0,Low Risk - Low Activity
49061064,0.0,1,0,0.0,1.0,0.0,0.0,Low,0,Low Risk - Low Activity
49066604,0.0,1,0,0.0,0.0,1.0,0.0,Low,0,Low Risk - Low Activity
49074794,0.0,1,0,0.0,0.0,1.0,0.0,Low,0,Low Risk - Low Activity
49075755,0.0,1,0,0.0,0.0,1.0,0.0,Low,0,Low Risk - Low Activity
49085717,0.0,1,0,0.0,1.0,0.0,0.0,Low,0,Low Risk - Low Activity
49089114,0.0,1,0,0.0,1.0,0.0,0.0,Low,0,Low Risk - Low Activity
49111409,0.0,1,0,0.0,1.0,0.0,0.0,Low,0,Low Risk - Low Activity
49117373,0.0,1,0,0.0,1.0,0.0,0.0,Low,0,Low Risk - Low Activity
49127416,0.0,1,0,0.0,0.0,1.0,0.0,Low,0,Low Risk - Low Activity
49127784,0.0,1,0,0.0,0.0,1.0,0.0,Low,0,Low Risk - Low Activity
49134342,0.0,1,0,0.0,1.0,0.0,0.0,Low,0,Low Risk - Low Activity
49134649,0.0,1,0,0.0,0.0,1.0,0.0,Low,0,Low Risk - Low Activity
49142004,0.0,1,0,0.0,0.0,1.0,0.0,Low,0,Low Risk - Low Activity
49144246,0.0,1,0,0.0,0.0,1.0,0.0,Low,0,Low Risk - Low Activity
49162742,0.0,1,0,0.0,0.0,1.0,0.0,Low,0,Low Risk - Low Activity
49172505,0.0,1,0,0.0,0.0,1.0,0.0,Low,0,Low Risk - Low Activity
49176699,0.0,1,0,0.0,0.0,1.0,0.0,Low,0,Low Risk - Low Activity
49180522,0.0,1,0,0.0,0.0,1.0,0.0,Low,0,Low Risk - Low Activity
49186652,0.0,1,0,0.0,1.0,0.0,0.0,Low,0,Low Risk - Low Activity
49187801,0.0,1,0,0.0,1.0,0.0,0.0,Low,0,Low Risk - Low Activity
49208521,0.0,1,0,0.0,0.0,1.0,0.0,Low,0,Low Risk - Low Activity
49214339,0.0,1,0,0.0,0.0,1.0,0.0,Low,0,Low Risk - Low Activity
49219873,0.0,1,0,0.0,0.0,1.0,0.0,Low,0,Low Risk - Low Activity
49220965,0.0,1,0,0.0,0.0,1.0,0.0,Low,0,Low Risk - Low Activity
49226154,0.0,1,0,0.0,0.0,1.0,0.0,Low,0,Low Risk - Low Activity
49252403,0.0,1,0,0.0,0.0,1.0,0.0,Low,0,Low Risk - Low Activity
49258169,0.0,1,0,0.0,1.0,0.0,0.0,Low,0,Low Risk - Low Activity
49267410,0.0,1,0,0.0,1.0,0.0,0.0,Low,0,Low Risk - Low Activity
49273586,0.0,1,0,0.0,0.0,1.0,0.0,Low,0,Low Risk - Low Activity
49276353,0.0,1,0,0.0,0.0,1.0,0.0,Low,0,Low Risk - Low Activity
49303865,0.0,1,0,0.0,0.0,1.0,0.0,Low,0,Low Risk - Low Activity
49309431,0.0,1,0,0.0,0.0,1.0,0.0,Low,0,Low Risk - Low Activity
49310200,0.0,1,0,0.0,1.0,0.0,0.0,Low,0,Low Risk - Low Activity
49346090,0.0,1,0,0.0,1.0,0.0,0.0,Low,0,Low Risk - Low Activity
49349031,0.0,1,0,0.0,1.0,0.0,0.0,Low,0,Low Risk - Low Activity
49377468,0.0,1,0,0.0,0.0,1.0,0.0,Low,0,Low Risk - Low Activity
49391724,0.0,1,0,0.0,1.0,0.0,0.0,Low,0,Low Risk - Low Activity
49393262,0.0,1,0,0.0,0.0,1.0,0.0,Low,0,Low Risk - Low Activity
49399555,0.0,1,0,0.0,0.0,1.0,0.0,Low,0,Low Risk - Low Activity
49401152,0.0,1,0,0.0,0.0,1.0,0.0,Low,0,Low Risk - Low Activity
49406378,0.0,1,0,0.0,0.0,1.0,0.0,Low,0,Low Risk - Low Activity
49407070,0.0,1,0,0.0,0.0,1.0,0.0,Low,0,Low Risk - Low Activity
49416886,0.0,1,0,0.0,0.0,1.0,0.0,Low,0,Low Risk - Low Activity
49443633,0.0,1,0,0.0,0.0,1.0,0.0,Low,0,Low Risk - Low Activity
49448346,0.0,1,0,0.0,1.0,0.0,0.0,Low,0,Low Risk - Low Activity
49474564,0.0,1,0,0.0,1.0,0.0,0.0,Low,0,Low Risk - Low Activity
49475430,0.0,1,0,0.0,1.0,0.0,0.0,Low,0,Low Risk - Low Activity
49493746,0.0,1,0,0.0,0.0,1.0,0.0,Low,0,Low Risk - Low Activity
49498753,0.0,1,0,0.0,0.0,1.0,0.0,Low,0,Low Risk - Low Activity
49502666,0.0,1,0,1.0,0.0,0.0,0.0,Low,1,Low Risk - Low Activity
49503218,0.0,1,0,0.0,1.0,0.0,0.0,Low,0,Low Risk - Low Activity
49528667,0.0,1,0,0.0,1.0,0.0,0.0,Low,0,Low Risk - Low Activity
49532453,0.0,1,0,0.0,1.0,0.0,0.0,Low,0,Low Risk - Low Activity
49547920,0.0,1,0,0.0,1.0,0.0,0.0,Low,0,Low Risk - Low Activity
49569943,0.0,1,0,0.0,1.0,0.0,0.0,Low,0,Low Risk - Low Activity
49600480,0.0,1,0,0.0,0.0,1.0,0.0,Low,0,Low Risk - Low Activity
49601149,0.0,1,0,0.0,0.0,1.0,0.0,Low,0,Low Risk - Low Activity
49603120,0.0,1,0,0.0,0.0,1.0,0.0,Low,0,Low Risk - Low Activity
49619881,0.0,1,0,0.0,1.0,0.0,0.0,Low,0,Low Risk - Low Activity
49623707,0.0,1,0,0.0,0.0,1.0,0.0,Low,0,Low Risk - Low Activity
49624797,0.0,1,0,0.0,1.0,0.0,0.0,Low,0,Low Risk - Low Activity
49631082,0.0,1,0,0.0,0.0,1.0,0.0,Low,0,Low Risk - Low Activity
49632844,0.0,1,0,0.0,1.0,0.0,0.0,Low,0,Low Risk - Low Activity
49641384,0.0,1,0,0.0,1.0,0.0,0.0,Low,0,Low Risk - Low Activity
49642073,0.0,1,0,0.0,1.0,0.0,0.0,Low,0,Low Risk - Low Activity
49658284,0.0,1,0,0.0,1.0,0.0,0.0,Low,0,Low Risk - Low Activity
49660216,0.0,1,0,0.0,0.0,1.0,0.0,Low,0,Low Risk - Low Activity
49667622,0.0,1,0,0.0,0.0,1.0,0.0,Low,0,Low Risk - Low Activity
49669791,0.0,1,0,0.0,1.0,0.0,0.0,Low,0,Low Risk - Low Activity
49669835,0.0,1,0,0.0,0.0,1.0,0.0,Low,0,Low Risk - Low Activity
49674279,0.0,1,0,0.0,0.0,1.0,0.0,Low,0,Low Risk - Low Activity
49690835,0.0,1,0,0.0,0.0,1.0,0.0,Low,0,Low Risk - Low Activity
49706066,0.0,1,0,0.0,1.0,0.0,0.0,Low,0,Low Risk - Low Activity
49734042,0.0,1,0,0.0,0.0,1.0,0.0,Low,0,Low Risk - Low Activity
49750954,0.0,1,0,0.0,0.0,1.0,0.0,Low,0,Low Risk - Low Activity
49756360,0.0,1,0,0.0,1.0,0.0,0.0,Low,0,Low Risk - Low Activity
49771762,0.0,1,0,0.0,0.0,1.0,0.0,Low,0,Low Risk - Low Activity
49775655,0.0,1,0,0.0,1.0,0.0,0.0,Low,0,Low Risk - Low Activity
49785465,0.0,1,0,0.0,0.0,1.0,0.0,Low,0,Low Risk - Low Activity
49789474,0.0,1,0,0.0,1.0,0.0,0.0,Low,0,Low Risk - Low Activity
49800721,0.0,1,0,0.0,1.0,0.0,0.0,Low,0,Low Risk - Low Activity
49831800,0.0,1,0,0.0,0.0,1.0,0.0,Low,0,Low Risk - Low Activity
49839791,0.0,1,0,0.0,1.0,0.0,0.0,Low,0,Low Risk - Low Activity
49850515,0.0,1,0,0.0,0.0,1.0,0.0,Low,0,Low Risk - Low Activity
49851173,0.0,1,0,0.0,0.0,1.0,0.0,Low,0,Low Risk - Low Activity
49855550,0.0,1,0,0.0,1.0,0.0,0.0,Low,0,Low Risk - Low Activity
49861717,0.0,1,0,0.0,0.0,1.0,0.0,Low,0,Low Risk - Low Activity
49871807,0.0,1,0,0.0,0.0,1.0,0.0,Low,0,Low Risk - Low Activity
49881284,0.0,1,0,0.0,1.0,0.0,0.0,Low,0,Low Risk - Low Activity
49896175,0.0,1,0,0.0,0.0,1.0,0.0,Low,0,Low Risk - Low Activity
49910101,0.0,1,0,0.0,1.0,0.0,0.0,Low,0,Low Risk - Low Activity
49914302,0.0,1,0,0.0,1.0,0.0,0.0,Low,0,Low Risk - Low Activity
49922206,0.0,1,0,0.0,1.0,0.0,0.0,Low,0,Low Risk - Low Activity
49929446,0.0,1,0,0.0,1.0,0.0,0.0,Low,0,Low Risk - Low Activity
49939650,0.0,1,0,0.0,0.0,1.0,0.0,Low,0,Low Risk - Low Activity
49952576,0.0,1,0,0.0,1.0,0.0,0.0,Low,0,Low Risk - Low Activity
49969660,0.0,1,0,0.0,0.0,1.0,0.0,Low,0,Low Risk - Low Activity
49991390,0.0,1,0,0.0,1.0,0.0,0.0,Low,0,Low Risk - Low Activity
50000872,0.0,1,0,0.0,0.0,1.0,0.0,Low,0,Low Risk - Low Activity
50003641,0.0,1,0,0.0,0.0,1.0,0.0,Low,0,Low Risk - Low Activity
50007096,0.0,1,0,0.0,0.0,1.0,0.0,Low,0,Low Risk - Low Activity
50013471,0.0,1,0,0.0,0.0,1.0,0.0,Low,0,Low Risk - Low Activity
50021885,0.0,1,0,0.0,1.0,0.0,0.0,Low,0,Low Risk - Low Activity
50034934,0.0,1,0,0.0,0.0,1.0,0.0,Low,0,Low Risk - Low Activity
50037151,0.0,1,0,0.0,1.0,0.0,0.0,Low,0,Low Risk - Low Activity
50046242,0.0,1,0,0.0,0.0,1.0,0.0,Low,0,Low Risk - Low Activity
50059229,0.0,1,0,0.0,1.0,0.0,0.0,Low,0,Low Risk - Low Activity
50064799,0.0,1,0,0.0,0.0,1.0,0.0,Low,0,Low Risk - Low Activity
50065607,0.0,1,0,0.0,0.0,1.0,0.0,Low,0,Low Risk - Low Activity
50073254,0.0,1,0,0.0,1.0,0.0,0.0,Low,0,Low Risk - Low Activity
50073750,0.0,1,0,0.0,1.0,0.0,0.0,Low,0,Low Risk - Low Activity
50080104,0.0,1,0,0.0,0.0,1.0,0.0,Low,0,Low Risk - Low Activity
50117975,0.0,1,0,0.0,0.0,1.0,0.0,Low,0,Low Risk - Low Activity
50122178,0.0,1,0,0.0,1.0,0.0,0.0,Low,0,Low Risk - Low Activity
50130369,0.0,1,0,0.0,0.0,1.0,0.0,Low,0,Low Risk - Low Activity
50137127,0.0,1,0,0.0,0.0,1.0,0.0,Low,0,Low Risk - Low Activity
50138079,0.0,1,0,0.0,1.0,0.0,0.0,Low,0,Low Risk - Low Activity
50142485,0.0,1,0,0.0,0.0,1.0,0.0,Low,0,Low Risk - Low Activity
50147660,0.0,1,0,0.0,1.0,0.0,0.0,Low,0,Low Risk - Low Activity
50152969,0.0,1,0,0.0,0.0,1.0,0.0,Low,0,Low Risk - Low Activity
50159698,0.0,1,0,0.0,0.0,1.0,0.0,Low,0,Low Risk - Low Activity
50201897,0.0,1,0,0.0,1.0,0.0,0.0,Low,0,Low Risk - Low Activity
50206090,0.0,1,0,0.0,1.0,0.0,0.0,Low,0,Low Risk - Low Activity
50246115,0.0,1,0,0.0,0.0,1.0,0.0,Low,0,Low Risk - Low Activity
50248681,0.0,1,0,0.0,0.0,1.0,0.0,Low,0,Low Risk - Low Activity
50260678,0.0,1,0,0.0,0.0,1.0,0.0,Low,0,Low Risk - Low Activity
50269129,0.0,1,0,0.0,1.0,0.0,0.0,Low,0,Low Risk - Low Activity
50290228,0.0,1,0,0.0,0.0,1.0,0.0,Low,0,Low Risk - Low Activity
50290368,0.0,1,0,0.0,1.0,0.0,0.0,Low,0,Low Risk - Low Activity
50292803,0.0,1,0,0.0,0.0,1.0,0.0,Low,0,Low Risk - Low Activity
50301938,0.0,1,0,0.0,0.0,1.0,0.0,Low,0,Low Risk - Low Activity
50307577,0.0,1,0,0.0,0.0,1.0,0.0,Low,0,Low Risk - Low Activity
50308356,0.0,1,0,0.0,0.0,1.0,0.0,Low,0,Low Risk - Low Activity
50308801,0.0,1,0,0.0,0.0,1.0,0.0,Low,0,Low Risk - Low Activity
50313882,0.0,1,0,0.0,1.0,0.0,0.0,Low,0,Low Risk - Low Activity
50319302,0.0,1,0,0.0,0.0,1.0,0.0,Low,0,Low Risk - Low Activity
50338775,0.0,1,0,0.0,0.0,1.0,0.0,Low,0,Low Risk - Low Activity
50341748,0.0,1,0,0.0,1.0,0.0,0.0,Low,0,Low Risk - Low Activity
50342124,0.0,1,0,0.0,1.0,0.0,0.0,Low,0,Low Risk - Low Activity
50348460,0.0,1,0,0.0,0.0,1.0,0.0,Low,0,Low Risk - Low Activity
50349971,0.0,1,0,0.0,1.0,0.0,0.0,Low,0,Low Risk - Low Activity
50352462,0.0,1,0,0.0,0.0,1.0,0.0,Low,0,Low Risk - Low Activity
50357563,0.0,1,0,0.0,0.0,1.0,0.0,Low,0,Low Risk - Low Activity
50359598,0.0,1,0,0.0,0.0,1.0,0.0,Low,0,Low Risk - Low Activity
50372293,0.0,1,0,0.0,0.0,1.0,0.0,Low,0,Low Risk - Low Activity
50375041,0.0,1,0,1.0,0.0,0.0,0.0,Low,1,Low Risk - Low Activity
50388551,0.0,1,0,0.0,1.0,0.0,0.0,Low,0,Low Risk - Low Activity
50403658,0.0,1,0,0.0,1.0,0.0,0.0,Low,0,Low Risk - Low Activity
50416216,0.0,1,0,0.0,1.0,0.0,0.0,Low,0,Low Risk - Low Activity
50423879,0.0,1,0,0.0,0.0,1.0,0.0,Low,0,Low Risk - Low Activity
50425639,0.0,1,0,0.0,0.0,1.0,0.0,Low,0,Low Risk - Low Activity
50438959,0.0,1,0,0.0,1.0,0.0,0.0,Low,0,Low Risk - Low Activity
50443521,0.0,1,0,0.0,0.0,1.0,0.0,Low,0,Low Risk - Low Activity
50479441,0.0,1,0,0.0,0.0,1.0,0.0,Low,0,Low Risk - Low Activity
50481853,0.0,1,0,0.0,0.0,1.0,0.0,Low,0,Low Risk - Low Activity
50482770,0.0,1,0,0.0,0.0,1.0,0.0,Low,0,Low Risk - Low Activity
50489639,0.0,1,0,0.0,1.0,0.0,0.0,Low,0,Low Risk - Low Activity
50492889,0.0,1,0,0.0,0.0,1.0,0.0,Low,0,Low Risk - Low Activity
50509751,0.0,1,0,0.0,1.0,0.0,0.0,Low,0,Low Risk - Low Activity
50516805,0.0,1,0,0.0,1.0,0.0,0.0,Low,0,Low Risk - Low Activity
50525412,0.0,1,0,0.0,1.0,0.0,0.0,Low,0,Low Risk - Low Activity
50538203,0.0,1,0,0.0,1.0,0.0,0.0,Low,0,Low Risk - Low Activity
50539431,0.0,1,0,0.0,0.0,1.0,0.0,Low,0,Low Risk - Low Activity
50542718,0.0,1,0,0.0,0.0,1.0,0.0,Low,0,Low Risk - Low Activity
50545272,0.0,1,0,0.0,1.0,0.0,0.0,Low,0,Low Risk - Low Activity
50557668,0.0,1,0,0.0,0.0,1.0,0.0,Low,0,Low Risk - Low Activity
50563952,0.0,1,0,0.0,0.0,1.0,0.0,Low,0,Low Risk - Low Activity
50572279,0.0,1,0,0.0,1.0,0.0,0.0,Low,0,Low Risk - Low Activity
50579445,0.0,1,0,0.0,1.0,0.0,0.0,Low,0,Low Risk - Low Activity
50580981,0.0,1,0,0.0,0.0,1.0,0.0,Low,0,Low Risk - Low Activity
50607816,0.0,1,0,0.0,1.0,0.0,0.0,Low,0,Low Risk - Low Activity
50632141,0.0,1,0,0.0,0.0,1.0,0.0,Low,0,Low Risk - Low Activity
50632173,0.0,1,0,0.0,1.0,0.0,0.0,Low,0,Low Risk - Low Activity
50636558,0.0,1,0,0.0,1.0,0.0,0.0,Low,0,Low Risk - Low Activity
50655772,0.0,1,0,0.0,0.0,1.0,0.0,Low,0,Low Risk - Low Activity
50680340,0.0,1,0,0.0,0.0,1.0,0.0,Low,0,Low Risk - Low Activity
50700662,0.0,1,0,0.0,0.0,1.0,0.0,Low,0,Low Risk - Low Activity
50722043,0.0,1,0,0.0,0.0,1.0,0.0,Low,0,Low Risk - Low Activity
50729914,0.0,1,0,0.0,0.0,1.0,0.0,Low,0,Low Risk - Low Activity
50729967,0.0,1,0,0.0,0.0,1.0,0.0,Low,0,Low Risk - Low Activity
50734866,0.0,1,0,0.0,0.0,1.0,0.0,Low,0,Low Risk - Low Activity
50747105,0.0,1,0,0.0,0.0,1.0,0.0,Low,0,Low Risk - Low Activity
50748617,0.0,1,0,0.0,0.0,1.0,0.0,Low,0,Low Risk - Low Activity
50749633,0.0,1,0,0.0,0.0,1.0,0.0,Low,0,Low Risk - Low Activity
50771487,0.0,1,0,0.0,1.0,0.0,0.0,Low,0,Low Risk - Low Activity
50797514,0.0,1,0,0.0,0.0,1.0,0.0,Low,0,Low Risk - Low Activity
50802237,0.0,1,0,0.0,1.0,0.0,0.0,Low,0,Low Risk - Low Activity
50818045,0.0,1,0,0.0,0.0,1.0,0.0,Low,0,Low Risk - Low Activity
50818740,0.0,1,0,0.0,1.0,0.0,0.0,Low,0,Low Risk - Low Activity
50822804,0.0,1,0,0.0,0.0,1.0,0.0,Low,0,Low Risk - Low Activity
50839037,0.0,1,0,0.0,1.0,0.0,0.0,Low,0,Low Risk - Low Activity
50844069,0.0,1,0,0.0,1.0,0.0,0.0,Low,0,Low Risk - Low Activity
50851095,0.0,1,0,0.0,0.0,1.0,0.0,Low,0,Low Risk - Low Activity
50856029,0.0,1,0,0.0,0.0,1.0,0.0,Low,0,Low Risk - Low Activity
50899738,0.0,1,0,0.0,1.0,0.0,0.0,Low,0,Low Risk - Low Activity
50905559,0.0,1,0,0.0,1.0,0.0,0.0,Low,0,Low Risk - Low Activity
50908069,0.0,1,0,0.0,1.0,0.0,0.0,Low,0,Low Risk - Low Activity
50912405,0.0,1,0,0.0,1.0,0.0,0.0,Low,0,Low Risk - Low Activity
50912754,0.0,1,0,0.0,1.0,0.0,0.0,Low,0,Low Risk - Low Activity
50916485,0.0,1,0,0.0,0.0,1.0,0.0,Low,0,Low Risk - Low Activity
50935770,0.0,1,0,0.0,0.0,1.0,0.0,Low,0,Low Risk - Low Activity
50938349,0.0,1,0,0.0,1.0,0.0,0.0,Low,0,Low Risk - Low Activity
50945655,0.0,1,0,0.0,0.0,1.0,0.0,Low,0,Low Risk - Low Activity
50946171,0.0,1,0,0.0,1.0,0.0,0.0,Low,0,Low Risk - Low Activity
50971738,0.0,1,0,0.0,0.0,1.0,0.0,Low,0,Low Risk - Low Activity
50980449,0.0,1,0,0.0,0.0,1.0,0.0,Low,0,Low Risk - Low Activity
50988213,0.0,1,0,0.0,1.0,0.0,0.0,Low,0,Low Risk - Low Activity
50989859,0.0,1,0,0.0,0.0,1.0,0.0,Low,0,Low Risk - Low Activity
50994998,0.0,1,0,0.0,1.0,0.0,0.0,Low,0,Low Risk - Low Activity
50997172,0.0,1,0,0.0,0.0,1.0,0.0,Low,0,Low Risk - Low Activity
51009277,0.0,1,0,0.0,1.0,0.0,0.0,Low,0,Low Risk - Low Activity
51036914,0.0,1,0,0.0,1.0,0.0,0.0,Low,0,Low Risk - Low Activity
51039398,0.0,1,0,0.0,1.0,0.0,0.0,Low,0,Low Risk - Low Activity
51040180,0.0,1,0,0.0,1.0,0.0,0.0,Low,0,Low Risk - Low Activity
51077529,0.0,1,0,0.0,1.0,0.0,0.0,Low,0,Low Risk - Low Activity
51112421,0.0,1,0,0.0,0.0,1.0,0.0,Low,0,Low Risk - Low Activity
51118911,0.0,1,0,0.0,0.0,1.0,0.0,Low,0,Low Risk - Low Activity
51121310,0.0,1,0,0.0,0.0,1.0,0.0,Low,0,Low Risk - Low Activity
51122045,0.0,1,0,0.0,1.0,0.0,0.0,Low,0,Low Risk - Low Activity
51145103,0.0,1,0,0.0,0.0,1.0,0.0,Low,0,Low Risk - Low Activity
51150212,0.0,1,0,0.0,0.0,1.0,0.0,Low,0,Low Risk - Low Activity
51157050,0.0,1,0,0.0,0.0,1.0,0.0,Low,0,Low Risk - Low Activity
51187544,0.0,1,0,0.0,0.0,1.0,0.0,Low,0,Low Risk - Low Activity
51194081,0.0,1,0,0.0,0.0,1.0,0.0,Low,0,Low Risk - Low Activity
51204507,0.0,1,0,0.0,0.0,1.0,0.0,Low,0,Low Risk - Low Activity
51206605,0.0,1,0,0.0,1.0,0.0,0.0,Low,0,Low Risk - Low Activity
51208406,0.0,1,0,0.0,0.0,1.0,0.0,Low,0,Low Risk - Low Activity
51224796,0.0,1,0,0.0,0.0,1.0,0.0,Low,0,Low Risk - Low Activity
51231788,0.0,1,0,0.0,0.0,1.0,0.0,Low,0,Low Risk - Low Activity
51233146,0.0,1,0,0.0,1.0,0.0,0.0,Low,0,Low Risk - Low Activity
51234498,0.0,1,0,0.0,1.0,0.0,0.0,Low,0,Low Risk - Low Activity
51237154,0.0,1,0,0.0,1.0,0.0,0.0,Low,0,Low Risk - Low Activity
51270981,0.0,1,0,0.0,0.0,1.0,0.0,Low,0,Low Risk - Low Activity
51277772,0.0,1,0,0.0,0.0,1.0,0.0,Low,0,Low Risk - Low Activity
51285034,0.0,1,0,0.0,0.0,1.0,0.0,Low,0,Low Risk - Low Activity
51290250,0.0,1,0,0.0,1.0,0.0,0.0,Low,0,Low Risk - Low Activity
51290299,0.0,1,0,0.0,0.0,1.0,0.0,Low,0,Low Risk - Low Activity
51305013,0.0,1,0,0.0,0.0,1.0,0.0,Low,0,Low Risk - Low Activity
51309920,0.0,1,0,0.0,0.0,1.0,0.0,Low,0,Low Risk - Low Activity
51329436,0.0,1,0,0.0,0.0,1.0,0.0,Low,0,Low Risk - Low Activity
51377522,0.0,1,0,0.0,0.0,1.0,0.0,Low,0,Low Risk - Low Activity
51396923,0.0,1,0,0.0,1.0,0.0,0.0,Low,0,Low Risk - Low Activity
51422117,0.0,1,0,0.0,1.0,0.0,0.0,Low,0,Low Risk - Low Activity
51422255,0.0,1,0,0.0,0.0,1.0,0.0,Low,0,Low Risk - Low Activity
51440340,0.0,1,0,0.0,0.0,1.0,0.0,Low,0,Low Risk - Low Activity
51441754,0.0,1,0,0.0,1.0,0.0,0.0,Low,0,Low Risk - Low Activity
51442756,0.0,1,0,0.0,0.0,1.0,0.0,Low,0,Low Risk - Low Activity
51485259,0.0,1,0,0.0,0.0,1.0,0.0,Low,0,Low Risk - Low Activity
51485702,0.0,1,0,0.0,0.0,1.0,0.0,Low,0,Low Risk - Low Activity
51492680,0.0,1,0,0.0,1.0,0.0,0.0,Low,0,Low Risk - Low Activity
51497317,0.0,1,0,0.0,0.0,1.0,0.0,Low,0,Low Risk - Low Activity
51503465,0.0,1,0,0.0,1.0,0.0,0.0,Low,0,Low Risk - Low Activity
51506265,0.0,1,0,0.0,0.0,1.0,0.0,Low,0,Low Risk - Low Activity
51530000,0.0,1,0,0.0,0.0,1.0,0.0,Low,0,Low Risk - Low Activity
51562168,0.0,1,0,0.0,0.0,1.0,0.0,Low,0,Low Risk - Low Activity
51565400,0.0,1,0,0.0,0.0,1.0,0.0,Low,0,Low Risk - Low Activity
51568522,0.0,1,0,0.0,1.0,0.0,0.0,Low,0,Low Risk - Low Activity
51581671,0.0,1,0,0.0,0.0,1.0,0.0,Low,0,Low Risk - Low Activity
51583765,0.0,1,0,0.0,1.0,0.0,0.0,Low,0,Low Risk - Low Activity
51605479,0.0,1,0,0.0,1.0,0.0,0.0,Low,0,Low Risk - Low Activity
51625510,0.0,1,0,0.0,1.0,0.0,0.0,Low,0,Low Risk - Low Activity
51627694,0.0,1,0,0.0,0.0,1.0,0.0,Low,0,Low Risk - Low Activity
51628743,0.0,1,0,0.0,1.0,0.0,0.0,Low,0,Low Risk - Low Activity
51644383,0.0,1,0,0.0,0.0,1.0,0.0,Low,0,Low Risk - Low Activity
51648431,0.0,1,0,0.0,0.0,1.0,0.0,Low,0,Low Risk - Low Activity
51648894,0.0,1,0,0.0,0.0,1.0,0.0,Low,0,Low Risk - Low Activity
51659800,0.0,1,0,0.0,0.0,1.0,0.0,Low,0,Low Risk - Low Activity
51661719,0.0,1,0,0.0,1.0,0.0,0.0,Low,0,Low Risk - Low Activity
51676049,0.0,1,0,0.0,1.0,0.0,0.0,Low,0,Low Risk - Low Activity
51698991,0.0,1,0,0.0,0.0,1.0,0.0,Low,0,Low Risk - Low Activity
51706475,0.0,1,0,0.0,0.0,1.0,0.0,Low,0,Low Risk - Low Activity
51707366,0.0,1,0,0.0,0.0,1.0,0.0,Low,0,Low Risk - Low Activity
51709186,0.0,1,0,0.0,0.0,1.0,0.0,Low,0,Low Risk - Low Activity
51710626,0.0,1,0,0.0,1.0,0.0,0.0,Low,0,Low Risk - Low Activity
51722986,0.0,1,0,0.0,0.0,1.0,0.0,Low,0,Low Risk - Low Activity
51746521,0.0,1,0,0.0,1.0,0.0,0.0,Low,0,Low Risk - Low Activity
51752482,0.0,1,0,0.0,0.0,1.0,0.0,Low,0,Low Risk - Low Activity
51767372,0.0,1,0,0.0,0.0,1.0,0.0,Low,0,Low Risk - Low Activity
51770859,0.0,1,0,0.0,1.0,0.0,0.0,Low,0,Low Risk - Low Activity
51806881,0.0,1,0,0.0,0.0,1.0,0.0,Low,0,Low Risk - Low Activity
51808258,0.0,1,0,0.0,0.0,1.0,0.0,Low,0,Low Risk - Low Activity
51833537,0.0,1,0,0.0,0.0,1.0,0.0,Low,0,Low Risk - Low Activity
51836212,0.0,1,0,0.0,1.0,0.0,0.0,Low,0,Low Risk - Low Activity
51848382,0.0,1,0,0.0,0.0,1.0,0.0,Low,0,Low Risk - Low Activity
51848790,0.0,1,0,0.0,1.0,0.0,0.0,Low,0,Low Risk - Low Activity
51849933,0.0,1,0,0.0,0.0,1.0,0.0,Low,0,Low Risk - Low Activity
51857071,0.0,1,0,0.0,0.0,1.0,0.0,Low,0,Low Risk - Low Activity
51873100,0.0,1,0,0.0,0.0,1.0,0.0,Low,0,Low Risk - Low Activity
51891689,0.0,1,0,0.0,0.0,1.0,0.0,Low,0,Low Risk - Low Activity
51899006,0.0,1,0,0.0,0.0,1.0,0.0,Low,0,Low Risk - Low Activity
51902955,0.0,1,0,0.0,1.0,0.0,0.0,Low,0,Low Risk - Low Activity
51917067,0.0,1,0,0.0,0.0,1.0,0.0,Low,0,Low Risk - Low Activity
51920202,0.0,1,0,1.0,0.0,0.0,0.0,Low,1,Low Risk - Low Activity
51927538,0.0,1,0,0.0,0.0,1.0,0.0,Low,0,Low Risk - Low Activity
51946715,0.0,1,0,0.0,1.0,0.0,0.0,Low,0,Low Risk - Low Activity
51948398,0.0,1,0,0.0,0.0,1.0,0.0,Low,0,Low Risk - Low Activity
51952305,0.0,1,0,0.0,0.0,1.0,0.0,Low,0,Low Risk - Low Activity
51956473,0.0,1,0,0.0,0.0,1.0,0.0,Low,0,Low Risk - Low Activity
51969473,0.0,1,0,0.0,0.0,1.0,0.0,Low,0,Low Risk - Low Activity
51973073,0.0,1,0,0.0,1.0,0.0,0.0,Low,0,Low Risk - Low Activity
51983717,0.0,1,0,0.0,0.0,1.0,0.0,Low,0,Low Risk - Low Activity
51996863,0.0,1,0,0.0,0.0,1.0,0.0,Low,0,Low Risk - Low Activity
52004348,0.0,1,0,0.0,1.0,0.0,0.0,Low,0,Low Risk - Low Activity
52008418,0.0,1,0,0.0,0.0,1.0,0.0,Low,0,Low Risk - Low Activity
52021325,0.0,1,0,0.0,1.0,0.0,0.0,Low,0,Low Risk - Low Activity
52036192,0.0,1,0,0.0,0.0,1.0,0.0,Low,0,Low Risk - Low Activity
52049723,0.0,1,0,0.0,1.0,0.0,0.0,Low,0,Low Risk - Low Activity
52050193,0.0,1,0,0.0,0.0,1.0,0.0,Low,0,Low Risk - Low Activity
52071061,0.0,1,0,0.0,0.0,1.0,0.0,Low,0,Low Risk - Low Activity
52077300,0.0,1,0,0.0,1.0,0.0,0.0,Low,0,Low Risk - Low Activity
52079162,0.0,1,0,0.0,0.0,1.0,0.0,Low,0,Low Risk - Low Activity
52079222,0.0,1,0,0.0,0.0,1.0,0.0,Low,0,Low Risk - Low Activity
52082163,0.0,1,0,0.0,0.0,1.0,0.0,Low,0,Low Risk - Low Activity
52083131,0.0,1,0,0.0,1.0,0.0,0.0,Low,0,Low Risk - Low Activity
52092850,0.0,1,0,0.0,1.0,0.0,0.0,Low,0,Low Risk - Low Activity
52098444,0.0,1,0,0.0,0.0,1.0,0.0,Low,0,Low Risk - Low Activity
52102468,0.0,1,0,0.0,0.0,1.0,0.0,Low,0,Low Risk - Low Activity
52103441,0.0,1,0,0.0,0.0,1.0,0.0,Low,0,Low Risk - Low Activity
52109741,0.0,1,0,0.0,1.0,0.0,0.0,Low,0,Low Risk - Low Activity
52129257,0.0,1,0,0.0,0.0,1.0,0.0,Low,0,Low Risk - Low Activity
52135789,0.0,1,0,0.0,0.0,1.0,0.0,Low,0,Low Risk - Low Activity
52136192,0.0,1,0,0.0,0.0,1.0,0.0,Low,0,Low Risk - Low Activity
52142063,0.0,1,0,0.0,0.0,1.0,0.0,Low,0,Low Risk - Low Activity
52146281,0.0,1,0,0.0,0.0,1.0,0.0,Low,0,Low Risk - Low Activity
52152822,0.0,1,0,0.0,0.0,1.0,0.0,Low,0,Low Risk - Low Activity
52158241,0.0,1,0,0.0,0.0,1.0,0.0,Low,0,Low Risk - Low Activity
52164071,0.0,1,0,0.0,1.0,0.0,0.0,Low,0,Low Risk - Low Activity
52170450,0.0,1,0,0.0,1.0,0.0,0.0,Low,0,Low Risk - Low Activity
52176064,0.0,1,0,0.0,0.0,1.0,0.0,Low,0,Low Risk - Low Activity
52179954,0.0,1,0,0.0,0.0,1.0,0.0,Low,0,Low Risk - Low Activity
52180830,0.0,1,0,0.0,0.0,1.0,0.0,Low,0,Low Risk - Low Activity
52181815,0.0,1,0,0.0,0.0,1.0,0.0,Low,0,Low Risk - Low Activity
52190224,0.0,1,0,0.0,0.0,1.0,0.0,Low,0,Low Risk - Low Activity
52196571,0.0,1,0,0.0,0.0,1.0,0.0,Low,0,Low Risk - Low Activity
52204331,0.0,1,0,0.0,0.0,1.0,0.0,Low,0,Low Risk - Low Activity
52209450,0.0,1,0,0.0,0.0,1.0,0.0,Low,0,Low Risk - Low Activity
52214577,0.0,1,0,0.0,1.0,0.0,0.0,Low,0,Low Risk - Low Activity
52222684,0.0,1,0,0.0,0.0,1.0,0.0,Low,0,Low Risk - Low Activity
52233859,0.0,1,0,0.0,1.0,0.0,0.0,Low,0,Low Risk - Low Activity
52236241,0.0,1,0,0.0,1.0,0.0,0.0,Low,0,Low Risk - Low Activity
52245406,0.0,1,0,0.0,0.0,1.0,0.0,Low,0,Low Risk - Low Activity
52246644,0.0,1,0,0.0,1.0,0.0,0.0,Low,0,Low Risk - Low Activity
52261744,0.0,1,0,0.0,0.0,1.0,0.0,Low,0,Low Risk - Low Activity
52283399,0.0,1,0,0.0,1.0,0.0,0.0,Low,0,Low Risk - Low Activity
52283895,0.0,1,0,0.0,0.0,1.0,0.0,Low,0,Low Risk - Low Activity
52301412,0.0,1,0,0.0,1.0,0.0,0.0,Low,0,Low Risk - Low Activity
52301621,0.0,1,0,0.0,1.0,0.0,0.0,Low,0,Low Risk - Low Activity
52305040,0.0,1,0,0.0,1.0,0.0,0.0,Low,0,Low Risk - Low Activity
52310702,0.0,1,0,0.0,1.0,0.0,0.0,Low,0,Low Risk - Low Activity
52316450,0.0,1,0,0.0,0.0,1.0,0.0,Low,0,Low Risk - Low Activity
52317184,0.0,1,0,0.0,1.0,0.0,0.0,Low,0,Low Risk - Low Activity
52322502,0.0,1,0,0.0,0.0,1.0,0.0,Low,0,Low Risk - Low Activity
52338314,0.0,1,0,0.0,1.0,0.0,0.0,Low,0,Low Risk - Low Activity
52344340,0.0,1,0,0.0,0.0,1.0,0.0,Low,0,Low Risk - Low Activity
52347467,0.0,1,0,0.0,0.0,1.0,0.0,Low,0,Low Risk - Low Activity
52363067,0.0,1,0,0.0,0.0,1.0,0.0,Low,0,Low Risk - Low Activity
52373915,0.0,1,0,1.0,0.0,0.0,0.0,Low,1,Low Risk - Low Activity
52415646,0.0,1,0,0.0,1.0,0.0,0.0,Low,0,Low Risk - Low Activity
52422257,0.0,1,0,0.0,0.0,1.0,0.0,Low,0,Low Risk - Low Activity
52428097,0.0,1,0,0.0,1.0,0.0,0.0,Low,0,Low Risk - Low Activity
52452420,0.0,1,0,0.0,1.0,0.0,0.0,Low,0,Low Risk - Low Activity
52471342,0.0,1,0,0.0,0.0,1.0,0.0,Low,0,Low Risk - Low Activity
52473161,0.0,1,0,0.0,1.0,0.0,0.0,Low,0,Low Risk - Low Activity
52478567,0.0,1,0,0.0,0.0,1.0,0.0,Low,0,Low Risk - Low Activity
52483754,0.0,1,0,0.0,0.0,1.0,0.0,Low,0,Low Risk - Low Activity
52496949,0.0,1,0,0.0,0.0,1.0,0.0,Low,0,Low Risk - Low Activity
52502768,0.0,1,0,0.0,0.0,1.0,0.0,Low,0,Low Risk - Low Activity
52524469,0.0,1,0,0.0,1.0,0.0,0.0,Low,0,Low Risk - Low Activity
52525981,0.0,1,0,0.0,1.0,0.0,0.0,Low,0,Low Risk - Low Activity
52547818,0.0,1,0,0.0,0.0,1.0,0.0,Low,0,Low Risk - Low Activity
52548423,0.0,1,0,0.0,1.0,0.0,0.0,Low,0,Low Risk - Low Activity
52560081,0.0,1,0,0.0,0.0,1.0,0.0,Low,0,Low Risk - Low Activity
52565080,0.0,1,0,0.0,0.0,1.0,0.0,Low,0,Low Risk - Low Activity
52566892,0.0,1,0,0.0,0.0,1.0,0.0,Low,0,Low Risk - Low Activity
52585760,0.0,1,0,0.0,0.0,1.0,0.0,Low,0,Low Risk - Low Activity
52594840,0.0,1,0,0.0,1.0,0.0,0.0,Low,0,Low Risk - Low Activity
52595064,0.0,1,0,0.0,1.0,0.0,0.0,Low,0,Low Risk - Low Activity
52618304,0.0,1,0,0.0,0.0,1.0,0.0,Low,0,Low Risk - Low Activity
52640313,0.0,1,0,0.0,0.0,1.0,0.0,Low,0,Low Risk - Low Activity
52647134,0.0,1,0,0.0,1.0,0.0,0.0,Low,0,Low Risk - Low Activity
52652429,0.0,1,0,0.0,1.0,0.0,0.0,Low,0,Low Risk - Low Activity
52662850,0.0,1,0,0.0,1.0,0.0,0.0,Low,0,Low Risk - Low Activity
52664054,0.0,1,0,0.0,0.0,1.0,0.0,Low,0,Low Risk - Low Activity
52670347,0.0,1,0,0.0,0.0,1.0,0.0,Low,0,Low Risk - Low Activity
52677221,0.0,1,0,0.0,0.0,1.0,0.0,Low,0,Low Risk - Low Activity
52708709,0.0,1,0,0.0,0.0,1.0,0.0,Low,0,Low Risk - Low Activity
52717465,0.0,1,0,0.0,1.0,0.0,0.0,Low,0,Low Risk - Low Activity
52719093,0.0,1,0,0.0,0.0,1.0,0.0,Low,0,Low Risk - Low Activity
52722110,0.0,1,0,0.0,1.0,0.0,0.0,Low,0,Low Risk - Low Activity
52723318,0.0,1,0,0.0,0.0,1.0,0.0,Low,0,Low Risk - Low Activity
52731834,0.0,1,0,0.0,1.0,0.0,0.0,Low,0,Low Risk - Low Activity
52734426,0.0,1,0,0.0,0.0,1.0,0.0,Low,0,Low Risk - Low Activity
52742273,0.0,1,0,0.0,1.0,0.0,0.0,Low,0,Low Risk - Low Activity
52766232,0.0,1,0,0.0,0.0,1.0,0.0,Low,0,Low Risk - Low Activity
52768957,0.0,1,0,0.0,0.0,1.0,0.0,Low,0,Low Risk - Low Activity
52781267,0.0,1,0,0.0,1.0,0.0,0.0,Low,0,Low Risk - Low Activity
52789698,0.0,1,0,0.0,0.0,1.0,0.0,Low,0,Low Risk - Low Activity
52806755,0.0,1,0,0.0,0.0,1.0,0.0,Low,0,Low Risk - Low Activity
52812785,0.0,1,0,0.0,1.0,0.0,0.0,Low,0,Low Risk - Low Activity
52836656,0.0,1,0,0.0,1.0,0.0,0.0,Low,0,Low Risk - Low Activity
52838134,0.0,1,0,0.0,0.0,1.0,0.0,Low,0,Low Risk - Low Activity
52839406,0.0,1,0,0.0,0.0,1.0,0.0,Low,0,Low Risk - Low Activity
52896529,0.0,1,0,0.0,1.0,0.0,0.0,Low,0,Low Risk - Low Activity
52898059,0.0,1,0,0.0,1.0,0.0,0.0,Low,0,Low Risk - Low Activity
52930088,0.0,1,0,0.0,1.0,0.0,0.0,Low,0,Low Risk - Low Activity
52936043,0.0,1,0,0.0,1.0,0.0,0.0,Low,0,Low Risk - Low Activity
52943855,0.0,1,0,0.0,0.0,1.0,0.0,Low,0,Low Risk - Low Activity
52948434,0.0,1,0,0.0,0.0,1.0,0.0,Low,0,Low Risk - Low Activity
52954878,0.0,1,0,0.0,1.0,0.0,0.0,Low,0,Low Risk - Low Activity
52957647,0.0,1,0,0.0,1.0,0.0,0.0,Low,0,Low Risk - Low Activity
52960502,0.0,1,0,0.0,0.0,1.0,0.0,Low,0,Low Risk - Low Activity
52961474,0.0,1,0,0.0,1.0,0.0,0.0,Low,0,Low Risk - Low Activity
52966768,0.0,1,0,0.0,0.0,1.0,0.0,Low,0,Low Risk - Low Activity
52974065,0.0,1,0,0.0,1.0,0.0,0.0,Low,0,Low Risk - Low Activity
52975659,0.0,1,0,0.0,0.0,1.0,0.0,Low,0,Low Risk - Low Activity
52985439,0.0,1,0,0.0,0.0,1.0,0.0,Low,0,Low Risk - Low Activity
52998959,0.0,1,0,0.0,0.0,1.0,0.0,Low,0,Low Risk - Low Activity
53001201,0.0,1,0,0.0,0.0,1.0,0.0,Low,0,Low Risk - Low Activity
53021302,0.0,1,0,0.0,0.0,1.0,0.0,Low,0,Low Risk - Low Activity
53021663,0.0,1,0,0.0,1.0,0.0,0.0,Low,0,Low Risk - Low Activity
53037731,0.0,1,0,0.0,0.0,1.0,0.0,Low,0,Low Risk - Low Activity
53039463,0.0,1,0,0.0,0.0,1.0,0.0,Low,0,Low Risk - Low Activity
53051111,0.0,1,0,0.0,0.0,1.0,0.0,Low,0,Low Risk - Low Activity
53073580,0.0,1,0,0.0,0.0,1.0,0.0,Low,0,Low Risk - Low Activity
53083239,0.0,1,0,0.0,0.0,1.0,0.0,Low,0,Low Risk - Low Activity
53087207,0.0,1,0,0.0,1.0,0.0,0.0,Low,0,Low Risk - Low Activity
53092519,0.0,1,0,0.0,0.0,1.0,0.0,Low,0,Low Risk - Low Activity
53116725,0.0,1,0,0.0,1.0,0.0,0.0,Low,0,Low Risk - Low Activity
53122615,0.0,1,0,0.0,0.0,1.0,0.0,Low,0,Low Risk - Low Activity
53130290,0.0,1,0,0.0,1.0,0.0,0.0,Low,0,Low Risk - Low Activity
53130745,0.0,1,0,0.0,0.0,1.0,0.0,Low,0,Low Risk - Low Activity
53135679,0.0,1,0,0.0,0.0,1.0,0.0,Low,0,Low Risk - Low Activity
53167146,0.0,1,0,0.0,0.0,1.0,0.0,Low,0,Low Risk - Low Activity
53191235,0.0,1,0,0.0,0.0,1.0,0.0,Low,0,Low Risk - Low Activity
53192468,0.0,1,0,0.0,0.0,1.0,0.0,Low,0,Low Risk - Low Activity
53210105,0.0,1,0,0.0,1.0,0.0,0.0,Low,0,Low Risk - Low Activity
53212084,0.0,1,0,0.0,0.0,1.0,0.0,Low,0,Low Risk - Low Activity
53212304,0.0,1,0,0.0,1.0,0.0,0.0,Low,0,Low Risk - Low Activity
53212519,0.0,1,0,0.0,1.0,0.0,0.0,Low,0,Low Risk - Low Activity
53223174,0.0,1,0,0.0,0.0,1.0,0.0,Low,0,Low Risk - Low Activity
53269041,0.0,1,0,0.0,0.0,1.0,0.0,Low,0,Low Risk - Low Activity
53271503,0.0,1,0,0.0,0.0,1.0,0.0,Low,0,Low Risk - Low Activity
53278198,0.0,1,0,0.0,1.0,0.0,0.0,Low,0,Low Risk - Low Activity
53288255,0.0,1,0,0.0,1.0,0.0,0.0,Low,0,Low Risk - Low Activity
53290108,0.0,1,0,0.0,1.0,0.0,0.0,Low,0,Low Risk - Low Activity
53291314,0.0,1,0,0.0,0.0,1.0,0.0,Low,0,Low Risk - Low Activity
53326059,0.0,1,0,0.0,0.0,1.0,0.0,Low,0,Low Risk - Low Activity
53342530,0.0,1,0,0.0,1.0,0.0,0.0,Low,0,Low Risk - Low Activity
53351559,0.0,1,0,0.0,1.0,0.0,0.0,Low,0,Low Risk - Low Activity
53374112,0.0,1,0,0.0,1.0,0.0,0.0,Low,0,Low Risk - Low Activity
53375516,0.0,1,0,1.0,0.0,0.0,0.0,Low,1,Low Risk - Low Activity
53375578,0.0,1,0,0.0,0.0,1.0,0.0,Low,0,Low Risk - Low Activity
53377745,0.0,1,0,0.0,0.0,1.0,0.0,Low,0,Low Risk - Low Activity
53381745,0.0,1,0,0.0,0.0,1.0,0.0,Low,0,Low Risk - Low Activity
53400101,0.0,1,0,0.0,0.0,1.0,0.0,Low,0,Low Risk - Low Activity
53409118,0.0,1,0,0.0,0.0,1.0,0.0,Low,0,Low Risk - Low Activity
53409579,0.0,1,0,0.0,0.0,1.0,0.0,Low,0,Low Risk - Low Activity
53415815,0.0,1,0,0.0,1.0,0.0,0.0,Low,0,Low Risk - Low Activity
53422693,0.0,1,0,0.0,1.0,0.0,0.0,Low,0,Low Risk - Low Activity
53438492,0.0,1,0,0.0,0.0,1.0,0.0,Low,0,Low Risk - Low Activity
53441391,0.0,1,0,0.0,0.0,1.0,0.0,Low,0,Low Risk - Low Activity
53453948,0.0,1,0,0.0,0.0,1.0,0.0,Low,0,Low Risk - Low Activity
53457124,0.0,1,0,0.0,1.0,0.0,0.0,Low,0,Low Risk - Low Activity
53472391,0.0,1,0,0.0,0.0,1.0,0.0,Low,0,Low Risk - Low Activity
53499787,0.0,1,0,0.0,0.0,1.0,0.0,Low,0,Low Risk - Low Activity
53501047,0.0,1,0,0.0,1.0,0.0,0.0,Low,0,Low Risk - Low Activity
53508581,0.0,1,0,0.0,0.0,1.0,0.0,Low,0,Low Risk - Low Activity
53514904,0.0,1,0,0.0,1.0,0.0,0.0,Low,0,Low Risk - Low Activity
53524761,0.0,1,0,0.0,0.0,1.0,0.0,Low,0,Low Risk - Low Activity
53529917,0.0,1,0,0.0,0.0,1.0,0.0,Low,0,Low Risk - Low Activity
53540478,0.0,1,0,0.0,0.0,1.0,0.0,Low,0,Low Risk - Low Activity
53547785,0.0,1,0,0.0,0.0,1.0,0.0,Low,0,Low Risk - Low Activity
53554994,0.0,1,0,0.0,0.0,1.0,0.0,Low,0,Low Risk - Low Activity
53555625,0.0,1,0,0.0,0.0,1.0,0.0,Low,0,Low Risk - Low Activity
53556709,0.0,1,0,0.0,0.0,1.0,0.0,Low,0,Low Risk - Low Activity
53590571,0.0,1,0,0.0,0.0,1.0,0.0,Low,0,Low Risk - Low Activity
53592736,0.0,1,0,0.0,0.0,1.0,0.0,Low,0,Low Risk - Low Activity
53649264,0.0,1,0,0.0,1.0,0.0,0.0,Low,0,Low Risk - Low Activity
53654961,0.0,1,0,0.0,0.0,1.0,0.0,Low,0,Low Risk - Low Activity
53656484,0.0,1,0,0.0,0.0,1.0,0.0,Low,0,Low Risk - Low Activity
53660227,0.0,1,0,0.0,0.0,1.0,0.0,Low,0,Low Risk - Low Activity
53708405,0.0,1,0,0.0,0.0,1.0,0.0,Low,0,Low Risk - Low Activity
53734078,0.0,1,0,0.0,0.0,1.0,0.0,Low,0,Low Risk - Low Activity
53743682,0.0,1,0,0.0,1.0,0.0,0.0,Low,0,Low Risk - Low Activity
53745251,0.0,1,0,0.0,1.0,0.0,0.0,Low,0,Low Risk - Low Activity
53746773,0.0,1,0,0.0,0.0,1.0,0.0,Low,0,Low Risk - Low Activity
53748898,0.0,1,0,0.0,0.0,1.0,0.0,Low,0,Low Risk - Low Activity
53752770,0.0,1,0,0.0,0.0,1.0,0.0,Low,0,Low Risk - Low Activity
53772804,0.0,1,0,0.0,0.0,1.0,0.0,Low,0,Low Risk - Low Activity
53779745,0.0,1,0,0.0,1.0,0.0,0.0,Low,0,Low Risk - Low Activity
53789801,0.0,1,0,0.0,0.0,1.0,0.0,Low,0,Low Risk - Low Activity
53795623,0.0,1,0,0.0,0.0,1.0,0.0,Low,0,Low Risk - Low Activity
53797639,0.0,1,0,0.0,0.0,1.0,0.0,Low,0,Low Risk - Low Activity
53806394,0.0,1,0,0.0,0.0,1.0,0.0,Low,0,Low Risk - Low Activity
53813782,0.0,1,0,0.0,0.0,1.0,0.0,Low,0,Low Risk - Low Activity
53819221,0.0,1,0,0.0,1.0,0.0,0.0,Low,0,Low Risk - Low Activity
53823514,0.0,1,0,0.0,0.0,1.0,0.0,Low,0,Low Risk - Low Activity
53828096,0.0,1,0,0.0,1.0,0.0,0.0,Low,0,Low Risk - Low Activity
53830053,0.0,1,0,0.0,1.0,0.0,0.0,Low,0,Low Risk - Low Activity
53841843,0.0,1,0,0.0,1.0,0.0,0.0,Low,0,Low Risk - Low Activity
53857492,0.0,1,0,0.0,1.0,0.0,0.0,Low,0,Low Risk - Low Activity
53869198,0.0,1,0,0.0,1.0,0.0,0.0,Low,0,Low Risk - Low Activity
53871823,0.0,1,0,0.0,0.0,1.0,0.0,Low,0,Low Risk - Low Activity
53872237,0.0,1,0,0.0,0.0,1.0,0.0,Low,0,Low Risk - Low Activity
53891267,0.0,1,0,0.0,0.0,1.0,0.0,Low,0,Low Risk - Low Activity
53904000,0.0,1,0,0.0,0.0,1.0,0.0,Low,0,Low Risk - Low Activity
53918973,0.0,1,0,0.0,0.0,1.0,0.0,Low,0,Low Risk - Low Activity
53919597,0.0,1,0,0.0,0.0,1.0,0.0,Low,0,Low Risk - Low Activity
53938366,0.0,1,0,0.0,0.0,1.0,0.0,Low,0,Low Risk - Low Activity
53940727,0.0,1,0,0.0,0.0,1.0,0.0,Low,0,Low Risk - Low Activity
53967447,0.0,1,0,0.0,1.0,0.0,0.0,Low,0,Low Risk - Low Activity
53971395,0.0,1,0,0.0,0.0,1.0,0.0,Low,0,Low Risk - Low Activity
53993288,0.0,1,0,0.0,1.0,0.0,0.0,Low,0,Low Risk - Low Activity
53998786,0.0,1,0,0.0,0.0,1.0,0.0,Low,0,Low Risk - Low Activity
53999345,0.0,1,0,0.0,0.0,1.0,0.0,Low,0,Low Risk - Low Activity
54000769,0.0,1,0,0.0,0.0,1.0,0.0,Low,0,Low Risk - Low Activity
54001421,0.0,1,0,0.0,0.0,1.0,0.0,Low,0,Low Risk - Low Activity
54010481,0.0,1,0,0.0,0.0,1.0,0.0,Low,0,Low Risk - Low Activity
54027094,0.0,1,0,0.0,0.0,1.0,0.0,Low,0,Low Risk - Low Activity
54030198,0.0,1,0,0.0,1.0,0.0,0.0,Low,0,Low Risk - Low Activity
54031785,0.0,1,0,0.0,1.0,0.0,0.0,Low,0,Low Risk - Low Activity
54043871,0.0,1,0,1.0,0.0,0.0,0.0,Low,1,Low Risk - Low Activity
54044549,0.0,1,0,0.0,1.0,0.0,0.0,Low,0,Low Risk - Low Activity
54044932,0.0,1,0,0.0,0.0,1.0,0.0,Low,0,Low Risk - Low Activity
54065420,0.0,1,0,0.0,0.0,1.0,0.0,Low,0,Low Risk - Low Activity
54087272,0.0,1,0,0.0,1.0,0.0,0.0,Low,0,Low Risk - Low Activity
54087289,0.0,1,0,0.0,1.0,0.0,0.0,Low,0,Low Risk - Low Activity
54094510,0.0,1,0,0.0,1.0,0.0,0.0,Low,0,Low Risk - Low Activity
54103812,0.0,1,0,0.0,0.0,1.0,0.0,Low,0,Low Risk - Low Activity
54113442,0.0,1,0,0.0,0.0,1.0,0.0,Low,0,Low Risk - Low Activity
54115950,0.0,1,0,0.0,0.0,1.0,0.0,Low,0,Low Risk - Low Activity
54121528,0.0,1,0,0.0,1.0,0.0,0.0,Low,0,Low Risk - Low Activity
54127213,0.0,1,0,0.0,1.0,0.0,0.0,Low,0,Low Risk - Low Activity
54157464,0.0,1,0,0.0,0.0,1.0,0.0,Low,0,Low Risk - Low Activity
54180714,0.0,1,0,0.0,0.0,1.0,0.0,Low,0,Low Risk - Low Activity
54195922,0.0,1,0,0.0,0.0,1.0,0.0,Low,0,Low Risk - Low Activity
54196527,0.0,1,0,0.0,0.0,1.0,0.0,Low,0,Low Risk - Low Activity
54200968,0.0,1,0,0.0,1.0,0.0,0.0,Low,0,Low Risk - Low Activity
54202677,0.0,1,0,0.0,1.0,0.0,0.0,Low,0,Low Risk - Low Activity
54207507,0.0,1,0,0.0,1.0,0.0,0.0,Low,0,Low Risk - Low Activity
54213114,0.0,1,0,0.0,1.0,0.0,0.0,Low,0,Low Risk - Low Activity
54216009,0.0,1,0,0.0,0.0,1.0,0.0,Low,0,Low Risk - Low Activity
54218071,0.0,1,0,0.0,0.0,1.0,0.0,Low,0,Low Risk - Low Activity
54219369,0.0,1,0,0.0,1.0,0.0,0.0,Low,0,Low Risk - Low Activity
54223891,0.0,1,0,1.0,0.0,0.0,0.0,Low,1,Low Risk - Low Activity
54238374,0.0,1,0,0.0,1.0,0.0,0.0,Low,0,Low Risk - Low Activity
54242408,0.0,1,0,0.0,0.0,1.0,0.0,Low,0,Low Risk - Low Activity
54261710,0.0,1,0,0.0,1.0,0.0,0.0,Low,0,Low Risk - Low Activity
54264507,0.0,1,0,0.0,1.0,0.0,0.0,Low,0,Low Risk - Low Activity
54265476,0.0,1,0,0.0,1.0,0.0,0.0,Low,0,Low Risk - Low Activity
54273136,0.0,1,0,0.0,0.0,1.0,0.0,Low,0,Low Risk - Low Activity
54280319,0.0,1,0,0.0,1.0,0.0,0.0,Low,0,Low Risk - Low Activity
54297483,0.0,1,0,0.0,0.0,1.0,0.0,Low,0,Low Risk - Low Activity
54300645,0.0,1,0,0.0,1.0,0.0,0.0,Low,0,Low Risk - Low Activity
54301311,0.0,1,0,0.0,0.0,1.0,0.0,Low,0,Low Risk - Low Activity
54317805,0.0,1,0,0.0,0.0,1.0,0.0,Low,0,Low Risk - Low Activity
54348447,0.0,1,0,0.0,0.0,1.0,0.0,Low,0,Low Risk - Low Activity
54368226,0.0,1,0,0.0,1.0,0.0,0.0,Low,0,Low Risk - Low Activity
54369346,0.0,1,0,0.0,0.0,1.0,0.0,Low,0,Low Risk - Low Activity
54385395,0.0,1,0,0.0,0.0,1.0,0.0,Low,0,Low Risk - Low Activity
54401155,0.0,1,0,0.0,0.0,1.0,0.0,Low,0,Low Risk - Low Activity
54411300,0.0,1,0,0.0,1.0,0.0,0.0,Low,0,Low Risk - Low Activity
54411705,0.0,1,0,0.0,0.0,1.0,0.0,Low,0,Low Risk - Low Activity
54412119,0.0,1,0,0.0,1.0,0.0,0.0,Low,0,Low Risk - Low Activity
54416910,0.0,1,0,0.0,1.0,0.0,0.0,Low,0,Low Risk - Low Activity
54420937,0.0,1,0,0.0,1.0,0.0,0.0,Low,0,Low Risk - Low Activity
54421122,0.0,1,0,0.0,0.0,1.0,0.0,Low,0,Low Risk - Low Activity
54423196,0.0,1,0,0.0,0.0,1.0,0.0,Low,0,Low Risk - Low Activity
54427730,0.0,1,0,0.0,1.0,0.0,0.0,Low,0,Low Risk - Low Activity
54434867,0.0,1,0,0.0,0.0,1.0,0.0,Low,0,Low Risk - Low Activity
54451980,0.0,1,0,0.0,0.0,1.0,0.0,Low,0,Low Risk - Low Activity
54452485,0.0,1,0,0.0,0.0,1.0,0.0,Low,0,Low Risk - Low Activity
54454825,0.0,1,0,0.0,1.0,0.0,0.0,Low,0,Low Risk - Low Activity
54470158,0.0,1,0,0.0,0.0,1.0,0.0,Low,0,Low Risk - Low Activity
54478277,0.0,1,0,0.0,1.0,0.0,0.0,Low,0,Low Risk - Low Activity
54487382,0.0,1,0,0.0,0.0,1.0,0.0,Low,0,Low Risk - Low Activity
54500173,0.0,1,0,0.0,0.0,1.0,0.0,Low,0,Low Risk - Low Activity
54503020,0.0,1,0,0.0,0.0,1.0,0.0,Low,0,Low Risk - Low Activity
54504100,0.0,1,0,0.0,1.0,0.0,0.0,Low,0,Low Risk - Low Activity
54507275,0.0,1,0,0.0,0.0,1.0,0.0,Low,0,Low Risk - Low Activity
54513776,0.0,1,0,0.0,0.0,1.0,0.0,Low,0,Low Risk - Low Activity
54526871,0.0,1,0,0.0,0.0,1.0,0.0,Low,0,Low Risk - Low Activity
54532117,0.0,1,0,0.0,0.0,1.0,0.0,Low,0,Low Risk - Low Activity
54541404,0.0,1,0,1.0,0.0,0.0,0.0,Low,1,Low Risk - Low Activity
54545628,0.0,1,0,0.0,0.0,1.0,0.0,Low,0,Low Risk - Low Activity
54572619,0.0,1,0,0.0,1.0,0.0,0.0,Low,0,Low Risk - Low Activity
54575064,0.0,1,0,0.0,0.0,1.0,0.0,Low,0,Low Risk - Low Activity
54587813,0.0,1,0,0.0,0.0,1.0,0.0,Low,0,Low Risk - Low Activity
54591193,0.0,1,0,0.0,1.0,0.0,0.0,Low,0,Low Risk - Low Activity
54592580,0.0,1,0,0.0,1.0,0.0,0.0,Low,0,Low Risk - Low Activity
54593200,0.0,1,0,0.0,0.0,1.0,0.0,Low,0,Low Risk - Low Activity
54599092,0.0,1,0,0.0,1.0,0.0,0.0,Low,0,Low Risk - Low Activity
54599620,0.0,1,0,0.0,0.0,1.0,0.0,Low,0,Low Risk - Low Activity
54611837,0.0,1,0,0.0,0.0,1.0,0.0,Low,0,Low Risk - Low Activity
54621630,0.0,1,0,0.0,1.0,0.0,0.0,Low,0,Low Risk - Low Activity
54622261,0.0,1,0,0.0,0.0,1.0,0.0,Low,0,Low Risk - Low Activity
54625384,0.0,1,0,0.0,1.0,0.0,0.0,Low,0,Low Risk - Low Activity
54628012,0.0,1,0,0.0,0.0,1.0,0.0,Low,0,Low Risk - Low Activity
54628650,0.0,1,0,0.0,0.0,1.0,0.0,Low,0,Low Risk - Low Activity
54632260,0.0,1,0,0.0,0.0,1.0,0.0,Low,0,Low Risk - Low Activity
54637764,0.0,1,0,0.0,0.0,1.0,0.0,Low,0,Low Risk - Low Activity
54641862,0.0,1,0,0.0,0.0,1.0,0.0,Low,0,Low Risk - Low Activity
54646485,0.0,1,0,0.0,0.0,1.0,0.0,Low,0,Low Risk - Low Activity
54650497,0.0,1,0,0.0,0.0,1.0,0.0,Low,0,Low Risk - Low Activity
54668641,0.0,1,0,0.0,1.0,0.0,0.0,Low,0,Low Risk - Low Activity
54698266,0.0,1,0,1.0,0.0,0.0,0.0,Low,1,Low Risk - Low Activity
54728167,0.0,1,0,0.0,1.0,0.0,0.0,Low,0,Low Risk - Low Activity
54735190,0.0,1,0,0.0,0.0,1.0,0.0,Low,0,Low Risk - Low Activity
54741390,0.0,1,0,0.0,0.0,1.0,0.0,Low,0,Low Risk - Low Activity
54741778,0.0,1,0,0.0,0.0,1.0,0.0,Low,0,Low Risk - Low Activity
54747207,0.0,1,0,0.0,1.0,0.0,0.0,Low,0,Low Risk - Low Activity
54753265,0.0,1,0,0.0,1.0,0.0,0.0,Low,0,Low Risk - Low Activity
54768887,0.0,1,0,0.0,0.0,1.0,0.0,Low,0,Low Risk - Low Activity
54792570,0.0,1,0,0.0,0.0,1.0,0.0,Low,0,Low Risk - Low Activity
54796667,0.0,1,0,0.0,0.0,1.0,0.0,Low,0,Low Risk - Low Activity
54798298,0.0,1,0,0.0,0.0,1.0,0.0,Low,0,Low Risk - Low Activity
54833552,0.0,1,0,0.0,1.0,0.0,0.0,Low,0,Low Risk - Low Activity
54834434,0.0,1,0,0.0,1.0,0.0,0.0,Low,0,Low Risk - Low Activity
54840140,0.0,1,0,0.0,0.0,1.0,0.0,Low,0,Low Risk - Low Activity
54848280,0.0,1,0,0.0,0.0,1.0,0.0,Low,0,Low Risk - Low Activity
54858462,0.0,1,0,0.0,0.0,1.0,0.0,Low,0,Low Risk - Low Activity
54861141,0.0,1,0,0.0,0.0,1.0,0.0,Low,0,Low Risk - Low Activity
54861439,0.0,1,0,0.0,1.0,0.0,0.0,Low,0,Low Risk - Low Activity
54882861,0.0,1,0,0.0,1.0,0.0,0.0,Low,0,Low Risk - Low Activity
54897674,0.0,1,0,0.0,0.0,1.0,0.0,Low,0,Low Risk - Low Activity
54903500,0.0,1,0,0.0,0.0,1.0,0.0,Low,0,Low Risk - Low Activity
54905523,0.0,1,0,0.0,0.0,1.0,0.0,Low,0,Low Risk - Low Activity
54908008,0.0,1,0,0.0,0.0,1.0,0.0,Low,0,Low Risk - Low Activity
54911857,0.0,1,0,0.0,1.0,0.0,0.0,Low,0,Low Risk - Low Activity
54913158,0.0,1,0,0.0,0.0,1.0,0.0,Low,0,Low Risk - Low Activity
54920323,0.0,1,0,0.0,1.0,0.0,0.0,Low,0,Low Risk - Low Activity
54923342,0.0,1,0,0.0,0.0,1.0,0.0,Low,0,Low Risk - Low Activity
54923679,0.0,1,0,0.0,0.0,1.0,0.0,Low,0,Low Risk - Low Activity
54946732,0.0,1,0,0.0,0.0,1.0,0.0,Low,0,Low Risk - Low Activity
54952962,0.0,1,0,0.0,1.0,0.0,0.0,Low,0,Low Risk - Low Activity
54985112,0.0,1,0,0.0,0.0,1.0,0.0,Low,0,Low Risk - Low Activity
54988544,0.0,1,0,0.0,0.0,1.0,0.0,Low,0,Low Risk - Low Activity
54990756,0.0,1,0,0.0,0.0,1.0,0.0,Low,0,Low Risk - Low Activity
54993602,0.0,1,0,0.0,1.0,0.0,0.0,Low,0,Low Risk - Low Activity
54995142,0.0,1,0,0.0,0.0,1.0,0.0,Low,0,Low Risk - Low Activity
54999702,0.0,1,0,0.0,0.0,1.0,0.0,Low,0,Low Risk - Low Activity
55002194,0.0,1,0,0.0,0.0,1.0,0.0,Low,0,Low Risk - Low Activity
55005117,0.0,1,0,0.0,1.0,0.0,0.0,Low,0,Low Risk - Low Activity
55018483,0.0,1,0,0.0,0.0,1.0,0.0,Low,0,Low Risk - Low Activity
55029265,0.0,1,0,0.0,0.0,1.0,0.0,Low,0,Low Risk - Low Activity
55029618,0.0,1,0,0.0,0.0,1.0,0.0,Low,0,Low Risk - Low Activity
55029920,0.0,1,0,0.0,1.0,0.0,0.0,Low,0,Low Risk - Low Activity
55031726,0.0,1,0,0.0,1.0,0.0,0.0,Low,0,Low Risk - Low Activity
55042274,0.0,1,0,0.0,0.0,1.0,0.0,Low,0,Low Risk - Low Activity
55050740,0.0,1,0,0.0,0.0,1.0,0.0,Low,0,Low Risk - Low Activity
55052019,0.0,1,0,0.0,0.0,1.0,0.0,Low,0,Low Risk - Low Activity
55054941,0.0,1,0,0.0,0.0,1.0,0.0,Low,0,Low Risk - Low Activity
55096623,0.0,1,0,0.0,1.0,0.0,0.0,Low,0,Low Risk - Low Activity
55106425,0.0,1,0,0.0,0.0,1.0,0.0,Low,0,Low Risk - Low Activity
55118076,0.0,1,0,0.0,1.0,0.0,0.0,Low,0,Low Risk - Low Activity
55128636,0.0,1,0,0.0,1.0,0.0,0.0,Low,0,Low Risk - Low Activity
55130740,0.0,1,0,0.0,1.0,0.0,0.0,Low,0,Low Risk - Low Activity
55139930,0.0,1,0,0.0,1.0,0.0,0.0,Low,0,Low Risk - Low Activity
55140053,0.0,1,0,0.0,1.0,0.0,0.0,Low,0,Low Risk - Low Activity
55144815,0.0,1,0,0.0,0.0,1.0,0.0,Low,0,Low Risk - Low Activity
55161026,0.0,1,0,0.0,1.0,0.0,0.0,Low,0,Low Risk - Low Activity
55171389,0.0,1,0,0.0,0.0,1.0,0.0,Low,0,Low Risk - Low Activity
55181129,0.0,1,0,0.0,0.0,1.0,0.0,Low,0,Low Risk - Low Activity
55184204,0.0,1,0,0.0,1.0,0.0,0.0,Low,0,Low Risk - Low Activity
55187087,0.0,1,0,0.0,0.0,1.0,0.0,Low,0,Low Risk - Low Activity
55196689,0.0,1,0,0.0,0.0,1.0,0.0,Low,0,Low Risk - Low Activity
55199424,0.0,1,0,0.0,0.0,1.0,0.0,Low,0,Low Risk - Low Activity
55206733,0.0,1,0,0.0,0.0,1.0,0.0,Low,0,Low Risk - Low Activity
55211860,0.0,1,0,0.0,0.0,1.0,0.0,Low,0,Low Risk - Low Activity
55245088,0.0,1,0,0.0,0.0,1.0,0.0,Low,0,Low Risk - Low Activity
55263184,0.0,1,0,0.0,0.0,1.0,0.0,Low,0,Low Risk - Low Activity
55266382,0.0,1,0,0.0,0.0,1.0,0.0,Low,0,Low Risk - Low Activity
55285779,0.0,1,0,0.0,1.0,0.0,0.0,Low,0,Low Risk - Low Activity
55297717,0.0,1,0,1.0,0.0,0.0,0.0,Low,1,Low Risk - Low Activity
55304828,0.0,1,0,0.0,1.0,0.0,0.0,Low,0,Low Risk - Low Activity
55329048,0.0,1,0,0.0,0.0,1.0,0.0,Low,0,Low Risk - Low Activity
55331207,0.0,1,0,0.0,1.0,0.0,0.0,Low,0,Low Risk - Low Activity
55342268,0.0,1,0,0.0,0.0,1.0,0.0,Low,0,Low Risk - Low Activity
55376918,0.0,1,0,0.0,0.0,1.0,0.0,Low,0,Low Risk - Low Activity
55383457,0.0,1,0,0.0,0.0,1.0,0.0,Low,0,Low Risk - Low Activity
55390965,0.0,1,0,0.0,0.0,1.0,0.0,Low,0,Low Risk - Low Activity
55398445,0.0,1,0,0.0,1.0,0.0,0.0,Low,0,Low Risk - Low Activity
55412483,0.0,1,0,0.0,1.0,0.0,0.0,Low,0,Low Risk - Low Activity
55417608,0.0,1,0,0.0,1.0,0.0,0.0,Low,0,Low Risk - Low Activity
55423112,0.0,1,0,0.0,0.0,1.0,0.0,Low,0,Low Risk - Low Activity
55426460,0.0,1,0,0.0,0.0,1.0,0.0,Low,0,Low Risk - Low Activity
55428813,0.0,1,0,0.0,0.0,1.0,0.0,Low,0,Low Risk - Low Activity
55433439,0.0,1,0,0.0,1.0,0.0,0.0,Low,0,Low Risk - Low Activity
55437040,0.0,1,0,0.0,1.0,0.0,0.0,Low,0,Low Risk - Low Activity
55443710,0.0,1,0,0.0,0.0,1.0,0.0,Low,0,Low Risk - Low Activity
55452042,0.0,1,0,0.0,1.0,0.0,0.0,Low,0,Low Risk - Low Activity
55462296,0.0,1,0,0.0,1.0,0.0,0.0,Low,0,Low Risk - Low Activity
55472781,0.0,1,0,0.0,0.0,1.0,0.0,Low,0,Low Risk - Low Activity
55489960,0.0,1,0,0.0,0.0,1.0,0.0,Low,0,Low Risk - Low Activity
55507562,0.0,1,0,0.0,0.0,1.0,0.0,Low,0,Low Risk - Low Activity
55524586,0.0,1,0,0.0,1.0,0.0,0.0,Low,0,Low Risk - Low Activity
55541041,0.0,1,0,0.0,0.0,1.0,0.0,Low,0,Low Risk - Low Activity
55548390,0.0,1,0,0.0,0.0,1.0,0.0,Low,0,Low Risk - Low Activity
55566799,0.0,1,0,0.0,0.0,1.0,0.0,Low,0,Low Risk - Low Activity
55569412,0.0,1,0,0.0,0.0,1.0,0.0,Low,0,Low Risk - Low Activity
55603698,0.0,1,0,0.0,1.0,0.0,0.0,Low,0,Low Risk - Low Activity
55617040,0.0,1,0,0.0,0.0,1.0,0.0,Low,0,Low Risk - Low Activity
55635016,0.0,1,0,0.0,1.0,0.0,0.0,Low,0,Low Risk - Low Activity
55636564,0.0,1,0,0.0,1.0,0.0,0.0,Low,0,Low Risk - Low Activity
55642081,0.0,1,0,0.0,0.0,1.0,0.0,Low,0,Low Risk - Low Activity
55655936,0.0,1,0,0.0,0.0,1.0,0.0,Low,0,Low Risk - Low Activity
55662568,0.0,1,0,0.0,1.0,0.0,0.0,Low,0,Low Risk - Low Activity
55682669,0.0,1,0,0.0,0.0,1.0,0.0,Low,0,Low Risk - Low Activity
55722552,0.0,1,0,0.0,0.0,1.0,0.0,Low,0,Low Risk - Low Activity
55727153,0.0,1,0,0.0,0.0,1.0,0.0,Low,0,Low Risk - Low Activity
55737454,0.0,1,0,0.0,1.0,0.0,0.0,Low,0,Low Risk - Low Activity
55738197,0.0,1,0,0.0,0.0,1.0,0.0,Low,0,Low Risk - Low Activity
55738305,0.0,1,0,0.0,1.0,0.0,0.0,Low,0,Low Risk - Low Activity
55749315,0.0,1,0,0.0,0.0,1.0,0.0,Low,0,Low Risk - Low Activity
55753516,0.0,1,0,0.0,0.0,1.0,0.0,Low,0,Low Risk - Low Activity
55754293,0.0,1,0,0.0,1.0,0.0,0.0,Low,0,Low Risk - Low Activity
55760428,0.0,1,0,0.0,1.0,0.0,0.0,Low,0,Low Risk - Low Activity
55765795,0.0,1,0,0.0,1.0,0.0,0.0,Low,0,Low Risk - Low Activity
55783114,0.0,1,0,0.0,0.0,1.0,0.0,Low,0,Low Risk - Low Activity
55785922,0.0,1,0,0.0,0.0,1.0,0.0,Low,0,Low Risk - Low Activity
55788708,0.0,1,0,0.0,0.0,1.0,0.0,Low,0,Low Risk - Low Activity
55815095,0.0,1,0,0.0,0.0,1.0,0.0,Low,0,Low Risk - Low Activity
55845907,0.0,1,0,0.0,1.0,0.0,0.0,Low,0,Low Risk - Low Activity
55845929,0.0,1,0,0.0,0.0,1.0,0.0,Low,0,Low Risk - Low Activity
55857684,0.0,1,0,0.0,0.0,1.0,0.0,Low,0,Low Risk - Low Activity
55871644,0.0,1,0,0.0,0.0,1.0,0.0,Low,0,Low Risk - Low Activity
55877792,0.0,1,0,0.0,0.0,1.0,0.0,Low,0,Low Risk - Low Activity
55885067,0.0,1,0,0.0,0.0,1.0,0.0,Low,0,Low Risk - Low Activity
55887268,0.0,1,0,0.0,1.0,0.0,0.0,Low,0,Low Risk - Low Activity
55887277,0.0,1,0,0.0,0.0,1.0,0.0,Low,0,Low Risk - Low Activity
55890725,0.0,1,0,0.0,0.0,1.0,0.0,Low,0,Low Risk - Low Activity
55908643,0.0,1,0,0.0,0.0,1.0,0.0,Low,0,Low Risk - Low Activity
55925189,0.0,1,0,0.0,0.0,1.0,0.0,Low,0,Low Risk - Low Activity
55938819,0.0,1,0,0.0,1.0,0.0,0.0,Low,0,Low Risk - Low Activity
55941789,0.0,1,0,0.0,1.0,0.0,0.0,Low,0,Low Risk - Low Activity
55944578,0.0,1,0,0.0,0.0,1.0,0.0,Low,0,Low Risk - Low Activity
55946324,0.0,1,0,0.0,1.0,0.0,0.0,Low,0,Low Risk - Low Activity
55949514,0.0,1,0,0.0,1.0,0.0,0.0,Low,0,Low Risk - Low Activity
55949739,0.0,1,0,0.0,0.0,1.0,0.0,Low,0,Low Risk - Low Activity
55964920,0.0,1,0,0.0,0.0,1.0,0.0,Low,0,Low Risk - Low Activity
56003615,0.0,1,0,0.0,1.0,0.0,0.0,Low,0,Low Risk - Low Activity
56034139,0.0,1,0,0.0,1.0,0.0,0.0,Low,0,Low Risk - Low Activity
56045208,0.0,1,0,0.0,0.0,1.0,0.0,Low,0,Low Risk - Low Activity
56052063,0.0,1,0,0.0,0.0,1.0,0.0,Low,0,Low Risk - Low Activity
56065278,0.0,1,0,0.0,1.0,0.0,0.0,Low,0,Low Risk - Low Activity
56066131,0.0,1,0,1.0,0.0,0.0,0.0,Low,1,Low Risk - Low Activity
56067722,0.0,1,0,0.0,1.0,0.0,0.0,Low,0,Low Risk - Low Activity
56083298,0.0,1,0,0.0,1.0,0.0,0.0,Low,0,Low Risk - Low Activity
56095913,0.0,1,0,0.0,1.0,0.0,0.0,Low,0,Low Risk - Low Activity
56103448,0.0,1,0,0.0,0.0,1.0,0.0,Low,0,Low Risk - Low Activity
56105909,0.0,1,0,0.0,1.0,0.0,0.0,Low,0,Low Risk - Low Activity
56110642,0.0,1,0,0.0,1.0,0.0,0.0,Low,0,Low Risk - Low Activity
56110871,0.0,1,0,0.0,0.0,1.0,0.0,Low,0,Low Risk - Low Activity
56119261,0.0,1,0,0.0,1.0,0.0,0.0,Low,0,Low Risk - Low Activity
56121986,0.0,1,0,0.0,0.0,1.0,0.0,Low,0,Low Risk - Low Activity
56153609,0.0,1,0,0.0,0.0,1.0,0.0,Low,0,Low Risk - Low Activity
56168825,0.0,1,0,0.0,0.0,1.0,0.0,Low,0,Low Risk - Low Activity
56185857,0.0,1,0,0.0,0.0,1.0,0.0,Low,0,Low Risk - Low Activity
56186274,0.0,1,0,0.0,1.0,0.0,0.0,Low,0,Low Risk - Low Activity
56196280,0.0,1,0,0.0,0.0,1.0,0.0,Low,0,Low Risk - Low Activity
56200382,0.0,1,0,0.0,0.0,1.0,0.0,Low,0,Low Risk - Low Activity
56211384,0.0,1,0,0.0,1.0,0.0,0.0,Low,0,Low Risk - Low Activity
56220390,0.0,1,0,0.0,1.0,0.0,0.0,Low,0,Low Risk - Low Activity
56237350,0.0,1,0,0.0,0.0,1.0,0.0,Low,0,Low Risk - Low Activity
56246496,0.0,1,0,0.0,1.0,0.0,0.0,Low,0,Low Risk - Low Activity
56261719,0.0,1,0,0.0,1.0,0.0,0.0,Low,0,Low Risk - Low Activity
56274445,0.0,1,0,0.0,1.0,0.0,0.0,Low,0,Low Risk - Low Activity
56280770,0.0,1,0,0.0,0.0,1.0,0.0,Low,0,Low Risk - Low Activity
56289382,0.0,1,0,0.0,1.0,0.0,0.0,Low,0,Low Risk - Low Activity
56313751,0.0,1,0,0.0,0.0,1.0,0.0,Low,0,Low Risk - Low Activity
56319215,0.0,1,0,0.0,0.0,1.0,0.0,Low,0,Low Risk - Low Activity
56320399,0.0,1,0,0.0,0.0,1.0,0.0,Low,0,Low Risk - Low Activity
56325392,0.0,1,0,0.0,1.0,0.0,0.0,Low,0,Low Risk - Low Activity
56327728,0.0,1,0,0.0,0.0,1.0,0.0,Low,0,Low Risk - Low Activity
56332101,0.0,1,0,0.0,0.0,1.0,0.0,Low,0,Low Risk - Low Activity
56335130,0.0,1,0,0.0,0.0,1.0,0.0,Low,0,Low Risk - Low Activity
56352804,0.0,1,0,0.0,0.0,1.0,0.0,Low,0,Low Risk - Low Activity
56354107,0.0,1,0,0.0,1.0,0.0,0.0,Low,0,Low Risk - Low Activity
56363706,0.0,1,0,0.0,0.0,1.0,0.0,Low,0,Low Risk - Low Activity
56379958,0.0,1,0,0.0,0.0,1.0,0.0,Low,0,Low Risk - Low Activity
56384179,0.0,1,0,0.0,0.0,1.0,0.0,Low,0,Low Risk - Low Activity
56402454,0.0,1,0,0.0,1.0,0.0,0.0,Low,0,Low Risk - Low Activity
56405471,0.0,1,0,0.0,1.0,0.0,0.0,Low,0,Low Risk - Low Activity
56415046,0.0,1,0,0.0,0.0,1.0,0.0,Low,0,Low Risk - Low Activity
56427701,0.0,1,0,0.0,0.0,1.0,0.0,Low,0,Low Risk - Low Activity
56440910,0.0,1,0,0.0,1.0,0.0,0.0,Low,0,Low Risk - Low Activity
56442866,0.0,1,0,0.0,0.0,1.0,0.0,Low,0,Low Risk - Low Activity
56443663,0.0,1,0,0.0,1.0,0.0,0.0,Low,0,Low Risk - Low Activity
56448798,0.0,1,0,0.0,0.0,1.0,0.0,Low,0,Low Risk - Low Activity
56459595,0.0,1,0,0.0,0.0,1.0,0.0,Low,0,Low Risk - Low Activity
56460366,0.0,1,0,0.0,0.0,1.0,0.0,Low,0,Low Risk - Low Activity
56463844,0.0,1,0,0.0,1.0,0.0,0.0,Low,0,Low Risk - Low Activity
56472142,0.0,1,0,0.0,0.0,1.0,0.0,Low,0,Low Risk - Low Activity
56487432,0.0,1,0,0.0,0.0,1.0,0.0,Low,0,Low Risk - Low Activity
56507883,0.0,1,0,0.0,0.0,1.0,0.0,Low,0,Low Risk - Low Activity
56517290,0.0,1,0,0.0,0.0,1.0,0.0,Low,0,Low Risk - Low Activity
56522186,0.0,1,0,0.0,0.0,1.0,0.0,Low,0,Low Risk - Low Activity
56526793,0.0,1,0,0.0,0.0,1.0,0.0,Low,0,Low Risk - Low Activity
56529162,0.0,1,0,0.0,0.0,1.0,0.0,Low,0,Low Risk - Low Activity
56540270,0.0,1,0,0.0,1.0,0.0,0.0,Low,0,Low Risk - Low Activity
56557653,0.0,1,0,0.0,0.0,1.0,0.0,Low,0,Low Risk - Low Activity
56561743,0.0,1,0,0.0,1.0,0.0,0.0,Low,0,Low Risk - Low Activity
56570348,0.0,1,0,0.0,0.0,1.0,0.0,Low,0,Low Risk - Low Activity
56583157,0.0,1,0,0.0,0.0,1.0,0.0,Low,0,Low Risk - Low Activity
56587198,0.0,1,0,0.0,1.0,0.0,0.0,Low,0,Low Risk - Low Activity
56608632,0.0,1,0,0.0,1.0,0.0,0.0,Low,0,Low Risk - Low Activity
56610949,0.0,1,0,0.0,1.0,0.0,0.0,Low,0,Low Risk - Low Activity
56632039,0.0,1,0,0.0,0.0,1.0,0.0,Low,0,Low Risk - Low Activity
56643262,0.0,1,0,0.0,1.0,0.0,0.0,Low,0,Low Risk - Low Activity
56649423,0.0,1,0,0.0,0.0,1.0,0.0,Low,0,Low Risk - Low Activity
56662290,0.0,1,0,0.0,1.0,0.0,0.0,Low,0,Low Risk - Low Activity
56666289,0.0,1,0,0.0,1.0,0.0,0.0,Low,0,Low Risk - Low Activity
56671908,0.0,1,0,0.0,0.0,1.0,0.0,Low,0,Low Risk - Low Activity
56688528,0.0,1,0,0.0,0.0,1.0,0.0,Low,0,Low Risk - Low Activity
56697958,0.0,1,0,0.0,0.0,1.0,0.0,Low,0,Low Risk - Low Activity
56720122,0.0,1,0,0.0,0.0,1.0,0.0,Low,0,Low Risk - Low Activity
56734377,0.0,1,0,0.0,1.0,0.0,0.0,Low,0,Low Risk - Low Activity
56740630,0.0,1,0,0.0,1.0,0.0,0.0,Low,0,Low Risk - Low Activity
56741045,0.0,1,0,0.0,0.0,1.0,0.0,Low,0,Low Risk - Low Activity
56750475,0.0,1,0,0.0,0.0,1.0,0.0,Low,0,Low Risk - Low Activity
56767737,0.0,1,0,0.0,0.0,1.0,0.0,Low,0,Low Risk - Low Activity
56803198,0.0,1,0,0.0,0.0,1.0,0.0,Low,0,Low Risk - Low Activity
56805194,0.0,1,0,0.0,0.0,1.0,0.0,Low,0,Low Risk - Low Activity
56808944,0.0,1,0,0.0,1.0,0.0,0.0,Low,0,Low Risk - Low Activity
56819939,0.0,1,0,0.0,0.0,1.0,0.0,Low,0,Low Risk - Low Activity
56825920,0.0,1,0,0.0,1.0,0.0,0.0,Low,0,Low Risk - Low Activity
56829136,0.0,1,0,0.0,0.0,1.0,0.0,Low,0,Low Risk - Low Activity
56836095,0.0,1,0,0.0,1.0,0.0,0.0,Low,0,Low Risk - Low Activity
56878731,0.0,1,0,0.0,0.0,1.0,0.0,Low,0,Low Risk - Low Activity
56947430,0.0,1,0,0.0,0.0,1.0,0.0,Low,0,Low Risk - Low Activity
56948831,0.0,1,0,0.0,0.0,1.0,0.0,Low,0,Low Risk - Low Activity
56967628,0.0,1,0,0.0,0.0,1.0,0.0,Low,0,Low Risk - Low Activity
56969307,0.0,1,0,0.0,1.0,0.0,0.0,Low,0,Low Risk - Low Activity
56974333,0.0,1,0,0.0,0.0,1.0,0.0,Low,0,Low Risk - Low Activity
56978205,0.0,1,0,0.0,0.0,1.0,0.0,Low,0,Low Risk - Low Activity
57002083,0.0,1,0,0.0,0.0,1.0,0.0,Low,0,Low Risk - Low Activity
57005547,0.0,1,0,0.0,0.0,1.0,0.0,Low,0,Low Risk - Low Activity
57010497,0.0,1,0,0.0,0.0,1.0,0.0,Low,0,Low Risk - Low Activity
57016230,0.0,1,0,0.0,1.0,0.0,0.0,Low,0,Low Risk - Low Activity
57048951,0.0,1,0,0.0,0.0,1.0,0.0,Low,0,Low Risk - Low Activity
57054586,0.0,1,0,0.0,1.0,0.0,0.0,Low,0,Low Risk - Low Activity
57061254,0.0,1,0,0.0,1.0,0.0,0.0,Low,0,Low Risk - Low Activity
57083222,0.0,1,0,0.0,1.0,0.0,0.0,Low,0,Low Risk - Low Activity
57085288,0.0,1,0,0.0,0.0,1.0,0.0,Low,0,Low Risk - Low Activity
57087689,0.0,1,0,0.0,0.0,1.0,0.0,Low,0,Low Risk - Low Activity
57092573,0.0,1,0,0.0,1.0,0.0,0.0,Low,0,Low Risk - Low Activity
57105731,0.0,1,0,0.0,0.0,1.0,0.0,Low,0,Low Risk - Low Activity
57111182,0.0,1,0,0.0,0.0,1.0,0.0,Low,0,Low Risk - Low Activity
57116518,0.0,1,0,0.0,0.0,1.0,0.0,Low,0,Low Risk - Low Activity
57119339,0.0,1,0,0.0,1.0,0.0,0.0,Low,0,Low Risk - Low Activity
57123604,0.0,1,0,0.0,0.0,1.0,0.0,Low,0,Low Risk - Low Activity
57140728,0.0,1,0,0.0,1.0,0.0,0.0,Low,0,Low Risk - Low Activity
57148954,0.0,1,0,0.0,0.0,1.0,0.0,Low,0,Low Risk - Low Activity
57170939,0.0,1,0,0.0,0.0,1.0,0.0,Low,0,Low Risk - Low Activity
57194405,0.0,1,0,0.0,0.0,1.0,0.0,Low,0,Low Risk - Low Activity
57199565,0.0,1,0,0.0,1.0,0.0,0.0,Low,0,Low Risk - Low Activity
57200012,0.0,1,0,0.0,0.0,1.0,0.0,Low,0,Low Risk - Low Activity
57207271,0.0,1,0,0.0,1.0,0.0,0.0,Low,0,Low Risk - Low Activity
57220764,0.0,1,0,0.0,0.0,1.0,0.0,Low,0,Low Risk - Low Activity
57223408,0.0,1,0,0.0,1.0,0.0,0.0,Low,0,Low Risk - Low Activity
57227784,0.0,1,0,0.0,0.0,1.0,0.0,Low,0,Low Risk - Low Activity
57236657,0.0,1,0,0.0,1.0,0.0,0.0,Low,0,Low Risk - Low Activity
57282923,0.0,1,0,0.0,1.0,0.0,0.0,Low,0,Low Risk - Low Activity
57305826,0.0,1,0,0.0,1.0,0.0,0.0,Low,0,Low Risk - Low Activity
57325146,0.0,1,0,0.0,1.0,0.0,0.0,Low,0,Low Risk - Low Activity
57334593,0.0,1,0,0.0,0.0,1.0,0.0,Low,0,Low Risk - Low Activity
57336075,0.0,1,0,0.0,0.0,1.0,0.0,Low,0,Low Risk - Low Activity
57363143,0.0,1,0,1.0,0.0,0.0,0.0,Low,1,Low Risk - Low Activity
57377082,0.0,1,0,0.0,1.0,0.0,0.0,Low,0,Low Risk - Low Activity
57392436,0.0,1,0,0.0,0.0,1.0,0.0,Low,0,Low Risk - Low Activity
57402018,0.0,1,0,1.0,0.0,0.0,0.0,Low,1,Low Risk - Low Activity
57403596,0.0,1,0,0.0,0.0,1.0,0.0,Low,0,Low Risk - Low Activity
57418448,0.0,1,0,0.0,0.0,1.0,0.0,Low,0,Low Risk - Low Activity
57419799,0.0,1,0,0.0,1.0,0.0,0.0,Low,0,Low Risk - Low Activity
57436890,0.0,1,0,0.0,0.0,1.0,0.0,Low,0,Low Risk - Low Activity
57438528,0.0,1,0,0.0,1.0,0.0,0.0,Low,0,Low Risk - Low Activity
57444131,0.0,1,0,0.0,0.0,1.0,0.0,Low,0,Low Risk - Low Activity
57446576,0.0,1,0,0.0,0.0,1.0,0.0,Low,0,Low Risk - Low Activity
57469317,0.0,1,0,0.0,0.0,1.0,0.0,Low,0,Low Risk - Low Activity
57471536,0.0,1,0,0.0,1.0,0.0,0.0,Low,0,Low Risk - Low Activity
57474460,0.0,1,0,0.0,1.0,0.0,0.0,Low,0,Low Risk - Low Activity
57480948,0.0,1,0,0.0,0.0,1.0,0.0,Low,0,Low Risk - Low Activity
57483004,0.0,1,0,0.0,1.0,0.0,0.0,Low,0,Low Risk - Low Activity
57518991,0.0,1,0,0.0,1.0,0.0,0.0,Low,0,Low Risk - Low Activity
57552662,0.0,1,0,0.0,0.0,1.0,0.0,Low,0,Low Risk - Low Activity
57557010,0.0,1,0,0.0,0.0,1.0,0.0,Low,0,Low Risk - Low Activity
57611877,0.0,1,0,0.0,1.0,0.0,0.0,Low,0,Low Risk - Low Activity
57612598,0.0,1,0,0.0,1.0,0.0,0.0,Low,0,Low Risk - Low Activity
57616442,0.0,1,0,0.0,0.0,1.0,0.0,Low,0,Low Risk - Low Activity
57618483,0.0,1,0,0.0,1.0,0.0,0.0,Low,0,Low Risk - Low Activity
57635502,0.0,1,0,0.0,0.0,1.0,0.0,Low,0,Low Risk - Low Activity
57639534,0.0,1,0,0.0,0.0,1.0,0.0,Low,0,Low Risk - Low Activity
57640131,0.0,1,0,0.0,1.0,0.0,0.0,Low,0,Low Risk - Low Activity
57654315,0.0,1,0,0.0,0.0,1.0,0.0,Low,0,Low Risk - Low Activity
57658909,0.0,1,0,0.0,0.0,1.0,0.0,Low,0,Low Risk - Low Activity
57668579,0.0,1,0,0.0,1.0,0.0,0.0,Low,0,Low Risk - Low Activity
57676618,0.0,1,0,0.0,1.0,0.0,0.0,Low,0,Low Risk - Low Activity
57685717,0.0,1,0,0.0,1.0,0.0,0.0,Low,0,Low Risk - Low Activity
57698229,0.0,1,0,0.0,0.0,1.0,0.0,Low,0,Low Risk - Low Activity
57700476,0.0,1,0,0.0,0.0,1.0,0.0,Low,0,Low Risk - Low Activity
57714801,0.0,1,0,0.0,1.0,0.0,0.0,Low,0,Low Risk - Low Activity
57725219,0.0,1,0,0.0,1.0,0.0,0.0,Low,0,Low Risk - Low Activity
57758184,0.0,1,0,0.0,1.0,0.0,0.0,Low,0,Low Risk - Low Activity
57780014,0.0,1,0,0.0,0.0,1.0,0.0,Low,0,Low Risk - Low Activity
57780632,0.0,1,0,0.0,1.0,0.0,0.0,Low,0,Low Risk - Low Activity
57782491,0.0,1,0,0.0,1.0,0.0,0.0,Low,0,Low Risk - Low Activity
57790419,0.0,1,0,0.0,0.0,1.0,0.0,Low,0,Low Risk - Low Activity
57805073,0.0,1,0,0.0,0.0,1.0,0.0,Low,0,Low Risk - Low Activity
57813065,0.0,1,0,0.0,0.0,1.0,0.0,Low,0,Low Risk - Low Activity
57839134,0.0,1,0,0.0,1.0,0.0,0.0,Low,0,Low Risk - Low Activity
57856226,0.0,1,0,0.0,0.0,1.0,0.0,Low,0,Low Risk - Low Activity
57862509,0.0,1,0,0.0,1.0,0.0,0.0,Low,0,Low Risk - Low Activity
57863983,0.0,1,0,0.0,1.0,0.0,0.0,Low,0,Low Risk - Low Activity
57865618,0.0,1,0,0.0,1.0,0.0,0.0,Low,0,Low Risk - Low Activity
57878784,0.0,1,0,0.0,0.0,1.0,0.0,Low,0,Low Risk - Low Activity
57883497,0.0,1,0,0.0,1.0,0.0,0.0,Low,0,Low Risk - Low Activity
57890365,0.0,1,0,0.0,1.0,0.0,0.0,Low,0,Low Risk - Low Activity
57903132,0.0,1,0,0.0,0.0,1.0,0.0,Low,0,Low Risk - Low Activity
57917693,0.0,1,0,0.0,0.0,1.0,0.0,Low,0,Low Risk - Low Activity
57924874,0.0,1,0,0.0,0.0,1.0,0.0,Low,0,Low Risk - Low Activity
57926035,0.0,1,0,0.0,1.0,0.0,0.0,Low,0,Low Risk - Low Activity
57935830,0.0,1,0,0.0,0.0,1.0,0.0,Low,0,Low Risk - Low Activity
57940905,0.0,1,0,0.0,0.0,1.0,0.0,Low,0,Low Risk - Low Activity
57956376,0.0,1,0,0.0,0.0,1.0,0.0,Low,0,Low Risk - Low Activity
57961409,0.0,1,0,0.0,0.0,1.0,0.0,Low,0,Low Risk - Low Activity
57972253,0.0,1,0,0.0,0.0,1.0,0.0,Low,0,Low Risk - Low Activity
57982986,0.0,1,0,0.0,0.0,1.0,0.0,Low,0,Low Risk - Low Activity
57984385,0.0,1,0,0.0,1.0,0.0,0.0,Low,0,Low Risk - Low Activity
58035485,0.0,1,0,0.0,1.0,0.0,0.0,Low,0,Low Risk - Low Activity
58050042,0.0,1,0,0.0,1.0,0.0,0.0,Low,0,Low Risk - Low Activity
58051573,0.0,1,0,0.0,0.0,1.0,0.0,Low,0,Low Risk - Low Activity
58061186,0.0,1,0,0.0,0.0,1.0,0.0,Low,0,Low Risk - Low Activity
58065628,0.0,1,0,0.0,1.0,0.0,0.0,Low,0,Low Risk - Low Activity
58065989,0.0,1,0,0.0,1.0,0.0,0.0,Low,0,Low Risk - Low Activity
58072671,0.0,1,0,0.0,1.0,0.0,0.0,Low,0,Low Risk - Low Activity
58088121,0.0,1,0,0.0,1.0,0.0,0.0,Low,0,Low Risk - Low Activity
58089900,0.0,1,0,0.0,0.0,1.0,0.0,Low,0,Low Risk - Low Activity
58092418,0.0,1,0,0.0,0.0,1.0,0.0,Low,0,Low Risk - Low Activity
58093929,0.0,1,0,0.0,0.0,1.0,0.0,Low,0,Low Risk - Low Activity
58108263,0.0,1,0,0.0,1.0,0.0,0.0,Low,0,Low Risk - Low Activity
58111939,0.0,1,0,0.0,0.0,1.0,0.0,Low,0,Low Risk - Low Activity
58133729,0.0,1,0,0.0,1.0,0.0,0.0,Low,0,Low Risk - Low Activity
58158557,0.0,1,0,0.0,0.0,1.0,0.0,Low,0,Low Risk - Low Activity
58166204,0.0,1,0,0.0,1.0,0.0,0.0,Low,0,Low Risk - Low Activity
58223592,0.0,1,0,0.0,0.0,1.0,0.0,Low,0,Low Risk - Low Activity
58238748,0.0,1,0,0.0,1.0,0.0,0.0,Low,0,Low Risk - Low Activity
58241069,0.0,1,0,0.0,1.0,0.0,0.0,Low,0,Low Risk - Low Activity
58247535,0.0,1,0,0.0,1.0,0.0,0.0,Low,0,Low Risk - Low Activity
58276523,0.0,1,0,1.0,0.0,0.0,0.0,Low,1,Low Risk - Low Activity
58278949,0.0,1,0,0.0,0.0,1.0,0.0,Low,0,Low Risk - Low Activity
58280524,0.0,1,0,0.0,0.0,1.0,0.0,Low,0,Low Risk - Low Activity
58284459,0.0,1,0,0.0,0.0,1.0,0.0,Low,0,Low Risk - Low Activity
58309330,0.0,1,0,0.0,0.0,1.0,0.0,Low,0,Low Risk - Low Activity
58312780,0.0,1,0,0.0,1.0,0.0,0.0,Low,0,Low Risk - Low Activity
58319219,0.0,1,0,0.0,0.0,1.0,0.0,Low,0,Low Risk - Low Activity
58355175,0.0,1,0,0.0,0.0,1.0,0.0,Low,0,Low Risk - Low Activity
58372285,0.0,1,0,0.0,0.0,1.0,0.0,Low,0,Low Risk - Low Activity
58372890,0.0,1,0,0.0,0.0,1.0,0.0,Low,0,Low Risk - Low Activity
58385464,0.0,1,0,0.0,1.0,0.0,0.0,Low,0,Low Risk - Low Activity
58403047,0.0,1,0,0.0,0.0,1.0,0.0,Low,0,Low Risk - Low Activity
58418436,0.0,1,0,0.0,1.0,0.0,0.0,Low,0,Low Risk - Low Activity
58418672,0.0,1,0,0.0,1.0,0.0,0.0,Low,0,Low Risk - Low Activity
58430230,0.0,1,0,0.0,0.0,1.0,0.0,Low,0,Low Risk - Low Activity
58437370,0.0,1,0,0.0,0.0,1.0,0.0,Low,0,Low Risk - Low Activity
58438215,0.0,1,0,0.0,0.0,1.0,0.0,Low,0,Low Risk - Low Activity
58439296,0.0,1,0,0.0,1.0,0.0,0.0,Low,0,Low Risk - Low Activity
58446967,0.0,1,0,0.0,1.0,0.0,0.0,Low,0,Low Risk - Low Activity
58450552,0.0,1,0,0.0,0.0,1.0,0.0,Low,0,Low Risk - Low Activity
58457049,0.0,1,0,0.0,0.0,1.0,0.0,Low,0,Low Risk - Low Activity
58459481,0.0,1,0,0.0,0.0,1.0,0.0,Low,0,Low Risk - Low Activity
58459608,0.0,1,0,0.0,1.0,0.0,0.0,Low,0,Low Risk - Low Activity
58477301,0.0,1,0,0.0,0.0,1.0,0.0,Low,0,Low Risk - Low Activity
58484270,0.0,1,0,0.0,1.0,0.0,0.0,Low,0,Low Risk - Low Activity
58485500,0.0,1,0,0.0,0.0,1.0,0.0,Low,0,Low Risk - Low Activity
58486927,0.0,1,0,0.0,0.0,1.0,0.0,Low,0,Low Risk - Low Activity
58499741,0.0,1,0,0.0,0.0,1.0,0.0,Low,0,Low Risk - Low Activity
58515170,0.0,1,0,0.0,0.0,1.0,0.0,Low,0,Low Risk - Low Activity
58525200,0.0,1,0,0.0,1.0,0.0,0.0,Low,0,Low Risk - Low Activity
58528552,0.0,1,0,0.0,0.0,1.0,0.0,Low,0,Low Risk - Low Activity
58548594,0.0,1,0,0.0,1.0,0.0,0.0,Low,0,Low Risk - Low Activity
58557589,0.0,1,0,0.0,1.0,0.0,0.0,Low,0,Low Risk - Low Activity
58570533,0.0,1,0,0.0,0.0,1.0,0.0,Low,0,Low Risk - Low Activity
58589655,0.0,1,0,0.0,1.0,0.0,0.0,Low,0,Low Risk - Low Activity
58596720,0.0,1,0,0.0,0.0,1.0,0.0,Low,0,Low Risk - Low Activity
58598057,0.0,1,0,0.0,0.0,1.0,0.0,Low,0,Low Risk - Low Activity
58610841,0.0,1,0,0.0,0.0,1.0,0.0,Low,0,Low Risk - Low Activity
58664662,0.0,1,0,0.0,0.0,1.0,0.0,Low,0,Low Risk - Low Activity
58669841,0.0,1,0,0.0,0.0,1.0,0.0,Low,0,Low Risk - Low Activity
58677835,0.0,1,0,0.0,0.0,1.0,0.0,Low,0,Low Risk - Low Activity
58683968,0.0,1,0,0.0,1.0,0.0,0.0,Low,0,Low Risk - Low Activity
58693216,0.0,1,0,0.0,0.0,1.0,0.0,Low,0,Low Risk - Low Activity
58706690,0.0,1,0,0.0,0.0,1.0,0.0,Low,0,Low Risk - Low Activity
58707872,0.0,1,0,0.0,1.0,0.0,0.0,Low,0,Low Risk - Low Activity
58708499,0.0,1,0,0.0,0.0,1.0,0.0,Low,0,Low Risk - Low Activity
58717791,0.0,1,0,0.0,0.0,1.0,0.0,Low,0,Low Risk - Low Activity
58723392,0.0,1,0,0.0,0.0,1.0,0.0,Low,0,Low Risk - Low Activity
58727649,0.0,1,0,0.0,1.0,0.0,0.0,Low,0,Low Risk - Low Activity
58736934,0.0,1,0,0.0,1.0,0.0,0.0,Low,0,Low Risk - Low Activity
58745269,0.0,1,0,0.0,1.0,0.0,0.0,Low,0,Low Risk - Low Activity
58750015,0.0,1,0,0.0,0.0,1.0,0.0,Low,0,Low Risk - Low Activity
58754848,0.0,1,0,0.0,0.0,1.0,0.0,Low,0,Low Risk - Low Activity
58797351,0.0,1,0,0.0,0.0,1.0,0.0,Low,0,Low Risk - Low Activity
58821699,0.0,1,0,0.0,1.0,0.0,0.0,Low,0,Low Risk - Low Activity
58833625,0.0,1,0,0.0,0.0,1.0,0.0,Low,0,Low Risk - Low Activity
58843552,0.0,1,0,0.0,0.0,1.0,0.0,Low,0,Low Risk - Low Activity
58868447,0.0,1,0,0.0,0.0,1.0,0.0,Low,0,Low Risk - Low Activity
58875240,0.0,1,0,0.0,0.0,1.0,0.0,Low,0,Low Risk - Low Activity
58877053,0.0,1,0,0.0,0.0,1.0,0.0,Low,0,Low Risk - Low Activity
58889469,0.0,1,0,0.0,1.0,0.0,0.0,Low,0,Low Risk - Low Activity
58898658,0.0,1,0,0.0,1.0,0.0,0.0,Low,0,Low Risk - Low Activity
58918927,0.0,1,0,0.0,0.0,1.0,0.0,Low,0,Low Risk - Low Activity
58922136,0.0,1,0,0.0,0.0,1.0,0.0,Low,0,Low Risk - Low Activity
58929711,0.0,1,0,0.0,1.0,0.0,0.0,Low,0,Low Risk - Low Activity
58939723,0.0,1,0,0.0,0.0,1.0,0.0,Low,0,Low Risk - Low Activity
58942494,0.0,1,0,0.0,1.0,0.0,0.0,Low,0,Low Risk - Low Activity
58954102,0.0,1,0,0.0,1.0,0.0,0.0,Low,0,Low Risk - Low Activity
58964451,0.0,1,0,0.0,0.0,1.0,0.0,Low,0,Low Risk - Low Activity
58973916,0.0,1,0,0.0,0.0,1.0,0.0,Low,0,Low Risk - Low Activity
58981555,0.0,1,0,0.0,1.0,0.0,0.0,Low,0,Low Risk - Low Activity
58982196,0.0,1,0,0.0,0.0,1.0,0.0,Low,0,Low Risk - Low Activity
59001155,0.0,1,0,0.0,0.0,1.0,0.0,Low,0,Low Risk - Low Activity
59008784,0.0,1,0,0.0,0.0,1.0,0.0,Low,0,Low Risk - Low Activity
59045313,0.0,1,0,0.0,0.0,1.0,0.0,Low,0,Low Risk - Low Activity
59049716,0.0,1,0,0.0,0.0,1.0,0.0,Low,0,Low Risk - Low Activity
59051272,0.0,1,0,0.0,0.0,1.0,0.0,Low,0,Low Risk - Low Activity
59058274,0.0,1,0,0.0,1.0,0.0,0.0,Low,0,Low Risk - Low Activity
59058599,0.0,1,0,0.0,0.0,1.0,0.0,Low,0,Low Risk - Low Activity
59058916,0.0,1,0,0.0,0.0,1.0,0.0,Low,0,Low Risk - Low Activity
59100168,0.0,1,0,0.0,0.0,1.0,0.0,Low,0,Low Risk - Low Activity
59102053,0.0,1,0,0.0,0.0,1.0,0.0,Low,0,Low Risk - Low Activity
59116792,0.0,1,0,0.0,0.0,1.0,0.0,Low,0,Low Risk - Low Activity
59126560,0.0,1,0,0.0,0.0,1.0,0.0,Low,0,Low Risk - Low Activity
59131989,0.0,1,0,0.0,1.0,0.0,0.0,Low,0,Low Risk - Low Activity
59136390,0.0,1,0,0.0,0.0,1.0,0.0,Low,0,Low Risk - Low Activity
59152328,0.0,1,0,0.0,1.0,0.0,0.0,Low,0,Low Risk - Low Activity
59154365,0.0,1,0,0.0,1.0,0.0,0.0,Low,0,Low Risk - Low Activity
59169966,0.0,1,0,0.0,1.0,0.0,0.0,Low,0,Low Risk - Low Activity
59171115,0.0,1,0,0.0,1.0,0.0,0.0,Low,0,Low Risk - Low Activity
59173795,0.0,1,0,0.0,0.0,1.0,0.0,Low,0,Low Risk - Low Activity
59188787,0.0,1,0,0.0,1.0,0.0,0.0,Low,0,Low Risk - Low Activity
59192128,0.0,1,0,0.0,0.0,1.0,0.0,Low,0,Low Risk - Low Activity
59198373,0.0,1,0,0.0,0.0,1.0,0.0,Low,0,Low Risk - Low Activity
59200695,0.0,1,0,0.0,1.0,0.0,0.0,Low,0,Low Risk - Low Activity
59208231,0.0,1,0,0.0,0.0,1.0,0.0,Low,0,Low Risk - Low Activity
59216923,0.0,1,0,0.0,0.0,1.0,0.0,Low,0,Low Risk - Low Activity
59223685,0.0,1,0,0.0,1.0,0.0,0.0,Low,0,Low Risk - Low Activity
59235708,0.0,1,0,0.0,0.0,1.0,0.0,Low,0,Low Risk - Low Activity
59244508,0.0,1,0,0.0,0.0,1.0,0.0,Low,0,Low Risk - Low Activity
59244553,0.0,1,0,0.0,1.0,0.0,0.0,Low,0,Low Risk - Low Activity
59269116,0.0,1,0,1.0,0.0,0.0,0.0,Low,1,Low Risk - Low Activity
59273982,0.0,1,0,0.0,0.0,1.0,0.0,Low,0,Low Risk - Low Activity
59275384,0.0,1,0,0.0,1.0,0.0,0.0,Low,0,Low Risk - Low Activity
59275780,0.0,1,0,0.0,0.0,1.0,0.0,Low,0,Low Risk - Low Activity
59301412,0.0,1,0,0.0,0.0,1.0,0.0,Low,0,Low Risk - Low Activity
59319305,0.0,1,0,0.0,0.0,1.0,0.0,Low,0,Low Risk - Low Activity
59324816,0.0,1,0,0.0,1.0,0.0,0.0,Low,0,Low Risk - Low Activity
59333185,0.0,1,0,0.0,0.0,1.0,0.0,Low,0,Low Risk - Low Activity
59349473,0.0,1,0,0.0,1.0,0.0,0.0,Low,0,Low Risk - Low Activity
59355726,0.0,1,0,0.0,1.0,0.0,0.0,Low,0,Low Risk - Low Activity
59357853,0.0,1,0,0.0,0.0,1.0,0.0,Low,0,Low Risk - Low Activity
59362964,0.0,1,0,0.0,0.0,1.0,0.0,Low,0,Low Risk - Low Activity
59387257,0.0,1,0,0.0,0.0,1.0,0.0,Low,0,Low Risk - Low Activity
59392834,0.0,1,0,0.0,1.0,0.0,0.0,Low,0,Low Risk - Low Activity
59392900,0.0,1,0,0.0,1.0,0.0,0.0,Low,0,Low Risk - Low Activity
59395853,0.0,1,0,0.0,1.0,0.0,0.0,Low,0,Low Risk - Low Activity
59399842,0.0,1,0,0.0,1.0,0.0,0.0,Low,0,Low Risk - Low Activity
59407055,0.0,1,0,0.0,0.0,1.0,0.0,Low,0,Low Risk - Low Activity
59414536,0.0,1,0,0.0,0.0,1.0,0.0,Low,0,Low Risk - Low Activity
59448032,0.0,1,0,0.0,0.0,1.0,0.0,Low,0,Low Risk - Low Activity
59449261,0.0,1,0,1.0,0.0,0.0,0.0,Low,1,Low Risk - Low Activity
59454058,0.0,1,0,0.0,0.0,1.0,0.0,Low,0,Low Risk - Low Activity
59458467,0.0,1,0,0.0,0.0,1.0,0.0,Low,0,Low Risk - Low Activity
59471321,0.0,1,0,0.0,1.0,0.0,0.0,Low,0,Low Risk - Low Activity
59496003,0.0,1,0,0.0,0.0,1.0,0.0,Low,0,Low Risk - Low Activity
59525827,0.0,1,0,0.0,0.0,1.0,0.0,Low,0,Low Risk - Low Activity
59579635,0.0,1,0,0.0,1.0,0.0,0.0,Low,0,Low Risk - Low Activity
59583332,0.0,1,0,0.0,0.0,1.0,0.0,Low,0,Low Risk - Low Activity
59586229,0.0,1,0,0.0,0.0,1.0,0.0,Low,0,Low Risk - Low Activity
59603279,0.0,1,0,0.0,0.0,1.0,0.0,Low,0,Low Risk - Low Activity
59615506,0.0,1,0,0.0,1.0,0.0,0.0,Low,0,Low Risk - Low Activity
59625471,0.0,1,0,0.0,1.0,0.0,0.0,Low,0,Low Risk - Low Activity
59629272,0.0,1,0,0.0,0.0,1.0,0.0,Low,0,Low Risk - Low Activity
59646700,0.0,1,0,0.0,0.0,1.0,0.0,Low,0,Low Risk - Low Activity
59683501,0.0,1,0,0.0,0.0,1.0,0.0,Low,0,Low Risk - Low Activity
59703014,0.0,1,0,0.0,0.0,1.0,0.0,Low,0,Low Risk - Low Activity
59704433,0.0,1,0,0.0,0.0,1.0,0.0,Low,0,Low Risk - Low Activity
59707832,0.0,1,0,0.0,0.0,1.0,0.0,Low,0,Low Risk - Low Activity
59721671,0.0,1,0,0.0,0.0,1.0,0.0,Low,0,Low Risk - Low Activity
59732867,0.0,1,0,0.0,0.0,1.0,0.0,Low,0,Low Risk - Low Activity
59738584,0.0,1,0,0.0,0.0,1.0,0.0,Low,0,Low Risk - Low Activity
59742117,0.0,1,0,0.0,1.0,0.0,0.0,Low,0,Low Risk - Low Activity
59753868,0.0,1,0,0.0,1.0,0.0,0.0,Low,0,Low Risk - Low Activity
59759263,0.0,1,0,0.0,1.0,0.0,0.0,Low,0,Low Risk - Low Activity
59799117,0.0,1,0,0.0,0.0,1.0,0.0,Low,0,Low Risk - Low Activity
59799515,0.0,1,0,0.0,0.0,1.0,0.0,Low,0,Low Risk - Low Activity
59806979,0.0,1,0,0.0,1.0,0.0,0.0,Low,0,Low Risk - Low Activity
59808702,0.0,1,0,0.0,1.0,0.0,0.0,Low,0,Low Risk - Low Activity
59810737,0.0,1,0,0.0,0.0,1.0,0.0,Low,0,Low Risk - Low Activity
59836547,0.0,1,0,0.0,0.0,1.0,0.0,Low,0,Low Risk - Low Activity
59841423,0.0,1,0,0.0,0.0,1.0,0.0,Low,0,Low Risk - Low Activity
59843244,0.0,1,0,0.0,0.0,1.0,0.0,Low,0,Low Risk - Low Activity
59852257,0.0,1,0,0.0,1.0,0.0,0.0,Low,0,Low Risk - Low Activity
59862437,0.0,1,0,0.0,1.0,0.0,0.0,Low,0,Low Risk - Low Activity
59869203,0.0,1,0,0.0,0.0,1.0,0.0,Low,0,Low Risk - Low Activity
59870591,0.0,1,0,0.0,0.0,1.0,0.0,Low,0,Low Risk - Low Activity
59885973,0.0,1,0,0.0,0.0,1.0,0.0,Low,0,Low Risk - Low Activity
59894917,0.0,1,0,0.0,1.0,0.0,0.0,Low,0,Low Risk - Low Activity
59926742,0.0,1,0,0.0,0.0,1.0,0.0,Low,0,Low Risk - Low Activity
59929416,0.0,1,0,0.0,0.0,1.0,0.0,Low,0,Low Risk - Low Activity
59931766,0.0,1,0,0.0,1.0,0.0,0.0,Low,0,Low Risk - Low Activity
59935210,0.0,1,0,0.0,0.0,1.0,0.0,Low,0,Low Risk - Low Activity
59945919,0.0,1,0,0.0,0.0,1.0,0.0,Low,0,Low Risk - Low Activity
59953877,0.0,1,0,0.0,1.0,0.0,0.0,Low,0,Low Risk - Low Activity
59960865,0.0,1,0,0.0,1.0,0.0,0.0,Low,0,Low Risk - Low Activity
59961039,0.0,1,0,0.0,1.0,0.0,0.0,Low,0,Low Risk - Low Activity
59973145,0.0,1,0,0.0,1.0,0.0,0.0,Low,0,Low Risk - Low Activity
59981691,0.0,1,0,0.0,0.0,1.0,0.0,Low,0,Low Risk - Low Activity
60006621,0.0,1,0,0.0,1.0,0.0,0.0,Low,0,Low Risk - Low Activity
60016907,0.0,1,0,0.0,1.0,0.0,0.0,Low,0,Low Risk - Low Activity
60038478,0.0,1,0,0.0,0.0,1.0,0.0,Low,0,Low Risk - Low Activity
60058179,0.0,1,0,0.0,1.0,0.0,0.0,Low,0,Low Risk - Low Activity
60065055,0.0,1,0,0.0,1.0,0.0,0.0,Low,0,Low Risk - Low Activity
60065583,0.0,1,0,0.0,1.0,0.0,0.0,Low,0,Low Risk - Low Activity
60071613,0.0,1,0,0.0,1.0,0.0,0.0,Low,0,Low Risk - Low Activity
60077189,0.0,1,0,0.0,0.0,1.0,0.0,Low,0,Low Risk - Low Activity
60078851,0.0,1,0,0.0,0.0,1.0,0.0,Low,0,Low Risk - Low Activity
60098401,0.0,1,0,0.0,1.0,0.0,0.0,Low,0,Low Risk - Low Activity
60102402,0.0,1,0,0.0,1.0,0.0,0.0,Low,0,Low Risk - Low Activity
60117479,0.0,1,0,0.0,0.0,1.0,0.0,Low,0,Low Risk - Low Activity
60123073,0.0,1,0,0.0,0.0,1.0,0.0,Low,0,Low Risk - Low Activity
60126196,0.0,1,0,0.0,1.0,0.0,0.0,Low,0,Low Risk - Low Activity
60131151,0.0,1,0,0.0,0.0,1.0,0.0,Low,0,Low Risk - Low Activity
60133714,0.0,1,0,0.0,0.0,1.0,0.0,Low,0,Low Risk - Low Activity
60143563,0.0,1,0,0.0,0.0,1.0,0.0,Low,0,Low Risk - Low Activity
60146265,0.0,1,0,0.0,0.0,1.0,0.0,Low,0,Low Risk - Low Activity
60159443,0.0,1,0,1.0,0.0,0.0,0.0,Low,1,Low Risk - Low Activity
60167078,0.0,1,0,0.0,1.0,0.0,0.0,Low,0,Low Risk - Low Activity
60169238,0.0,1,0,0.0,0.0,1.0,0.0,Low,0,Low Risk - Low Activity
60174569,0.0,1,0,0.0,0.0,1.0,0.0,Low,0,Low Risk - Low Activity
60183251,0.0,1,0,0.0,1.0,0.0,0.0,Low,0,Low Risk - Low Activity
60187843,0.0,1,0,0.0,0.0,1.0,0.0,Low,0,Low Risk - Low Activity
60188165,0.0,1,0,0.0,0.0,1.0,0.0,Low,0,Low Risk - Low Activity
60194178,0.0,1,0,0.0,1.0,0.0,0.0,Low,0,Low Risk - Low Activity
60196054,0.0,1,0,0.0,0.0,1.0,0.0,Low,0,Low Risk - Low Activity
60233476,0.0,1,0,0.0,1.0,0.0,0.0,Low,0,Low Risk - Low Activity
60245373,0.0,1,0,0.0,1.0,0.0,0.0,Low,0,Low Risk - Low Activity
60262605,0.0,1,0,0.0,0.0,1.0,0.0,Low,0,Low Risk - Low Activity
60274052,0.0,1,0,0.0,1.0,0.0,0.0,Low,0,Low Risk - Low Activity
60290550,0.0,1,0,0.0,0.0,1.0,0.0,Low,0,Low Risk - Low Activity
60294424,0.0,1,0,0.0,0.0,1.0,0.0,Low,0,Low Risk - Low Activity
60301027,0.0,1,0,0.0,0.0,1.0,0.0,Low,0,Low Risk - Low Activity
60304765,0.0,1,0,0.0,0.0,1.0,0.0,Low,0,Low Risk - Low Activity
60312678,0.0,1,0,0.0,0.0,1.0,0.0,Low,0,Low Risk - Low Activity
60316801,0.0,1,0,0.0,1.0,0.0,0.0,Low,0,Low Risk - Low Activity
60319042,0.0,1,0,0.0,0.0,1.0,0.0,Low,0,Low Risk - Low Activity
60324697,0.0,1,0,0.0,0.0,1.0,0.0,Low,0,Low Risk - Low Activity
60328111,0.0,1,0,0.0,0.0,1.0,0.0,Low,0,Low Risk - Low Activity
60329634,0.0,1,0,0.0,1.0,0.0,0.0,Low,0,Low Risk - Low Activity
60342493,0.0,1,0,0.0,0.0,1.0,0.0,Low,0,Low Risk - Low Activity
60346789,0.0,1,0,0.0,0.0,1.0,0.0,Low,0,Low Risk - Low Activity
60348895,0.0,1,0,0.0,0.0,1.0,0.0,Low,0,Low Risk - Low Activity
60350210,0.0,1,0,0.0,0.0,1.0,0.0,Low,0,Low Risk - Low Activity
60352058,0.0,1,0,1.0,0.0,0.0,0.0,Low,1,Low Risk - Low Activity
60367730,0.0,1,0,0.0,0.0,1.0,0.0,Low,0,Low Risk - Low Activity
60381397,0.0,1,0,0.0,1.0,0.0,0.0,Low,0,Low Risk - Low Activity
60385142,0.0,1,0,0.0,0.0,1.0,0.0,Low,0,Low Risk - Low Activity
60401567,0.0,1,0,0.0,0.0,1.0,0.0,Low,0,Low Risk - Low Activity
60412110,0.0,1,0,0.0,0.0,1.0,0.0,Low,0,Low Risk - Low Activity
60426614,0.0,1,0,0.0,0.0,1.0,0.0,Low,0,Low Risk - Low Activity
60432194,0.0,1,0,0.0,1.0,0.0,0.0,Low,0,Low Risk - Low Activity
60436904,0.0,1,0,0.0,0.0,1.0,0.0,Low,0,Low Risk - Low Activity
60448594,0.0,1,0,0.0,1.0,0.0,0.0,Low,0,Low Risk - Low Activity
60496868,0.0,1,0,0.0,0.0,1.0,0.0,Low,0,Low Risk - Low Activity
60501153,0.0,1,0,0.0,0.0,1.0,0.0,Low,0,Low Risk - Low Activity
60590439,0.0,1,0,0.0,0.0,1.0,0.0,Low,0,Low Risk - Low Activity
60591746,0.0,1,0,0.0,0.0,1.0,0.0,Low,0,Low Risk - Low Activity
60597737,0.0,1,0,0.0,0.0,1.0,0.0,Low,0,Low Risk - Low Activity
60607633,0.0,1,0,0.0,1.0,0.0,0.0,Low,0,Low Risk - Low Activity
60623858,0.0,1,0,0.0,0.0,1.0,0.0,Low,0,Low Risk - Low Activity
60637969,0.0,1,0,0.0,1.0,0.0,0.0,Low,0,Low Risk - Low Activity
60638134,0.0,1,0,0.0,0.0,1.0,0.0,Low,0,Low Risk - Low Activity
60649817,0.0,1,0,0.0,0.0,1.0,0.0,Low,0,Low Risk - Low Activity
60668510,0.0,1,0,0.0,0.0,1.0,0.0,Low,0,Low Risk - Low Activity
60693956,0.0,1,0,0.0,1.0,0.0,0.0,Low,0,Low Risk - Low Activity
60694909,0.0,1,0,0.0,0.0,1.0,0.0,Low,0,Low Risk - Low Activity
60705603,0.0,1,0,0.0,1.0,0.0,0.0,Low,0,Low Risk - Low Activity
60710839,0.0,1,0,0.0,0.0,1.0,0.0,Low,0,Low Risk - Low Activity
60715589,0.0,1,0,0.0,1.0,0.0,0.0,Low,0,Low Risk - Low Activity
60715761,0.0,1,0,0.0,0.0,1.0,0.0,Low,0,Low Risk - Low Activity
60730391,0.0,1,0,0.0,0.0,1.0,0.0,Low,0,Low Risk - Low Activity
60734676,0.0,1,0,0.0,1.0,0.0,0.0,Low,0,Low Risk - Low Activity
60738279,0.0,1,0,0.0,1.0,0.0,0.0,Low,0,Low Risk - Low Activity
60744624,0.0,1,0,0.0,0.0,1.0,0.0,Low,0,Low Risk - Low Activity
60756494,0.0,1,0,0.0,1.0,0.0,0.0,Low,0,Low Risk - Low Activity
60776363,0.0,1,0,0.0,0.0,1.0,0.0,Low,0,Low Risk - Low Activity
60781504,0.0,1,0,0.0,1.0,0.0,0.0,Low,0,Low Risk - Low Activity
60782867,0.0,1,0,0.0,0.0,1.0,0.0,Low,0,Low Risk - Low Activity
60789569,0.0,1,0,0.0,0.0,1.0,0.0,Low,0,Low Risk - Low Activity
60789828,0.0,1,0,0.0,0.0,1.0,0.0,Low,0,Low Risk - Low Activity
60792522,0.0,1,0,0.0,0.0,1.0,0.0,Low,0,Low Risk - Low Activity
60793280,0.0,1,0,0.0,1.0,0.0,0.0,Low,0,Low Risk - Low Activity
60802046,0.0,1,0,0.0,0.0,1.0,0.0,Low,0,Low Risk - Low Activity
60802975,0.0,1,0,0.0,0.0,1.0,0.0,Low,0,Low Risk - Low Activity
60824771,0.0,1,0,0.0,1.0,0.0,0.0,Low,0,Low Risk - Low Activity
60831654,0.0,1,0,0.0,1.0,0.0,0.0,Low,0,Low Risk - Low Activity
60833230,0.0,1,0,0.0,0.0,1.0,0.0,Low,0,Low Risk - Low Activity
60846615,0.0,1,0,0.0,1.0,0.0,0.0,Low,0,Low Risk - Low Activity
60853764,0.0,1,0,0.0,0.0,1.0,0.0,Low,0,Low Risk - Low Activity
60854890,0.0,1,0,0.0,0.0,1.0,0.0,Low,0,Low Risk - Low Activity
60865190,0.0,1,0,0.0,1.0,0.0,0.0,Low,0,Low Risk - Low Activity
60867840,0.0,1,0,0.0,0.0,1.0,0.0,Low,0,Low Risk - Low Activity
60870411,0.0,1,0,0.0,0.0,1.0,0.0,Low,0,Low Risk - Low Activity
60891271,0.0,1,0,0.0,0.0,1.0,0.0,Low,0,Low Risk - Low Activity
60893342,0.0,1,0,0.0,0.0,1.0,0.0,Low,0,Low Risk - Low Activity
60894765,0.0,1,0,0.0,0.0,1.0,0.0,Low,0,Low Risk - Low Activity
60906762,0.0,1,0,0.0,0.0,1.0,0.0,Low,0,Low Risk - Low Activity
60910899,0.0,1,0,0.0,1.0,0.0,0.0,Low,0,Low Risk - Low Activity
60918032,0.0,1,0,0.0,1.0,0.0,0.0,Low,0,Low Risk - Low Activity
60925152,0.0,1,0,0.0,0.0,1.0,0.0,Low,0,Low Risk - Low Activity
60930014,0.0,1,0,0.0,1.0,0.0,0.0,Low,0,Low Risk - Low Activity
60940403,0.0,1,0,0.0,0.0,1.0,0.0,Low,0,Low Risk - Low Activity
60983818,0.0,1,0,0.0,0.0,1.0,0.0,Low,0,Low Risk - Low Activity
60998377,0.0,1,0,0.0,0.0,1.0,0.0,Low,0,Low Risk - Low Activity
60999619,0.0,1,0,0.0,0.0,1.0,0.0,Low,0,Low Risk - Low Activity
61001719,0.0,1,0,0.0,1.0,0.0,0.0,Low,0,Low Risk - Low Activity
61014699,0.0,1,0,0.0,0.0,1.0,0.0,Low,0,Low Risk - Low Activity
61015337,0.0,1,0,0.0,1.0,0.0,0.0,Low,0,Low Risk - Low Activity
61058270,0.0,1,0,0.0,1.0,0.0,0.0,Low,0,Low Risk - Low Activity
61058278,0.0,1,0,0.0,0.0,1.0,0.0,Low,0,Low Risk - Low Activity
61078278,0.0,1,0,0.0,0.0,1.0,0.0,Low,0,Low Risk - Low Activity
61083043,0.0,1,0,0.0,0.0,1.0,0.0,Low,0,Low Risk - Low Activity
61136993,0.0,1,0,0.0,0.0,1.0,0.0,Low,0,Low Risk - Low Activity
61146571,0.0,1,0,0.0,0.0,1.0,0.0,Low,0,Low Risk - Low Activity
61151610,0.0,1,0,0.0,1.0,0.0,0.0,Low,0,Low Risk - Low Activity
61152521,0.0,1,0,0.0,0.0,1.0,0.0,Low,0,Low Risk - Low Activity
61157455,0.0,1,0,0.0,0.0,1.0,0.0,Low,0,Low Risk - Low Activity
61179830,0.0,1,0,0.0,1.0,0.0,0.0,Low,0,Low Risk - Low Activity
61187768,0.0,1,0,0.0,0.0,1.0,0.0,Low,0,Low Risk - Low Activity
61198901,0.0,1,0,0.0,0.0,1.0,0.0,Low,0,Low Risk - Low Activity
61201713,0.0,1,0,0.0,0.0,1.0,0.0,Low,0,Low Risk - Low Activity
61205814,0.0,1,0,0.0,0.0,1.0,0.0,Low,0,Low Risk - Low Activity
61224832,0.0,1,0,0.0,1.0,0.0,0.0,Low,0,Low Risk - Low Activity
61226246,0.0,1,0,0.0,0.0,1.0,0.0,Low,0,Low Risk - Low Activity
61227704,0.0,1,0,0.0,0.0,1.0,0.0,Low,0,Low Risk - Low Activity
61232876,0.0,1,0,0.0,0.0,1.0,0.0,Low,0,Low Risk - Low Activity
61235674,0.0,1,0,0.0,0.0,1.0,0.0,Low,0,Low Risk - Low Activity
61239490,0.0,1,0,1.0,0.0,0.0,0.0,Low,1,Low Risk - Low Activity
61250888,0.0,1,0,0.0,1.0,0.0,0.0,Low,0,Low Risk - Low Activity
61251150,0.0,1,0,0.0,1.0,0.0,0.0,Low,0,Low Risk - Low Activity
61278777,0.0,1,0,0.0,1.0,0.0,0.0,Low,0,Low Risk - Low Activity
61304537,0.0,1,0,0.0,0.0,1.0,0.0,Low,0,Low Risk - Low Activity
61304704,0.0,1,0,0.0,0.0,1.0,0.0,Low,0,Low Risk - Low Activity
61340723,0.0,1,0,0.0,1.0,0.0,0.0,Low,0,Low Risk - Low Activity
61346586,0.0,1,0,0.0,0.0,1.0,0.0,Low,0,Low Risk - Low Activity
61348558,0.0,1,0,0.0,0.0,1.0,0.0,Low,0,Low Risk - Low Activity
61370523,0.0,1,0,0.0,0.0,1.0,0.0,Low,0,Low Risk - Low Activity
61382077,0.0,1,0,0.0,1.0,0.0,0.0,Low,0,Low Risk - Low Activity
61393162,0.0,1,0,0.0,0.0,1.0,0.0,Low,0,Low Risk - Low Activity
61403211,0.0,1,0,0.0,0.0,1.0,0.0,Low,0,Low Risk - Low Activity
61425323,0.0,1,0,0.0,0.0,1.0,0.0,Low,0,Low Risk - Low Activity
61428995,0.0,1,0,0.0,0.0,1.0,0.0,Low,0,Low Risk - Low Activity
61431666,0.0,1,0,0.0,1.0,0.0,0.0,Low,0,Low Risk - Low Activity
61431878,0.0,1,0,0.0,1.0,0.0,0.0,Low,0,Low Risk - Low Activity
61433434,0.0,1,0,0.0,0.0,1.0,0.0,Low,0,Low Risk - Low Activity
61435484,0.0,1,0,0.0,1.0,0.0,0.0,Low,0,Low Risk - Low Activity
61435967,0.0,1,0,0.0,0.0,1.0,0.0,Low,0,Low Risk - Low Activity
61450629,0.0,1,0,0.0,1.0,0.0,0.0,Low,0,Low Risk - Low Activity
61455431,0.0,1,0,0.0,0.0,1.0,0.0,Low,0,Low Risk - Low Activity
61459383,0.0,1,0,0.0,0.0,1.0,0.0,Low,0,Low Risk - Low Activity
61471647,0.0,1,0,0.0,0.0,1.0,0.0,Low,0,Low Risk - Low Activity
61472064,0.0,1,0,0.0,0.0,1.0,0.0,Low,0,Low Risk - Low Activity
61481969,0.0,1,0,0.0,0.0,1.0,0.0,Low,0,Low Risk - Low Activity
61496829,0.0,1,0,0.0,0.0,1.0,0.0,Low,0,Low Risk - Low Activity
61497564,0.0,1,0,0.0,0.0,1.0,0.0,Low,0,Low Risk - Low Activity
61520174,0.0,1,0,0.0,1.0,0.0,0.0,Low,0,Low Risk - Low Activity
61521052,0.0,1,0,0.0,0.0,1.0,0.0,Low,0,Low Risk - Low Activity
61523620,0.0,1,0,0.0,0.0,1.0,0.0,Low,0,Low Risk - Low Activity
61544958,0.0,1,0,0.0,0.0,1.0,0.0,Low,0,Low Risk - Low Activity
61547634,0.0,1,0,0.0,0.0,1.0,0.0,Low,0,Low Risk - Low Activity
61557450,0.0,1,0,0.0,1.0,0.0,0.0,Low,0,Low Risk - Low Activity
61574170,0.0,1,0,0.0,0.0,1.0,0.0,Low,0,Low Risk - Low Activity
61598254,0.0,1,0,0.0,0.0,1.0,0.0,Low,0,Low Risk - Low Activity
61605070,0.0,1,0,0.0,1.0,0.0,0.0,Low,0,Low Risk - Low Activity
61613935,0.0,1,0,0.0,0.0,1.0,0.0,Low,0,Low Risk - Low Activity
61628601,0.0,1,0,0.0,0.0,1.0,0.0,Low,0,Low Risk - Low Activity
61637898,0.0,1,0,0.0,0.0,1.0,0.0,Low,0,Low Risk - Low Activity
61639435,0.0,1,0,0.0,0.0,1.0,0.0,Low,0,Low Risk - Low Activity
61643319,0.0,1,0,0.0,0.0,1.0,0.0,Low,0,Low Risk - Low Activity
61649919,0.0,1,0,0.0,0.0,1.0,0.0,Low,0,Low Risk - Low Activity
61669239,0.0,1,0,0.0,0.0,1.0,0.0,Low,0,Low Risk - Low Activity
61697326,0.0,1,0,0.0,0.0,1.0,0.0,Low,0,Low Risk - Low Activity
61700724,0.0,1,0,0.0,0.0,1.0,0.0,Low,0,Low Risk - Low Activity
61703687,0.0,1,0,0.0,1.0,0.0,0.0,Low,0,Low Risk - Low Activity
61706400,0.0,1,0,1.0,0.0,0.0,0.0,Low,1,Low Risk - Low Activity
61706534,0.0,1,0,0.0,0.0,1.0,0.0,Low,0,Low Risk - Low Activity
61707814,0.0,1,0,0.0,0.0,1.0,0.0,Low,0,Low Risk - Low Activity
61709617,0.0,1,0,0.0,1.0,0.0,0.0,Low,0,Low Risk - Low Activity
61711119,0.0,1,0,0.0,0.0,1.0,0.0,Low,0,Low Risk - Low Activity
61719329,0.0,1,0,0.0,0.0,1.0,0.0,Low,0,Low Risk - Low Activity
61719702,0.0,1,0,0.0,0.0,1.0,0.0,Low,0,Low Risk - Low Activity
61760369,0.0,1,0,0.0,0.0,1.0,0.0,Low,0,Low Risk - Low Activity
61764979,0.0,1,0,0.0,0.0,1.0,0.0,Low,0,Low Risk - Low Activity
61765730,0.0,1,0,0.0,0.0,1.0,0.0,Low,0,Low Risk - Low Activity
61783480,0.0,1,0,0.0,0.0,1.0,0.0,Low,0,Low Risk - Low Activity
61791869,0.0,1,0,0.0,1.0,0.0,0.0,Low,0,Low Risk - Low Activity
61806769,0.0,1,0,0.0,0.0,1.0,0.0,Low,0,Low Risk - Low Activity
61841692,0.0,1,0,0.0,1.0,0.0,0.0,Low,0,Low Risk - Low Activity
61854000,0.0,1,0,0.0,0.0,1.0,0.0,Low,0,Low Risk - Low Activity
61859496,0.0,1,0,0.0,1.0,0.0,0.0,Low,0,Low Risk - Low Activity
61872745,0.0,1,0,0.0,0.0,1.0,0.0,Low,0,Low Risk - Low Activity
61876192,0.0,1,0,0.0,1.0,0.0,0.0,Low,0,Low Risk - Low Activity
61876208,0.0,1,0,0.0,1.0,0.0,0.0,Low,0,Low Risk - Low Activity
61906116,0.0,1,0,0.0,0.0,1.0,0.0,Low,0,Low Risk - Low Activity
61909648,0.0,1,0,0.0,0.0,1.0,0.0,Low,0,Low Risk - Low Activity
61909846,0.0,1,0,0.0,1.0,0.0,0.0,Low,0,Low Risk - Low Activity
61919192,0.0,1,0,0.0,1.0,0.0,0.0,Low,0,Low Risk - Low Activity
61932541,0.0,1,0,0.0,0.0,1.0,0.0,Low,0,Low Risk - Low Activity
61942678,0.0,1,0,0.0,1.0,0.0,0.0,Low,0,Low Risk - Low Activity
61957163,0.0,1,0,0.0,1.0,0.0,0.0,Low,0,Low Risk - Low Activity
61983253,0.0,1,0,1.0,0.0,0.0,0.0,Low,1,Low Risk - Low Activity
61988036,0.0,1,0,0.0,1.0,0.0,0.0,Low,0,Low Risk - Low Activity
61989307,0.0,1,0,1.0,0.0,0.0,0.0,Low,1,Low Risk - Low Activity
62011451,0.0,1,0,0.0,0.0,1.0,0.0,Low,0,Low Risk - Low Activity
62016345,0.0,1,0,0.0,0.0,1.0,0.0,Low,0,Low Risk - Low Activity
62049264,0.0,1,0,0.0,0.0,1.0,0.0,Low,0,Low Risk - Low Activity
62066823,0.0,1,0,0.0,0.0,1.0,0.0,Low,0,Low Risk - Low Activity
62070077,0.0,1,0,0.0,0.0,1.0,0.0,Low,0,Low Risk - Low Activity
62070632,0.0,1,0,0.0,0.0,1.0,0.0,Low,0,Low Risk - Low Activity
62075622,0.0,1,0,0.0,0.0,1.0,0.0,Low,0,Low Risk - Low Activity
62078934,0.0,1,0,0.0,1.0,0.0,0.0,Low,0,Low Risk - Low Activity
62086252,0.0,1,0,0.0,0.0,1.0,0.0,Low,0,Low Risk - Low Activity
62089824,0.0,1,0,0.0,1.0,0.0,0.0,Low,0,Low Risk - Low Activity
62113956,0.0,1,0,0.0,0.0,1.0,0.0,Low,0,Low Risk - Low Activity
62155169,0.0,1,0,0.0,1.0,0.0,0.0,Low,0,Low Risk - Low Activity
62155455,0.0,1,0,0.0,1.0,0.0,0.0,Low,0,Low Risk - Low Activity
62156638,0.0,1,0,0.0,0.0,1.0,0.0,Low,0,Low Risk - Low Activity
62182124,0.0,1,0,0.0,0.0,1.0,0.0,Low,0,Low Risk - Low Activity
62194209,0.0,1,0,0.0,1.0,0.0,0.0,Low,0,Low Risk - Low Activity
62210630,0.0,1,0,0.0,1.0,0.0,0.0,Low,0,Low Risk - Low Activity
62212200,0.0,1,0,0.0,1.0,0.0,0.0,Low,0,Low Risk - Low Activity
62222745,0.0,1,0,0.0,0.0,1.0,0.0,Low,0,Low Risk - Low Activity
62223405,0.0,1,0,0.0,1.0,0.0,0.0,Low,0,Low Risk - Low Activity
62255130,0.0,1,0,0.0,1.0,0.0,0.0,Low,0,Low Risk - Low Activity
62265799,0.0,1,0,0.0,1.0,0.0,0.0,Low,0,Low Risk - Low Activity
62273853,0.0,1,0,0.0,0.0,1.0,0.0,Low,0,Low Risk - Low Activity
62278587,0.0,1,0,0.0,0.0,1.0,0.0,Low,0,Low Risk - Low Activity
62283897,0.0,1,0,0.0,0.0,1.0,0.0,Low,0,Low Risk - Low Activity
62288604,0.0,1,0,0.0,1.0,0.0,0.0,Low,0,Low Risk - Low Activity
62293924,0.0,1,0,0.0,1.0,0.0,0.0,Low,0,Low Risk - Low Activity
62303168,0.0,1,0,0.0,0.0,1.0,0.0,Low,0,Low Risk - Low Activity
62304891,0.0,1,0,0.0,1.0,0.0,0.0,Low,0,Low Risk - Low Activity
62336220,0.0,1,0,0.0,0.0,1.0,0.0,Low,0,Low Risk - Low Activity
62375307,0.0,1,0,0.0,0.0,1.0,0.0,Low,0,Low Risk - Low Activity
62375342,0.0,1,0,0.0,0.0,1.0,0.0,Low,0,Low Risk - Low Activity
62382159,0.0,1,0,0.0,0.0,1.0,0.0,Low,0,Low Risk - Low Activity
62396977,0.0,1,0,0.0,1.0,0.0,0.0,Low,0,Low Risk - Low Activity
62415116,0.0,1,0,0.0,0.0,1.0,0.0,Low,0,Low Risk - Low Activity
62423749,0.0,1,0,0.0,1.0,0.0,0.0,Low,0,Low Risk - Low Activity
62437663,0.0,1,0,0.0,0.0,1.0,0.0,Low,0,Low Risk - Low Activity
62450574,0.0,1,0,0.0,1.0,0.0,0.0,Low,0,Low Risk - Low Activity
62471028,0.0,1,0,0.0,1.0,0.0,0.0,Low,0,Low Risk - Low Activity
62491648,0.0,1,0,0.0,0.0,1.0,0.0,Low,0,Low Risk - Low Activity
62560654,0.0,1,0,0.0,1.0,0.0,0.0,Low,0,Low Risk - Low Activity
62588630,0.0,1,0,0.0,1.0,0.0,0.0,Low,0,Low Risk - Low Activity
62602089,0.0,1,0,0.0,0.0,1.0,0.0,Low,0,Low Risk - Low Activity
62609945,0.0,1,0,0.0,0.0,1.0,0.0,Low,0,Low Risk - Low Activity
62610839,0.0,1,0,0.0,0.0,1.0,0.0,Low,0,Low Risk - Low Activity
62616407,0.0,1,0,0.0,0.0,1.0,0.0,Low,0,Low Risk - Low Activity
62633664,0.0,1,0,0.0,0.0,1.0,0.0,Low,0,Low Risk - Low Activity
62633682,0.0,1,0,0.0,0.0,1.0,0.0,Low,0,Low Risk - Low Activity
62635328,0.0,1,0,0.0,0.0,1.0,0.0,Low,0,Low Risk - Low Activity
62640126,0.0,1,0,0.0,1.0,0.0,0.0,Low,0,Low Risk - Low Activity
62646344,0.0,1,0,0.0,1.0,0.0,0.0,Low,0,Low Risk - Low Activity
62663011,0.0,1,0,0.0,0.0,1.0,0.0,Low,0,Low Risk - Low Activity
62666925,0.0,1,0,0.0,0.0,1.0,0.0,Low,0,Low Risk - Low Activity
62689823,0.0,1,0,0.0,0.0,1.0,0.0,Low,0,Low Risk - Low Activity
62692894,0.0,1,0,0.0,0.0,1.0,0.0,Low,0,Low Risk - Low Activity
62739107,0.0,1,0,0.0,0.0,1.0,0.0,Low,0,Low Risk - Low Activity
62747061,0.0,1,0,0.0,1.0,0.0,0.0,Low,0,Low Risk - Low Activity
62748535,0.0,1,0,0.0,0.0,1.0,0.0,Low,0,Low Risk - Low Activity
62752394,0.0,1,0,0.0,0.0,1.0,0.0,Low,0,Low Risk - Low Activity
62758433,0.0,1,0,0.0,0.0,1.0,0.0,Low,0,Low Risk - Low Activity
62777209,0.0,1,0,0.0,1.0,0.0,0.0,Low,0,Low Risk - Low Activity
62784530,0.0,1,0,0.0,1.0,0.0,0.0,Low,0,Low Risk - Low Activity
62789317,0.0,1,0,0.0,0.0,1.0,0.0,Low,0,Low Risk - Low Activity
62790379,0.0,1,0,0.0,0.0,1.0,0.0,Low,0,Low Risk - Low Activity
62806363,0.0,1,0,0.0,0.0,1.0,0.0,Low,0,Low Risk - Low Activity
62815910,0.0,1,0,0.0,0.0,1.0,0.0,Low,0,Low Risk - Low Activity
62819154,0.0,1,0,0.0,1.0,0.0,0.0,Low,0,Low Risk - Low Activity
62823901,0.0,1,0,0.0,0.0,1.0,0.0,Low,0,Low Risk - Low Activity
62828089,0.0,1,0,0.0,0.0,1.0,0.0,Low,0,Low Risk - Low Activity
62875563,0.0,1,0,0.0,0.0,1.0,0.0,Low,0,Low Risk - Low Activity
62888564,0.0,1,0,0.0,0.0,1.0,0.0,Low,0,Low Risk - Low Activity
62890487,0.0,1,0,0.0,1.0,0.0,0.0,Low,0,Low Risk - Low Activity
62893339,0.0,1,0,0.0,1.0,0.0,0.0,Low,0,Low Risk - Low Activity
62943334,0.0,1,0,0.0,0.0,1.0,0.0,Low,0,Low Risk - Low Activity
62953291,0.0,1,0,0.0,0.0,1.0,0.0,Low,0,Low Risk - Low Activity
62959167,0.0,1,0,0.0,0.0,1.0,0.0,Low,0,Low Risk - Low Activity
62997863,0.0,1,0,0.0,1.0,0.0,0.0,Low,0,Low Risk - Low Activity
63022622,0.0,1,0,0.0,0.0,1.0,0.0,Low,0,Low Risk - Low Activity
63024259,0.0,1,0,0.0,1.0,0.0,0.0,Low,0,Low Risk - Low Activity
63032300,0.0,1,0,0.0,0.0,1.0,0.0,Low,0,Low Risk - Low Activity
63045169,0.0,1,0,0.0,0.0,1.0,0.0,Low,0,Low Risk - Low Activity
63052365,0.0,1,0,0.0,1.0,0.0,0.0,Low,0,Low Risk - Low Activity
63054302,0.0,1,0,0.0,0.0,1.0,0.0,Low,0,Low Risk - Low Activity
63059366,0.0,1,0,0.0,1.0,0.0,0.0,Low,0,Low Risk - Low Activity
63072813,0.0,1,0,0.0,1.0,0.0,0.0,Low,0,Low Risk - Low Activity
63079238,0.0,1,0,0.0,0.0,1.0,0.0,Low,0,Low Risk - Low Activity
63106070,0.0,1,0,0.0,0.0,1.0,0.0,Low,0,Low Risk - Low Activity
63106836,0.0,1,0,0.0,1.0,0.0,0.0,Low,0,Low Risk - Low Activity
63125820,0.0,1,0,0.0,1.0,0.0,0.0,Low,0,Low Risk - Low Activity
63129003,0.0,1,0,0.0,0.0,1.0,0.0,Low,0,Low Risk - Low Activity
63146076,0.0,1,0,0.0,1.0,0.0,0.0,Low,0,Low Risk - Low Activity
63153602,0.0,1,0,0.0,0.0,1.0,0.0,Low,0,Low Risk - Low Activity
63163683,0.0,1,0,0.0,1.0,0.0,0.0,Low,0,Low Risk - Low Activity
63180526,0.0,1,0,0.0,0.0,1.0,0.0,Low,0,Low Risk - Low Activity
63181995,0.0,1,0,0.0,1.0,0.0,0.0,Low,0,Low Risk - Low Activity
63197000,0.0,1,0,0.0,0.0,1.0,0.0,Low,0,Low Risk - Low Activity
63266027,0.0,1,0,0.0,0.0,1.0,0.0,Low,0,Low Risk - Low Activity
63272186,0.0,1,0,0.0,0.0,1.0,0.0,Low,0,Low Risk - Low Activity
63276060,0.0,1,0,0.0,0.0,1.0,0.0,Low,0,Low Risk - Low Activity
63290798,0.0,1,0,0.0,1.0,0.0,0.0,Low,0,Low Risk - Low Activity
63311627,0.0,1,0,0.0,1.0,0.0,0.0,Low,0,Low Risk - Low Activity
63314736,0.0,1,0,0.0,0.0,1.0,0.0,Low,0,Low Risk - Low Activity
63317641,0.0,1,0,0.0,0.0,1.0,0.0,Low,0,Low Risk - Low Activity
63329958,0.0,1,0,0.0,0.0,1.0,0.0,Low,0,Low Risk - Low Activity
63335909,0.0,1,0,0.0,0.0,1.0,0.0,Low,0,Low Risk - Low Activity
63336713,0.0,1,0,0.0,0.0,1.0,0.0,Low,0,Low Risk - Low Activity
63339537,0.0,1,0,0.0,0.0,1.0,0.0,Low,0,Low Risk - Low Activity
63366450,0.0,1,0,0.0,0.0,1.0,0.0,Low,0,Low Risk - Low Activity
63369211,0.0,1,0,0.0,0.0,1.0,0.0,Low,0,Low Risk - Low Activity
63384834,0.0,1,0,0.0,1.0,0.0,0.0,Low,0,Low Risk - Low Activity
63387476,0.0,1,0,0.0,0.0,1.0,0.0,Low,0,Low Risk - Low Activity
63388568,0.0,1,0,0.0,1.0,0.0,0.0,Low,0,Low Risk - Low Activity
63399175,0.0,1,0,0.0,0.0,1.0,0.0,Low,0,Low Risk - Low Activity
63400129,0.0,1,0,0.0,1.0,0.0,0.0,Low,0,Low Risk - Low Activity
63402836,0.0,1,0,0.0,0.0,1.0,0.0,Low,0,Low Risk - Low Activity
63407527,0.0,1,0,0.0,1.0,0.0,0.0,Low,0,Low Risk - Low Activity
63409681,0.0,1,0,0.0,1.0,0.0,0.0,Low,0,Low Risk - Low Activity
63413244,0.0,1,0,0.0,1.0,0.0,0.0,Low,0,Low Risk - Low Activity
63430971,0.0,1,0,0.0,1.0,0.0,0.0,Low,0,Low Risk - Low Activity
63451032,0.0,1,0,0.0,0.0,1.0,0.0,Low,0,Low Risk - Low Activity
63452665,0.0,1,0,0.0,0.0,1.0,0.0,Low,0,Low Risk - Low Activity
63479906,0.0,1,0,0.0,1.0,0.0,0.0,Low,0,Low Risk - Low Activity
63489571,0.0,1,0,0.0,0.0,1.0,0.0,Low,0,Low Risk - Low Activity
63491431,0.0,1,0,0.0,0.0,1.0,0.0,Low,0,Low Risk - Low Activity
63516607,0.0,1,0,0.0,1.0,0.0,0.0,Low,0,Low Risk - Low Activity
63560156,0.0,1,0,0.0,1.0,0.0,0.0,Low,0,Low Risk - Low Activity
63567165,0.0,1,0,0.0,0.0,1.0,0.0,Low,0,Low Risk - Low Activity
63575327,0.0,1,0,0.0,0.0,1.0,0.0,Low,0,Low Risk - Low Activity
63581445,0.0,1,0,0.0,1.0,0.0,0.0,Low,0,Low Risk - Low Activity
63583063,0.0,1,0,0.0,0.0,1.0,0.0,Low,0,Low Risk - Low Activity
63599882,0.0,1,0,1.0,0.0,0.0,0.0,Low,1,Low Risk - Low Activity
63621807,0.0,1,0,0.0,0.0,1.0,0.0,Low,0,Low Risk - Low Activity
63633727,0.0,1,0,0.0,0.0,1.0,0.0,Low,0,Low Risk - Low Activity
63642498,0.0,1,0,0.0,0.0,1.0,0.0,Low,0,Low Risk - Low Activity
63660234,0.0,1,0,0.0,1.0,0.0,0.0,Low,0,Low Risk - Low Activity
63660612,0.0,1,0,0.0,0.0,1.0,0.0,Low,0,Low Risk - Low Activity
63665571,0.0,1,0,0.0,1.0,0.0,0.0,Low,0,Low Risk - Low Activity
63674269,0.0,1,0,0.0,0.0,1.0,0.0,Low,0,Low Risk - Low Activity
63676393,0.0,1,0,0.0,0.0,1.0,0.0,Low,0,Low Risk - Low Activity
63679709,0.0,1,0,0.0,0.0,1.0,0.0,Low,0,Low Risk - Low Activity
63701256,0.0,1,0,0.0,0.0,1.0,0.0,Low,0,Low Risk - Low Activity
63725847,0.0,1,0,0.0,1.0,0.0,0.0,Low,0,Low Risk - Low Activity
63735329,0.0,1,0,0.0,1.0,0.0,0.0,Low,0,Low Risk - Low Activity
63747150,0.0,1,0,0.0,1.0,0.0,0.0,Low,0,Low Risk - Low Activity
63750469,0.0,1,0,0.0,0.0,1.0,0.0,Low,0,Low Risk - Low Activity
63767307,0.0,1,0,0.0,0.0,1.0,0.0,Low,0,Low Risk - Low Activity
63770472,0.0,1,0,0.0,1.0,0.0,0.0,Low,0,Low Risk - Low Activity
63780972,0.0,1,0,0.0,0.0,1.0,0.0,Low,0,Low Risk - Low Activity
63802271,0.0,1,0,0.0,1.0,0.0,0.0,Low,0,Low Risk - Low Activity
63815605,0.0,1,0,0.0,0.0,1.0,0.0,Low,0,Low Risk - Low Activity
63817479,0.0,1,0,0.0,0.0,1.0,0.0,Low,0,Low Risk - Low Activity
63829826,0.0,1,0,0.0,0.0,1.0,0.0,Low,0,Low Risk - Low Activity
63838525,0.0,1,0,0.0,1.0,0.0,0.0,Low,0,Low Risk - Low Activity
63844050,0.0,1,0,0.0,1.0,0.0,0.0,Low,0,Low Risk - Low Activity
63844701,0.0,1,0,0.0,0.0,1.0,0.0,Low,0,Low Risk - Low Activity
63860872,0.0,1,0,0.0,1.0,0.0,0.0,Low,0,Low Risk - Low Activity
63867077,0.0,1,0,0.0,0.0,1.0,0.0,Low,0,Low Risk - Low Activity
63883768,0.0,1,0,0.0,1.0,0.0,0.0,Low,0,Low Risk - Low Activity
63899715,0.0,1,0,0.0,0.0,1.0,0.0,Low,0,Low Risk - Low Activity
63912794,0.0,1,0,0.0,1.0,0.0,0.0,Low,0,Low Risk - Low Activity
63912941,0.0,1,0,0.0,0.0,1.0,0.0,Low,0,Low Risk - Low Activity
63913678,0.0,1,0,0.0,0.0,1.0,0.0,Low,0,Low Risk - Low Activity
63945835,0.0,1,0,0.0,1.0,0.0,0.0,Low,0,Low Risk - Low Activity
63949481,0.0,1,0,0.0,0.0,1.0,0.0,Low,0,Low Risk - Low Activity
63956131,0.0,1,0,0.0,1.0,0.0,0.0,Low,0,Low Risk - Low Activity
63956531,0.0,1,0,0.0,1.0,0.0,0.0,Low,0,Low Risk - Low Activity
63956535,0.0,1,0,0.0,0.0,1.0,0.0,Low,0,Low Risk - Low Activity
63958947,0.0,1,0,0.0,1.0,0.0,0.0,Low,0,Low Risk - Low Activity
63969660,0.0,1,0,0.0,0.0,1.0,0.0,Low,0,Low Risk - Low Activity
63990779,0.0,1,0,0.0,0.0,1.0,0.0,Low,0,Low Risk - Low Activity
64011121,0.0,1,0,0.0,0.0,1.0,0.0,Low,0,Low Risk - Low Activity
64020360,0.0,1,0,0.0,0.0,1.0,0.0,Low,0,Low Risk - Low Activity
64025075,0.0,1,0,0.0,0.0,1.0,0.0,Low,0,Low Risk - Low Activity
64032500,0.0,1,0,0.0,0.0,1.0,0.0,Low,0,Low Risk - Low Activity
64059136,0.0,1,0,0.0,0.0,1.0,0.0,Low,0,Low Risk - Low Activity
64069335,0.0,1,0,0.0,1.0,0.0,0.0,Low,0,Low Risk - Low Activity
64071672,0.0,1,0,0.0,1.0,0.0,0.0,Low,0,Low Risk - Low Activity
64097208,0.0,1,0,0.0,0.0,1.0,0.0,Low,0,Low Risk - Low Activity
64116060,0.0,1,0,0.0,1.0,0.0,0.0,Low,0,Low Risk - Low Activity
64118924,0.0,1,0,0.0,0.0,1.0,0.0,Low,0,Low Risk - Low Activity
64119313,0.0,1,0,0.0,1.0,0.0,0.0,Low,0,Low Risk - Low Activity
64123884,0.0,1,0,0.0,0.0,1.0,0.0,Low,0,Low Risk - Low Activity
64125289,0.0,1,0,0.0,0.0,1.0,0.0,Low,0,Low Risk - Low Activity
64141986,0.0,1,0,0.0,1.0,0.0,0.0,Low,0,Low Risk - Low Activity
64150831,0.0,1,0,0.0,1.0,0.0,0.0,Low,0,Low Risk - Low Activity
64170425,0.0,1,0,0.0,0.0,1.0,0.0,Low,0,Low Risk - Low Activity
64178951,0.0,1,0,0.0,0.0,1.0,0.0,Low,0,Low Risk - Low Activity
64206127,0.0,1,0,0.0,0.0,1.0,0.0,Low,0,Low Risk - Low Activity
64216680,0.0,1,0,0.0,0.0,1.0,0.0,Low,0,Low Risk - Low Activity
64216806,0.0,1,0,0.0,0.0,1.0,0.0,Low,0,Low Risk - Low Activity
64218456,0.0,1,0,0.0,0.0,1.0,0.0,Low,0,Low Risk - Low Activity
64226387,0.0,1,0,0.0,1.0,0.0,0.0,Low,0,Low Risk - Low Activity
64229539,0.0,1,0,0.0,0.0,1.0,0.0,Low,0,Low Risk - Low Activity
64253974,0.0,1,0,0.0,0.0,1.0,0.0,Low,0,Low Risk - Low Activity
64263796,0.0,1,0,0.0,1.0,0.0,0.0,Low,0,Low Risk - Low Activity
64275509,0.0,1,0,0.0,0.0,1.0,0.0,Low,0,Low Risk - Low Activity
64289334,0.0,1,0,0.0,1.0,0.0,0.0,Low,0,Low Risk - Low Activity
64300551,0.0,1,0,0.0,0.0,1.0,0.0,Low,0,Low Risk - Low Activity
64311912,0.0,1,0,0.0,0.0,1.0,0.0,Low,0,Low Risk - Low Activity
64324770,0.0,1,0,0.0,0.0,1.0,0.0,Low,0,Low Risk - Low Activity
64332448,0.0,1,0,0.0,1.0,0.0,0.0,Low,0,Low Risk - Low Activity
64346846,0.0,1,0,0.0,0.0,1.0,0.0,Low,0,Low Risk - Low Activity
64350273,0.0,1,0,0.0,1.0,0.0,0.0,Low,0,Low Risk - Low Activity
64352151,0.0,1,0,0.0,1.0,0.0,0.0,Low,0,Low Risk - Low Activity
64352560,0.0,1,0,0.0,0.0,1.0,0.0,Low,0,Low Risk - Low Activity
64369154,0.0,1,0,0.0,1.0,0.0,0.0,Low,0,Low Risk - Low Activity
64374517,0.0,1,0,0.0,0.0,1.0,0.0,Low,0,Low Risk - Low Activity
64375551,0.0,1,0,0.0,0.0,1.0,0.0,Low,0,Low Risk - Low Activity
64381290,0.0,1,0,0.0,0.0,1.0,0.0,Low,0,Low Risk - Low Activity
64419714,0.0,1,0,0.0,0.0,1.0,0.0,Low,0,Low Risk - Low Activity
64419745,0.0,1,0,0.0,0.0,1.0,0.0,Low,0,Low Risk - Low Activity
64423916,0.0,1,0,0.0,1.0,0.0,0.0,Low,0,Low Risk - Low Activity
64427639,0.0,1,0,0.0,0.0,1.0,0.0,Low,0,Low Risk - Low Activity
64431181,0.0,1,0,0.0,0.0,1.0,0.0,Low,0,Low Risk - Low Activity
64435005,0.0,1,0,0.0,0.0,1.0,0.0,Low,0,Low Risk - Low Activity
64436218,0.0,1,0,0.0,1.0,0.0,0.0,Low,0,Low Risk - Low Activity
64437471,0.0,1,0,0.0,0.0,1.0,0.0,Low,0,Low Risk - Low Activity
64442368,0.0,1,0,0.0,0.0,1.0,0.0,Low,0,Low Risk - Low Activity
64446067,0.0,1,0,0.0,0.0,1.0,0.0,Low,0,Low Risk - Low Activity
64450279,0.0,1,0,0.0,0.0,1.0,0.0,Low,0,Low Risk - Low Activity
64455563,0.0,1,0,0.0,0.0,1.0,0.0,Low,0,Low Risk - Low Activity
64460359,0.0,1,0,0.0,1.0,0.0,0.0,Low,0,Low Risk - Low Activity
64463304,0.0,1,0,0.0,1.0,0.0,0.0,Low,0,Low Risk - Low Activity
64467453,0.0,1,0,0.0,1.0,0.0,0.0,Low,0,Low Risk - Low Activity
64485756,0.0,1,0,0.0,1.0,0.0,0.0,Low,0,Low Risk - Low Activity
64500118,0.0,1,0,0.0,0.0,1.0,0.0,Low,0,Low Risk - Low Activity
64510005,0.0,1,0,0.0,0.0,1.0,0.0,Low,0,Low Risk - Low Activity
64530386,0.0,1,0,0.0,1.0,0.0,0.0,Low,0,Low Risk - Low Activity
64547790,0.0,1,0,0.0,1.0,0.0,0.0,Low,0,Low Risk - Low Activity
64564550,0.0,1,0,0.0,0.0,1.0,0.0,Low,0,Low Risk - Low Activity
64578704,0.0,1,0,0.0,0.0,1.0,0.0,Low,0,Low Risk - Low Activity
64589773,0.0,1,0,0.0,0.0,1.0,0.0,Low,0,Low Risk - Low Activity
64600242,0.0,1,0,0.0,0.0,1.0,0.0,Low,0,Low Risk - Low Activity
64613782,0.0,1,0,0.0,0.0,1.0,0.0,Low,0,Low Risk - Low Activity
64620970,0.0,1,0,0.0,1.0,0.0,0.0,Low,0,Low Risk - Low Activity
64628113,0.0,1,0,0.0,0.0,1.0,0.0,Low,0,Low Risk - Low Activity
64629395,0.0,1,0,0.0,0.0,1.0,0.0,Low,0,Low Risk - Low Activity
64633474,0.0,1,0,0.0,0.0,1.0,0.0,Low,0,Low Risk - Low Activity
64645992,0.0,1,0,0.0,1.0,0.0,0.0,Low,0,Low Risk - Low Activity
64654069,0.0,1,0,0.0,0.0,1.0,0.0,Low,0,Low Risk - Low Activity
64655210,0.0,1,0,0.0,1.0,0.0,0.0,Low,0,Low Risk - Low Activity
64662903,0.0,1,0,0.0,0.0,1.0,0.0,Low,0,Low Risk - Low Activity
64665413,0.0,1,0,0.0,1.0,0.0,0.0,Low,0,Low Risk - Low Activity
64701212,0.0,1,0,0.0,0.0,1.0,0.0,Low,0,Low Risk - Low Activity
64710352,0.0,1,0,0.0,1.0,0.0,0.0,Low,0,Low Risk - Low Activity
64725734,0.0,1,0,0.0,0.0,1.0,0.0,Low,0,Low Risk - Low Activity
64727292,0.0,1,0,0.0,0.0,1.0,0.0,Low,0,Low Risk - Low Activity
64761012,0.0,1,0,0.0,1.0,0.0,0.0,Low,0,Low Risk - Low Activity
64769885,0.0,1,0,0.0,0.0,1.0,0.0,Low,0,Low Risk - Low Activity
64770063,0.0,1,0,0.0,1.0,0.0,0.0,Low,0,Low Risk - Low Activity
64774136,0.0,1,0,0.0,0.0,1.0,0.0,Low,0,Low Risk - Low Activity
64784925,0.0,1,0,0.0,0.0,1.0,0.0,Low,0,Low Risk - Low Activity
64802304,0.0,1,0,0.0,0.0,1.0,0.0,Low,0,Low Risk - Low Activity
64815845,0.0,1,0,0.0,0.0,1.0,0.0,Low,0,Low Risk - Low Activity
64819369,0.0,1,0,0.0,0.0,1.0,0.0,Low,0,Low Risk - Low Activity
64827574,0.0,1,0,0.0,1.0,0.0,0.0,Low,0,Low Risk - Low Activity
64829702,0.0,1,0,0.0,1.0,0.0,0.0,Low,0,Low Risk - Low Activity
64832537,0.0,1,0,0.0,1.0,0.0,0.0,Low,0,Low Risk - Low Activity
64834787,0.0,1,0,0.0,0.0,1.0,0.0,Low,0,Low Risk - Low Activity
64851782,0.0,1,0,0.0,0.0,1.0,0.0,Low,0,Low Risk - Low Activity
64854970,0.0,1,0,0.0,0.0,1.0,0.0,Low,0,Low Risk - Low Activity
64858689,0.0,1,0,0.0,1.0,0.0,0.0,Low,0,Low Risk - Low Activity
64871075,0.0,1,0,0.0,1.0,0.0,0.0,Low,0,Low Risk - Low Activity
64889781,0.0,1,0,0.0,1.0,0.0,0.0,Low,0,Low Risk - Low Activity
64896266,0.0,1,0,0.0,1.0,0.0,0.0,Low,0,Low Risk - Low Activity
64897121,0.0,1,0,0.0,0.0,1.0,0.0,Low,0,Low Risk - Low Activity
64915546,0.0,1,0,0.0,0.0,1.0,0.0,Low,0,Low Risk - Low Activity
64920239,0.0,1,0,0.0,0.0,1.0,0.0,Low,0,Low Risk - Low Activity
64924241,0.0,1,0,0.0,0.0,1.0,0.0,Low,0,Low Risk - Low Activity
64930500,0.0,1,0,0.0,0.0,1.0,0.0,Low,0,Low Risk - Low Activity
64940366,0.0,1,0,0.0,0.0,1.0,0.0,Low,0,Low Risk - Low Activity
64945705,0.0,1,0,0.0,0.0,1.0,0.0,Low,0,Low Risk - Low Activity
64947441,0.0,1,0,1.0,0.0,0.0,0.0,Low,1,Low Risk - Low Activity
64950587,0.0,1,0,0.0,0.0,1.0,0.0,Low,0,Low Risk - Low Activity
64960725,0.0,1,0,0.0,1.0,0.0,0.0,Low,0,Low Risk - Low Activity
64971976,0.0,1,0,0.0,0.0,1.0,0.0,Low,0,Low Risk - Low Activity
64976574,0.0,1,0,0.0,0.0,1.0,0.0,Low,0,Low Risk - Low Activity
64978490,0.0,1,0,0.0,0.0,1.0,0.0,Low,0,Low Risk - Low Activity
64978713,0.0,1,0,0.0,1.0,0.0,0.0,Low,0,Low Risk - Low Activity
64980300,0.0,1,0,0.0,0.0,1.0,0.0,Low,0,Low Risk - Low Activity
64982962,0.0,1,0,0.0,1.0,0.0,0.0,Low,0,Low Risk - Low Activity
64987363,0.0,1,0,0.0,1.0,0.0,0.0,Low,0,Low Risk - Low Activity
64994561,0.0,1,0,0.0,1.0,0.0,0.0,Low,0,Low Risk - Low Activity
65004546,0.0,1,0,0.0,0.0,1.0,0.0,Low,0,Low Risk - Low Activity
65006623,0.0,1,0,0.0,1.0,0.0,0.0,Low,0,Low Risk - Low Activity
65007172,0.0,1,0,0.0,0.0,1.0,0.0,Low,0,Low Risk - Low Activity
65019297,0.0,1,0,0.0,1.0,0.0,0.0,Low,0,Low Risk - Low Activity
65044368,0.0,1,0,0.0,1.0,0.0,0.0,Low,0,Low Risk - Low Activity
65068299,0.0,1,0,0.0,0.0,1.0,0.0,Low,0,Low Risk - Low Activity
65068493,0.0,1,0,0.0,1.0,0.0,0.0,Low,0,Low Risk - Low Activity
65075121,0.0,1,0,0.0,0.0,1.0,0.0,Low,0,Low Risk - Low Activity
65084530,0.0,1,0,0.0,1.0,0.0,0.0,Low,0,Low Risk - Low Activity
65091460,0.0,1,0,0.0,1.0,0.0,0.0,Low,0,Low Risk - Low Activity
65097917,0.0,1,0,0.0,1.0,0.0,0.0,Low,0,Low Risk - Low Activity
65104949,0.0,1,0,0.0,1.0,0.0,0.0,Low,0,Low Risk - Low Activity
65134505,0.0,1,0,0.0,1.0,0.0,0.0,Low,0,Low Risk - Low Activity
65155753,0.0,1,0,0.0,0.0,1.0,0.0,Low,0,Low Risk - Low Activity
65158715,0.0,1,0,0.0,1.0,0.0,0.0,Low,0,Low Risk - Low Activity
65162525,0.0,1,0,0.0,0.0,1.0,0.0,Low,0,Low Risk - Low Activity
65171713,0.0,1,0,0.0,1.0,0.0,0.0,Low,0,Low Risk - Low Activity
65175294,0.0,1,0,0.0,0.0,1.0,0.0,Low,0,Low Risk - Low Activity
65186954,0.0,1,0,0.0,0.0,1.0,0.0,Low,0,Low Risk - Low Activity
65192929,0.0,1,0,0.0,0.0,1.0,0.0,Low,0,Low Risk - Low Activity
65194173,0.0,1,0,0.0,0.0,1.0,0.0,Low,0,Low Risk - Low Activity
65211074,0.0,1,0,0.0,1.0,0.0,0.0,Low,0,Low Risk - Low Activity
65239776,0.0,1,0,0.0,0.0,1.0,0.0,Low,0,Low Risk - Low Activity
65254142,0.0,1,0,0.0,0.0,1.0,0.0,Low,0,Low Risk - Low Activity
65261999,0.0,1,0,0.0,0.0,1.0,0.0,Low,0,Low Risk - Low Activity
65274334,0.0,1,0,0.0,1.0,0.0,0.0,Low,0,Low Risk - Low Activity
65288386,0.0,1,0,0.0,1.0,0.0,0.0,Low,0,Low Risk - Low Activity
65305226,0.0,1,0,0.0,1.0,0.0,0.0,Low,0,Low Risk - Low Activity
65307484,0.0,1,0,0.0,0.0,1.0,0.0,Low,0,Low Risk - Low Activity
65325255,0.0,1,0,0.0,0.0,1.0,0.0,Low,0,Low Risk - Low Activity
65330415,0.0,1,0,0.0,0.0,1.0,0.0,Low,0,Low Risk - Low Activity
65339156,0.0,1,0,0.0,1.0,0.0,0.0,Low,0,Low Risk - Low Activity
65342540,0.0,1,0,0.0,1.0,0.0,0.0,Low,0,Low Risk - Low Activity
65356235,0.0,1,0,0.0,1.0,0.0,0.0,Low,0,Low Risk - Low Activity
65375105,0.0,1,0,0.0,0.0,1.0,0.0,Low,0,Low Risk - Low Activity
65375738,0.0,1,0,0.0,1.0,0.0,0.0,Low,0,Low Risk - Low Activity
65376127,0.0,1,0,0.0,0.0,1.0,0.0,Low,0,Low Risk - Low Activity
65377520,0.0,1,0,0.0,1.0,0.0,0.0,Low,0,Low Risk - Low Activity
65387944,0.0,1,0,0.0,0.0,1.0,0.0,Low,0,Low Risk - Low Activity
65406410,0.0,1,0,0.0,0.0,1.0,0.0,Low,0,Low Risk - Low Activity
65421228,0.0,1,0,0.0,0.0,1.0,0.0,Low,0,Low Risk - Low Activity
65446619,0.0,1,0,0.0,0.0,1.0,0.0,Low,0,Low Risk - Low Activity
65460798,0.0,1,0,0.0,1.0,0.0,0.0,Low,0,Low Risk - Low Activity
65462803,0.0,1,0,0.0,0.0,1.0,0.0,Low,0,Low Risk - Low Activity
65466011,0.0,1,0,0.0,0.0,1.0,0.0,Low,0,Low Risk - Low Activity
65473745,0.0,1,0,0.0,1.0,0.0,0.0,Low,0,Low Risk - Low Activity
65479373,0.0,1,0,0.0,0.0,1.0,0.0,Low,0,Low Risk - Low Activity
65531619,0.0,1,0,0.0,0.0,1.0,0.0,Low,0,Low Risk - Low Activity
65533085,0.0,1,0,0.0,0.0,1.0,0.0,Low,0,Low Risk - Low Activity
65538047,0.0,1,0,0.0,0.0,1.0,0.0,Low,0,Low Risk - Low Activity
65539341,0.0,1,0,0.0,1.0,0.0,0.0,Low,0,Low Risk - Low Activity
65545241,0.0,1,0,0.0,1.0,0.0,0.0,Low,0,Low Risk - Low Activity
65553278,0.0,1,0,0.0,0.0,1.0,0.0,Low,0,Low Risk - Low Activity
65558124,0.0,1,0,0.0,1.0,0.0,0.0,Low,0,Low Risk - Low Activity
65561389,0.0,1,0,0.0,1.0,0.0,0.0,Low,0,Low Risk - Low Activity
65573548,0.0,1,0,0.0,1.0,0.0,0.0,Low,0,Low Risk - Low Activity
65588156,0.0,1,0,0.0,1.0,0.0,0.0,Low,0,Low Risk - Low Activity
65589868,0.0,1,0,0.0,0.0,1.0,0.0,Low,0,Low Risk - Low Activity
65600868,0.0,1,0,0.0,0.0,1.0,0.0,Low,0,Low Risk - Low Activity
65605949,0.0,1,0,0.0,0.0,1.0,0.0,Low,0,Low Risk - Low Activity
65617702,0.0,1,0,0.0,0.0,1.0,0.0,Low,0,Low Risk - Low Activity
65619046,0.0,1,0,0.0,0.0,1.0,0.0,Low,0,Low Risk - Low Activity
65621744,0.0,1,0,0.0,1.0,0.0,0.0,Low,0,Low Risk - Low Activity
65632523,0.0,1,0,0.0,1.0,0.0,0.0,Low,0,Low Risk - Low Activity
65648281,0.0,1,0,0.0,0.0,1.0,0.0,Low,0,Low Risk - Low Activity
65649613,0.0,1,0,0.0,1.0,0.0,0.0,Low,0,Low Risk - Low Activity
65657536,0.0,1,0,0.0,0.0,1.0,0.0,Low,0,Low Risk - Low Activity
65658940,0.0,1,0,0.0,0.0,1.0,0.0,Low,0,Low Risk - Low Activity
65673820,0.0,1,0,0.0,0.0,1.0,0.0,Low,0,Low Risk - Low Activity
65678921,0.0,1,0,0.0,1.0,0.0,0.0,Low,0,Low Risk - Low Activity
65688790,0.0,1,0,0.0,1.0,0.0,0.0,Low,0,Low Risk - Low Activity
65698028,0.0,1,0,0.0,0.0,1.0,0.0,Low,0,Low Risk - Low Activity
65709072,0.0,1,0,0.0,1.0,0.0,0.0,Low,0,Low Risk - Low Activity
65715540,0.0,1,0,0.0,1.0,0.0,0.0,Low,0,Low Risk - Low Activity
65716472,0.0,1,0,0.0,0.0,1.0,0.0,Low,0,Low Risk - Low Activity
65730401,0.0,1,0,0.0,0.0,1.0,0.0,Low,0,Low Risk - Low Activity
65745617,0.0,1,0,0.0,1.0,0.0,0.0,Low,0,Low Risk - Low Activity
65763478,0.0,1,0,0.0,0.0,1.0,0.0,Low,0,Low Risk - Low Activity
65765372,0.0,1,0,0.0,0.0,1.0,0.0,Low,0,Low Risk - Low Activity
65776865,0.0,1,0,0.0,0.0,1.0,0.0,Low,0,Low Risk - Low Activity
65780664,0.0,1,0,0.0,1.0,0.0,0.0,Low,0,Low Risk - Low Activity
65787535,0.0,1,0,0.0,1.0,0.0,0.0,Low,0,Low Risk - Low Activity
65789343,0.0,1,0,0.0,0.0,1.0,0.0,Low,0,Low Risk - Low Activity
65800655,0.0,1,0,0.0,0.0,1.0,0.0,Low,0,Low Risk - Low Activity
65815781,0.0,1,0,0.0,0.0,1.0,0.0,Low,0,Low Risk - Low Activity
65831019,0.0,1,0,0.0,0.0,1.0,0.0,Low,0,Low Risk - Low Activity
65844531,0.0,1,0,0.0,0.0,1.0,0.0,Low,0,Low Risk - Low Activity
65855925,0.0,1,0,0.0,0.0,1.0,0.0,Low,0,Low Risk - Low Activity
65863143,0.0,1,0,0.0,0.0,1.0,0.0,Low,0,Low Risk - Low Activity
65867518,0.0,1,0,0.0,0.0,1.0,0.0,Low,0,Low Risk - Low Activity
65876900,0.0,1,0,0.0,0.0,1.0,0.0,Low,0,Low Risk - Low Activity
65907652,0.0,1,0,0.0,1.0,0.0,0.0,Low,0,Low Risk - Low Activity
65914334,0.0,1,0,0.0,1.0,0.0,0.0,Low,0,Low Risk - Low Activity
65915107,0.0,1,0,0.0,1.0,0.0,0.0,Low,0,Low Risk - Low Activity
65916306,0.0,1,0,0.0,0.0,1.0,0.0,Low,0,Low Risk - Low Activity
65924527,0.0,1,0,0.0,1.0,0.0,0.0,Low,0,Low Risk - Low Activity
65930136,0.0,1,0,0.0,1.0,0.0,0.0,Low,0,Low Risk - Low Activity
65938189,0.0,1,0,0.0,0.0,1.0,0.0,Low,0,Low Risk - Low Activity
65939752,0.0,1,0,0.0,1.0,0.0,0.0,Low,0,Low Risk - Low Activity
65944666,0.0,1,0,0.0,0.0,1.0,0.0,Low,0,Low Risk - Low Activity
65948987,0.0,1,0,0.0,0.0,1.0,0.0,Low,0,Low Risk - Low Activity
65949609,0.0,1,0,0.0,1.0,0.0,0.0,Low,0,Low Risk - Low Activity
65956829,0.0,1,0,0.0,1.0,0.0,0.0,Low,0,Low Risk - Low Activity
65960935,0.0,1,0,0.0,0.0,1.0,0.0,Low,0,Low Risk - Low Activity
65971242,0.0,1,0,0.0,1.0,0.0,0.0,Low,0,Low Risk - Low Activity
65973988,0.0,1,0,0.0,1.0,0.0,0.0,Low,0,Low Risk - Low Activity
65991227,0.0,1,0,0.0,0.0,1.0,0.0,Low,0,Low Risk - Low Activity
66001169,0.0,1,0,0.0,1.0,0.0,0.0,Low,0,Low Risk - Low Activity
66010824,0.0,1,0,0.0,0.0,1.0,0.0,Low,0,Low Risk - Low Activity
66015547,0.0,1,0,0.0,0.0,1.0,0.0,Low,0,Low Risk - Low Activity
66020205,0.0,1,0,0.0,0.0,1.0,0.0,Low,0,Low Risk - Low Activity
66024717,0.0,1,0,0.0,1.0,0.0,0.0,Low,0,Low Risk - Low Activity
66052707,0.0,1,0,0.0,1.0,0.0,0.0,Low,0,Low Risk - Low Activity
66055732,0.0,1,0,0.0,0.0,1.0,0.0,Low,0,Low Risk - Low Activity
66064198,0.0,1,0,0.0,0.0,1.0,0.0,Low,0,Low Risk - Low Activity
66072533,0.0,1,0,0.0,0.0,1.0,0.0,Low,0,Low Risk - Low Activity
66073682,0.0,1,0,0.0,1.0,0.0,0.0,Low,0,Low Risk - Low Activity
66088864,0.0,1,0,0.0,1.0,0.0,0.0,Low,0,Low Risk - Low Activity
66096505,0.0,1,0,0.0,0.0,1.0,0.0,Low,0,Low Risk - Low Activity
66111734,0.0,1,0,0.0,0.0,1.0,0.0,Low,0,Low Risk - Low Activity
66115888,0.0,1,0,0.0,1.0,0.0,0.0,Low,0,Low Risk - Low Activity
66125546,0.0,1,0,0.0,0.0,1.0,0.0,Low,0,Low Risk - Low Activity
66142696,0.0,1,0,0.0,0.0,1.0,0.0,Low,0,Low Risk - Low Activity
66145492,0.0,1,0,0.0,0.0,1.0,0.0,Low,0,Low Risk - Low Activity
66175216,0.0,1,0,0.0,1.0,0.0,0.0,Low,0,Low Risk - Low Activity
66175680,0.0,1,0,0.0,0.0,1.0,0.0,Low,0,Low Risk - Low Activity
66176356,0.0,1,0,0.0,0.0,1.0,0.0,Low,0,Low Risk - Low Activity
66200331,0.0,1,0,0.0,0.0,1.0,0.0,Low,0,Low Risk - Low Activity
66200479,0.0,1,0,0.0,0.0,1.0,0.0,Low,0,Low Risk - Low Activity
66220906,0.0,1,0,0.0,0.0,1.0,0.0,Low,0,Low Risk - Low Activity
66224643,0.0,1,0,0.0,1.0,0.0,0.0,Low,0,Low Risk - Low Activity
66243778,0.0,1,0,0.0,1.0,0.0,0.0,Low,0,Low Risk - Low Activity
66244842,0.0,1,0,0.0,1.0,0.0,0.0,Low,0,Low Risk - Low Activity
66247250,0.0,1,0,0.0,0.0,1.0,0.0,Low,0,Low Risk - Low Activity
66258758,0.0,1,0,0.0,1.0,0.0,0.0,Low,0,Low Risk - Low Activity
66258900,0.0,1,0,0.0,1.0,0.0,0.0,Low,0,Low Risk - Low Activity
66277916,0.0,1,0,0.0,0.0,1.0,0.0,Low,0,Low Risk - Low Activity
66329843,0.0,1,0,0.0,1.0,0.0,0.0,Low,0,Low Risk - Low Activity
66333784,0.0,1,0,0.0,0.0,1.0,0.0,Low,0,Low Risk - Low Activity
66358492,0.0,1,0,0.0,0.0,1.0,0.0,Low,0,Low Risk - Low Activity
66363455,0.0,1,0,0.0,1.0,0.0,0.0,Low,0,Low Risk - Low Activity
66369687,0.0,1,0,0.0,1.0,0.0,0.0,Low,0,Low Risk - Low Activity
66372338,0.0,1,0,0.0,0.0,1.0,0.0,Low,0,Low Risk - Low Activity
66410394,0.0,1,0,0.0,0.0,1.0,0.0,Low,0,Low Risk - Low Activity
66430593,0.0,1,0,0.0,0.0,1.0,0.0,Low,0,Low Risk - Low Activity
66448466,0.0,1,0,0.0,0.0,1.0,0.0,Low,0,Low Risk - Low Activity
66468760,0.0,1,0,0.0,0.0,1.0,0.0,Low,0,Low Risk - Low Activity
66478708,0.0,1,0,0.0,1.0,0.0,0.0,Low,0,Low Risk - Low Activity
66489533,0.0,1,0,0.0,1.0,0.0,0.0,Low,0,Low Risk - Low Activity
66493154,0.0,1,0,0.0,1.0,0.0,0.0,Low,0,Low Risk - Low Activity
66503227,0.0,1,0,0.0,1.0,0.0,0.0,Low,0,Low Risk - Low Activity
66506514,0.0,1,0,0.0,1.0,0.0,0.0,Low,0,Low Risk - Low Activity
66506907,0.0,1,0,0.0,1.0,0.0,0.0,Low,0,Low Risk - Low Activity
66510469,0.0,1,0,0.0,1.0,0.0,0.0,Low,0,Low Risk - Low Activity
66515749,0.0,1,0,0.0,0.0,1.0,0.0,Low,0,Low Risk - Low Activity
66516494,0.0,1,0,0.0,0.0,1.0,0.0,Low,0,Low Risk - Low Activity
66582454,0.0,1,0,0.0,1.0,0.0,0.0,Low,0,Low Risk - Low Activity
66605541,0.0,1,0,0.0,0.0,1.0,0.0,Low,0,Low Risk - Low Activity
66607579,0.0,1,0,0.0,0.0,1.0,0.0,Low,0,Low Risk - Low Activity
66618549,0.0,1,0,0.0,1.0,0.0,0.0,Low,0,Low Risk - Low Activity
66624042,0.0,1,0,0.0,0.0,1.0,0.0,Low,0,Low Risk - Low Activity
66627927,0.0,1,0,0.0,0.0,1.0,0.0,Low,0,Low Risk - Low Activity
66636874,0.0,1,0,0.0,0.0,1.0,0.0,Low,0,Low Risk - Low Activity
66644107,0.0,1,0,0.0,0.0,1.0,0.0,Low,0,Low Risk - Low Activity
66652768,0.0,1,0,0.0,0.0,1.0,0.0,Low,0,Low Risk - Low Activity
66670853,0.0,1,0,0.0,0.0,1.0,0.0,Low,0,Low Risk - Low Activity
66691188,0.0,1,0,0.0,1.0,0.0,0.0,Low,0,Low Risk - Low Activity
66695995,0.0,1,0,0.0,0.0,1.0,0.0,Low,0,Low Risk - Low Activity
66700282,0.0,1,0,0.0,0.0,1.0,0.0,Low,0,Low Risk - Low Activity
66700955,0.0,1,0,0.0,1.0,0.0,0.0,Low,0,Low Risk - Low Activity
66702168,0.0,1,0,0.0,0.0,1.0,0.0,Low,0,Low Risk - Low Activity
66709096,0.0,1,0,0.0,0.0,1.0,0.0,Low,0,Low Risk - Low Activity
66723131,0.0,1,0,0.0,1.0,0.0,0.0,Low,0,Low Risk - Low Activity
66737026,0.0,1,0,0.0,1.0,0.0,0.0,Low,0,Low Risk - Low Activity
66738292,0.0,1,0,0.0,1.0,0.0,0.0,Low,0,Low Risk - Low Activity
66754343,0.0,1,0,0.0,0.0,1.0,0.0,Low,0,Low Risk - Low Activity
66755714,0.0,1,0,0.0,0.0,1.0,0.0,Low,0,Low Risk - Low Activity
66765588,0.0,1,0,0.0,1.0,0.0,0.0,Low,0,Low Risk - Low Activity
66774832,0.0,1,0,0.0,0.0,1.0,0.0,Low,0,Low Risk - Low Activity
66792001,0.0,1,0,0.0,1.0,0.0,0.0,Low,0,Low Risk - Low Activity
66792675,0.0,1,0,0.0,0.0,1.0,0.0,Low,0,Low Risk - Low Activity
66793559,0.0,1,0,0.0,1.0,0.0,0.0,Low,0,Low Risk - Low Activity
66808834,0.0,1,0,0.0,1.0,0.0,0.0,Low,0,Low Risk - Low Activity
66825396,0.0,1,0,0.0,0.0,1.0,0.0,Low,0,Low Risk - Low Activity
66829030,0.0,1,0,0.0,0.0,1.0,0.0,Low,0,Low Risk - Low Activity
66852303,0.0,1,0,0.0,1.0,0.0,0.0,Low,0,Low Risk - Low Activity
66855998,0.0,1,0,0.0,1.0,0.0,0.0,Low,0,Low Risk - Low Activity
66861454,0.0,1,0,0.0,0.0,1.0,0.0,Low,0,Low Risk - Low Activity
66869238,0.0,1,0,0.0,0.0,1.0,0.0,Low,0,Low Risk - Low Activity
66871833,0.0,1,0,0.0,0.0,1.0,0.0,Low,0,Low Risk - Low Activity
66894353,0.0,1,0,0.0,0.0,1.0,0.0,Low,0,Low Risk - Low Activity
66905449,0.0,1,0,0.0,0.0,1.0,0.0,Low,0,Low Risk - Low Activity
66925775,0.0,1,0,0.0,0.0,1.0,0.0,Low,0,Low Risk - Low Activity
66945410,0.0,1,0,0.0,0.0,1.0,0.0,Low,0,Low Risk - Low Activity
66947553,0.0,1,0,0.0,1.0,0.0,0.0,Low,0,Low Risk - Low Activity
66950803,0.0,1,0,0.0,0.0,1.0,0.0,Low,0,Low Risk - Low Activity
66951400,0.0,1,0,0.0,0.0,1.0,0.0,Low,0,Low Risk - Low Activity
66953617,0.0,1,0,0.0,1.0,0.0,0.0,Low,0,Low Risk - Low Activity
66961019,0.0,1,0,0.0,0.0,1.0,0.0,Low,0,Low Risk - Low Activity
66970627,0.0,1,0,0.0,0.0,1.0,0.0,Low,0,Low Risk - Low Activity
66977934,0.0,1,0,0.0,0.0,1.0,0.0,Low,0,Low Risk - Low Activity
66980219,0.0,1,0,0.0,1.0,0.0,0.0,Low,0,Low Risk - Low Activity
66983522,0.0,1,0,0.0,1.0,0.0,0.0,Low,0,Low Risk - Low Activity
66986133,0.0,1,0,0.0,0.0,1.0,0.0,Low,0,Low Risk - Low Activity
66994531,0.0,1,0,0.0,0.0,1.0,0.0,Low,0,Low Risk - Low Activity
66997477,0.0,1,0,0.0,0.0,1.0,0.0,Low,0,Low Risk - Low Activity
67013741,0.0,1,0,0.0,0.0,1.0,0.0,Low,0,Low Risk - Low Activity
67028512,0.0,1,0,0.0,1.0,0.0,0.0,Low,0,Low Risk - Low Activity
67032245,0.0,1,0,0.0,0.0,1.0,0.0,Low,0,Low Risk - Low Activity
67036547,0.0,1,0,0.0,0.0,1.0,0.0,Low,0,Low Risk - Low Activity
67048422,0.0,1,0,0.0,1.0,0.0,0.0,Low,0,Low Risk - Low Activity
67060120,0.0,1,0,0.0,0.0,1.0,0.0,Low,0,Low Risk - Low Activity
67075161,0.0,1,0,0.0,1.0,0.0,0.0,Low,0,Low Risk - Low Activity
67097294,0.0,1,0,0.0,1.0,0.0,0.0,Low,0,Low Risk - Low Activity
67104970,0.0,1,0,0.0,1.0,0.0,0.0,Low,0,Low Risk - Low Activity
67114414,0.0,1,0,0.0,1.0,0.0,0.0,Low,0,Low Risk - Low Activity
67125136,0.0,1,0,0.0,0.0,1.0,0.0,Low,0,Low Risk - Low Activity
67127300,0.0,1,0,0.0,0.0,1.0,0.0,Low,0,Low Risk - Low Activity
67131488,0.0,1,0,0.0,0.0,1.0,0.0,Low,0,Low Risk - Low Activity
67144972,0.0,1,0,0.0,0.0,1.0,0.0,Low,0,Low Risk - Low Activity
67150842,0.0,1,0,0.0,0.0,1.0,0.0,Low,0,Low Risk - Low Activity
67167012,0.0,1,0,0.0,0.0,1.0,0.0,Low,0,Low Risk - Low Activity
67169328,0.0,1,0,0.0,0.0,1.0,0.0,Low,0,Low Risk - Low Activity
67169446,0.0,1,0,0.0,0.0,1.0,0.0,Low,0,Low Risk - Low Activity
67172732,0.0,1,0,0.0,0.0,1.0,0.0,Low,0,Low Risk - Low Activity
67175735,0.0,1,0,0.0,1.0,0.0,0.0,Low,0,Low Risk - Low Activity
67179083,0.0,1,0,0.0,0.0,1.0,0.0,Low,0,Low Risk - Low Activity
67180973,0.0,1,0,0.0,1.0,0.0,0.0,Low,0,Low Risk - Low Activity
67184944,0.0,1,0,0.0,1.0,0.0,0.0,Low,0,Low Risk - Low Activity
67186858,0.0,1,0,0.0,0.0,1.0,0.0,Low,0,Low Risk - Low Activity
67187109,0.0,1,0,0.0,1.0,0.0,0.0,Low,0,Low Risk - Low Activity
67206990,0.0,1,0,0.0,0.0,1.0,0.0,Low,0,Low Risk - Low Activity
67210319,0.0,1,0,0.0,1.0,0.0,0.0,Low,0,Low Risk - Low Activity
67213575,0.0,1,0,0.0,0.0,1.0,0.0,Low,0,Low Risk - Low Activity
67232533,0.0,1,0,0.0,0.0,1.0,0.0,Low,0,Low Risk - Low Activity
67245669,0.0,1,0,0.0,1.0,0.0,0.0,Low,0,Low Risk - Low Activity
67257733,0.0,1,0,0.0,0.0,1.0,0.0,Low,0,Low Risk - Low Activity
67262089,0.0,1,0,0.0,0.0,1.0,0.0,Low,0,Low Risk - Low Activity
67269229,0.0,1,0,0.0,1.0,0.0,0.0,Low,0,Low Risk - Low Activity
67279794,0.0,1,0,0.0,1.0,0.0,0.0,Low,0,Low Risk - Low Activity
67322265,0.0,1,0,0.0,0.0,1.0,0.0,Low,0,Low Risk - Low Activity
67333962,0.0,1,0,0.0,0.0,1.0,0.0,Low,0,Low Risk - Low Activity
67335901,0.0,1,0,0.0,0.0,1.0,0.0,Low,0,Low Risk - Low Activity
67343050,0.0,1,0,0.0,0.0,1.0,0.0,Low,0,Low Risk - Low Activity
67355199,0.0,1,0,0.0,0.0,1.0,0.0,Low,0,Low Risk - Low Activity
67364749,0.0,1,0,0.0,0.0,1.0,0.0,Low,0,Low Risk - Low Activity
67387276,0.0,1,0,0.0,0.0,1.0,0.0,Low,0,Low Risk - Low Activity
67387401,0.0,1,0,0.0,1.0,0.0,0.0,Low,0,Low Risk - Low Activity
67395195,0.0,1,0,0.0,1.0,0.0,0.0,Low,0,Low Risk - Low Activity
67402743,0.0,1,0,0.0,0.0,1.0,0.0,Low,0,Low Risk - Low Activity
67410779,0.0,1,0,0.0,1.0,0.0,0.0,Low,0,Low Risk - Low Activity
67410946,0.0,1,0,0.0,0.0,1.0,0.0,Low,0,Low Risk - Low Activity
67415838,0.0,1,0,0.0,0.0,1.0,0.0,Low,0,Low Risk - Low Activity
67431844,0.0,1,0,0.0,1.0,0.0,0.0,Low,0,Low Risk - Low Activity
67433789,0.0,1,0,0.0,1.0,0.0,0.0,Low,0,Low Risk - Low Activity
67443456,0.0,1,0,0.0,1.0,0.0,0.0,Low,0,Low Risk - Low Activity
67445287,0.0,1,0,0.0,0.0,1.0,0.0,Low,0,Low Risk - Low Activity
67456909,0.0,1,0,0.0,0.0,1.0,0.0,Low,0,Low Risk - Low Activity
67469457,0.0,1,0,0.0,0.0,1.0,0.0,Low,0,Low Risk - Low Activity
67486507,0.0,1,0,0.0,0.0,1.0,0.0,Low,0,Low Risk - Low Activity
67492070,0.0,1,0,0.0,1.0,0.0,0.0,Low,0,Low Risk - Low Activity
67503171,0.0,1,0,0.0,1.0,0.0,0.0,Low,0,Low Risk - Low Activity
67526319,0.0,1,0,0.0,1.0,0.0,0.0,Low,0,Low Risk - Low Activity
67532332,0.0,1,0,0.0,1.0,0.0,0.0,Low,0,Low Risk - Low Activity
67539721,0.0,1,0,0.0,1.0,0.0,0.0,Low,0,Low Risk - Low Activity
67555635,0.0,1,0,0.0,0.0,1.0,0.0,Low,0,Low Risk - Low Activity
67564100,0.0,1,0,0.0,1.0,0.0,0.0,Low,0,Low Risk - Low Activity
67598613,0.0,1,0,0.0,0.0,1.0,0.0,Low,0,Low Risk - Low Activity
67601494,0.0,1,0,0.0,0.0,1.0,0.0,Low,0,Low Risk - Low Activity
67605145,0.0,1,0,0.0,0.0,1.0,0.0,Low,0,Low Risk - Low Activity
67620910,0.0,1,0,0.0,0.0,1.0,0.0,Low,0,Low Risk - Low Activity
67623113,0.0,1,0,0.0,0.0,1.0,0.0,Low,0,Low Risk - Low Activity
67625183,0.0,1,0,0.0,0.0,1.0,0.0,Low,0,Low Risk - Low Activity
67625871,0.0,1,0,0.0,0.0,1.0,0.0,Low,0,Low Risk - Low Activity
67630750,0.0,1,0,0.0,1.0,0.0,0.0,Low,0,Low Risk - Low Activity
67631611,0.0,1,0,0.0,1.0,0.0,0.0,Low,0,Low Risk - Low Activity
67632667,0.0,1,0,0.0,1.0,0.0,0.0,Low,0,Low Risk - Low Activity
67653735,0.0,1,0,0.0,1.0,0.0,0.0,Low,0,Low Risk - Low Activity
67656877,0.0,1,0,0.0,0.0,1.0,0.0,Low,0,Low Risk - Low Activity
67658858,0.0,1,0,0.0,0.0,1.0,0.0,Low,0,Low Risk - Low Activity
67660967,0.0,1,0,0.0,0.0,1.0,0.0,Low,0,Low Risk - Low Activity
67682677,0.0,1,0,0.0,1.0,0.0,0.0,Low,0,Low Risk - Low Activity
67692321,0.0,1,0,0.0,1.0,0.0,0.0,Low,0,Low Risk - Low Activity
67701131,0.0,1,0,0.0,0.0,1.0,0.0,Low,0,Low Risk - Low Activity
67754777,0.0,1,0,0.0,0.0,1.0,0.0,Low,0,Low Risk - Low Activity
67755500,0.0,1,0,0.0,0.0,1.0,0.0,Low,0,Low Risk - Low Activity
67770260,0.0,1,0,0.0,0.0,1.0,0.0,Low,0,Low Risk - Low Activity
67777040,0.0,1,0,0.0,1.0,0.0,0.0,Low,0,Low Risk - Low Activity
67792042,0.0,1,0,0.0,0.0,1.0,0.0,Low,0,Low Risk - Low Activity
67796832,0.0,1,0,0.0,1.0,0.0,0.0,Low,0,Low Risk - Low Activity
67809182,0.0,1,0,0.0,0.0,1.0,0.0,Low,0,Low Risk - Low Activity
67814203,0.0,1,0,0.0,0.0,1.0,0.0,Low,0,Low Risk - Low Activity
67829897,0.0,1,0,1.0,0.0,0.0,0.0,Low,1,Low Risk - Low Activity
67860983,0.0,1,0,0.0,1.0,0.0,0.0,Low,0,Low Risk - Low Activity
67870888,0.0,1,0,0.0,0.0,1.0,0.0,Low,0,Low Risk - Low Activity
67870961,0.0,1,0,0.0,0.0,1.0,0.0,Low,0,Low Risk - Low Activity
67884224,0.0,1,0,0.0,0.0,1.0,0.0,Low,0,Low Risk - Low Activity
67917593,0.0,1,0,0.0,1.0,0.0,0.0,Low,0,Low Risk - Low Activity
67919967,0.0,1,0,0.0,0.0,1.0,0.0,Low,0,Low Risk - Low Activity
67929724,0.0,1,0,0.0,1.0,0.0,0.0,Low,0,Low Risk - Low Activity
67945509,0.0,1,0,0.0,0.0,1.0,0.0,Low,0,Low Risk - Low Activity
67945641,0.0,1,0,0.0,0.0,1.0,0.0,Low,0,Low Risk - Low Activity
67945838,0.0,1,0,0.0,1.0,0.0,0.0,Low,0,Low Risk - Low Activity
67957975,0.0,1,0,0.0,1.0,0.0,0.0,Low,0,Low Risk - Low Activity
67964431,0.0,1,0,0.0,1.0,0.0,0.0,Low,0,Low Risk - Low Activity
67970475,0.0,1,0,0.0,0.0,1.0,0.0,Low,0,Low Risk - Low Activity
68019788,0.0,1,0,0.0,1.0,0.0,0.0,Low,0,Low Risk - Low Activity
68022861,0.0,1,0,0.0,0.0,1.0,0.0,Low,0,Low Risk - Low Activity
68026758,0.0,1,0,0.0,1.0,0.0,0.0,Low,0,Low Risk - Low Activity
68039088,0.0,1,0,0.0,0.0,1.0,0.0,Low,0,Low Risk - Low Activity
68041268,0.0,1,0,0.0,0.0,1.0,0.0,Low,0,Low Risk - Low Activity
68042931,0.0,1,0,0.0,1.0,0.0,0.0,Low,0,Low Risk - Low Activity
68045985,0.0,1,0,0.0,0.0,1.0,0.0,Low,0,Low Risk - Low Activity
68071510,0.0,1,0,0.0,0.0,1.0,0.0,Low,0,Low Risk - Low Activity
68085834,0.0,1,0,0.0,0.0,1.0,0.0,Low,0,Low Risk - Low Activity
68088583,0.0,1,0,0.0,1.0,0.0,0.0,Low,0,Low Risk - Low Activity
68089084,0.0,1,0,0.0,0.0,1.0,0.0,Low,0,Low Risk - Low Activity
68099080,0.0,1,0,0.0,0.0,1.0,0.0,Low,0,Low Risk - Low Activity
68103866,0.0,1,0,0.0,0.0,1.0,0.0,Low,0,Low Risk - Low Activity
68106271,0.0,1,0,0.0,1.0,0.0,0.0,Low,0,Low Risk - Low Activity
68108760,0.0,1,0,0.0,1.0,0.0,0.0,Low,0,Low Risk - Low Activity
68121061,0.0,1,0,0.0,1.0,0.0,0.0,Low,0,Low Risk - Low Activity
68140207,0.0,1,0,0.0,0.0,1.0,0.0,Low,0,Low Risk - Low Activity
68146287,0.0,1,0,0.0,1.0,0.0,0.0,Low,0,Low Risk - Low Activity
68175706,0.0,1,0,0.0,0.0,1.0,0.0,Low,0,Low Risk - Low Activity
68177203,0.0,1,0,0.0,1.0,0.0,0.0,Low,0,Low Risk - Low Activity
68180568,0.0,1,0,0.0,1.0,0.0,0.0,Low,0,Low Risk - Low Activity
68189763,0.0,1,0,0.0,0.0,1.0,0.0,Low,0,Low Risk - Low Activity
68192230,0.0,1,0,0.0,0.0,1.0,0.0,Low,0,Low Risk - Low Activity
68203482,0.0,1,0,0.0,0.0,1.0,0.0,Low,0,Low Risk - Low Activity
68226462,0.0,1,0,0.0,0.0,1.0,0.0,Low,0,Low Risk - Low Activity
68241304,0.0,1,0,0.0,0.0,1.0,0.0,Low,0,Low Risk - Low Activity
68249841,0.0,1,0,0.0,1.0,0.0,0.0,Low,0,Low Risk - Low Activity
68264878,0.0,1,0,0.0,1.0,0.0,0.0,Low,0,Low Risk - Low Activity
68272824,0.0,1,0,0.0,1.0,0.0,0.0,Low,0,Low Risk - Low Activity
68282230,0.0,1,0,0.0,0.0,1.0,0.0,Low,0,Low Risk - Low Activity
68283664,0.0,1,0,0.0,0.0,1.0,0.0,Low,0,Low Risk - Low Activity
68330660,0.0,2,0,0.0,0.5,0.5,0.0,Medium,2,Low Risk - Low Activity
68332005,0.0,1,0,0.0,1.0,0.0,0.0,Low,0,Low Risk - Low Activity
68333823,0.0,1,0,0.0,0.0,1.0,0.0,Low,0,Low Risk - Low Activity
68337775,0.0,1,0,0.0,1.0,0.0,0.0,Low,0,Low Risk - Low Activity
68342991,0.0,1,0,0.0,1.0,0.0,0.0,Low,0,Low Risk - Low Activity
68349520,0.0,1,0,0.0,0.0,1.0,0.0,Low,0,Low Risk - Low Activity
68352970,0.0,1,0,0.0,1.0,0.0,0.0,Low,0,Low Risk - Low Activity
68361641,0.0,1,0,0.0,0.0,1.0,0.0,Low,0,Low Risk - Low Activity
68374983,0.0,1,0,0.0,0.0,1.0,0.0,Low,0,Low Risk - Low Activity
68396895,0.0,1,0,0.0,0.0,1.0,0.0,Low,0,Low Risk - Low Activity
68420294,0.0,1,0,0.0,1.0,0.0,0.0,Low,0,Low Risk - Low Activity
68426379,0.0,1,0,0.0,0.0,1.0,0.0,Low,0,Low Risk - Low Activity
68446228,0.0,1,0,0.0,0.0,1.0,0.0,Low,0,Low Risk - Low Activity
68448169,0.0,1,0,0.0,0.0,1.0,0.0,Low,0,Low Risk - Low Activity
68455478,0.0,1,0,0.0,1.0,0.0,0.0,Low,0,Low Risk - Low Activity
68464033,0.0,1,0,0.0,0.0,1.0,0.0,Low,0,Low Risk - Low Activity
68468474,0.0,1,0,0.0,1.0,0.0,0.0,Low,0,Low Risk - Low Activity
68475113,0.0,1,0,0.0,1.0,0.0,0.0,Low,0,Low Risk - Low Activity
68488901,0.0,1,0,0.0,1.0,0.0,0.0,Low,0,Low Risk - Low Activity
68491301,0.0,1,0,0.0,1.0,0.0,0.0,Low,0,Low Risk - Low Activity
68517334,0.0,1,0,0.0,1.0,0.0,0.0,Low,0,Low Risk - Low Activity
68523656,0.0,1,0,0.0,0.0,1.0,0.0,Low,0,Low Risk - Low Activity
68524471,0.0,1,0,0.0,1.0,0.0,0.0,Low,0,Low Risk - Low Activity
68530514,0.0,1,0,0.0,0.0,1.0,0.0,Low,0,Low Risk - Low Activity
68540723,0.0,1,0,0.0,0.0,1.0,0.0,Low,0,Low Risk - Low Activity
68541790,0.0,1,0,0.0,0.0,1.0,0.0,Low,0,Low Risk - Low Activity
68543885,0.0,1,0,0.0,0.0,1.0,0.0,Low,0,Low Risk - Low Activity
68545314,0.0,1,0,0.0,1.0,0.0,0.0,Low,0,Low Risk - Low Activity
68545458,0.0,1,0,0.0,1.0,0.0,0.0,Low,0,Low Risk - Low Activity
68548327,0.0,1,0,0.0,0.0,1.0,0.0,Low,0,Low Risk - Low Activity
68552503,0.0,1,0,0.0,1.0,0.0,0.0,Low,0,Low Risk - Low Activity
68561148,0.0,1,0,0.0,0.0,1.0,0.0,Low,0,Low Risk - Low Activity
68566356,0.0,1,0,0.0,1.0,0.0,0.0,Low,0,Low Risk - Low Activity
68566713,0.0,1,0,0.0,1.0,0.0,0.0,Low,0,Low Risk - Low Activity
68568678,0.0,1,0,0.0,0.0,1.0,0.0,Low,0,Low Risk - Low Activity
68578997,0.0,1,0,0.0,0.0,1.0,0.0,Low,0,Low Risk - Low Activity
68596472,0.0,1,0,0.0,0.0,1.0,0.0,Low,0,Low Risk - Low Activity
68603293,0.0,1,0,0.0,0.0,1.0,0.0,Low,0,Low Risk - Low Activity
68604886,0.0,1,0,0.0,0.0,1.0,0.0,Low,0,Low Risk - Low Activity
68612380,0.0,1,0,0.0,0.0,1.0,0.0,Low,0,Low Risk - Low Activity
68622989,0.0,1,0,0.0,0.0,1.0,0.0,Low,0,Low Risk - Low Activity
68623228,0.0,1,0,0.0,1.0,0.0,0.0,Low,0,Low Risk - Low Activity
68631521,0.0,1,0,0.0,0.0,1.0,0.0,Low,0,Low Risk - Low Activity
68636453,0.0,1,0,0.0,0.0,1.0,0.0,Low,0,Low Risk - Low Activity
68640293,0.0,1,0,0.0,1.0,0.0,0.0,Low,0,Low Risk - Low Activity
68672821,0.0,1,0,0.0,0.0,1.0,0.0,Low,0,Low Risk - Low Activity
68701649,0.0,1,0,0.0,0.0,1.0,0.0,Low,0,Low Risk - Low Activity
68704689,0.0,1,0,0.0,0.0,1.0,0.0,Low,0,Low Risk - Low Activity
68712426,0.0,1,0,0.0,1.0,0.0,0.0,Low,0,Low Risk - Low Activity
68739515,0.0,1,0,0.0,1.0,0.0,0.0,Low,0,Low Risk - Low Activity
68746941,0.0,1,0,0.0,1.0,0.0,0.0,Low,0,Low Risk - Low Activity
68763782,0.0,1,0,0.0,1.0,0.0,0.0,Low,0,Low Risk - Low Activity
68803961,0.0,1,0,0.0,0.0,1.0,0.0,Low,0,Low Risk - Low Activity
68811923,0.0,1,0,0.0,1.0,0.0,0.0,Low,0,Low Risk - Low Activity
68816762,0.0,1,0,0.0,0.0,1.0,0.0,Low,0,Low Risk - Low Activity
68833614,0.0,1,0,0.0,0.0,1.0,0.0,Low,0,Low Risk - Low Activity
68849729,0.0,1,0,0.0,0.0,1.0,0.0,Low,0,Low Risk - Low Activity
68854539,0.0,1,0,0.0,1.0,0.0,0.0,Low,0,Low Risk - Low Activity
68865562,0.0,1,0,0.0,1.0,0.0,0.0,Low,0,Low Risk - Low Activity
68871634,0.0,1,0,0.0,1.0,0.0,0.0,Low,0,Low Risk - Low Activity
68874822,0.0,1,0,0.0,1.0,0.0,0.0,Low,0,Low Risk - Low Activity
68876335,0.0,1,0,0.0,1.0,0.0,0.0,Low,0,Low Risk - Low Activity
68879959,0.0,1,0,0.0,0.0,1.0,0.0,Low,0,Low Risk - Low Activity
68888812,0.0,1,0,0.0,0.0,1.0,0.0,Low,0,Low Risk - Low Activity
68894598,0.0,1,0,0.0,1.0,0.0,0.0,Low,0,Low Risk - Low Activity
68895964,0.0,1,0,0.0,0.0,1.0,0.0,Low,0,Low Risk - Low Activity
68900063,0.0,1,0,0.0,0.0,1.0,0.0,Low,0,Low Risk - Low Activity
68901186,0.0,1,0,0.0,1.0,0.0,0.0,Low,0,Low Risk - Low Activity
68903214,0.0,1,0,0.0,1.0,0.0,0.0,Low,0,Low Risk - Low Activity
68904225,0.0,1,0,0.0,1.0,0.0,0.0,Low,0,Low Risk - Low Activity
68910912,0.0,1,0,0.0,1.0,0.0,0.0,Low,0,Low Risk - Low Activity
68924187,0.0,1,0,0.0,0.0,1.0,0.0,Low,0,Low Risk - Low Activity
68934794,0.0,1,0,0.0,0.0,1.0,0.0,Low,0,Low Risk - Low Activity
68948793,0.0,1,0,0.0,1.0,0.0,0.0,Low,0,Low Risk - Low Activity
68956422,0.0,1,0,0.0,1.0,0.0,0.0,Low,0,Low Risk - Low Activity
68960399,0.0,1,0,0.0,0.0,1.0,0.0,Low,0,Low Risk - Low Activity
68961600,0.0,1,0,0.0,0.0,1.0,0.0,Low,0,Low Risk - Low Activity
68968470,0.0,1,0,0.0,0.0,1.0,0.0,Low,0,Low Risk - Low Activity
68973126,0.0,1,0,0.0,0.0,1.0,0.0,Low,0,Low Risk - Low Activity
68988183,0.0,1,0,0.0,0.0,1.0,0.0,Low,0,Low Risk - Low Activity
68998472,0.0,1,0,0.0,1.0,0.0,0.0,Low,0,Low Risk - Low Activity
69008371,0.0,1,0,0.0,1.0,0.0,0.0,Low,0,Low Risk - Low Activity
69021196,0.0,1,0,0.0,1.0,0.0,0.0,Low,0,Low Risk - Low Activity
69022107,0.0,1,0,0.0,0.0,1.0,0.0,Low,0,Low Risk - Low Activity
69032796,0.0,1,0,0.0,0.0,1.0,0.0,Low,0,Low Risk - Low Activity
69057801,0.0,1,0,0.0,1.0,0.0,0.0,Low,0,Low Risk - Low Activity
69086291,0.0,1,0,0.0,0.0,1.0,0.0,Low,0,Low Risk - Low Activity
69087019,0.0,1,0,0.0,0.0,1.0,0.0,Low,0,Low Risk - Low Activity
69094454,0.0,1,0,0.0,0.0,1.0,0.0,Low,0,Low Risk - Low Activity
69102056,0.0,1,0,0.0,0.0,1.0,0.0,Low,0,Low Risk - Low Activity
69113741,0.0,1,0,0.0,1.0,0.0,0.0,Low,0,Low Risk - Low Activity
69120566,0.0,1,0,0.0,0.0,1.0,0.0,Low,0,Low Risk - Low Activity
69121769,0.0,1,0,0.0,0.0,1.0,0.0,Low,0,Low Risk - Low Activity
69126673,0.0,1,0,0.0,0.0,1.0,0.0,Low,0,Low Risk - Low Activity
69133304,0.0,1,0,0.0,0.0,1.0,0.0,Low,0,Low Risk - Low Activity
69140436,0.0,1,0,0.0,1.0,0.0,0.0,Low,0,Low Risk - Low Activity
69150690,0.0,1,0,0.0,0.0,1.0,0.0,Low,0,Low Risk - Low Activity
69166974,0.0,1,0,0.0,0.0,1.0,0.0,Low,0,Low Risk - Low Activity
69173954,0.0,1,0,0.0,1.0,0.0,0.0,Low,0,Low Risk - Low Activity
69175268,0.0,1,0,0.0,1.0,0.0,0.0,Low,0,Low Risk - Low Activity
69188497,0.0,1,0,0.0,1.0,0.0,0.0,Low,0,Low Risk - Low Activity
69196966,0.0,1,0,0.0,1.0,0.0,0.0,Low,0,Low Risk - Low Activity
69205249,0.0,1,0,0.0,0.0,1.0,0.0,Low,0,Low Risk - Low Activity
69209749,0.0,1,0,0.0,0.0,1.0,0.0,Low,0,Low Risk - Low Activity
69238116,0.0,1,0,0.0,0.0,1.0,0.0,Low,0,Low Risk - Low Activity
69248038,0.0,1,0,0.0,1.0,0.0,0.0,Low,0,Low Risk - Low Activity
69250725,0.0,1,0,0.0,0.0,1.0,0.0,Low,0,Low Risk - Low Activity
69278173,0.0,1,0,0.0,0.0,1.0,0.0,Low,0,Low Risk - Low Activity
69289563,0.0,1,0,0.0,1.0,0.0,0.0,Low,0,Low Risk - Low Activity
69295131,0.0,1,0,0.0,0.0,1.0,0.0,Low,0,Low Risk - Low Activity
69319997,0.0,1,0,0.0,1.0,0.0,0.0,Low,0,Low Risk - Low Activity
69338389,0.0,1,0,0.0,0.0,1.0,0.0,Low,0,Low Risk - Low Activity
69345212,0.0,1,0,0.0,0.0,1.0,0.0,Low,0,Low Risk - Low Activity
69345450,0.0,1,0,0.0,0.0,1.0,0.0,Low,0,Low Risk - Low Activity
69346890,0.0,1,0,0.0,0.0,1.0,0.0,Low,0,Low Risk - Low Activity
69349013,0.0,1,0,0.0,1.0,0.0,0.0,Low,0,Low Risk - Low Activity
69349386,0.0,1,0,0.0,1.0,0.0,0.0,Low,0,Low Risk - Low Activity
69351133,0.0,1,0,0.0,0.0,1.0,0.0,Low,0,Low Risk - Low Activity
69363977,0.0,1,0,0.0,0.0,1.0,0.0,Low,0,Low Risk - Low Activity
69366557,0.0,1,0,0.0,0.0,1.0,0.0,Low,0,Low Risk - Low Activity
69378114,0.0,1,0,0.0,0.0,1.0,0.0,Low,0,Low Risk - Low Activity
69380053,0.0,1,0,0.0,0.0,1.0,0.0,Low,0,Low Risk - Low Activity
69381261,0.0,1,0,0.0,0.0,1.0,0.0,Low,0,Low Risk - Low Activity
69381415,0.0,1,0,0.0,0.0,1.0,0.0,Low,0,Low Risk - Low Activity
69382769,0.0,1,0,0.0,0.0,1.0,0.0,Low,0,Low Risk - Low Activity
69394855,0.0,1,0,0.0,0.0,1.0,0.0,Low,0,Low Risk - Low Activity
69398379,0.0,1,0,0.0,0.0,1.0,0.0,Low,0,Low Risk - Low Activity
69399969,0.0,1,0,0.0,1.0,0.0,0.0,Low,0,Low Risk - Low Activity
69400104,0.0,1,0,0.0,1.0,0.0,0.0,Low,0,Low Risk - Low Activity
69407758,0.0,1,0,0.0,0.0,1.0,0.0,Low,0,Low Risk - Low Activity
69415905,0.0,1,0,0.0,1.0,0.0,0.0,Low,0,Low Risk - Low Activity
69422070,0.0,1,0,0.0,0.0,1.0,0.0,Low,0,Low Risk - Low Activity
69426960,0.0,1,0,0.0,0.0,1.0,0.0,Low,0,Low Risk - Low Activity
69438784,0.0,1,0,0.0,1.0,0.0,0.0,Low,0,Low Risk - Low Activity
69441214,0.0,1,0,0.0,0.0,1.0,0.0,Low,0,Low Risk - Low Activity
69454345,0.0,1,0,0.0,0.0,1.0,0.0,Low,0,Low Risk - Low Activity
69474217,0.0,1,0,0.0,1.0,0.0,0.0,Low,0,Low Risk - Low Activity
69484853,0.0,1,0,0.0,0.0,1.0,0.0,Low,0,Low Risk - Low Activity
69492342,0.0,1,0,0.0,0.0,1.0,0.0,Low,0,Low Risk - Low Activity
69543713,0.0,1,0,0.0,1.0,0.0,0.0,Low,0,Low Risk - Low Activity
69554862,0.0,1,0,0.0,0.0,1.0,0.0,Low,0,Low Risk - Low Activity
69576810,0.0,1,0,0.0,1.0,0.0,0.0,Low,0,Low Risk - Low Activity
69594316,0.0,1,0,0.0,1.0,0.0,0.0,Low,0,Low Risk - Low Activity
69623818,0.0,1,0,0.0,0.0,1.0,0.0,Low,0,Low Risk - Low Activity
69652614,0.0,1,0,0.0,0.0,1.0,0.0,Low,0,Low Risk - Low Activity
69686029,0.0,1,0,0.0,0.0,1.0,0.0,Low,0,Low Risk - Low Activity
69689406,0.0,1,0,0.0,1.0,0.0,0.0,Low,0,Low Risk - Low Activity
69694248,0.0,1,0,0.0,1.0,0.0,0.0,Low,0,Low Risk - Low Activity
69737931,0.0,1,0,0.0,1.0,0.0,0.0,Low,0,Low Risk - Low Activity
69791706,0.0,1,0,0.0,0.0,1.0,0.0,Low,0,Low Risk - Low Activity
69796940,0.0,1,0,0.0,0.0,1.0,0.0,Low,0,Low Risk - Low Activity
69797675,0.0,1,0,0.0,1.0,0.0,0.0,Low,0,Low Risk - Low Activity
69798213,0.0,1,0,0.0,1.0,0.0,0.0,Low,0,Low Risk - Low Activity
69835707,0.0,1,0,0.0,1.0,0.0,0.0,Low,0,Low Risk - Low Activity
69839739,0.0,1,0,0.0,0.0,1.0,0.0,Low,0,Low Risk - Low Activity
69841883,0.0,1,0,0.0,0.0,1.0,0.0,Low,0,Low Risk - Low Activity
69864962,0.0,1,0,0.0,1.0,0.0,0.0,Low,0,Low Risk - Low Activity
69879046,0.0,1,0,0.0,1.0,0.0,0.0,Low,0,Low Risk - Low Activity
69891939,0.0,1,0,0.0,0.0,1.0,0.0,Low,0,Low Risk - Low Activity
69925509,0.0,1,0,0.0,1.0,0.0,0.0,Low,0,Low Risk - Low Activity
69927397,0.0,1,0,0.0,0.0,1.0,0.0,Low,0,Low Risk - Low Activity
69928113,0.0,1,0,0.0,0.0,1.0,0.0,Low,0,Low Risk - Low Activity
69944632,0.0,1,0,0.0,0.0,1.0,0.0,Low,0,Low Risk - Low Activity
69949546,0.0,1,0,0.0,0.0,1.0,0.0,Low,0,Low Risk - Low Activity
69964241,0.0,1,0,0.0,0.0,1.0,0.0,Low,0,Low Risk - Low Activity
69967516,0.0,1,0,0.0,0.0,1.0,0.0,Low,0,Low Risk - Low Activity
69970347,0.0,1,0,0.0,1.0,0.0,0.0,Low,0,Low Risk - Low Activity
69992892,0.0,1,0,0.0,0.0,1.0,0.0,Low,0,Low Risk - Low Activity
69996176,0.0,1,0,0.0,0.0,1.0,0.0,Low,0,Low Risk - Low Activity
69999030,0.0,1,0,0.0,1.0,0.0,0.0,Low,0,Low Risk - Low Activity
70019047,0.0,1,0,0.0,0.0,1.0,0.0,Low,0,Low Risk - Low Activity
70021833,0.0,1,0,0.0,1.0,0.0,0.0,Low,0,Low Risk - Low Activity
70030741,0.0,1,0,0.0,0.0,1.0,0.0,Low,0,Low Risk - Low Activity
70070162,0.0,1,0,0.0,0.0,1.0,0.0,Low,0,Low Risk - Low Activity
70075892,0.0,1,0,0.0,0.0,1.0,0.0,Low,0,Low Risk - Low Activity
70094307,0.0,1,0,0.0,0.0,1.0,0.0,Low,0,Low Risk - Low Activity
70113811,0.0,1,0,0.0,1.0,0.0,0.0,Low,0,Low Risk - Low Activity
70116456,0.0,1,0,0.0,0.0,1.0,0.0,Low,0,Low Risk - Low Activity
70132015,0.0,1,0,0.0,0.0,1.0,0.0,Low,0,Low Risk - Low Activity
70143000,0.0,1,0,0.0,0.0,1.0,0.0,Low,0,Low Risk - Low Activity
70143861,0.0,1,0,0.0,0.0,1.0,0.0,Low,0,Low Risk - Low Activity
70144415,0.0,1,0,0.0,0.0,1.0,0.0,Low,0,Low Risk - Low Activity
70151221,0.0,1,0,0.0,1.0,0.0,0.0,Low,0,Low Risk - Low Activity
70154044,0.0,1,0,0.0,0.0,1.0,0.0,Low,0,Low Risk - Low Activity
70173054,0.0,1,0,0.0,1.0,0.0,0.0,Low,0,Low Risk - Low Activity
70189401,0.0,1,0,0.0,0.0,1.0,0.0,Low,0,Low Risk - Low Activity
70192372,0.0,1,0,0.0,0.0,1.0,0.0,Low,0,Low Risk - Low Activity
70192435,0.0,1,0,0.0,1.0,0.0,0.0,Low,0,Low Risk - Low Activity
70230993,0.0,1,0,0.0,0.0,1.0,0.0,Low,0,Low Risk - Low Activity
70235383,0.0,1,0,0.0,1.0,0.0,0.0,Low,0,Low Risk - Low Activity
70236067,0.0,1,0,0.0,0.0,1.0,0.0,Low,0,Low Risk - Low Activity
70248998,0.0,1,0,0.0,1.0,0.0,0.0,Low,0,Low Risk - Low Activity
70257202,0.0,1,0,0.0,1.0,0.0,0.0,Low,0,Low Risk - Low Activity
70258705,0.0,1,0,0.0,0.0,1.0,0.0,Low,0,Low Risk - Low Activity
70258726,0.0,1,0,0.0,1.0,0.0,0.0,Low,0,Low Risk - Low Activity
70268981,0.0,1,0,0.0,0.0,1.0,0.0,Low,0,Low Risk - Low Activity
70297509,0.0,1,0,0.0,0.0,1.0,0.0,Low,0,Low Risk - Low Activity
70302207,0.0,1,0,0.0,1.0,0.0,0.0,Low,0,Low Risk - Low Activity
70304824,0.0,1,0,0.0,1.0,0.0,0.0,Low,0,Low Risk - Low Activity
70313232,0.0,1,0,0.0,0.0,1.0,0.0,Low,0,Low Risk - Low Activity
70325490,0.0,1,0,0.0,0.0,1.0,0.0,Low,0,Low Risk - Low Activity
70359598,0.0,1,0,0.0,0.0,1.0,0.0,Low,0,Low Risk - Low Activity
70370732,0.0,1,0,0.0,1.0,0.0,0.0,Low,0,Low Risk - Low Activity
70374471,0.0,1,0,0.0,1.0,0.0,0.0,Low,0,Low Risk - Low Activity
70380611,0.0,1,0,0.0,1.0,0.0,0.0,Low,0,Low Risk - Low Activity
70386767,0.0,1,0,0.0,1.0,0.0,0.0,Low,0,Low Risk - Low Activity
70395647,0.0,1,0,0.0,0.0,1.0,0.0,Low,0,Low Risk - Low Activity
70406445,0.0,1,0,0.0,0.0,1.0,0.0,Low,0,Low Risk - Low Activity
70425102,0.0,1,0,0.0,0.0,1.0,0.0,Low,0,Low Risk - Low Activity
70447790,0.0,1,0,0.0,0.0,1.0,0.0,Low,0,Low Risk - Low Activity
70453834,0.0,1,0,0.0,0.0,1.0,0.0,Low,0,Low Risk - Low Activity
70457087,0.0,1,0,0.0,1.0,0.0,0.0,Low,0,Low Risk - Low Activity
70465569,0.0,1,0,0.0,0.0,1.0,0.0,Low,0,Low Risk - Low Activity
70489306,0.0,1,0,0.0,1.0,0.0,0.0,Low,0,Low Risk - Low Activity
70491352,0.0,1,0,0.0,0.0,1.0,0.0,Low,0,Low Risk - Low Activity
70496574,0.0,1,0,0.0,1.0,0.0,0.0,Low,0,Low Risk - Low Activity
70502087,0.0,1,0,0.0,1.0,0.0,0.0,Low,0,Low Risk - Low Activity
70505381,0.0,1,0,0.0,0.0,1.0,0.0,Low,0,Low Risk - Low Activity
70531274,0.0,1,0,0.0,0.0,1.0,0.0,Low,0,Low Risk - Low Activity
70537505,0.0,1,0,0.0,0.0,1.0,0.0,Low,0,Low Risk - Low Activity
70538020,0.0,1,0,0.0,1.0,0.0,0.0,Low,0,Low Risk - Low Activity
70540152,0.0,1,0,0.0,0.0,1.0,0.0,Low,0,Low Risk - Low Activity
70543359,0.0,1,0,0.0,0.0,1.0,0.0,Low,0,Low Risk - Low Activity
70550600,0.0,1,0,0.0,0.0,1.0,0.0,Low,0,Low Risk - Low Activity
70565704,0.0,1,0,0.0,1.0,0.0,0.0,Low,0,Low Risk - Low Activity
70575219,0.0,1,0,0.0,1.0,0.0,0.0,Low,0,Low Risk - Low Activity
70582630,0.0,1,0,0.0,0.0,1.0,0.0,Low,0,Low Risk - Low Activity
70592181,0.0,1,0,0.0,1.0,0.0,0.0,Low,0,Low Risk - Low Activity
70617327,0.0,1,0,0.0,0.0,1.0,0.0,Low,0,Low Risk - Low Activity
70624457,0.0,1,0,0.0,1.0,0.0,0.0,Low,0,Low Risk - Low Activity
70636497,0.0,1,0,0.0,1.0,0.0,0.0,Low,0,Low Risk - Low Activity
70642500,0.0,1,0,0.0,1.0,0.0,0.0,Low,0,Low Risk - Low Activity
70643098,0.0,1,0,0.0,0.0,1.0,0.0,Low,0,Low Risk - Low Activity
70645857,0.0,1,0,0.0,1.0,0.0,0.0,Low,0,Low Risk - Low Activity
70648838,0.0,1,0,0.0,1.0,0.0,0.0,Low,0,Low Risk - Low Activity
70661242,0.0,1,0,0.0,1.0,0.0,0.0,Low,0,Low Risk - Low Activity
70663253,0.0,1,0,0.0,0.0,1.0,0.0,Low,0,Low Risk - Low Activity
70664388,0.0,1,0,0.0,1.0,0.0,0.0,Low,0,Low Risk - Low Activity
70665630,0.0,1,0,0.0,0.0,1.0,0.0,Low,0,Low Risk - Low Activity
70679513,0.0,1,0,0.0,1.0,0.0,0.0,Low,0,Low Risk - Low Activity
70722852,0.0,1,0,0.0,0.0,1.0,0.0,Low,0,Low Risk - Low Activity
70760094,0.0,1,0,0.0,1.0,0.0,0.0,Low,0,Low Risk - Low Activity
70773896,0.0,1,0,0.0,0.0,1.0,0.0,Low,0,Low Risk - Low Activity
70783768,0.0,1,0,0.0,1.0,0.0,0.0,Low,0,Low Risk - Low Activity
70801517,0.0,1,0,0.0,0.0,1.0,0.0,Low,0,Low Risk - Low Activity
70812191,0.0,1,0,0.0,0.0,1.0,0.0,Low,0,Low Risk - Low Activity
70826306,0.0,1,0,0.0,1.0,0.0,0.0,Low,0,Low Risk - Low Activity
70870294,0.0,1,0,0.0,0.0,1.0,0.0,Low,0,Low Risk - Low Activity
70888608,0.0,1,0,0.0,0.0,1.0,0.0,Low,0,Low Risk - Low Activity
70891512,0.0,1,0,0.0,0.0,1.0,0.0,Low,0,Low Risk - Low Activity
70902722,0.0,1,0,0.0,1.0,0.0,0.0,Low,0,Low Risk - Low Activity
70907015,0.0,1,0,1.0,0.0,0.0,0.0,Low,1,Low Risk - Low Activity
70918664,0.0,1,0,0.0,0.0,1.0,0.0,Low,0,Low Risk - Low Activity
70922627,0.0,1,0,0.0,1.0,0.0,0.0,Low,0,Low Risk - Low Activity
70923601,0.0,1,0,0.0,1.0,0.0,0.0,Low,0,Low Risk - Low Activity
70925889,0.0,1,0,0.0,0.0,1.0,0.0,Low,0,Low Risk - Low Activity
70930573,0.0,1,0,0.0,1.0,0.0,0.0,Low,0,Low Risk - Low Activity
70985977,0.0,1,0,0.0,0.0,1.0,0.0,Low,0,Low Risk - Low Activity
70986576,0.0,1,0,0.0,0.0,1.0,0.0,Low,0,Low Risk - Low Activity
70998343,0.0,1,0,0.0,0.0,1.0,0.0,Low,0,Low Risk - Low Activity
71000100,0.0,1,0,0.0,0.0,1.0,0.0,Low,0,Low Risk - Low Activity
71005221,0.0,1,0,0.0,0.0,1.0,0.0,Low,0,Low Risk - Low Activity
71009679,0.0,1,0,0.0,1.0,0.0,0.0,Low,0,Low Risk - Low Activity
71012889,0.0,1,0,0.0,0.0,1.0,0.0,Low,0,Low Risk - Low Activity
71013165,0.0,1,0,0.0,0.0,1.0,0.0,Low,0,Low Risk - Low Activity
71015806,0.0,1,0,0.0,0.0,1.0,0.0,Low,0,Low Risk - Low Activity
71025014,0.0,1,0,0.0,1.0,0.0,0.0,Low,0,Low Risk - Low Activity
71058970,0.0,1,0,0.0,0.0,1.0,0.0,Low,0,Low Risk - Low Activity
71071112,0.0,1,0,0.0,0.0,1.0,0.0,Low,0,Low Risk - Low Activity
71082868,0.0,1,0,0.0,1.0,0.0,0.0,Low,0,Low Risk - Low Activity
71106594,0.0,1,0,0.0,0.0,1.0,0.0,Low,0,Low Risk - Low Activity
71125370,0.0,1,0,0.0,0.0,1.0,0.0,Low,0,Low Risk - Low Activity
71127495,0.0,1,0,0.0,1.0,0.0,0.0,Low,0,Low Risk - Low Activity
71127682,0.0,1,0,0.0,1.0,0.0,0.0,Low,0,Low Risk - Low Activity
71145844,0.0,1,0,0.0,0.0,1.0,0.0,Low,0,Low Risk - Low Activity
71146403,0.0,1,0,0.0,0.0,1.0,0.0,Low,0,Low Risk - Low Activity
71154751,0.0,1,0,0.0,0.0,1.0,0.0,Low,0,Low Risk - Low Activity
71159994,0.0,1,0,0.0,1.0,0.0,0.0,Low,0,Low Risk - Low Activity
71180915,0.0,1,0,0.0,0.0,1.0,0.0,Low,0,Low Risk - Low Activity
71184903,0.0,1,0,0.0,0.0,1.0,0.0,Low,0,Low Risk - Low Activity
71193327,0.0,1,0,0.0,0.0,1.0,0.0,Low,0,Low Risk - Low Activity
71193801,0.0,1,0,0.0,1.0,0.0,0.0,Low,0,Low Risk - Low Activity
71204724,0.0,1,0,0.0,0.0,1.0,0.0,Low,0,Low Risk - Low Activity
71226083,0.0,1,0,0.0,1.0,0.0,0.0,Low,0,Low Risk - Low Activity
71260425,0.0,1,0,0.0,0.0,1.0,0.0,Low,0,Low Risk - Low Activity
71273349,0.0,1,0,0.0,1.0,0.0,0.0,Low,0,Low Risk - Low Activity
71279427,0.0,1,0,0.0,0.0,1.0,0.0,Low,0,Low Risk - Low Activity
71318278,0.0,1,0,0.0,0.0,1.0,0.0,Low,0,Low Risk - Low Activity
71335057,0.0,1,0,0.0,0.0,1.0,0.0,Low,0,Low Risk - Low Activity
71348615,0.0,1,0,0.0,1.0,0.0,0.0,Low,0,Low Risk - Low Activity
71352582,0.0,1,0,0.0,0.0,1.0,0.0,Low,0,Low Risk - Low Activity
71353108,0.0,1,0,0.0,0.0,1.0,0.0,Low,0,Low Risk - Low Activity
71358064,0.0,1,0,0.0,0.0,1.0,0.0,Low,0,Low Risk - Low Activity
71362181,0.0,1,0,0.0,0.0,1.0,0.0,Low,0,Low Risk - Low Activity
71363809,0.0,1,0,0.0,0.0,1.0,0.0,Low,0,Low Risk - Low Activity
71376157,0.0,1,0,0.0,1.0,0.0,0.0,Low,0,Low Risk - Low Activity
71377783,0.0,1,0,0.0,0.0,1.0,0.0,Low,0,Low Risk - Low Activity
71390388,0.0,1,0,0.0,0.0,1.0,0.0,Low,0,Low Risk - Low Activity
71403605,0.0,1,0,0.0,0.0,1.0,0.0,Low,0,Low Risk - Low Activity
71407240,0.0,1,0,0.0,0.0,1.0,0.0,Low,0,Low Risk - Low Activity
71416835,0.0,1,0,0.0,1.0,0.0,0.0,Low,0,Low Risk - Low Activity
71417478,0.0,1,0,0.0,0.0,1.0,0.0,Low,0,Low Risk - Low Activity
71427443,0.0,1,0,0.0,0.0,1.0,0.0,Low,0,Low Risk - Low Activity
71452922,0.0,1,0,0.0,0.0,1.0,0.0,Low,0,Low Risk - Low Activity
71455564,0.0,1,0,0.0,0.0,1.0,0.0,Low,0,Low Risk - Low Activity
71470823,0.0,1,0,0.0,1.0,0.0,0.0,Low,0,Low Risk - Low Activity
71496569,0.0,1,0,0.0,0.0,1.0,0.0,Low,0,Low Risk - Low Activity
71506105,0.0,1,0,0.0,1.0,0.0,0.0,Low,0,Low Risk - Low Activity
71531524,0.0,1,0,0.0,1.0,0.0,0.0,Low,0,Low Risk - Low Activity
71534669,0.0,1,0,0.0,0.0,1.0,0.0,Low,0,Low Risk - Low Activity
71538231,0.0,1,0,0.0,0.0,1.0,0.0,Low,0,Low Risk - Low Activity
71540312,0.0,1,0,0.0,1.0,0.0,0.0,Low,0,Low Risk - Low Activity
71556270,0.0,1,0,0.0,1.0,0.0,0.0,Low,0,Low Risk - Low Activity
71557790,0.0,1,0,0.0,0.0,1.0,0.0,Low,0,Low Risk - Low Activity
71567246,0.0,1,0,0.0,1.0,0.0,0.0,Low,0,Low Risk - Low Activity
71568269,0.0,1,0,0.0,1.0,0.0,0.0,Low,0,Low Risk - Low Activity
71572385,0.0,1,0,0.0,1.0,0.0,0.0,Low,0,Low Risk - Low Activity
71576173,0.0,1,0,0.0,0.0,1.0,0.0,Low,0,Low Risk - Low Activity
71599474,0.0,1,0,0.0,0.0,1.0,0.0,Low,0,Low Risk - Low Activity
71609206,0.0,1,0,0.0,1.0,0.0,0.0,Low,0,Low Risk - Low Activity
71611240,0.0,1,0,0.0,1.0,0.0,0.0,Low,0,Low Risk - Low Activity
71619387,0.0,1,0,0.0,0.0,1.0,0.0,Low,0,Low Risk - Low Activity
71639682,0.0,1,0,0.0,0.0,1.0,0.0,Low,0,Low Risk - Low Activity
71650888,0.0,1,0,0.0,0.0,1.0,0.0,Low,0,Low Risk - Low Activity
71653660,0.0,1,0,0.0,0.0,1.0,0.0,Low,0,Low Risk - Low Activity
71654885,0.0,1,0,0.0,0.0,1.0,0.0,Low,0,Low Risk - Low Activity
71657721,0.0,1,0,0.0,0.0,1.0,0.0,Low,0,Low Risk - Low Activity
71666361,0.0,1,0,0.0,1.0,0.0,0.0,Low,0,Low Risk - Low Activity
71672095,0.0,1,0,0.0,0.0,1.0,0.0,Low,0,Low Risk - Low Activity
71681870,0.0,1,0,0.0,0.0,1.0,0.0,Low,0,Low Risk - Low Activity
71740661,0.0,1,0,0.0,1.0,0.0,0.0,Low,0,Low Risk - Low Activity
71744614,0.0,1,0,0.0,1.0,0.0,0.0,Low,0,Low Risk - Low Activity
71751908,0.0,1,0,0.0,1.0,0.0,0.0,Low,0,Low Risk - Low Activity
71763457,0.0,1,0,0.0,0.0,1.0,0.0,Low,0,Low Risk - Low Activity
71765289,0.0,1,0,0.0,1.0,0.0,0.0,Low,0,Low Risk - Low Activity
71775992,0.0,1,0,0.0,0.0,1.0,0.0,Low,0,Low Risk - Low Activity
71778243,0.0,1,0,0.0,1.0,0.0,0.0,Low,0,Low Risk - Low Activity
71816363,0.0,1,0,0.0,0.0,1.0,0.0,Low,0,Low Risk - Low Activity
71820196,0.0,1,0,0.0,1.0,0.0,0.0,Low,0,Low Risk - Low Activity
71827759,0.0,1,0,0.0,0.0,1.0,0.0,Low,0,Low Risk - Low Activity
71837811,0.0,1,0,0.0,1.0,0.0,0.0,Low,0,Low Risk - Low Activity
71857232,0.0,1,0,0.0,0.0,1.0,0.0,Low,0,Low Risk - Low Activity
71867509,0.0,1,0,0.0,1.0,0.0,0.0,Low,0,Low Risk - Low Activity
71872765,0.0,1,0,0.0,1.0,0.0,0.0,Low,0,Low Risk - Low Activity
71887789,0.0,1,0,0.0,0.0,1.0,0.0,Low,0,Low Risk - Low Activity
71897950,0.0,1,0,0.0,0.0,1.0,0.0,Low,0,Low Risk - Low Activity
71910619,0.0,1,0,0.0,1.0,0.0,0.0,Low,0,Low Risk - Low Activity
71919598,0.0,1,0,0.0,0.0,1.0,0.0,Low,0,Low Risk - Low Activity
71922078,0.0,1,0,0.0,0.0,1.0,0.0,Low,0,Low Risk - Low Activity
71949128,0.0,1,0,0.0,0.0,1.0,0.0,Low,0,Low Risk - Low Activity
71953055,0.0,1,0,0.0,0.0,1.0,0.0,Low,0,Low Risk - Low Activity
71956732,0.0,1,0,0.0,1.0,0.0,0.0,Low,0,Low Risk - Low Activity
71962766,0.0,1,0,0.0,1.0,0.0,0.0,Low,0,Low Risk - Low Activity
71972377,0.0,1,0,0.0,0.0,1.0,0.0,Low,0,Low Risk - Low Activity
71986378,0.0,1,0,0.0,1.0,0.0,0.0,Low,0,Low Risk - Low Activity
71989838,0.0,1,0,0.0,1.0,0.0,0.0,Low,0,Low Risk - Low Activity
71992557,0.0,1,0,0.0,0.0,1.0,0.0,Low,0,Low Risk - Low Activity
71999399,0.0,1,0,0.0,0.0,1.0,0.0,Low,0,Low Risk - Low Activity
72008001,0.0,1,0,0.0,0.0,1.0,0.0,Low,0,Low Risk - Low Activity
72012688,0.0,1,0,0.0,1.0,0.0,0.0,Low,0,Low Risk - Low Activity
72027299,0.0,1,0,0.0,1.0,0.0,0.0,Low,0,Low Risk - Low Activity
72029116,0.0,1,0,0.0,1.0,0.0,0.0,Low,0,Low Risk - Low Activity
72037761,0.0,1,0,0.0,1.0,0.0,0.0,Low,0,Low Risk - Low Activity
72037792,0.0,1,0,0.0,1.0,0.0,0.0,Low,0,Low Risk - Low Activity
72044719,0.0,1,0,0.0,0.0,1.0,0.0,Low,0,Low Risk - Low Activity
72073489,0.0,1,0,0.0,0.0,1.0,0.0,Low,0,Low Risk - Low Activity
72084655,0.0,1,0,0.0,1.0,0.0,0.0,Low,0,Low Risk - Low Activity
72084781,0.0,1,0,0.0,0.0,1.0,0.0,Low,0,Low Risk - Low Activity
72098706,0.0,1,0,0.0,0.0,1.0,0.0,Low,0,Low Risk - Low Activity
72106811,0.0,1,0,0.0,0.0,1.0,0.0,Low,0,Low Risk - Low Activity
72135515,0.0,1,0,0.0,1.0,0.0,0.0,Low,0,Low Risk - Low Activity
72139390,0.0,1,0,0.0,1.0,0.0,0.0,Low,0,Low Risk - Low Activity
72139840,0.0,1,0,0.0,0.0,1.0,0.0,Low,0,Low Risk - Low Activity
72152427,0.0,1,0,0.0,1.0,0.0,0.0,Low,0,Low Risk - Low Activity
72162994,0.0,1,0,0.0,0.0,1.0,0.0,Low,0,Low Risk - Low Activity
72173744,0.0,1,0,0.0,1.0,0.0,0.0,Low,0,Low Risk - Low Activity
72174520,0.0,1,0,0.0,0.0,1.0,0.0,Low,0,Low Risk - Low Activity
72180151,0.0,1,0,0.0,0.0,1.0,0.0,Low,0,Low Risk - Low Activity
72189539,0.0,1,0,0.0,0.0,1.0,0.0,Low,0,Low Risk - Low Activity
72194501,0.0,1,0,0.0,0.0,1.0,0.0,Low,0,Low Risk - Low Activity
72202598,0.0,1,0,0.0,0.0,1.0,0.0,Low,0,Low Risk - Low Activity
72210223,0.0,1,0,0.0,0.0,1.0,0.0,Low,0,Low Risk - Low Activity
72214090,0.0,1,0,0.0,0.0,1.0,0.0,Low,0,Low Risk - Low Activity
72237311,0.0,1,0,0.0,0.0,1.0,0.0,Low,0,Low Risk - Low Activity
72244628,0.0,1,0,0.0,1.0,0.0,0.0,Low,0,Low Risk - Low Activity
72253693,0.0,1,0,0.0,1.0,0.0,0.0,Low,0,Low Risk - Low Activity
72262659,0.0,1,0,0.0,0.0,1.0,0.0,Low,0,Low Risk - Low Activity
72265922,0.0,1,0,0.0,0.0,1.0,0.0,Low,0,Low Risk - Low Activity
72269936,0.0,1,0,0.0,0.0,1.0,0.0,Low,0,Low Risk - Low Activity
72272722,0.0,1,0,0.0,1.0,0.0,0.0,Low,0,Low Risk - Low Activity
72300768,0.0,1,0,0.0,0.0,1.0,0.0,Low,0,Low Risk - Low Activity
72319193,0.0,1,0,0.0,0.0,1.0,0.0,Low,0,Low Risk - Low Activity
72331393,0.0,1,0,0.0,1.0,0.0,0.0,Low,0,Low Risk - Low Activity
72353416,0.0,1,0,0.0,0.0,1.0,0.0,Low,0,Low Risk - Low Activity
72375886,0.0,1,0,0.0,0.0,1.0,0.0,Low,0,Low Risk - Low Activity
72382631,0.0,1,0,0.0,0.0,1.0,0.0,Low,0,Low Risk - Low Activity
72385319,0.0,1,0,0.0,0.0,1.0,0.0,Low,0,Low Risk - Low Activity
72387254,0.0,1,0,0.0,0.0,1.0,0.0,Low,0,Low Risk - Low Activity
72396733,0.0,1,0,0.0,0.0,1.0,0.0,Low,0,Low Risk - Low Activity
72405621,0.0,1,0,0.0,0.0,1.0,0.0,Low,0,Low Risk - Low Activity
72406783,0.0,1,0,0.0,1.0,0.0,0.0,Low,0,Low Risk - Low Activity
72418420,0.0,1,0,0.0,0.0,1.0,0.0,Low,0,Low Risk - Low Activity
72425790,0.0,1,0,0.0,0.0,1.0,0.0,Low,0,Low Risk - Low Activity
72428107,0.0,1,0,0.0,1.0,0.0,0.0,Low,0,Low Risk - Low Activity
72450141,0.0,1,0,0.0,1.0,0.0,0.0,Low,0,Low Risk - Low Activity
72457850,0.0,1,0,0.0,0.0,1.0,0.0,Low,0,Low Risk - Low Activity
72466401,0.0,1,0,0.0,0.0,1.0,0.0,Low,0,Low Risk - Low Activity
72475081,0.0,1,0,0.0,1.0,0.0,0.0,Low,0,Low Risk - Low Activity
72476208,0.0,1,0,0.0,0.0,1.0,0.0,Low,0,Low Risk - Low Activity
72487167,0.0,1,0,0.0,1.0,0.0,0.0,Low,0,Low Risk - Low Activity
72497688,0.0,1,0,0.0,0.0,1.0,0.0,Low,0,Low Risk - Low Activity
72510434,0.0,1,0,0.0,0.0,1.0,0.0,Low,0,Low Risk - Low Activity
72512875,0.0,1,0,0.0,0.0,1.0,0.0,Low,0,Low Risk - Low Activity
72522284,0.0,1,0,0.0,1.0,0.0,0.0,Low,0,Low Risk - Low Activity
72529068,0.0,1,0,0.0,1.0,0.0,0.0,Low,0,Low Risk - Low Activity
72539790,0.0,1,0,0.0,1.0,0.0,0.0,Low,0,Low Risk - Low Activity
72555432,0.0,1,0,0.0,1.0,0.0,0.0,Low,0,Low Risk - Low Activity
72590296,0.0,1,0,0.0,1.0,0.0,0.0,Low,0,Low Risk - Low Activity
72612832,0.0,1,0,0.0,0.0,1.0,0.0,Low,0,Low Risk - Low Activity
72621649,0.0,1,0,0.0,0.0,1.0,0.0,Low,0,Low Risk - Low Activity
72621772,0.0,1,0,0.0,0.0,1.0,0.0,Low,0,Low Risk - Low Activity
72636862,0.0,1,0,0.0,1.0,0.0,0.0,Low,0,Low Risk - Low Activity
72642686,0.0,1,0,0.0,0.0,1.0,0.0,Low,0,Low Risk - Low Activity
72642803,0.0,1,0,0.0,0.0,1.0,0.0,Low,0,Low Risk - Low Activity
72646517,0.0,1,0,0.0,1.0,0.0,0.0,Low,0,Low Risk - Low Activity
72652930,0.0,1,0,0.0,0.0,1.0,0.0,Low,0,Low Risk - Low Activity
72662806,0.0,1,0,0.0,0.0,1.0,0.0,Low,0,Low Risk - Low Activity
72689596,0.0,1,0,0.0,0.0,1.0,0.0,Low,0,Low Risk - Low Activity
72721630,0.0,1,0,0.0,1.0,0.0,0.0,Low,0,Low Risk - Low Activity
72722478,0.0,1,0,0.0,1.0,0.0,0.0,Low,0,Low Risk - Low Activity
72727067,0.0,1,0,0.0,0.0,1.0,0.0,Low,0,Low Risk - Low Activity
72740211,0.0,1,0,0.0,1.0,0.0,0.0,Low,0,Low Risk - Low Activity
72741359,0.0,1,0,0.0,0.0,1.0,0.0,Low,0,Low Risk - Low Activity
72744106,0.0,1,0,0.0,1.0,0.0,0.0,Low,0,Low Risk - Low Activity
72752719,0.0,1,0,0.0,0.0,1.0,0.0,Low,0,Low Risk - Low Activity
72753471,0.0,1,0,0.0,0.0,1.0,0.0,Low,0,Low Risk - Low Activity
72753892,0.0,1,0,0.0,0.0,1.0,0.0,Low,0,Low Risk - Low Activity
72774907,0.0,1,0,0.0,1.0,0.0,0.0,Low,0,Low Risk - Low Activity
72781080,0.0,1,0,0.0,0.0,1.0,0.0,Low,0,Low Risk - Low Activity
72787858,0.0,1,0,0.0,0.0,1.0,0.0,Low,0,Low Risk - Low Activity
72811295,0.0,1,0,0.0,1.0,0.0,0.0,Low,0,Low Risk - Low Activity
72835860,0.0,1,0,0.0,0.0,1.0,0.0,Low,0,Low Risk - Low Activity
72854291,0.0,1,0,0.0,0.0,1.0,0.0,Low,0,Low Risk - Low Activity
72891694,0.0,1,0,0.0,0.0,1.0,0.0,Low,0,Low Risk - Low Activity
72893966,0.0,1,0,0.0,1.0,0.0,0.0,Low,0,Low Risk - Low Activity
72895167,0.0,1,0,0.0,0.0,1.0,0.0,Low,0,Low Risk - Low Activity
72904224,0.0,1,0,0.0,0.0,1.0,0.0,Low,0,Low Risk - Low Activity
72924739,0.0,1,0,1.0,0.0,0.0,0.0,Low,1,Low Risk - Low Activity
72941298,0.0,1,0,0.0,0.0,1.0,0.0,Low,0,Low Risk - Low Activity
72945807,0.0,1,0,0.0,0.0,1.0,0.0,Low,0,Low Risk - Low Activity
72947612,0.0,1,0,0.0,0.0,1.0,0.0,Low,0,Low Risk - Low Activity
72960621,0.0,1,0,0.0,1.0,0.0,0.0,Low,0,Low Risk - Low Activity
72962160,0.0,1,0,0.0,0.0,1.0,0.0,Low,0,Low Risk - Low Activity
72965247,0.0,1,0,0.0,0.0,1.0,0.0,Low,0,Low Risk - Low Activity
72984044,0.0,1,0,0.0,1.0,0.0,0.0,Low,0,Low Risk - Low Activity
72990165,0.0,1,0,0.0,0.0,1.0,0.0,Low,0,Low Risk - Low Activity
73014124,0.0,1,0,0.0,0.0,1.0,0.0,Low,0,Low Risk - Low Activity
73015802,0.0,1,0,0.0,1.0,0.0,0.0,Low,0,Low Risk - Low Activity
73021310,0.0,1,0,0.0,1.0,0.0,0.0,Low,0,Low Risk - Low Activity
73028906,0.0,1,0,0.0,0.0,1.0,0.0,Low,0,Low Risk - Low Activity
73029353,0.0,1,0,0.0,1.0,0.0,0.0,Low,0,Low Risk - Low Activity
73050976,0.0,1,0,0.0,0.0,1.0,0.0,Low,0,Low Risk - Low Activity
73050986,0.0,1,0,0.0,0.0,1.0,0.0,Low,0,Low Risk - Low Activity
73053403,0.0,1,0,0.0,1.0,0.0,0.0,Low,0,Low Risk - Low Activity
73053908,0.0,1,0,0.0,0.0,1.0,0.0,Low,0,Low Risk - Low Activity
73054096,0.0,1,0,0.0,0.0,1.0,0.0,Low,0,Low Risk - Low Activity
73057049,0.0,1,0,0.0,0.0,1.0,0.0,Low,0,Low Risk - Low Activity
73058017,0.0,1,0,0.0,0.0,1.0,0.0,Low,0,Low Risk - Low Activity
73067325,0.0,1,0,0.0,1.0,0.0,0.0,Low,0,Low Risk - Low Activity
73074238,0.0,1,0,0.0,0.0,1.0,0.0,Low,0,Low Risk - Low Activity
73080105,0.0,1,0,0.0,1.0,0.0,0.0,Low,0,Low Risk - Low Activity
73082376,0.0,1,0,0.0,1.0,0.0,0.0,Low,0,Low Risk - Low Activity
73097936,0.0,1,0,0.0,0.0,1.0,0.0,Low,0,Low Risk - Low Activity
73109142,0.0,1,0,0.0,0.0,1.0,0.0,Low,0,Low Risk - Low Activity
73110345,0.0,1,0,0.0,1.0,0.0,0.0,Low,0,Low Risk - Low Activity
73115435,0.0,1,0,0.0,1.0,0.0,0.0,Low,0,Low Risk - Low Activity
73125596,0.0,1,0,0.0,1.0,0.0,0.0,Low,0,Low Risk - Low Activity
73171292,0.0,1,0,0.0,0.0,1.0,0.0,Low,0,Low Risk - Low Activity
73199703,0.0,1,0,0.0,0.0,1.0,0.0,Low,0,Low Risk - Low Activity
73203174,0.0,1,0,0.0,1.0,0.0,0.0,Low,0,Low Risk - Low Activity
73203927,0.0,1,0,0.0,0.0,1.0,0.0,Low,0,Low Risk - Low Activity
73204497,0.0,1,0,0.0,0.0,1.0,0.0,Low,0,Low Risk - Low Activity
73207911,0.0,1,0,0.0,0.0,1.0,0.0,Low,0,Low Risk - Low Activity
73224146,0.0,1,0,0.0,0.0,1.0,0.0,Low,0,Low Risk - Low Activity
73231673,0.0,1,0,0.0,1.0,0.0,0.0,Low,0,Low Risk - Low Activity
73236148,0.0,1,0,1.0,0.0,0.0,0.0,Low,1,Low Risk - Low Activity
73257334,0.0,1,0,0.0,0.0,1.0,0.0,Low,0,Low Risk - Low Activity
73273811,0.0,1,0,0.0,1.0,0.0,0.0,Low,0,Low Risk - Low Activity
73278716,0.0,1,0,0.0,0.0,1.0,0.0,Low,0,Low Risk - Low Activity
73287058,0.0,1,0,0.0,1.0,0.0,0.0,Low,0,Low Risk - Low Activity
73287576,0.0,1,0,0.0,1.0,0.0,0.0,Low,0,Low Risk - Low Activity
73294126,0.0,1,0,0.0,1.0,0.0,0.0,Low,0,Low Risk - Low Activity
73303900,0.0,1,0,0.0,0.0,1.0,0.0,Low,0,Low Risk - Low Activity
73313051,0.0,1,0,0.0,0.0,1.0,0.0,Low,0,Low Risk - Low Activity
73319362,0.0,1,0,0.0,0.0,1.0,0.0,Low,0,Low Risk - Low Activity
73325109,0.0,1,0,0.0,0.0,1.0,0.0,Low,0,Low Risk - Low Activity
73325341,0.0,1,0,0.0,0.0,1.0,0.0,Low,0,Low Risk - Low Activity
73326651,0.0,1,0,0.0,0.0,1.0,0.0,Low,0,Low Risk - Low Activity
73342693,0.0,1,0,0.0,1.0,0.0,0.0,Low,0,Low Risk - Low Activity
73343544,0.0,1,0,0.0,0.0,1.0,0.0,Low,0,Low Risk - Low Activity
73349495,0.0,1,0,0.0,0.0,1.0,0.0,Low,0,Low Risk - Low Activity
73366913,0.0,1,0,0.0,0.0,1.0,0.0,Low,0,Low Risk - Low Activity
73384668,0.0,1,0,0.0,1.0,0.0,0.0,Low,0,Low Risk - Low Activity
73384763,0.0,1,0,0.0,0.0,1.0,0.0,Low,0,Low Risk - Low Activity
73387386,0.0,1,0,0.0,1.0,0.0,0.0,Low,0,Low Risk - Low Activity
73391300,0.0,1,0,0.0,1.0,0.0,0.0,Low,0,Low Risk - Low Activity
73400369,0.0,1,0,0.0,1.0,0.0,0.0,Low,0,Low Risk - Low Activity
73404720,0.0,1,0,0.0,1.0,0.0,0.0,Low,0,Low Risk - Low Activity
73412413,0.0,1,0,0.0,1.0,0.0,0.0,Low,0,Low Risk - Low Activity
73443165,0.0,1,0,0.0,0.0,1.0,0.0,Low,0,Low Risk - Low Activity
73454172,0.0,1,0,0.0,1.0,0.0,0.0,Low,0,Low Risk - Low Activity
73465794,0.0,1,0,0.0,0.0,1.0,0.0,Low,0,Low Risk - Low Activity
73488442,0.0,1,0,0.0,0.0,1.0,0.0,Low,0,Low Risk - Low Activity
73500650,0.0,1,0,0.0,1.0,0.0,0.0,Low,0,Low Risk - Low Activity
73505477,0.0,1,0,1.0,0.0,0.0,0.0,Low,1,Low Risk - Low Activity
73510495,0.0,1,0,0.0,1.0,0.0,0.0,Low,0,Low Risk - Low Activity
73551026,0.0,1,0,0.0,1.0,0.0,0.0,Low,0,Low Risk - Low Activity
73553245,0.0,1,0,0.0,0.0,1.0,0.0,Low,0,Low Risk - Low Activity
73572308,0.0,1,0,0.0,0.0,1.0,0.0,Low,0,Low Risk - Low Activity
73575812,0.0,1,0,0.0,0.0,1.0,0.0,Low,0,Low Risk - Low Activity
73582391,0.0,1,0,0.0,0.0,1.0,0.0,Low,0,Low Risk - Low Activity
73629223,0.0,1,0,0.0,1.0,0.0,0.0,Low,0,Low Risk - Low Activity
73633753,0.0,1,0,0.0,1.0,0.0,0.0,Low,0,Low Risk - Low Activity
73644920,0.0,1,0,0.0,0.0,1.0,0.0,Low,0,Low Risk - Low Activity
73677922,0.0,1,0,0.0,0.0,1.0,0.0,Low,0,Low Risk - Low Activity
73687114,0.0,1,0,0.0,0.0,1.0,0.0,Low,0,Low Risk - Low Activity
73718499,0.0,1,0,0.0,1.0,0.0,0.0,Low,0,Low Risk - Low Activity
73719621,0.0,1,0,0.0,1.0,0.0,0.0,Low,0,Low Risk - Low Activity
73738798,0.0,1,0,0.0,1.0,0.0,0.0,Low,0,Low Risk - Low Activity
73740256,0.0,1,0,0.0,0.0,1.0,0.0,Low,0,Low Risk - Low Activity
73757173,0.0,1,0,0.0,0.0,1.0,0.0,Low,0,Low Risk - Low Activity
73759411,0.0,1,0,0.0,1.0,0.0,0.0,Low,0,Low Risk - Low Activity
73780062,0.0,1,0,0.0,1.0,0.0,0.0,Low,0,Low Risk - Low Activity
73784304,0.0,1,0,0.0,0.0,1.0,0.0,Low,0,Low Risk - Low Activity
73792462,0.0,1,0,0.0,0.0,1.0,0.0,Low,0,Low Risk - Low Activity
73797848,0.0,1,0,0.0,1.0,0.0,0.0,Low,0,Low Risk - Low Activity
73803830,0.0,1,0,0.0,1.0,0.0,0.0,Low,0,Low Risk - Low Activity
73807938,0.0,1,0,0.0,0.0,1.0,0.0,Low,0,Low Risk - Low Activity
73810090,0.0,1,0,0.0,1.0,0.0,0.0,Low,0,Low Risk - Low Activity
73816657,0.0,1,0,0.0,1.0,0.0,0.0,Low,0,Low Risk - Low Activity
73831564,0.0,1,0,0.0,0.0,1.0,0.0,Low,0,Low Risk - Low Activity
73835837,0.0,1,0,0.0,1.0,0.0,0.0,Low,0,Low Risk - Low Activity
73859584,0.0,1,0,0.0,0.0,1.0,0.0,Low,0,Low Risk - Low Activity
73868384,0.0,1,0,0.0,0.0,1.0,0.0,Low,0,Low Risk - Low Activity
73875465,0.0,1,0,0.0,1.0,0.0,0.0,Low,0,Low Risk - Low Activity
73881934,0.0,1,0,0.0,1.0,0.0,0.0,Low,0,Low Risk - Low Activity
73883773,0.0,1,0,0.0,0.0,1.0,0.0,Low,0,Low Risk - Low Activity
73885313,0.0,1,0,0.0,0.0,1.0,0.0,Low,0,Low Risk - Low Activity
73904311,0.0,1,0,0.0,0.0,1.0,0.0,Low,0,Low Risk - Low Activity
73913006,0.0,1,0,0.0,1.0,0.0,0.0,Low,0,Low Risk - Low Activity
73921695,0.0,1,0,0.0,0.0,1.0,0.0,Low,0,Low Risk - Low Activity
73923325,0.0,1,0,0.0,0.0,1.0,0.0,Low,0,Low Risk - Low Activity
73935315,0.0,1,0,0.0,1.0,0.0,0.0,Low,0,Low Risk - Low Activity
73936246,0.0,1,0,0.0,1.0,0.0,0.0,Low,0,Low Risk - Low Activity
73942373,0.0,1,0,0.0,0.0,1.0,0.0,Low,0,Low Risk - Low Activity
73949837,0.0,1,0,0.0,1.0,0.0,0.0,Low,0,Low Risk - Low Activity
73955524,0.0,1,0,0.0,1.0,0.0,0.0,Low,0,Low Risk - Low Activity
73966803,0.0,1,0,0.0,0.0,1.0,0.0,Low,0,Low Risk - Low Activity
73972104,0.0,1,0,0.0,0.0,1.0,0.0,Low,0,Low Risk - Low Activity
73975883,0.0,1,0,0.0,1.0,0.0,0.0,Low,0,Low Risk - Low Activity
73980677,0.0,1,0,0.0,0.0,1.0,0.0,Low,0,Low Risk - Low Activity
73996494,0.0,1,0,0.0,1.0,0.0,0.0,Low,0,Low Risk - Low Activity
74027885,0.0,1,0,0.0,0.0,1.0,0.0,Low,0,Low Risk - Low Activity
74029015,0.0,1,0,0.0,0.0,1.0,0.0,Low,0,Low Risk - Low Activity
74042175,0.0,1,0,0.0,1.0,0.0,0.0,Low,0,Low Risk - Low Activity
74048268,0.0,1,0,0.0,0.0,1.0,0.0,Low,0,Low Risk - Low Activity
74082370,0.0,1,0,0.0,1.0,0.0,0.0,Low,0,Low Risk - Low Activity
74086639,0.0,1,0,0.0,0.0,1.0,0.0,Low,0,Low Risk - Low Activity
74091601,0.0,1,0,0.0,1.0,0.0,0.0,Low,0,Low Risk - Low Activity
74095583,0.0,1,0,0.0,0.0,1.0,0.0,Low,0,Low Risk - Low Activity
74101994,0.0,1,0,0.0,0.0,1.0,0.0,Low,0,Low Risk - Low Activity
74114885,0.0,1,0,0.0,0.0,1.0,0.0,Low,0,Low Risk - Low Activity
74123495,0.0,1,0,0.0,0.0,1.0,0.0,Low,0,Low Risk - Low Activity
74148379,0.0,1,0,0.0,0.0,1.0,0.0,Low,0,Low Risk - Low Activity
74153108,0.0,1,0,0.0,0.0,1.0,0.0,Low,0,Low Risk - Low Activity
74154239,0.0,1,0,0.0,1.0,0.0,0.0,Low,0,Low Risk - Low Activity
74158935,0.0,1,0,0.0,1.0,0.0,0.0,Low,0,Low Risk - Low Activity
74187186,0.0,1,0,0.0,1.0,0.0,0.0,Low,0,Low Risk - Low Activity
74195266,0.0,1,0,0.0,0.0,1.0,0.0,Low,0,Low Risk - Low Activity
74195440,0.0,1,0,0.0,1.0,0.0,0.0,Low,0,Low Risk - Low Activity
74196338,0.0,1,0,0.0,0.0,1.0,0.0,Low,0,Low Risk - Low Activity
74202435,0.0,1,0,0.0,0.0,1.0,0.0,Low,0,Low Risk - Low Activity
74204078,0.0,1,0,0.0,1.0,0.0,0.0,Low,0,Low Risk - Low Activity
74208153,0.0,1,0,0.0,0.0,1.0,0.0,Low,0,Low Risk - Low Activity
74229750,0.0,1,0,0.0,1.0,0.0,0.0,Low,0,Low Risk - Low Activity
74230023,0.0,1,0,0.0,1.0,0.0,0.0,Low,0,Low Risk - Low Activity
74235459,0.0,1,0,0.0,0.0,1.0,0.0,Low,0,Low Risk - Low Activity
74245140,0.0,1,0,0.0,0.0,1.0,0.0,Low,0,Low Risk - Low Activity
74254033,0.0,1,0,0.0,0.0,1.0,0.0,Low,0,Low Risk - Low Activity
74254489,0.0,1,0,0.0,0.0,1.0,0.0,Low,0,Low Risk - Low Activity
74257846,0.0,1,0,0.0,0.0,1.0,0.0,Low,0,Low Risk - Low Activity
74294181,0.0,1,0,0.0,0.0,1.0,0.0,Low,0,Low Risk - Low Activity
74302234,0.0,1,0,0.0,1.0,0.0,0.0,Low,0,Low Risk - Low Activity
74326570,0.0,1,0,0.0,0.0,1.0,0.0,Low,0,Low Risk - Low Activity
74333989,0.0,1,0,0.0,1.0,0.0,0.0,Low,0,Low Risk - Low Activity
74355384,0.0,1,0,0.0,0.0,1.0,0.0,Low,0,Low Risk - Low Activity
74361238,0.0,1,0,0.0,1.0,0.0,0.0,Low,0,Low Risk - Low Activity
74361664,0.0,1,0,0.0,0.0,1.0,0.0,Low,0,Low Risk - Low Activity
74363175,0.0,1,0,0.0,0.0,1.0,0.0,Low,0,Low Risk - Low Activity
74363803,0.0,1,0,0.0,0.0,1.0,0.0,Low,0,Low Risk - Low Activity
74380622,0.0,1,0,0.0,0.0,1.0,0.0,Low,0,Low Risk - Low Activity
74384647,0.0,1,0,0.0,0.0,1.0,0.0,Low,0,Low Risk - Low Activity
74398984,0.0,1,0,0.0,1.0,0.0,0.0,Low,0,Low Risk - Low Activity
74402267,0.0,1,0,0.0,0.0,1.0,0.0,Low,0,Low Risk - Low Activity
74404675,0.0,1,0,0.0,0.0,1.0,0.0,Low,0,Low Risk - Low Activity
74405797,0.0,1,0,0.0,0.0,1.0,0.0,Low,0,Low Risk - Low Activity
74417953,0.0,1,0,0.0,1.0,0.0,0.0,Low,0,Low Risk - Low Activity
74422242,0.0,1,0,0.0,0.0,1.0,0.0,Low,0,Low Risk - Low Activity
74431262,0.0,1,0,0.0,0.0,1.0,0.0,Low,0,Low Risk - Low Activity
74435840,0.0,1,0,0.0,0.0,1.0,0.0,Low,0,Low Risk - Low Activity
74447418,0.0,1,0,0.0,0.0,1.0,0.0,Low,0,Low Risk - Low Activity
74454004,0.0,1,0,0.0,0.0,1.0,0.0,Low,0,Low Risk - Low Activity
74478657,0.0,1,0,0.0,1.0,0.0,0.0,Low,0,Low Risk - Low Activity
74486404,0.0,1,0,0.0,0.0,1.0,0.0,Low,0,Low Risk - Low Activity
74533928,0.0,1,0,0.0,0.0,1.0,0.0,Low,0,Low Risk - Low Activity
74535875,0.0,1,0,0.0,0.0,1.0,0.0,Low,0,Low Risk - Low Activity
74539028,0.0,1,0,0.0,0.0,1.0,0.0,Low,0,Low Risk - Low Activity
74539680,0.0,1,0,0.0,0.0,1.0,0.0,Low,0,Low Risk - Low Activity
74548228,0.0,1,0,0.0,0.0,1.0,0.0,Low,0,Low Risk - Low Activity
74549438,0.0,1,0,0.0,0.0,1.0,0.0,Low,0,Low Risk - Low Activity
74575396,0.0,1,0,0.0,0.0,1.0,0.0,Low,0,Low Risk - Low Activity
74591208,0.0,1,0,0.0,0.0,1.0,0.0,Low,0,Low Risk - Low Activity
74610415,0.0,1,0,0.0,1.0,0.0,0.0,Low,0,Low Risk - Low Activity
74643009,0.0,1,0,0.0,0.0,1.0,0.0,Low,0,Low Risk - Low Activity
74653982,0.0,1,0,0.0,0.0,1.0,0.0,Low,0,Low Risk - Low Activity
74663036,0.0,1,0,0.0,0.0,1.0,0.0,Low,0,Low Risk - Low Activity
74667078,0.0,1,0,0.0,1.0,0.0,0.0,Low,0,Low Risk - Low Activity
74679330,0.0,1,0,0.0,1.0,0.0,0.0,Low,0,Low Risk - Low Activity
74679742,0.0,1,0,0.0,0.0,1.0,0.0,Low,0,Low Risk - Low Activity
74679920,0.0,1,0,0.0,1.0,0.0,0.0,Low,0,Low Risk - Low Activity
74702432,0.0,1,0,0.0,1.0,0.0,0.0,Low,0,Low Risk - Low Activity
74741783,0.0,1,0,0.0,1.0,0.0,0.0,Low,0,Low Risk - Low Activity
74771461,0.0,1,0,0.0,1.0,0.0,0.0,Low,0,Low Risk - Low Activity
74782332,0.0,1,0,0.0,0.0,1.0,0.0,Low,0,Low Risk - Low Activity
74795826,0.0,1,0,0.0,0.0,1.0,0.0,Low,0,Low Risk - Low Activity
74798554,0.0,1,0,0.0,1.0,0.0,0.0,Low,0,Low Risk - Low Activity
74804300,0.0,1,0,0.0,0.0,1.0,0.0,Low,0,Low Risk - Low Activity
74809315,0.0,1,0,0.0,1.0,0.0,0.0,Low,0,Low Risk - Low Activity
74819374,0.0,1,0,0.0,0.0,1.0,0.0,Low,0,Low Risk - Low Activity
74829747,0.0,1,0,0.0,1.0,0.0,0.0,Low,0,Low Risk - Low Activity
74832149,0.0,1,0,0.0,0.0,1.0,0.0,Low,0,Low Risk - Low Activity
74833478,0.0,1,0,0.0,0.0,1.0,0.0,Low,0,Low Risk - Low Activity
74847074,0.0,1,0,0.0,0.0,1.0,0.0,Low,0,Low Risk - Low Activity
74850822,0.0,1,0,0.0,0.0,1.0,0.0,Low,0,Low Risk - Low Activity
74870458,0.0,1,0,0.0,0.0,1.0,0.0,Low,0,Low Risk - Low Activity
74893173,0.0,1,0,0.0,0.0,1.0,0.0,Low,0,Low Risk - Low Activity
74895794,0.0,1,0,0.0,0.0,1.0,0.0,Low,0,Low Risk - Low Activity
74897591,0.0,1,0,0.0,1.0,0.0,0.0,Low,0,Low Risk - Low Activity
74903618,0.0,1,0,0.0,0.0,1.0,0.0,Low,0,Low Risk - Low Activity
74921201,0.0,1,0,0.0,1.0,0.0,0.0,Low,0,Low Risk - Low Activity
74925709,0.0,1,0,0.0,1.0,0.0,0.0,Low,0,Low Risk - Low Activity
74929421,0.0,1,0,0.0,1.0,0.0,0.0,Low,0,Low Risk - Low Activity
74930978,0.0,1,0,0.0,1.0,0.0,0.0,Low,0,Low Risk - Low Activity
74934419,0.0,1,0,0.0,1.0,0.0,0.0,Low,0,Low Risk - Low Activity
74954370,0.0,1,0,0.0,1.0,0.0,0.0,Low,0,Low Risk - Low Activity
74957064,0.0,1,0,0.0,0.0,1.0,0.0,Low,0,Low Risk - Low Activity
74959164,0.0,1,0,0.0,0.0,1.0,0.0,Low,0,Low Risk - Low Activity
74973126,0.0,1,0,0.0,1.0,0.0,0.0,Low,0,Low Risk - Low Activity
74973329,0.0,1,0,0.0,0.0,1.0,0.0,Low,0,Low Risk - Low Activity
74975199,0.0,1,0,0.0,1.0,0.0,0.0,Low,0,Low Risk - Low Activity
75003324,0.0,1,0,0.0,0.0,1.0,0.0,Low,0,Low Risk - Low Activity
75006362,0.0,1,0,0.0,0.0,1.0,0.0,Low,0,Low Risk - Low Activity
75009028,0.0,1,0,0.0,1.0,0.0,0.0,Low,0,Low Risk - Low Activity
75018752,0.0,1,0,0.0,0.0,1.0,0.0,Low,0,Low Risk - Low Activity
75039760,0.0,1,0,0.0,0.0,1.0,0.0,Low,0,Low Risk - Low Activity
75043938,0.0,1,0,0.0,0.0,1.0,0.0,Low,0,Low Risk - Low Activity
75046925,0.0,1,0,0.0,1.0,0.0,0.0,Low,0,Low Risk - Low Activity
75052899,0.0,1,0,0.0,0.0,1.0,0.0,Low,0,Low Risk - Low Activity
75053192,0.0,1,0,0.0,1.0,0.0,0.0,Low,0,Low Risk - Low Activity
75054114,0.0,1,0,0.0,1.0,0.0,0.0,Low,0,Low Risk - Low Activity
75071160,0.0,1,0,0.0,0.0,1.0,0.0,Low,0,Low Risk - Low Activity
75094487,0.0,1,0,0.0,0.0,1.0,0.0,Low,0,Low Risk - Low Activity
75115713,0.0,1,0,0.0,1.0,0.0,0.0,Low,0,Low Risk - Low Activity
75121803,0.0,1,0,0.0,0.0,1.0,0.0,Low,0,Low Risk - Low Activity
75128652,0.0,1,0,0.0,0.0,1.0,0.0,Low,0,Low Risk - Low Activity
75129104,0.0,1,0,0.0,1.0,0.0,0.0,Low,0,Low Risk - Low Activity
75158487,0.0,1,0,0.0,1.0,0.0,0.0,Low,0,Low Risk - Low Activity
75159491,0.0,1,0,0.0,0.0,1.0,0.0,Low,0,Low Risk - Low Activity
75161603,0.0,1,0,0.0,0.0,1.0,0.0,Low,0,Low Risk - Low Activity
75178494,0.0,1,0,0.0,0.0,1.0,0.0,Low,0,Low Risk - Low Activity
75191664,0.0,1,0,0.0,1.0,0.0,0.0,Low,0,Low Risk - Low Activity
75197304,0.0,1,0,0.0,0.0,1.0,0.0,Low,0,Low Risk - Low Activity
75210696,0.0,1,0,0.0,0.0,1.0,0.0,Low,0,Low Risk - Low Activity
75228038,0.0,1,0,0.0,1.0,0.0,0.0,Low,0,Low Risk - Low Activity
75239198,0.0,1,0,0.0,1.0,0.0,0.0,Low,0,Low Risk - Low Activity
75263531,0.0,1,0,0.0,0.0,1.0,0.0,Low,0,Low Risk - Low Activity
75264877,0.0,1,0,0.0,0.0,1.0,0.0,Low,0,Low Risk - Low Activity
75272167,0.0,1,0,0.0,1.0,0.0,0.0,Low,0,Low Risk - Low Activity
75273356,0.0,1,0,0.0,1.0,0.0,0.0,Low,0,Low Risk - Low Activity
75274401,0.0,1,0,0.0,0.0,1.0,0.0,Low,0,Low Risk - Low Activity
75280902,0.0,1,0,0.0,1.0,0.0,0.0,Low,0,Low Risk - Low Activity
75287084,0.0,1,0,0.0,0.0,1.0,0.0,Low,0,Low Risk - Low Activity
75300541,0.0,1,0,0.0,0.0,1.0,0.0,Low,0,Low Risk - Low Activity
75319805,0.0,1,0,0.0,0.0,1.0,0.0,Low,0,Low Risk - Low Activity
75345403,0.0,1,0,0.0,0.0,1.0,0.0,Low,0,Low Risk - Low Activity
75347516,0.0,1,0,0.0,0.0,1.0,0.0,Low,0,Low Risk - Low Activity
75353558,0.0,1,0,0.0,0.0,1.0,0.0,Low,0,Low Risk - Low Activity
75357333,0.0,1,0,0.0,1.0,0.0,0.0,Low,0,Low Risk - Low Activity
75365396,0.0,1,0,0.0,0.0,1.0,0.0,Low,0,Low Risk - Low Activity
75365429,0.0,1,0,0.0,1.0,0.0,0.0,Low,0,Low Risk - Low Activity
75369864,0.0,1,0,0.0,0.0,1.0,0.0,Low,0,Low Risk - Low Activity
75393159,0.0,1,0,0.0,0.0,1.0,0.0,Low,0,Low Risk - Low Activity
75393517,0.0,1,0,0.0,0.0,1.0,0.0,Low,0,Low Risk - Low Activity
75446564,0.0,1,0,0.0,1.0,0.0,0.0,Low,0,Low Risk - Low Activity
75492077,0.0,1,0,0.0,0.0,1.0,0.0,Low,0,Low Risk - Low Activity
75507525,0.0,1,0,0.0,0.0,1.0,0.0,Low,0,Low Risk - Low Activity
75510195,0.0,1,0,0.0,0.0,1.0,0.0,Low,0,Low Risk - Low Activity
75510397,0.0,1,0,0.0,0.0,1.0,0.0,Low,0,Low Risk - Low Activity
75512378,0.0,1,0,0.0,0.0,1.0,0.0,Low,0,Low Risk - Low Activity
75540019,0.0,1,0,0.0,0.0,1.0,0.0,Low,0,Low Risk - Low Activity
75567793,0.0,1,0,0.0,1.0,0.0,0.0,Low,0,Low Risk - Low Activity
75577322,0.0,1,0,0.0,0.0,1.0,0.0,Low,0,Low Risk - Low Activity
75596873,0.0,1,0,0.0,0.0,1.0,0.0,Low,0,Low Risk - Low Activity
75597175,0.0,1,0,0.0,1.0,0.0,0.0,Low,0,Low Risk - Low Activity
75619407,0.0,1,0,0.0,1.0,0.0,0.0,Low,0,Low Risk - Low Activity
75641225,0.0,1,0,0.0,1.0,0.0,0.0,Low,0,Low Risk - Low Activity
75656902,0.0,1,0,0.0,1.0,0.0,0.0,Low,0,Low Risk - Low Activity
75661187,0.0,1,0,0.0,0.0,1.0,0.0,Low,0,Low Risk - Low Activity
75663957,0.0,1,0,0.0,1.0,0.0,0.0,Low,0,Low Risk - Low Activity
75664401,0.0,1,0,0.0,1.0,0.0,0.0,Low,0,Low Risk - Low Activity
75697596,0.0,1,0,0.0,0.0,1.0,0.0,Low,0,Low Risk - Low Activity
75724492,0.0,1,0,0.0,0.0,1.0,0.0,Low,0,Low Risk - Low Activity
75727779,0.0,1,0,0.0,0.0,1.0,0.0,Low,0,Low Risk - Low Activity
75729041,0.0,1,0,0.0,1.0,0.0,0.0,Low,0,Low Risk - Low Activity
75739929,0.0,1,0,0.0,0.0,1.0,0.0,Low,0,Low Risk - Low Activity
75741609,0.0,1,0,0.0,0.0,1.0,0.0,Low,0,Low Risk - Low Activity
75742192,0.0,1,0,0.0,0.0,1.0,0.0,Low,0,Low Risk - Low Activity
75756413,0.0,1,0,0.0,0.0,1.0,0.0,Low,0,Low Risk - Low Activity
75762524,0.0,1,0,0.0,1.0,0.0,0.0,Low,0,Low Risk - Low Activity
75774907,0.0,1,0,0.0,0.0,1.0,0.0,Low,0,Low Risk - Low Activity
75782694,0.0,1,0,0.0,0.0,1.0,0.0,Low,0,Low Risk - Low Activity
75810741,0.0,1,0,0.0,0.0,1.0,0.0,Low,0,Low Risk - Low Activity
75823079,0.0,1,0,0.0,1.0,0.0,0.0,Low,0,Low Risk - Low Activity
75828643,0.0,1,0,0.0,0.0,1.0,0.0,Low,0,Low Risk - Low Activity
75860012,0.0,1,0,0.0,0.0,1.0,0.0,Low,0,Low Risk - Low Activity
75862238,0.0,1,0,0.0,0.0,1.0,0.0,Low,0,Low Risk - Low Activity
75866165,0.0,1,0,0.0,0.0,1.0,0.0,Low,0,Low Risk - Low Activity
75870942,0.0,1,0,0.0,0.0,1.0,0.0,Low,0,Low Risk - Low Activity
75873428,0.0,1,0,0.0,1.0,0.0,0.0,Low,0,Low Risk - Low Activity
75890534,0.0,1,0,0.0,0.0,1.0,0.0,Low,0,Low Risk - Low Activity
75890607,0.0,1,0,0.0,0.0,1.0,0.0,Low,0,Low Risk - Low Activity
75899111,0.0,1,0,0.0,0.0,1.0,0.0,Low,0,Low Risk - Low Activity
75923510,0.0,1,0,0.0,1.0,0.0,0.0,Low,0,Low Risk - Low Activity
75930175,0.0,1,0,0.0,0.0,1.0,0.0,Low,0,Low Risk - Low Activity
75936309,0.0,1,0,0.0,1.0,0.0,0.0,Low,0,Low Risk - Low Activity
75936326,0.0,1,0,0.0,1.0,0.0,0.0,Low,0,Low Risk - Low Activity
75942909,0.0,1,0,0.0,0.0,1.0,0.0,Low,0,Low Risk - Low Activity
75946970,0.0,1,0,0.0,0.0,1.0,0.0,Low,0,Low Risk - Low Activity
75953789,0.0,1,0,0.0,0.0,1.0,0.0,Low,0,Low Risk - Low Activity
75956923,0.0,1,0,0.0,0.0,1.0,0.0,Low,0,Low Risk - Low Activity
75963661,0.0,1,0,0.0,0.0,1.0,0.0,Low,0,Low Risk - Low Activity
75964494,0.0,1,0,0.0,1.0,0.0,0.0,Low,0,Low Risk - Low Activity
75985056,0.0,1,0,0.0,1.0,0.0,0.0,Low,0,Low Risk - Low Activity
75985625,0.0,1,0,0.0,0.0,1.0,0.0,Low,0,Low Risk - Low Activity
75995072,0.0,1,0,0.0,0.0,1.0,0.0,Low,0,Low Risk - Low Activity
76000726,0.0,1,0,0.0,1.0,0.0,0.0,Low,0,Low Risk - Low Activity
76013720,0.0,1,0,0.0,1.0,0.0,0.0,Low,0,Low Risk - Low Activity
76021160,0.0,1,0,0.0,1.0,0.0,0.0,Low,0,Low Risk - Low Activity
76052522,0.0,1,0,0.0,0.0,1.0,0.0,Low,0,Low Risk - Low Activity
76055816,0.0,1,0,0.0,0.0,1.0,0.0,Low,0,Low Risk - Low Activity
76056278,0.0,1,0,0.0,0.0,1.0,0.0,Low,0,Low Risk - Low Activity
76057683,0.0,1,0,0.0,1.0,0.0,0.0,Low,0,Low Risk - Low Activity
76070491,0.0,1,0,0.0,0.0,1.0,0.0,Low,0,Low Risk - Low Activity
76099633,0.0,1,0,0.0,0.0,1.0,0.0,Low,0,Low Risk - Low Activity
76102549,0.0,1,0,0.0,1.0,0.0,0.0,Low,0,Low Risk - Low Activity
76102881,0.0,1,0,0.0,0.0,1.0,0.0,Low,0,Low Risk - Low Activity
76112603,0.0,1,0,0.0,1.0,0.0,0.0,Low,0,Low Risk - Low Activity
76120337,0.0,1,0,0.0,0.0,1.0,0.0,Low,0,Low Risk - Low Activity
76120650,0.0,1,0,0.0,1.0,0.0,0.0,Low,0,Low Risk - Low Activity
76122212,0.0,1,0,0.0,0.0,1.0,0.0,Low,0,Low Risk - Low Activity
76126753,0.0,1,0,0.0,1.0,0.0,0.0,Low,0,Low Risk - Low Activity
76137709,0.0,1,0,0.0,0.0,1.0,0.0,Low,0,Low Risk - Low Activity
76140709,0.0,1,0,0.0,1.0,0.0,0.0,Low,0,Low Risk - Low Activity
76165298,0.0,1,0,0.0,1.0,0.0,0.0,Low,0,Low Risk - Low Activity
76165437,0.0,1,0,0.0,1.0,0.0,0.0,Low,0,Low Risk - Low Activity
76170134,0.0,1,0,0.0,1.0,0.0,0.0,Low,0,Low Risk - Low Activity
76176897,0.0,1,0,0.0,0.0,1.0,0.0,Low,0,Low Risk - Low Activity
76183516,0.0,1,0,0.0,0.0,1.0,0.0,Low,0,Low Risk - Low Activity
76202489,0.0,1,0,0.0,1.0,0.0,0.0,Low,0,Low Risk - Low Activity
76204042,0.0,1,0,0.0,0.0,1.0,0.0,Low,0,Low Risk - Low Activity
76240570,0.0,1,0,0.0,0.0,1.0,0.0,Low,0,Low Risk - Low Activity
76249425,0.0,1,0,0.0,1.0,0.0,0.0,Low,0,Low Risk - Low Activity
76280112,0.0,1,0,0.0,0.0,1.0,0.0,Low,0,Low Risk - Low Activity
76285108,0.0,1,0,0.0,1.0,0.0,0.0,Low,0,Low Risk - Low Activity
76285483,0.0,1,0,0.0,1.0,0.0,0.0,Low,0,Low Risk - Low Activity
76304550,0.0,1,0,0.0,0.0,1.0,0.0,Low,0,Low Risk - Low Activity
76310950,0.0,1,0,0.0,0.0,1.0,0.0,Low,0,Low Risk - Low Activity
76323024,0.0,1,0,0.0,0.0,1.0,0.0,Low,0,Low Risk - Low Activity
76324724,0.0,1,0,0.0,0.0,1.0,0.0,Low,0,Low Risk - Low Activity
76327609,0.0,1,0,0.0,0.0,1.0,0.0,Low,0,Low Risk - Low Activity
76329636,0.0,1,0,0.0,0.0,1.0,0.0,Low,0,Low Risk - Low Activity
76331557,0.0,1,0,0.0,1.0,0.0,0.0,Low,0,Low Risk - Low Activity
76343496,0.0,1,0,0.0,0.0,1.0,0.0,Low,0,Low Risk - Low Activity
76352937,0.0,1,0,0.0,0.0,1.0,0.0,Low,0,Low Risk - Low Activity
76353551,0.0,1,0,0.0,1.0,0.0,0.0,Low,0,Low Risk - Low Activity
76353743,0.0,1,0,0.0,0.0,1.0,0.0,Low,0,Low Risk - Low Activity
76362313,0.0,1,0,0.0,0.0,1.0,0.0,Low,0,Low Risk - Low Activity
76384376,0.0,1,0,0.0,1.0,0.0,0.0,Low,0,Low Risk - Low Activity
76389384,0.0,1,0,0.0,1.0,0.0,0.0,Low,0,Low Risk - Low Activity
76403241,0.0,1,0,0.0,0.0,1.0,0.0,Low,0,Low Risk - Low Activity
76412659,0.0,1,0,0.0,0.0,1.0,0.0,Low,0,Low Risk - Low Activity
76430997,0.0,1,0,0.0,1.0,0.0,0.0,Low,0,Low Risk - Low Activity
76431816,0.0,1,0,0.0,0.0,1.0,0.0,Low,0,Low Risk - Low Activity
76452816,0.0,1,0,0.0,1.0,0.0,0.0,Low,0,Low Risk - Low Activity
76453173,0.0,1,0,0.0,0.0,1.0,0.0,Low,0,Low Risk - Low Activity
76455176,0.0,1,0,0.0,1.0,0.0,0.0,Low,0,Low Risk - Low Activity
76467193,0.0,1,0,0.0,0.0,1.0,0.0,Low,0,Low Risk - Low Activity
76470348,0.0,1,0,0.0,0.0,1.0,0.0,Low,0,Low Risk - Low Activity
76471267,0.0,1,0,0.0,1.0,0.0,0.0,Low,0,Low Risk - Low Activity
76483189,0.0,1,0,0.0,1.0,0.0,0.0,Low,0,Low Risk - Low Activity
76521165,0.0,1,0,0.0,0.0,1.0,0.0,Low,0,Low Risk - Low Activity
76535406,0.0,1,0,0.0,0.0,1.0,0.0,Low,0,Low Risk - Low Activity
76544708,0.0,1,0,0.0,1.0,0.0,0.0,Low,0,Low Risk - Low Activity
76558285,0.0,1,0,0.0,0.0,1.0,0.0,Low,0,Low Risk - Low Activity
76571780,0.0,1,0,0.0,1.0,0.0,0.0,Low,0,Low Risk - Low Activity
76584142,0.0,1,0,0.0,0.0,1.0,0.0,Low,0,Low Risk - Low Activity
76596223,0.0,1,0,0.0,1.0,0.0,0.0,Low,0,Low Risk - Low Activity
76603041,0.0,1,0,0.0,0.0,1.0,0.0,Low,0,Low Risk - Low Activity
76603935,0.0,1,0,0.0,1.0,0.0,0.0,Low,0,Low Risk - Low Activity
76607936,0.0,1,0,0.0,0.0,1.0,0.0,Low,0,Low Risk - Low Activity
76611654,0.0,1,0,0.0,0.0,1.0,0.0,Low,0,Low Risk - Low Activity
76615637,0.0,1,0,0.0,1.0,0.0,0.0,Low,0,Low Risk - Low Activity
76636640,0.0,1,0,0.0,1.0,0.0,0.0,Low,0,Low Risk - Low Activity
76646905,0.0,1,0,0.0,0.0,1.0,0.0,Low,0,Low Risk - Low Activity
76654448,0.0,1,0,0.0,1.0,0.0,0.0,Low,0,Low Risk - Low Activity
76663596,0.0,1,0,0.0,1.0,0.0,0.0,Low,0,Low Risk - Low Activity
76680595,0.0,1,0,0.0,0.0,1.0,0.0,Low,0,Low Risk - Low Activity
76687362,0.0,1,0,0.0,0.0,1.0,0.0,Low,0,Low Risk - Low Activity
76696960,0.0,1,0,0.0,1.0,0.0,0.0,Low,0,Low Risk - Low Activity
76707625,0.0,1,0,0.0,1.0,0.0,0.0,Low,0,Low Risk - Low Activity
76711866,0.0,1,0,0.0,0.0,1.0,0.0,Low,0,Low Risk - Low Activity
76730326,0.0,1,0,0.0,1.0,0.0,0.0,Low,0,Low Risk - Low Activity
76743985,0.0,1,0,0.0,1.0,0.0,0.0,Low,0,Low Risk - Low Activity
76758459,0.0,1,0,0.0,1.0,0.0,0.0,Low,0,Low Risk - Low Activity
76760447,0.0,1,0,0.0,0.0,1.0,0.0,Low,0,Low Risk - Low Activity
76778269,0.0,1,0,0.0,0.0,1.0,0.0,Low,0,Low Risk - Low Activity
76783779,0.0,1,0,0.0,0.0,1.0,0.0,Low,0,Low Risk - Low Activity
76784423,0.0,1,0,0.0,0.0,1.0,0.0,Low,0,Low Risk - Low Activity
76801710,0.0,1,0,0.0,1.0,0.0,0.0,Low,0,Low Risk - Low Activity
76818498,0.0,1,0,0.0,0.0,1.0,0.0,Low,0,Low Risk - Low Activity
76836119,0.0,1,0,0.0,0.0,1.0,0.0,Low,0,Low Risk - Low Activity
76840728,0.0,1,0,0.0,1.0,0.0,0.0,Low,0,Low Risk - Low Activity
76865841,0.0,1,0,0.0,0.0,1.0,0.0,Low,0,Low Risk - Low Activity
76885312,0.0,1,0,0.0,1.0,0.0,0.0,Low,0,Low Risk - Low Activity
76900411,0.0,1,0,0.0,1.0,0.0,0.0,Low,0,Low Risk - Low Activity
76917889,0.0,1,0,0.0,0.0,1.0,0.0,Low,0,Low Risk - Low Activity
76918639,0.0,1,0,0.0,0.0,1.0,0.0,Low,0,Low Risk - Low Activity
76928251,0.0,1,0,0.0,1.0,0.0,0.0,Low,0,Low Risk - Low Activity
76940783,0.0,1,0,0.0,1.0,0.0,0.0,Low,0,Low Risk - Low Activity
76962232,0.0,1,0,0.0,1.0,0.0,0.0,Low,0,Low Risk - Low Activity
76964798,0.0,1,0,0.0,0.0,1.0,0.0,Low,0,Low Risk - Low Activity
76972926,0.0,1,0,0.0,0.0,1.0,0.0,Low,0,Low Risk - Low Activity
76975101,0.0,1,0,0.0,0.0,1.0,0.0,Low,0,Low Risk - Low Activity
76979036,0.0,1,0,0.0,0.0,1.0,0.0,Low,0,Low Risk - Low Activity
77002863,0.0,1,0,0.0,0.0,1.0,0.0,Low,0,Low Risk - Low Activity
77008563,0.0,1,0,0.0,0.0,1.0,0.0,Low,0,Low Risk - Low Activity
77010722,0.0,1,0,0.0,1.0,0.0,0.0,Low,0,Low Risk - Low Activity
77016524,0.0,1,0,0.0,0.0,1.0,0.0,Low,0,Low Risk - Low Activity
77037853,0.0,1,0,0.0,0.0,1.0,0.0,Low,0,Low Risk - Low Activity
77054189,0.0,1,0,0.0,0.0,1.0,0.0,Low,0,Low Risk - Low Activity
77063343,0.0,1,0,0.0,1.0,0.0,0.0,Low,0,Low Risk - Low Activity
77074285,0.0,1,0,0.0,1.0,0.0,0.0,Low,0,Low Risk - Low Activity
77078620,0.0,1,0,0.0,0.0,1.0,0.0,Low,0,Low Risk - Low Activity
77108463,0.0,1,0,0.0,1.0,0.0,0.0,Low,0,Low Risk - Low Activity
77117081,0.0,1,0,0.0,0.0,1.0,0.0,Low,0,Low Risk - Low Activity
77149028,0.0,1,0,0.0,1.0,0.0,0.0,Low,0,Low Risk - Low Activity
77149552,0.0,1,0,0.0,0.0,1.0,0.0,Low,0,Low Risk - Low Activity
77153336,0.0,1,0,0.0,1.0,0.0,0.0,Low,0,Low Risk - Low Activity
77156395,0.0,1,0,0.0,0.0,1.0,0.0,Low,0,Low Risk - Low Activity
77180988,0.0,1,0,0.0,0.0,1.0,0.0,Low,0,Low Risk - Low Activity
77199254,0.0,1,0,0.0,1.0,0.0,0.0,Low,0,Low Risk - Low Activity
77199485,0.0,1,0,0.0,0.0,1.0,0.0,Low,0,Low Risk - Low Activity
77226909,0.0,1,0,0.0,1.0,0.0,0.0,Low,0,Low Risk - Low Activity
77227187,0.0,1,0,0.0,0.0,1.0,0.0,Low,0,Low Risk - Low Activity
77232132,0.0,1,0,0.0,0.0,1.0,0.0,Low,0,Low Risk - Low Activity
77232326,0.0,1,0,0.0,0.0,1.0,0.0,Low,0,Low Risk - Low Activity
77234072,0.0,1,0,0.0,0.0,1.0,0.0,Low,0,Low Risk - Low Activity
77239788,0.0,1,0,0.0,0.0,1.0,0.0,Low,0,Low Risk - Low Activity
77241154,0.0,1,0,0.0,0.0,1.0,0.0,Low,0,Low Risk - Low Activity
77249021,0.0,1,0,0.0,0.0,1.0,0.0,Low,0,Low Risk - Low Activity
77250717,0.0,1,0,0.0,1.0,0.0,0.0,Low,0,Low Risk - Low Activity
77271504,0.0,1,0,0.0,0.0,1.0,0.0,Low,0,Low Risk - Low Activity
77273733,0.0,1,0,0.0,0.0,1.0,0.0,Low,0,Low Risk - Low Activity
77312184,0.0,1,0,0.0,1.0,0.0,0.0,Low,0,Low Risk - Low Activity
77312570,0.0,1,0,0.0,1.0,0.0,0.0,Low,0,Low Risk - Low Activity
77314573,0.0,1,0,0.0,0.0,1.0,0.0,Low,0,Low Risk - Low Activity
77321947,0.0,1,0,0.0,0.0,1.0,0.0,Low,0,Low Risk - Low Activity
77327380,0.0,1,0,0.0,1.0,0.0,0.0,Low,0,Low Risk - Low Activity
77333522,0.0,1,0,0.0,0.0,1.0,0.0,Low,0,Low Risk - Low Activity
77338813,0.0,1,0,0.0,0.0,1.0,0.0,Low,0,Low Risk - Low Activity
77339405,0.0,1,0,0.0,0.0,1.0,0.0,Low,0,Low Risk - Low Activity
77339682,0.0,1,0,0.0,0.0,1.0,0.0,Low,0,Low Risk - Low Activity
77359176,0.0,1,0,0.0,0.0,1.0,0.0,Low,0,Low Risk - Low Activity
77373003,0.0,1,0,0.0,1.0,0.0,0.0,Low,0,Low Risk - Low Activity
77387158,0.0,1,0,0.0,0.0,1.0,0.0,Low,0,Low Risk - Low Activity
77393272,0.0,1,0,0.0,0.0,1.0,0.0,Low,0,Low Risk - Low Activity
77400991,0.0,1,0,0.0,1.0,0.0,0.0,Low,0,Low Risk - Low Activity
77403855,0.0,1,0,0.0,1.0,0.0,0.0,Low,0,Low Risk - Low Activity
77408599,0.0,1,0,0.0,1.0,0.0,0.0,Low,0,Low Risk - Low Activity
77416742,0.0,1,0,0.0,0.0,1.0,0.0,Low,0,Low Risk - Low Activity
77424863,0.0,1,0,0.0,0.0,1.0,0.0,Low,0,Low Risk - Low Activity
77431429,0.0,1,0,1.0,0.0,0.0,0.0,Low,1,Low Risk - Low Activity
77454683,0.0,1,0,0.0,0.0,1.0,0.0,Low,0,Low Risk - Low Activity
77471145,0.0,1,0,0.0,0.0,1.0,0.0,Low,0,Low Risk - Low Activity
77472328,0.0,1,0,0.0,1.0,0.0,0.0,Low,0,Low Risk - Low Activity
77474462,0.0,1,0,0.0,0.0,1.0,0.0,Low,0,Low Risk - Low Activity
77482741,0.0,1,0,0.0,1.0,0.0,0.0,Low,0,Low Risk - Low Activity
77489816,0.0,1,0,0.0,1.0,0.0,0.0,Low,0,Low Risk - Low Activity
77498208,0.0,1,0,0.0,1.0,0.0,0.0,Low,0,Low Risk - Low Activity
77501704,0.0,1,0,0.0,1.0,0.0,0.0,Low,0,Low Risk - Low Activity
77518458,0.0,1,0,0.0,0.0,1.0,0.0,Low,0,Low Risk - Low Activity
77537685,0.0,1,0,0.0,1.0,0.0,0.0,Low,0,Low Risk - Low Activity
77542194,0.0,1,0,0.0,1.0,0.0,0.0,Low,0,Low Risk - Low Activity
77543629,0.0,1,0,0.0,1.0,0.0,0.0,Low,0,Low Risk - Low Activity
77568340,0.0,1,0,0.0,0.0,1.0,0.0,Low,0,Low Risk - Low Activity
77600836,0.0,1,0,0.0,1.0,0.0,0.0,Low,0,Low Risk - Low Activity
77602664,0.0,1,0,0.0,0.0,1.0,0.0,Low,0,Low Risk - Low Activity
77607667,0.0,1,0,0.0,0.0,1.0,0.0,Low,0,Low Risk - Low Activity
77617396,0.0,1,0,0.0,1.0,0.0,0.0,Low,0,Low Risk - Low Activity
77624383,0.0,1,0,0.0,0.0,1.0,0.0,Low,0,Low Risk - Low Activity
77665192,0.0,1,0,0.0,0.0,1.0,0.0,Low,0,Low Risk - Low Activity
77670997,0.0,1,0,0.0,0.0,1.0,0.0,Low,0,Low Risk - Low Activity
77692197,0.0,1,0,0.0,1.0,0.0,0.0,Low,0,Low Risk - Low Activity
77695188,0.0,1,0,0.0,1.0,0.0,0.0,Low,0,Low Risk - Low Activity
77704130,0.0,1,0,0.0,0.0,1.0,0.0,Low,0,Low Risk - Low Activity
77712577,0.0,1,0,0.0,0.0,1.0,0.0,Low,0,Low Risk - Low Activity
77721751,0.0,1,0,0.0,1.0,0.0,0.0,Low,0,Low Risk - Low Activity
77731884,0.0,1,0,0.0,0.0,1.0,0.0,Low,0,Low Risk - Low Activity
77734308,0.0,1,0,0.0,1.0,0.0,0.0,Low,0,Low Risk - Low Activity
77743760,0.0,1,0,1.0,0.0,0.0,0.0,Low,1,Low Risk - Low Activity
77761490,0.0,1,0,0.0,0.0,1.0,0.0,Low,0,Low Risk - Low Activity
77764010,0.0,1,0,0.0,0.0,1.0,0.0,Low,0,Low Risk - Low Activity
77774628,0.0,1,0,0.0,0.0,1.0,0.0,Low,0,Low Risk - Low Activity
77816833,0.0,1,0,0.0,0.0,1.0,0.0,Low,0,Low Risk - Low Activity
77831530,0.0,1,0,0.0,1.0,0.0,0.0,Low,0,Low Risk - Low Activity
77835890,0.0,1,0,0.0,1.0,0.0,0.0,Low,0,Low Risk - Low Activity
77849741,0.0,1,0,0.0,0.0,1.0,0.0,Low,0,Low Risk - Low Activity
77852312,0.0,1,0,0.0,0.0,1.0,0.0,Low,0,Low Risk - Low Activity
77852750,0.0,1,0,0.0,0.0,1.0,0.0,Low,0,Low Risk - Low Activity
77883044,0.0,1,0,0.0,0.0,1.0,0.0,Low,0,Low Risk - Low Activity
77885432,0.0,1,0,0.0,0.0,1.0,0.0,Low,0,Low Risk - Low Activity
77898416,0.0,1,0,0.0,0.0,1.0,0.0,Low,0,Low Risk - Low Activity
77902847,0.0,1,0,0.0,0.0,1.0,0.0,Low,0,Low Risk - Low Activity
77904215,0.0,1,0,0.0,1.0,0.0,0.0,Low,0,Low Risk - Low Activity
77905371,0.0,1,0,0.0,0.0,1.0,0.0,Low,0,Low Risk - Low Activity
77940815,0.0,1,0,0.0,1.0,0.0,0.0,Low,0,Low Risk - Low Activity
77949951,0.0,1,0,0.0,0.0,1.0,0.0,Low,0,Low Risk - Low Activity
77953249,0.0,1,0,0.0,1.0,0.0,0.0,Low,0,Low Risk - Low Activity
77955181,0.0,1,0,0.0,0.0,1.0,0.0,Low,0,Low Risk - Low Activity
77957961,0.0,1,0,0.0,1.0,0.0,0.0,Low,0,Low Risk - Low Activity
77984175,0.0,1,0,0.0,1.0,0.0,0.0,Low,0,Low Risk - Low Activity
78006076,0.0,1,0,0.0,1.0,0.0,0.0,Low,0,Low Risk - Low Activity
78024362,0.0,1,0,0.0,0.0,1.0,0.0,Low,0,Low Risk - Low Activity
78029133,0.0,1,0,0.0,1.0,0.0,0.0,Low,0,Low Risk - Low Activity
78036379,0.0,1,0,0.0,1.0,0.0,0.0,Low,0,Low Risk - Low Activity
78054697,0.0,1,0,0.0,1.0,0.0,0.0,Low,0,Low Risk - Low Activity
78070227,0.0,1,0,0.0,0.0,1.0,0.0,Low,0,Low Risk - Low Activity
78077176,0.0,1,0,0.0,0.0,1.0,0.0,Low,0,Low Risk - Low Activity
78086054,0.0,1,0,0.0,0.0,1.0,0.0,Low,0,Low Risk - Low Activity
78087177,0.0,1,0,0.0,0.0,1.0,0.0,Low,0,Low Risk - Low Activity
78093155,0.0,1,0,0.0,0.0,1.0,0.0,Low,0,Low Risk - Low Activity
78095504,0.0,1,0,0.0,0.0,1.0,0.0,Low,0,Low Risk - Low Activity
78105414,0.0,1,0,0.0,0.0,1.0,0.0,Low,0,Low Risk - Low Activity
78106653,0.0,1,0,0.0,0.0,1.0,0.0,Low,0,Low Risk - Low Activity
78110153,0.0,1,0,0.0,1.0,0.0,0.0,Low,0,Low Risk - Low Activity
78116789,0.0,1,0,0.0,0.0,1.0,0.0,Low,0,Low Risk - Low Activity
78128233,0.0,1,0,0.0,1.0,0.0,0.0,Low,0,Low Risk - Low Activity
78142131,0.0,1,0,0.0,0.0,1.0,0.0,Low,0,Low Risk - Low Activity
78142308,0.0,1,0,0.0,0.0,1.0,0.0,Low,0,Low Risk - Low Activity
78144330,0.0,1,0,0.0,1.0,0.0,0.0,Low,0,Low Risk - Low Activity
78153361,0.0,1,0,0.0,0.0,1.0,0.0,Low,0,Low Risk - Low Activity
78153406,0.0,1,0,0.0,1.0,0.0,0.0,Low,0,Low Risk - Low Activity
78162072,0.0,1,0,0.0,0.0,1.0,0.0,Low,0,Low Risk - Low Activity
78169140,0.0,1,0,0.0,1.0,0.0,0.0,Low,0,Low Risk - Low Activity
78174460,0.0,1,0,0.0,1.0,0.0,0.0,Low,0,Low Risk - Low Activity
78176186,0.0,1,0,0.0,0.0,1.0,0.0,Low,0,Low Risk - Low Activity
78197167,0.0,1,0,0.0,0.0,1.0,0.0,Low,0,Low Risk - Low Activity
78200176,0.0,1,0,0.0,0.0,1.0,0.0,Low,0,Low Risk - Low Activity
78205466,0.0,1,0,0.0,1.0,0.0,0.0,Low,0,Low Risk - Low Activity
78225923,0.0,1,0,0.0,1.0,0.0,0.0,Low,0,Low Risk - Low Activity
78229116,0.0,1,0,0.0,0.0,1.0,0.0,Low,0,Low Risk - Low Activity
78243541,0.0,1,0,0.0,0.0,1.0,0.0,Low,0,Low Risk - Low Activity
78269719,0.0,1,0,0.0,1.0,0.0,0.0,Low,0,Low Risk - Low Activity
78285854,0.0,1,0,0.0,0.0,1.0,0.0,Low,0,Low Risk - Low Activity
78289894,0.0,1,0,0.0,1.0,0.0,0.0,Low,0,Low Risk - Low Activity
78297118,0.0,1,0,0.0,0.0,1.0,0.0,Low,0,Low Risk - Low Activity
78313738,0.0,1,0,0.0,1.0,0.0,0.0,Low,0,Low Risk - Low Activity
78332988,0.0,1,0,0.0,0.0,1.0,0.0,Low,0,Low Risk - Low Activity
78344067,0.0,1,0,0.0,0.0,1.0,0.0,Low,0,Low Risk - Low Activity
78345794,0.0,1,0,0.0,0.0,1.0,0.0,Low,0,Low Risk - Low Activity
78347178,0.0,1,0,0.0,0.0,1.0,0.0,Low,0,Low Risk - Low Activity
78390532,0.0,1,0,0.0,1.0,0.0,0.0,Low,0,Low Risk - Low Activity
78398299,0.0,1,0,0.0,0.0,1.0,0.0,Low,0,Low Risk - Low Activity
78411504,0.0,1,0,0.0,0.0,1.0,0.0,Low,0,Low Risk - Low Activity
78417378,0.0,1,0,0.0,1.0,0.0,0.0,Low,0,Low Risk - Low Activity
78438038,0.0,1,0,0.0,1.0,0.0,0.0,Low,0,Low Risk - Low Activity
78447319,0.0,1,0,0.0,0.0,1.0,0.0,Low,0,Low Risk - Low Activity
78454074,0.0,1,0,0.0,1.0,0.0,0.0,Low,0,Low Risk - Low Activity
78463525,0.0,1,0,0.0,1.0,0.0,0.0,Low,0,Low Risk - Low Activity
78483501,0.0,1,0,0.0,0.0,1.0,0.0,Low,0,Low Risk - Low Activity
78484119,0.0,1,0,0.0,1.0,0.0,0.0,Low,0,Low Risk - Low Activity
78514972,0.0,1,0,0.0,0.0,1.0,0.0,Low,0,Low Risk - Low Activity
78521103,0.0,1,0,0.0,1.0,0.0,0.0,Low,0,Low Risk - Low Activity
78534083,0.0,1,0,0.0,0.0,1.0,0.0,Low,0,Low Risk - Low Activity
78534158,0.0,1,0,0.0,0.0,1.0,0.0,Low,0,Low Risk - Low Activity
78538902,0.0,1,0,0.0,0.0,1.0,0.0,Low,0,Low Risk - Low Activity
78557438,0.0,1,0,0.0,0.0,1.0,0.0,Low,0,Low Risk - Low Activity
78581372,0.0,1,0,0.0,0.0,1.0,0.0,Low,0,Low Risk - Low Activity
78584662,0.0,1,0,0.0,1.0,0.0,0.0,Low,0,Low Risk - Low Activity
78596369,0.0,1,0,0.0,1.0,0.0,0.0,Low,0,Low Risk - Low Activity
78614498,0.0,1,0,0.0,1.0,0.0,0.0,Low,0,Low Risk - Low Activity
78615690,0.0,1,0,0.0,1.0,0.0,0.0,Low,0,Low Risk - Low Activity
78637767,0.0,1,0,0.0,1.0,0.0,0.0,Low,0,Low Risk - Low Activity
78641200,0.0,1,0,0.0,1.0,0.0,0.0,Low,0,Low Risk - Low Activity
78646590,0.0,1,0,0.0,0.0,1.0,0.0,Low,0,Low Risk - Low Activity
78656321,0.0,1,0,0.0,1.0,0.0,0.0,Low,0,Low Risk - Low Activity
78666557,0.0,1,0,0.0,0.0,1.0,0.0,Low,0,Low Risk - Low Activity
78683991,0.0,1,0,0.0,1.0,0.0,0.0,Low,0,Low Risk - Low Activity
78688579,0.0,1,0,0.0,1.0,0.0,0.0,Low,0,Low Risk - Low Activity
78705874,0.0,1,0,0.0,1.0,0.0,0.0,Low,0,Low Risk - Low Activity
78709086,0.0,1,0,0.0,0.0,1.0,0.0,Low,0,Low Risk - Low Activity
78719075,0.0,1,0,0.0,0.0,1.0,0.0,Low,0,Low Risk - Low Activity
78724254,0.0,1,0,0.0,0.0,1.0,0.0,Low,0,Low Risk - Low Activity
78743678,0.0,1,0,0.0,0.0,1.0,0.0,Low,0,Low Risk - Low Activity
78752988,0.0,1,0,0.0,1.0,0.0,0.0,Low,0,Low Risk - Low Activity
78779228,0.0,1,0,0.0,0.0,1.0,0.0,Low,0,Low Risk - Low Activity
78783994,0.0,1,0,0.0,0.0,1.0,0.0,Low,0,Low Risk - Low Activity
78808349,0.0,1,0,0.0,0.0,1.0,0.0,Low,0,Low Risk - Low Activity
78811758,0.0,1,0,0.0,1.0,0.0,0.0,Low,0,Low Risk - Low Activity
78813886,0.0,1,0,0.0,0.0,1.0,0.0,Low,0,Low Risk - Low Activity
78823109,0.0,1,0,0.0,0.0,1.0,0.0,Low,0,Low Risk - Low Activity
78844708,0.0,1,0,0.0,0.0,1.0,0.0,Low,0,Low Risk - Low Activity
78852427,0.0,1,0,0.0,0.0,1.0,0.0,Low,0,Low Risk - Low Activity
78870064,0.0,1,0,0.0,0.0,1.0,0.0,Low,0,Low Risk - Low Activity
78871792,0.0,1,0,0.0,0.0,1.0,0.0,Low,0,Low Risk - Low Activity
78873023,0.0,1,0,0.0,0.0,1.0,0.0,Low,0,Low Risk - Low Activity
78886489,0.0,1,0,0.0,0.0,1.0,0.0,Low,0,Low Risk - Low Activity
78897974,0.0,1,0,0.0,0.0,1.0,0.0,Low,0,Low Risk - Low Activity
78910586,0.0,1,0,0.0,0.0,1.0,0.0,Low,0,Low Risk - Low Activity
78916547,0.0,1,0,0.0,1.0,0.0,0.0,Low,0,Low Risk - Low Activity
78920648,0.0,1,0,0.0,1.0,0.0,0.0,Low,0,Low Risk - Low Activity
78944508,0.0,1,0,0.0,0.0,1.0,0.0,Low,0,Low Risk - Low Activity
78946347,0.0,1,0,0.0,1.0,0.0,0.0,Low,0,Low Risk - Low Activity
78947585,0.0,1,0,0.0,0.0,1.0,0.0,Low,0,Low Risk - Low Activity
78949418,0.0,1,0,0.0,0.0,1.0,0.0,Low,0,Low Risk - Low Activity
78991690,0.0,1,0,0.0,0.0,1.0,0.0,Low,0,Low Risk - Low Activity
79018555,0.0,1,0,0.0,0.0,1.0,0.0,Low,0,Low Risk - Low Activity
79019731,0.0,1,0,0.0,1.0,0.0,0.0,Low,0,Low Risk - Low Activity
79044563,0.0,1,0,0.0,1.0,0.0,0.0,Low,0,Low Risk - Low Activity
79051179,0.0,1,0,0.0,0.0,1.0,0.0,Low,0,Low Risk - Low Activity
79082673,0.0,1,0,0.0,0.0,1.0,0.0,Low,0,Low Risk - Low Activity
79092964,0.0,1,0,0.0,1.0,0.0,0.0,Low,0,Low Risk - Low Activity
79099526,0.0,1,0,0.0,0.0,1.0,0.0,Low,0,Low Risk - Low Activity
79100796,0.0,1,0,0.0,0.0,1.0,0.0,Low,0,Low Risk - Low Activity
79125586,0.0,1,0,0.0,0.0,1.0,0.0,Low,0,Low Risk - Low Activity
79126661,0.0,1,0,0.0,1.0,0.0,0.0,Low,0,Low Risk - Low Activity
79153904,0.0,1,0,0.0,0.0,1.0,0.0,Low,0,Low Risk - Low Activity
79157045,0.0,1,0,0.0,0.0,1.0,0.0,Low,0,Low Risk - Low Activity
79168925,0.0,1,0,0.0,0.0,1.0,0.0,Low,0,Low Risk - Low Activity
79193741,0.0,1,0,0.0,1.0,0.0,0.0,Low,0,Low Risk - Low Activity
79202902,0.0,1,0,0.0,0.0,1.0,0.0,Low,0,Low Risk - Low Activity
79204809,0.0,1,0,0.0,0.0,1.0,0.0,Low,0,Low Risk - Low Activity
79207837,0.0,1,0,0.0,0.0,1.0,0.0,Low,0,Low Risk - Low Activity
79209052,0.0,1,0,0.0,1.0,0.0,0.0,Low,0,Low Risk - Low Activity
79240197,0.0,1,0,0.0,1.0,0.0,0.0,Low,0,Low Risk - Low Activity
79241313,0.0,1,0,0.0,0.0,1.0,0.0,Low,0,Low Risk - Low Activity
79268761,0.0,1,0,0.0,1.0,0.0,0.0,Low,0,Low Risk - Low Activity
79296329,0.0,1,0,0.0,0.0,1.0,0.0,Low,0,Low Risk - Low Activity
79325602,0.0,1,0,0.0,0.0,1.0,0.0,Low,0,Low Risk - Low Activity
79333822,0.0,1,0,0.0,1.0,0.0,0.0,Low,0,Low Risk - Low Activity
79337315,0.0,1,0,0.0,0.0,1.0,0.0,Low,0,Low Risk - Low Activity
79337430,0.0,1,0,0.0,0.0,1.0,0.0,Low,0,Low Risk - Low Activity
79343559,0.0,1,0,0.0,1.0,0.0,0.0,Low,0,Low Risk - Low Activity
79383225,0.0,1,0,0.0,0.0,1.0,0.0,Low,0,Low Risk - Low Activity
79383612,0.0,1,0,0.0,0.0,1.0,0.0,Low,0,Low Risk - Low Activity
79418877,0.0,1,0,0.0,1.0,0.0,0.0,Low,0,Low Risk - Low Activity
79426558,0.0,1,0,0.0,0.0,1.0,0.0,Low,0,Low Risk - Low Activity
79431850,0.0,1,0,0.0,1.0,0.0,0.0,Low,0,Low Risk - Low Activity
79445396,0.0,1,0,0.0,0.0,1.0,0.0,Low,0,Low Risk - Low Activity
79448657,0.0,1,0,0.0,1.0,0.0,0.0,Low,0,Low Risk - Low Activity
79449746,0.0,1,0,0.0,0.0,1.0,0.0,Low,0,Low Risk - Low Activity
79456231,0.0,1,0,0.0,0.0,1.0,0.0,Low,0,Low Risk - Low Activity
79468244,0.0,1,0,0.0,0.0,1.0,0.0,Low,0,Low Risk - Low Activity
79493206,0.0,1,0,0.0,1.0,0.0,0.0,Low,0,Low Risk - Low Activity
79504397,0.0,1,0,0.0,1.0,0.0,0.0,Low,0,Low Risk - Low Activity
79512109,0.0,1,0,0.0,1.0,0.0,0.0,Low,0,Low Risk - Low Activity
79518542,0.0,1,0,0.0,1.0,0.0,0.0,Low,0,Low Risk - Low Activity
79521819,0.0,1,0,0.0,1.0,0.0,0.0,Low,0,Low Risk - Low Activity
79540165,0.0,1,0,0.0,0.0,1.0,0.0,Low,0,Low Risk - Low Activity
79546072,0.0,1,0,0.0,0.0,1.0,0.0,Low,0,Low Risk - Low Activity
79575511,0.0,1,0,0.0,0.0,1.0,0.0,Low,0,Low Risk - Low Activity
79584911,0.0,1,0,0.0,0.0,1.0,0.0,Low,0,Low Risk - Low Activity
79589050,0.0,1,0,0.0,1.0,0.0,0.0,Low,0,Low Risk - Low Activity
79610771,0.0,1,0,0.0,0.0,1.0,0.0,Low,0,Low Risk - Low Activity
79611753,0.0,1,0,0.0,0.0,1.0,0.0,Low,0,Low Risk - Low Activity
79614634,0.0,1,0,0.0,1.0,0.0,0.0,Low,0,Low Risk - Low Activity
79648534,0.0,1,0,0.0,0.0,1.0,0.0,Low,0,Low Risk - Low Activity
79650673,0.0,1,0,0.0,0.0,1.0,0.0,Low,0,Low Risk - Low Activity
79654524,0.0,1,0,0.0,0.0,1.0,0.0,Low,0,Low Risk - Low Activity
79666404,0.0,1,0,0.0,0.0,1.0,0.0,Low,0,Low Risk - Low Activity
79667716,0.0,1,0,0.0,0.0,1.0,0.0,Low,0,Low Risk - Low Activity
79699519,0.0,1,0,0.0,0.0,1.0,0.0,Low,0,Low Risk - Low Activity
79703093,0.0,1,0,0.0,1.0,0.0,0.0,Low,0,Low Risk - Low Activity
79721693,0.0,1,0,0.0,0.0,1.0,0.0,Low,0,Low Risk - Low Activity
79722646,0.0,1,0,0.0,0.0,1.0,0.0,Low,0,Low Risk - Low Activity
79723073,0.0,1,0,0.0,1.0,0.0,0.0,Low,0,Low Risk - Low Activity
79725129,0.0,1,0,0.0,1.0,0.0,0.0,Low,0,Low Risk - Low Activity
79737689,0.0,1,0,0.0,1.0,0.0,0.0,Low,0,Low Risk - Low Activity
79749096,0.0,1,0,0.0,1.0,0.0,0.0,Low,0,Low Risk - Low Activity
79754865,0.0,1,0,0.0,0.0,1.0,0.0,Low,0,Low Risk - Low Activity
79756543,0.0,1,0,0.0,1.0,0.0,0.0,Low,0,Low Risk - Low Activity
79757110,0.0,1,0,0.0,1.0,0.0,0.0,Low,0,Low Risk - Low Activity
79760386,0.0,1,0,0.0,0.0,1.0,0.0,Low,0,Low Risk - Low Activity
79763421,0.0,1,0,0.0,1.0,0.0,0.0,Low,0,Low Risk - Low Activity
79765295,0.0,1,0,0.0,1.0,0.0,0.0,Low,0,Low Risk - Low Activity
79782463,0.0,1,0,0.0,0.0,1.0,0.0,Low,0,Low Risk - Low Activity
79783583,0.0,1,0,0.0,0.0,1.0,0.0,Low,0,Low Risk - Low Activity
79793789,0.0,1,0,0.0,0.0,1.0,0.0,Low,0,Low Risk - Low Activity
79796696,0.0,1,0,0.0,0.0,1.0,0.0,Low,0,Low Risk - Low Activity
79823366,0.0,1,0,0.0,1.0,0.0,0.0,Low,0,Low Risk - Low Activity
79845672,0.0,1,0,0.0,0.0,1.0,0.0,Low,0,Low Risk - Low Activity
79856348,0.0,1,0,0.0,1.0,0.0,0.0,Low,0,Low Risk - Low Activity
79863168,0.0,1,0,0.0,0.0,1.0,0.0,Low,0,Low Risk - Low Activity
79864028,0.0,1,0,0.0,0.0,1.0,0.0,Low,0,Low Risk - Low Activity
79870106,0.0,1,0,0.0,0.0,1.0,0.0,Low,0,Low Risk - Low Activity
79872932,0.0,1,0,0.0,0.0,1.0,0.0,Low,0,Low Risk - Low Activity
79893391,0.0,1,0,0.0,0.0,1.0,0.0,Low,0,Low Risk - Low Activity
79903152,0.0,1,0,0.0,0.0,1.0,0.0,Low,0,Low Risk - Low Activity
79919552,0.0,1,0,0.0,0.0,1.0,0.0,Low,0,Low Risk - Low Activity
79943177,0.0,1,0,0.0,0.0,1.0,0.0,Low,0,Low Risk - Low Activity
79951804,0.0,1,0,0.0,0.0,1.0,0.0,Low,0,Low Risk - Low Activity
79958080,0.0,1,0,0.0,1.0,0.0,0.0,Low,0,Low Risk - Low Activity
79959988,0.0,1,0,0.0,1.0,0.0,0.0,Low,0,Low Risk - Low Activity
79960461,0.0,1,0,0.0,1.0,0.0,0.0,Low,0,Low Risk - Low Activity
79965619,0.0,1,0,0.0,1.0,0.0,0.0,Low,0,Low Risk - Low Activity
79966326,0.0,1,0,0.0,0.0,1.0,0.0,Low,0,Low Risk - Low Activity
79971671,0.0,1,0,0.0,0.0,1.0,0.0,Low,0,Low Risk - Low Activity
79975354,0.0,1,0,0.0,0.0,1.0,0.0,Low,0,Low Risk - Low Activity
79988477,0.0,1,0,0.0,0.0,1.0,0.0,Low,0,Low Risk - Low Activity
79990516,0.0,1,0,0.0,1.0,0.0,0.0,Low,0,Low Risk - Low Activity
79991433,0.0,1,0,0.0,0.0,1.0,0.0,Low,0,Low Risk - Low Activity
79992891,0.0,1,0,0.0,1.0,0.0,0.0,Low,0,Low Risk - Low Activity
79998419,0.0,1,0,0.0,1.0,0.0,0.0,Low,0,Low Risk - Low Activity
80003448,0.0,1,0,0.0,1.0,0.0,0.0,Low,0,Low Risk - Low Activity
80007055,0.0,1,0,0.0,0.0,1.0,0.0,Low,0,Low Risk - Low Activity
80022127,0.0,1,0,0.0,1.0,0.0,0.0,Low,0,Low Risk - Low Activity
80024485,0.0,1,0,0.0,0.0,1.0,0.0,Low,0,Low Risk - Low Activity
80030033,0.0,1,0,0.0,0.0,1.0,0.0,Low,0,Low Risk - Low Activity
80054860,0.0,1,0,0.0,1.0,0.0,0.0,Low,0,Low Risk - Low Activity
80067266,0.0,1,0,0.0,1.0,0.0,0.0,Low,0,Low Risk - Low Activity
80068855,0.0,1,0,0.0,1.0,0.0,0.0,Low,0,Low Risk - Low Activity
80096143,0.0,1,0,0.0,1.0,0.0,0.0,Low,0,Low Risk - Low Activity
80100255,0.0,1,0,0.0,0.0,1.0,0.0,Low,0,Low Risk - Low Activity
80104193,0.0,1,0,0.0,0.0,1.0,0.0,Low,0,Low Risk - Low Activity
80112073,0.0,1,0,0.0,1.0,0.0,0.0,Low,0,Low Risk - Low Activity
80114409,0.0,1,0,0.0,0.0,1.0,0.0,Low,0,Low Risk - Low Activity
80131421,0.0,1,0,0.0,0.0,1.0,0.0,Low,0,Low Risk - Low Activity
80136741,0.0,1,0,0.0,1.0,0.0,0.0,Low,0,Low Risk - Low Activity
80146942,0.0,1,0,0.0,0.0,1.0,0.0,Low,0,Low Risk - Low Activity
80177994,0.0,1,0,0.0,0.0,1.0,0.0,Low,0,Low Risk - Low Activity
80198248,0.0,1,0,0.0,0.0,1.0,0.0,Low,0,Low Risk - Low Activity
80200996,0.0,1,0,0.0,1.0,0.0,0.0,Low,0,Low Risk - Low Activity
80236892,0.0,1,0,0.0,1.0,0.0,0.0,Low,0,Low Risk - Low Activity
80244020,0.0,1,0,0.0,0.0,1.0,0.0,Low,0,Low Risk - Low Activity
80263438,0.0,1,0,0.0,1.0,0.0,0.0,Low,0,Low Risk - Low Activity
80265635,0.0,1,0,0.0,0.0,1.0,0.0,Low,0,Low Risk - Low Activity
80267716,0.0,1,0,0.0,0.0,1.0,0.0,Low,0,Low Risk - Low Activity
80276367,0.0,1,0,0.0,1.0,0.0,0.0,Low,0,Low Risk - Low Activity
80281805,0.0,1,0,0.0,1.0,0.0,0.0,Low,0,Low Risk - Low Activity
80305093,0.0,1,0,0.0,1.0,0.0,0.0,Low,0,Low Risk - Low Activity
80365911,0.0,1,0,0.0,0.0,1.0,0.0,Low,0,Low Risk - Low Activity
80383865,0.0,1,0,0.0,0.0,1.0,0.0,Low,0,Low Risk - Low Activity
80384035,0.0,1,0,0.0,1.0,0.0,0.0,Low,0,Low Risk - Low Activity
80399911,0.0,1,0,0.0,0.0,1.0,0.0,Low,0,Low Risk - Low Activity
80408347,0.0,1,0,0.0,1.0,0.0,0.0,Low,0,Low Risk - Low Activity
80411133,0.0,1,0,0.0,1.0,0.0,0.0,Low,0,Low Risk - Low Activity
80422192,0.0,1,0,0.0,0.0,1.0,0.0,Low,0,Low Risk - Low Activity
80431092,0.0,1,0,0.0,0.0,1.0,0.0,Low,0,Low Risk - Low Activity
80431620,0.0,1,0,0.0,1.0,0.0,0.0,Low,0,Low Risk - Low Activity
80449142,0.0,1,0,0.0,0.0,1.0,0.0,Low,0,Low Risk - Low Activity
80488143,0.0,1,0,0.0,0.0,1.0,0.0,Low,0,Low Risk - Low Activity
80493940,0.0,1,0,0.0,0.0,1.0,0.0,Low,0,Low Risk - Low Activity
80513747,0.0,1,0,0.0,1.0,0.0,0.0,Low,0,Low Risk - Low Activity
80515538,0.0,1,0,0.0,0.0,1.0,0.0,Low,0,Low Risk - Low Activity
80519918,0.0,1,0,0.0,0.0,1.0,0.0,Low,0,Low Risk - Low Activity
80521109,0.0,1,0,0.0,1.0,0.0,0.0,Low,0,Low Risk - Low Activity
80540577,0.0,1,0,0.0,0.0,1.0,0.0,Low,0,Low Risk - Low Activity
80586445,0.0,1,0,0.0,1.0,0.0,0.0,Low,0,Low Risk - Low Activity
80601359,0.0,1,0,0.0,1.0,0.0,0.0,Low,0,Low Risk - Low Activity
80619483,0.0,1,0,0.0,0.0,1.0,0.0,Low,0,Low Risk - Low Activity
80627917,0.0,1,0,0.0,0.0,1.0,0.0,Low,0,Low Risk - Low Activity
80630012,0.0,1,0,0.0,0.0,1.0,0.0,Low,0,Low Risk - Low Activity
80636291,0.0,1,0,0.0,1.0,0.0,0.0,Low,0,Low Risk - Low Activity
80669470,0.0,1,0,0.0,0.0,1.0,0.0,Low,0,Low Risk - Low Activity
80688050,0.0,1,0,0.0,0.0,1.0,0.0,Low,0,Low Risk - Low Activity
80702183,0.0,1,0,0.0,0.0,1.0,0.0,Low,0,Low Risk - Low Activity
80709304,0.0,1,0,0.0,1.0,0.0,0.0,Low,0,Low Risk - Low Activity
80710308,0.0,1,0,0.0,0.0,1.0,0.0,Low,0,Low Risk - Low Activity
80733101,0.0,1,0,0.0,0.0,1.0,0.0,Low,0,Low Risk - Low Activity
80738872,0.0,1,0,0.0,0.0,1.0,0.0,Low,0,Low Risk - Low Activity
80744736,0.0,1,0,0.0,0.0,1.0,0.0,Low,0,Low Risk - Low Activity
80767687,0.0,1,0,0.0,0.0,1.0,0.0,Low,0,Low Risk - Low Activity
80781450,0.0,1,0,0.0,0.0,1.0,0.0,Low,0,Low Risk - Low Activity
80794057,0.0,1,0,0.0,0.0,1.0,0.0,Low,0,Low Risk - Low Activity
80822223,0.0,1,0,0.0,1.0,0.0,0.0,Low,0,Low Risk - Low Activity
80826311,0.0,1,0,0.0,1.0,0.0,0.0,Low,0,Low Risk - Low Activity
80830766,0.0,1,0,0.0,0.0,1.0,0.0,Low,0,Low Risk - Low Activity
80849904,0.0,1,0,0.0,0.0,1.0,0.0,Low,0,Low Risk - Low Activity
80855473,0.0,1,0,0.0,1.0,0.0,0.0,Low,0,Low Risk - Low Activity
80861203,0.0,1,0,0.0,0.0,1.0,0.0,Low,0,Low Risk - Low Activity
80861633,0.0,1,0,0.0,0.0,1.0,0.0,Low,0,Low Risk - Low Activity
80870947,0.0,1,0,0.0,0.0,1.0,0.0,Low,0,Low Risk - Low Activity
80880210,0.0,1,0,0.0,1.0,0.0,0.0,Low,0,Low Risk - Low Activity
80899974,0.0,1,0,0.0,0.0,1.0,0.0,Low,0,Low Risk - Low Activity
80903732,0.0,1,0,0.0,0.0,1.0,0.0,Low,0,Low Risk - Low Activity
80916994,0.0,1,0,0.0,1.0,0.0,0.0,Low,0,Low Risk - Low Activity
80920023,0.0,1,0,0.0,0.0,1.0,0.0,Low,0,Low Risk - Low Activity
80920996,0.0,1,0,0.0,1.0,0.0,0.0,Low,0,Low Risk - Low Activity
80957920,0.0,1,0,0.0,0.0,1.0,0.0,Low,0,Low Risk - Low Activity
80963630,0.0,1,0,0.0,0.0,1.0,0.0,Low,0,Low Risk - Low Activity
80964375,0.0,1,0,0.0,1.0,0.0,0.0,Low,0,Low Risk - Low Activity
80979987,0.0,1,0,0.0,0.0,1.0,0.0,Low,0,Low Risk - Low Activity
80980036,0.0,1,0,0.0,0.0,1.0,0.0,Low,0,Low Risk - Low Activity
80987616,0.0,1,0,0.0,0.0,1.0,0.0,Low,0,Low Risk - Low Activity
81000338,0.0,1,0,0.0,1.0,0.0,0.0,Low,0,Low Risk - Low Activity
81012791,0.0,1,0,0.0,0.0,1.0,0.0,Low,0,Low Risk - Low Activity
81020539,0.0,1,0,0.0,0.0,1.0,0.0,Low,0,Low Risk - Low Activity
81074296,0.0,1,0,0.0,0.0,1.0,0.0,Low,0,Low Risk - Low Activity
81095420,0.0,1,0,0.0,0.0,1.0,0.0,Low,0,Low Risk - Low Activity
81097540,0.0,1,0,0.0,1.0,0.0,0.0,Low,0,Low Risk - Low Activity
81110573,0.0,1,0,0.0,0.0,1.0,0.0,Low,0,Low Risk - Low Activity
81119428,0.0,1,0,0.0,1.0,0.0,0.0,Low,0,Low Risk - Low Activity
81120417,0.0,1,0,0.0,0.0,1.0,0.0,Low,0,Low Risk - Low Activity
81123488,0.0,1,0,0.0,0.0,1.0,0.0,Low,0,Low Risk - Low Activity
81127951,0.0,1,0,0.0,0.0,1.0,0.0,Low,0,Low Risk - Low Activity
81145345,0.0,1,0,0.0,0.0,1.0,0.0,Low,0,Low Risk - Low Activity
81153839,0.0,1,0,0.0,0.0,1.0,0.0,Low,0,Low Risk - Low Activity
81162719,0.0,1,0,0.0,0.0,1.0,0.0,Low,0,Low Risk - Low Activity
81186045,0.0,1,0,0.0,1.0,0.0,0.0,Low,0,Low Risk - Low Activity
81191699,0.0,1,0,0.0,1.0,0.0,0.0,Low,0,Low Risk - Low Activity
81205681,0.0,1,0,0.0,1.0,0.0,0.0,Low,0,Low Risk - Low Activity
81217354,0.0,1,0,0.0,0.0,1.0,0.0,Low,0,Low Risk - Low Activity
81227183,0.0,1,0,0.0,1.0,0.0,0.0,Low,0,Low Risk - Low Activity
81231037,0.0,1,0,0.0,1.0,0.0,0.0,Low,0,Low Risk - Low Activity
81232704,0.0,1,0,0.0,0.0,1.0,0.0,Low,0,Low Risk - Low Activity
81249560,0.0,1,0,0.0,0.0,1.0,0.0,Low,0,Low Risk - Low Activity
81275490,0.0,1,0,0.0,0.0,1.0,0.0,Low,0,Low Risk - Low Activity
81280745,0.0,1,0,0.0,0.0,1.0,0.0,Low,0,Low Risk - Low Activity
81306341,0.0,1,0,0.0,0.0,1.0,0.0,Low,0,Low Risk - Low Activity
81307916,0.0,1,0,0.0,0.0,1.0,0.0,Low,0,Low Risk - Low Activity
81332507,0.0,1,0,0.0,1.0,0.0,0.0,Low,0,Low Risk - Low Activity
81342071,0.0,1,0,0.0,0.0,1.0,0.0,Low,0,Low Risk - Low Activity
81346899,0.0,1,0,0.0,1.0,0.0,0.0,Low,0,Low Risk - Low Activity
81354409,0.0,1,0,0.0,1.0,0.0,0.0,Low,0,Low Risk - Low Activity
81354596,0.0,1,0,0.0,0.0,1.0,0.0,Low,0,Low Risk - Low Activity
81360715,0.0,1,0,0.0,0.0,1.0,0.0,Low,0,Low Risk - Low Activity
81378995,0.0,1,0,0.0,0.0,1.0,0.0,Low,0,Low Risk - Low Activity
81404716,0.0,1,0,0.0,0.0,1.0,0.0,Low,0,Low Risk - Low Activity
81406711,0.0,1,0,0.0,1.0,0.0,0.0,Low,0,Low Risk - Low Activity
81417855,0.0,1,0,0.0,0.0,1.0,0.0,Low,0,Low Risk - Low Activity
81434351,0.0,1,0,0.0,1.0,0.0,0.0,Low,0,Low Risk - Low Activity
81440287,0.0,1,0,0.0,1.0,0.0,0.0,Low,0,Low Risk - Low Activity
81441999,0.0,1,0,0.0,0.0,1.0,0.0,Low,0,Low Risk - Low Activity
81451213,0.0,1,0,0.0,1.0,0.0,0.0,Low,0,Low Risk - Low Activity
81453786,0.0,1,0,0.0,0.0,1.0,0.0,Low,0,Low Risk - Low Activity
81466416,0.0,1,0,0.0,0.0,1.0,0.0,Low,0,Low Risk - Low Activity
81474237,0.0,1,0,0.0,0.0,1.0,0.0,Low,0,Low Risk - Low Activity
81487214,0.0,1,0,0.0,1.0,0.0,0.0,Low,0,Low Risk - Low Activity
81499074,0.0,1,0,0.0,0.0,1.0,0.0,Low,0,Low Risk - Low Activity
81500877,0.0,1,0,0.0,0.0,1.0,0.0,Low,0,Low Risk - Low Activity
81507120,0.0,1,0,0.0,1.0,0.0,0.0,Low,0,Low Risk - Low Activity
81554393,0.0,1,0,0.0,0.0,1.0,0.0,Low,0,Low Risk - Low Activity
81556017,0.0,1,0,0.0,0.0,1.0,0.0,Low,0,Low Risk - Low Activity
81560536,0.0,1,0,0.0,0.0,1.0,0.0,Low,0,Low Risk - Low Activity
81562185,0.0,1,0,0.0,1.0,0.0,0.0,Low,0,Low Risk - Low Activity
81570138,0.0,1,0,0.0,0.0,1.0,0.0,Low,0,Low Risk - Low Activity
81578682,0.0,1,0,0.0,0.0,1.0,0.0,Low,0,Low Risk - Low Activity
81585246,0.0,1,0,0.0,1.0,0.0,0.0,Low,0,Low Risk - Low Activity
81601305,0.0,1,0,0.0,1.0,0.0,0.0,Low,0,Low Risk - Low Activity
81628310,0.0,1,0,0.0,1.0,0.0,0.0,Low,0,Low Risk - Low Activity
81630522,0.0,1,0,0.0,0.0,1.0,0.0,Low,0,Low Risk - Low Activity
81634399,0.0,1,0,0.0,1.0,0.0,0.0,Low,0,Low Risk - Low Activity
81638818,0.0,1,0,0.0,0.0,1.0,0.0,Low,0,Low Risk - Low Activity
81643173,0.0,1,0,0.0,0.0,1.0,0.0,Low,0,Low Risk - Low Activity
81654863,0.0,1,0,0.0,0.0,1.0,0.0,Low,0,Low Risk - Low Activity
81661457,0.0,1,0,0.0,0.0,1.0,0.0,Low,0,Low Risk - Low Activity
81665072,0.0,1,0,0.0,0.0,1.0,0.0,Low,0,Low Risk - Low Activity
81666115,0.0,1,0,0.0,0.0,1.0,0.0,Low,0,Low Risk - Low Activity
81676354,0.0,1,0,0.0,0.0,1.0,0.0,Low,0,Low Risk - Low Activity
81682031,0.0,1,0,0.0,1.0,0.0,0.0,Low,0,Low Risk - Low Activity
81684069,0.0,1,0,0.0,0.0,1.0,0.0,Low,0,Low Risk - Low Activity
81686411,0.0,1,0,0.0,1.0,0.0,0.0,Low,0,Low Risk - Low Activity
81693975,0.0,1,0,0.0,0.0,1.0,0.0,Low,0,Low Risk - Low Activity
81694065,0.0,1,0,0.0,0.0,1.0,0.0,Low,0,Low Risk - Low Activity
81695497,0.0,1,0,0.0,1.0,0.0,0.0,Low,0,Low Risk - Low Activity
81704963,0.0,1,0,0.0,0.0,1.0,0.0,Low,0,Low Risk - Low Activity
81717685,0.0,1,0,0.0,0.0,1.0,0.0,Low,0,Low Risk - Low Activity
81725593,0.0,1,0,0.0,0.0,1.0,0.0,Low,0,Low Risk - Low Activity
81740225,0.0,1,0,0.0,0.0,1.0,0.0,Low,0,Low Risk - Low Activity
81741513,0.0,1,0,0.0,1.0,0.0,0.0,Low,0,Low Risk - Low Activity
81746962,0.0,1,0,0.0,0.0,1.0,0.0,Low,0,Low Risk - Low Activity
81749370,0.0,1,0,0.0,0.0,1.0,0.0,Low,0,Low Risk - Low Activity
81754777,0.0,1,0,0.0,1.0,0.0,0.0,Low,0,Low Risk - Low Activity
81760849,0.0,1,0,0.0,0.0,1.0,0.0,Low,0,Low Risk - Low Activity
81779988,0.0,1,0,0.0,0.0,1.0,0.0,Low,0,Low Risk - Low Activity
81796249,0.0,1,0,0.0,1.0,0.0,0.0,Low,0,Low Risk - Low Activity
81810780,0.0,1,0,0.0,0.0,1.0,0.0,Low,0,Low Risk - Low Activity
81818840,0.0,1,0,0.0,1.0,0.0,0.0,Low,0,Low Risk - Low Activity
81823498,0.0,1,0,0.0,0.0,1.0,0.0,Low,0,Low Risk - Low Activity
81842591,0.0,1,0,0.0,0.0,1.0,0.0,Low,0,Low Risk - Low Activity
81866287,0.0,1,0,0.0,0.0,1.0,0.0,Low,0,Low Risk - Low Activity
81901665,0.0,1,0,0.0,1.0,0.0,0.0,Low,0,Low Risk - Low Activity
81904434,0.0,1,0,0.0,0.0,1.0,0.0,Low,0,Low Risk - Low Activity
81905744,0.0,1,0,0.0,1.0,0.0,0.0,Low,0,Low Risk - Low Activity
81906789,0.0,1,0,0.0,0.0,1.0,0.0,Low,0,Low Risk - Low Activity
81926734,0.0,1,0,0.0,1.0,0.0,0.0,Low,0,Low Risk - Low Activity
81929578,0.0,1,0,0.0,1.0,0.0,0.0,Low,0,Low Risk - Low Activity
81930683,0.0,1,0,0.0,1.0,0.0,0.0,Low,0,Low Risk - Low Activity
81936115,0.0,1,0,0.0,0.0,1.0,0.0,Low,0,Low Risk - Low Activity
81938807,0.0,1,0,0.0,0.0,1.0,0.0,Low,0,Low Risk - Low Activity
81943928,0.0,1,0,0.0,0.0,1.0,0.0,Low,0,Low Risk - Low Activity
81988443,0.0,1,0,0.0,0.0,1.0,0.0,Low,0,Low Risk - Low Activity
81989930,0.0,1,0,0.0,0.0,1.0,0.0,Low,0,Low Risk - Low Activity
82005277,0.0,1,0,0.0,0.0,1.0,0.0,Low,0,Low Risk - Low Activity
82016346,0.0,1,0,0.0,0.0,1.0,0.0,Low,0,Low Risk - Low Activity
82041043,0.0,1,0,0.0,0.0,1.0,0.0,Low,0,Low Risk - Low Activity
82054494,0.0,1,0,0.0,1.0,0.0,0.0,Low,0,Low Risk - Low Activity
82061545,0.0,1,0,0.0,0.0,1.0,0.0,Low,0,Low Risk - Low Activity
82099136,0.0,1,0,0.0,0.0,1.0,0.0,Low,0,Low Risk - Low Activity
82099423,0.0,1,0,0.0,1.0,0.0,0.0,Low,0,Low Risk - Low Activity
82105138,0.0,1,0,0.0,1.0,0.0,0.0,Low,0,Low Risk - Low Activity
82134900,0.0,1,0,0.0,0.0,1.0,0.0,Low,0,Low Risk - Low Activity
82137268,0.0,1,0,0.0,1.0,0.0,0.0,Low,0,Low Risk - Low Activity
82142884,0.0,1,0,0.0,0.0,1.0,0.0,Low,0,Low Risk - Low Activity
82152544,0.0,1,0,0.0,1.0,0.0,0.0,Low,0,Low Risk - Low Activity
82156887,0.0,1,0,0.0,0.0,1.0,0.0,Low,0,Low Risk - Low Activity
82162039,0.0,1,0,0.0,0.0,1.0,0.0,Low,0,Low Risk - Low Activity
82200023,0.0,1,0,0.0,0.0,1.0,0.0,Low,0,Low Risk - Low Activity
82224580,0.0,1,0,0.0,0.0,1.0,0.0,Low,0,Low Risk - Low Activity
82248580,0.0,1,0,0.0,0.0,1.0,0.0,Low,0,Low Risk - Low Activity
82252223,0.0,1,0,0.0,0.0,1.0,0.0,Low,0,Low Risk - Low Activity
82252651,0.0,1,0,0.0,0.0,1.0,0.0,Low,0,Low Risk - Low Activity
82258596,0.0,1,0,0.0,1.0,0.0,0.0,Low,0,Low Risk - Low Activity
82258629,0.0,1,0,0.0,0.0,1.0,0.0,Low,0,Low Risk - Low Activity
82268852,0.0,1,0,0.0,0.0,1.0,0.0,Low,0,Low Risk - Low Activity
82278034,0.0,1,0,0.0,1.0,0.0,0.0,Low,0,Low Risk - Low Activity
82302725,0.0,1,0,0.0,0.0,1.0,0.0,Low,0,Low Risk - Low Activity
82309549,0.0,1,0,0.0,0.0,1.0,0.0,Low,0,Low Risk - Low Activity
82340754,0.0,1,0,0.0,0.0,1.0,0.0,Low,0,Low Risk - Low Activity
82364541,0.0,1,0,0.0,1.0,0.0,0.0,Low,0,Low Risk - Low Activity
82364665,0.0,1,0,0.0,0.0,1.0,0.0,Low,0,Low Risk - Low Activity
82372069,0.0,1,0,0.0,0.0,1.0,0.0,Low,0,Low Risk - Low Activity
82372081,0.0,1,0,0.0,0.0,1.0,0.0,Low,0,Low Risk - Low Activity
82374100,0.0,1,0,0.0,1.0,0.0,0.0,Low,0,Low Risk - Low Activity
82407253,0.0,1,0,0.0,1.0,0.0,0.0,Low,0,Low Risk - Low Activity
82412535,0.0,1,0,0.0,0.0,1.0,0.0,Low,0,Low Risk - Low Activity
82413791,0.0,1,0,0.0,0.0,1.0,0.0,Low,0,Low Risk - Low Activity
82448676,0.0,1,0,0.0,1.0,0.0,0.0,Low,0,Low Risk - Low Activity
82451366,0.0,1,0,0.0,0.0,1.0,0.0,Low,0,Low Risk - Low Activity
82452188,0.0,1,0,0.0,0.0,1.0,0.0,Low,0,Low Risk - Low Activity
82465056,0.0,1,0,0.0,1.0,0.0,0.0,Low,0,Low Risk - Low Activity
82537096,0.0,1,0,0.0,0.0,1.0,0.0,Low,0,Low Risk - Low Activity
82537658,0.0,1,0,0.0,0.0,1.0,0.0,Low,0,Low Risk - Low Activity
82548674,0.0,1,0,0.0,1.0,0.0,0.0,Low,0,Low Risk - Low Activity
82564918,0.0,1,0,0.0,1.0,0.0,0.0,Low,0,Low Risk - Low Activity
82567919,0.0,1,0,0.0,0.0,1.0,0.0,Low,0,Low Risk - Low Activity
82580132,0.0,1,0,0.0,1.0,0.0,0.0,Low,0,Low Risk - Low Activity
82595753,0.0,1,0,0.0,0.0,1.0,0.0,Low,0,Low Risk - Low Activity
82602242,0.0,1,0,0.0,0.0,1.0,0.0,Low,0,Low Risk - Low Activity
82636223,0.0,1,0,0.0,0.0,1.0,0.0,Low,0,Low Risk - Low Activity
82637692,0.0,1,0,0.0,0.0,1.0,0.0,Low,0,Low Risk - Low Activity
82645871,0.0,1,0,0.0,0.0,1.0,0.0,Low,0,Low Risk - Low Activity
82649124,0.0,1,0,0.0,0.0,1.0,0.0,Low,0,Low Risk - Low Activity
82662867,0.0,1,0,0.0,0.0,1.0,0.0,Low,0,Low Risk - Low Activity
82665761,0.0,1,0,0.0,0.0,1.0,0.0,Low,0,Low Risk - Low Activity
82689327,0.0,1,0,0.0,1.0,0.0,0.0,Low,0,Low Risk - Low Activity
82701766,0.0,1,0,0.0,1.0,0.0,0.0,Low,0,Low Risk - Low Activity
82703233,0.0,1,0,0.0,1.0,0.0,0.0,Low,0,Low Risk - Low Activity
82705038,0.0,1,0,0.0,0.0,1.0,0.0,Low,0,Low Risk - Low Activity
82710477,0.0,1,0,0.0,1.0,0.0,0.0,Low,0,Low Risk - Low Activity
82727417,0.0,1,0,0.0,0.0,1.0,0.0,Low,0,Low Risk - Low Activity
82750581,0.0,1,0,0.0,0.0,1.0,0.0,Low,0,Low Risk - Low Activity
82772915,0.0,1,0,0.0,0.0,1.0,0.0,Low,0,Low Risk - Low Activity
82779889,0.0,1,0,0.0,0.0,1.0,0.0,Low,0,Low Risk - Low Activity
82780202,0.0,1,0,0.0,1.0,0.0,0.0,Low,0,Low Risk - Low Activity
82784428,0.0,1,0,0.0,1.0,0.0,0.0,Low,0,Low Risk - Low Activity
82792080,0.0,1,0,0.0,0.0,1.0,0.0,Low,0,Low Risk - Low Activity
82795981,0.0,1,0,0.0,0.0,1.0,0.0,Low,0,Low Risk - Low Activity
82801746,0.0,1,0,0.0,1.0,0.0,0.0,Low,0,Low Risk - Low Activity
82807376,0.0,1,0,0.0,0.0,1.0,0.0,Low,0,Low Risk - Low Activity
82826747,0.0,1,0,0.0,0.0,1.0,0.0,Low,0,Low Risk - Low Activity
82830144,0.0,1,0,0.0,0.0,1.0,0.0,Low,0,Low Risk - Low Activity
82834890,0.0,1,0,0.0,0.0,1.0,0.0,Low,0,Low Risk - Low Activity
82853136,0.0,1,0,0.0,0.0,1.0,0.0,Low,0,Low Risk - Low Activity
82873464,0.0,1,0,0.0,0.0,1.0,0.0,Low,0,Low Risk - Low Activity
82876710,0.0,1,0,0.0,0.0,1.0,0.0,Low,0,Low Risk - Low Activity
82914084,0.0,1,0,0.0,0.0,1.0,0.0,Low,0,Low Risk - Low Activity
82931534,0.0,1,0,0.0,1.0,0.0,0.0,Low,0,Low Risk - Low Activity
82935973,0.0,1,0,0.0,0.0,1.0,0.0,Low,0,Low Risk - Low Activity
82940444,0.0,1,0,0.0,1.0,0.0,0.0,Low,0,Low Risk - Low Activity
82949991,0.0,1,0,0.0,0.0,1.0,0.0,Low,0,Low Risk - Low Activity
82953641,0.0,1,0,0.0,1.0,0.0,0.0,Low,0,Low Risk - Low Activity
82953863,0.0,1,0,0.0,0.0,1.0,0.0,Low,0,Low Risk - Low Activity
82965481,0.0,1,0,0.0,0.0,1.0,0.0,Low,0,Low Risk - Low Activity
82968015,0.0,1,0,0.0,0.0,1.0,0.0,Low,0,Low Risk - Low Activity
82975223,0.0,1,0,0.0,1.0,0.0,0.0,Low,0,Low Risk - Low Activity
82983203,0.0,1,0,0.0,1.0,0.0,0.0,Low,0,Low Risk - Low Activity
82999048,0.0,1,0,0.0,1.0,0.0,0.0,Low,0,Low Risk - Low Activity
82999384,0.0,1,0,0.0,1.0,0.0,0.0,Low,0,Low Risk - Low Activity
83004931,0.0,1,0,0.0,1.0,0.0,0.0,Low,0,Low Risk - Low Activity
83005850,0.0,1,0,0.0,0.0,1.0,0.0,Low,0,Low Risk - Low Activity
83012019,0.0,1,0,0.0,1.0,0.0,0.0,Low,0,Low Risk - Low Activity
83023120,0.0,1,0,0.0,0.0,1.0,0.0,Low,0,Low Risk - Low Activity
83025641,0.0,1,0,0.0,1.0,0.0,0.0,Low,0,Low Risk - Low Activity
83026677,0.0,1,0,0.0,1.0,0.0,0.0,Low,0,Low Risk - Low Activity
83033063,0.0,1,0,0.0,0.0,1.0,0.0,Low,0,Low Risk - Low Activity
83044128,0.0,1,0,0.0,1.0,0.0,0.0,Low,0,Low Risk - Low Activity
83055939,0.0,1,0,0.0,0.0,1.0,0.0,Low,0,Low Risk - Low Activity
83058817,0.0,1,0,0.0,1.0,0.0,0.0,Low,0,Low Risk - Low Activity
83059345,0.0,1,0,0.0,0.0,1.0,0.0,Low,0,Low Risk - Low Activity
83062483,0.0,1,0,0.0,0.0,1.0,0.0,Low,0,Low Risk - Low Activity
83069510,0.0,1,0,0.0,0.0,1.0,0.0,Low,0,Low Risk - Low Activity
83078040,0.0,1,0,0.0,0.0,1.0,0.0,Low,0,Low Risk - Low Activity
83087337,0.0,1,0,0.0,0.0,1.0,0.0,Low,0,Low Risk - Low Activity
83088728,0.0,1,0,0.0,1.0,0.0,0.0,Low,0,Low Risk - Low Activity
83118710,0.0,1,0,0.0,0.0,1.0,0.0,Low,0,Low Risk - Low Activity
83128142,0.0,1,0,0.0,1.0,0.0,0.0,Low,0,Low Risk - Low Activity
83134513,0.0,1,0,0.0,1.0,0.0,0.0,Low,0,Low Risk - Low Activity
83147968,0.0,1,0,0.0,0.0,1.0,0.0,Low,0,Low Risk - Low Activity
83152741,0.0,1,0,0.0,1.0,0.0,0.0,Low,0,Low Risk - Low Activity
83153081,0.0,1,0,0.0,1.0,0.0,0.0,Low,0,Low Risk - Low Activity
83155239,0.0,1,0,0.0,1.0,0.0,0.0,Low,0,Low Risk - Low Activity
83156042,0.0,1,0,0.0,1.0,0.0,0.0,Low,0,Low Risk - Low Activity
83167156,0.0,1,0,0.0,0.0,1.0,0.0,Low,0,Low Risk - Low Activity
83218562,0.0,1,0,0.0,1.0,0.0,0.0,Low,0,Low Risk - Low Activity
83223059,0.0,1,0,0.0,1.0,0.0,0.0,Low,0,Low Risk - Low Activity
83257612,0.0,1,0,0.0,0.0,1.0,0.0,Low,0,Low Risk - Low Activity
83258459,0.0,1,0,0.0,1.0,0.0,0.0,Low,0,Low Risk - Low Activity
83258501,0.0,1,0,0.0,1.0,0.0,0.0,Low,0,Low Risk - Low Activity
83261050,0.0,1,0,0.0,1.0,0.0,0.0,Low,0,Low Risk - Low Activity
83262671,0.0,1,0,0.0,0.0,1.0,0.0,Low,0,Low Risk - Low Activity
83270584,0.0,1,0,0.0,0.0,1.0,0.0,Low,0,Low Risk - Low Activity
83282453,0.0,1,0,0.0,0.0,1.0,0.0,Low,0,Low Risk - Low Activity
83304838,0.0,1,0,0.0,1.0,0.0,0.0,Low,0,Low Risk - Low Activity
83327258,0.0,1,0,0.0,0.0,1.0,0.0,Low,0,Low Risk - Low Activity
83336222,0.0,1,0,0.0,0.0,1.0,0.0,Low,0,Low Risk - Low Activity
83339345,0.0,1,0,0.0,1.0,0.0,0.0,Low,0,Low Risk - Low Activity
83340911,0.0,1,0,0.0,0.0,1.0,0.0,Low,0,Low Risk - Low Activity
83346260,0.0,1,0,0.0,1.0,0.0,0.0,Low,0,Low Risk - Low Activity
83347891,0.0,1,0,0.0,0.0,1.0,0.0,Low,0,Low Risk - Low Activity
83357618,0.0,1,0,0.0,1.0,0.0,0.0,Low,0,Low Risk - Low Activity
83361082,0.0,1,0,0.0,0.0,1.0,0.0,Low,0,Low Risk - Low Activity
83376115,0.0,1,0,0.0,0.0,1.0,0.0,Low,0,Low Risk - Low Activity
83396322,0.0,1,0,0.0,1.0,0.0,0.0,Low,0,Low Risk - Low Activity
83405225,0.0,1,0,0.0,0.0,1.0,0.0,Low,0,Low Risk - Low Activity
83408469,0.0,1,0,0.0,0.0,1.0,0.0,Low,0,Low Risk - Low Activity
83425133,0.0,1,0,0.0,0.0,1.0,0.0,Low,0,Low Risk - Low Activity
83425631,0.0,1,0,0.0,1.0,0.0,0.0,Low,0,Low Risk - Low Activity
83434150,0.0,1,0,0.0,1.0,0.0,0.0,Low,0,Low Risk - Low Activity
83435195,0.0,1,0,0.0,1.0,0.0,0.0,Low,0,Low Risk - Low Activity
83462971,0.0,1,0,0.0,1.0,0.0,0.0,Low,0,Low Risk - Low Activity
83463775,0.0,1,0,0.0,0.0,1.0,0.0,Low,0,Low Risk - Low Activity
83473618,0.0,1,0,0.0,0.0,1.0,0.0,Low,0,Low Risk - Low Activity
83478488,0.0,1,0,0.0,0.0,1.0,0.0,Low,0,Low Risk - Low Activity
83508822,0.0,1,0,0.0,1.0,0.0,0.0,Low,0,Low Risk - Low Activity
83518167,0.0,1,0,0.0,0.0,1.0,0.0,Low,0,Low Risk - Low Activity
83525907,0.0,1,0,0.0,1.0,0.0,0.0,Low,0,Low Risk - Low Activity
83533171,0.0,1,0,0.0,0.0,1.0,0.0,Low,0,Low Risk - Low Activity
83553970,0.0,1,0,0.0,0.0,1.0,0.0,Low,0,Low Risk - Low Activity
83557144,0.0,1,0,0.0,0.0,1.0,0.0,Low,0,Low Risk - Low Activity
83561855,0.0,1,0,0.0,1.0,0.0,0.0,Low,0,Low Risk - Low Activity
83567778,0.0,1,0,0.0,1.0,0.0,0.0,Low,0,Low Risk - Low Activity
83568801,0.0,1,0,0.0,0.0,1.0,0.0,Low,0,Low Risk - Low Activity
83577027,0.0,1,0,0.0,0.0,1.0,0.0,Low,0,Low Risk - Low Activity
83578208,0.0,1,0,0.0,0.0,1.0,0.0,Low,0,Low Risk - Low Activity
83594815,0.0,1,0,0.0,0.0,1.0,0.0,Low,0,Low Risk - Low Activity
83599253,0.0,1,0,0.0,0.0,1.0,0.0,Low,0,Low Risk - Low Activity
83601258,0.0,1,0,0.0,0.0,1.0,0.0,Low,0,Low Risk - Low Activity
83621099,0.0,1,0,0.0,0.0,1.0,0.0,Low,0,Low Risk - Low Activity
83649529,0.0,1,0,0.0,1.0,0.0,0.0,Low,0,Low Risk - Low Activity
83658965,0.0,1,0,0.0,0.0,1.0,0.0,Low,0,Low Risk - Low Activity
83661727,0.0,1,0,0.0,0.0,1.0,0.0,Low,0,Low Risk - Low Activity
83664653,0.0,1,0,0.0,1.0,0.0,0.0,Low,0,Low Risk - Low Activity
83677139,0.0,1,0,1.0,0.0,0.0,0.0,Low,1,Low Risk - Low Activity
83679221,0.0,1,0,0.0,0.0,1.0,0.0,Low,0,Low Risk - Low Activity
83682364,0.0,1,0,0.0,0.0,1.0,0.0,Low,0,Low Risk - Low Activity
83710080,0.0,1,0,0.0,1.0,0.0,0.0,Low,0,Low Risk - Low Activity
83726136,0.0,1,0,0.0,0.0,1.0,0.0,Low,0,Low Risk - Low Activity
83740395,0.0,1,0,0.0,0.0,1.0,0.0,Low,0,Low Risk - Low Activity
83742014,0.0,1,0,0.0,0.0,1.0,0.0,Low,0,Low Risk - Low Activity
83745667,0.0,1,0,0.0,0.0,1.0,0.0,Low,0,Low Risk - Low Activity
83747162,0.0,1,0,0.0,1.0,0.0,0.0,Low,0,Low Risk - Low Activity
83749147,0.0,1,0,0.0,0.0,1.0,0.0,Low,0,Low Risk - Low Activity
83764269,0.0,1,0,0.0,0.0,1.0,0.0,Low,0,Low Risk - Low Activity
83782139,0.0,1,0,0.0,1.0,0.0,0.0,Low,0,Low Risk - Low Activity
83819025,0.0,1,0,0.0,0.0,1.0,0.0,Low,0,Low Risk - Low Activity
83859635,0.0,1,0,0.0,0.0,1.0,0.0,Low,0,Low Risk - Low Activity
83861860,0.0,1,0,0.0,0.0,1.0,0.0,Low,0,Low Risk - Low Activity
83863187,0.0,1,0,0.0,0.0,1.0,0.0,Low,0,Low Risk - Low Activity
83865052,0.0,1,0,0.0,0.0,1.0,0.0,Low,0,Low Risk - Low Activity
83868796,0.0,1,0,0.0,1.0,0.0,0.0,Low,0,Low Risk - Low Activity
83874543,0.0,1,0,0.0,0.0,1.0,0.0,Low,0,Low Risk - Low Activity
83907796,0.0,1,0,0.0,0.0,1.0,0.0,Low,0,Low Risk - Low Activity
83911508,0.0,1,0,0.0,0.0,1.0,0.0,Low,0,Low Risk - Low Activity
83919639,0.0,1,0,0.0,0.0,1.0,0.0,Low,0,Low Risk - Low Activity
83923090,0.0,1,0,0.0,1.0,0.0,0.0,Low,0,Low Risk - Low Activity
83989683,0.0,1,0,0.0,1.0,0.0,0.0,Low,0,Low Risk - Low Activity
83992045,0.0,1,0,0.0,1.0,0.0,0.0,Low,0,Low Risk - Low Activity
83992540,0.0,1,0,0.0,1.0,0.0,0.0,Low,0,Low Risk - Low Activity
83994772,0.0,1,0,0.0,0.0,1.0,0.0,Low,0,Low Risk - Low Activity
84008541,0.0,1,0,0.0,0.0,1.0,0.0,Low,0,Low Risk - Low Activity
84021291,0.0,1,0,0.0,0.0,1.0,0.0,Low,0,Low Risk - Low Activity
84022141,0.0,1,0,0.0,0.0,1.0,0.0,Low,0,Low Risk - Low Activity
84023916,0.0,1,0,0.0,0.0,1.0,0.0,Low,0,Low Risk - Low Activity
84044657,0.0,1,0,0.0,1.0,0.0,0.0,Low,0,Low Risk - Low Activity
84050007,0.0,1,0,0.0,1.0,0.0,0.0,Low,0,Low Risk - Low Activity
84060114,0.0,1,0,0.0,1.0,0.0,0.0,Low,0,Low Risk - Low Activity
84085553,0.0,1,0,0.0,1.0,0.0,0.0,Low,0,Low Risk - Low Activity
84092976,0.0,1,0,0.0,1.0,0.0,0.0,Low,0,Low Risk - Low Activity
84093437,0.0,1,0,0.0,1.0,0.0,0.0,Low,0,Low Risk - Low Activity
84110241,0.0,1,0,0.0,1.0,0.0,0.0,Low,0,Low Risk - Low Activity
84117941,0.0,1,0,0.0,1.0,0.0,0.0,Low,0,Low Risk - Low Activity
84120988,0.0,1,0,0.0,0.0,1.0,0.0,Low,0,Low Risk - Low Activity
84139655,0.0,1,0,0.0,0.0,1.0,0.0,Low,0,Low Risk - Low Activity
84180863,0.0,1,0,0.0,1.0,0.0,0.0,Low,0,Low Risk - Low Activity
84202336,0.0,1,0,0.0,1.0,0.0,0.0,Low,0,Low Risk - Low Activity
84265826,0.0,1,0,0.0,0.0,1.0,0.0,Low,0,Low Risk - Low Activity
84277404,0.0,1,0,0.0,1.0,0.0,0.0,Low,0,Low Risk - Low Activity
84316393,0.0,1,0,0.0,0.0,1.0,0.0,Low,0,Low Risk - Low Activity
84325882,0.0,1,0,0.0,0.0,1.0,0.0,Low,0,Low Risk - Low Activity
84328819,0.0,1,0,0.0,1.0,0.0,0.0,Low,0,Low Risk - Low Activity
84332684,0.0,1,0,0.0,0.0,1.0,0.0,Low,0,Low Risk - Low Activity
84339570,0.0,1,0,0.0,0.0,1.0,0.0,Low,0,Low Risk - Low Activity
84349318,0.0,1,0,0.0,0.0,1.0,0.0,Low,0,Low Risk - Low Activity
84350079,0.0,1,0,0.0,0.0,1.0,0.0,Low,0,Low Risk - Low Activity
84354443,0.0,1,0,0.0,1.0,0.0,0.0,Low,0,Low Risk - Low Activity
84355471,0.0,1,0,0.0,1.0,0.0,0.0,Low,0,Low Risk - Low Activity
84367478,0.0,1,0,0.0,0.0,1.0,0.0,Low,0,Low Risk - Low Activity
84397096,0.0,1,0,0.0,0.0,1.0,0.0,Low,0,Low Risk - Low Activity
84398348,0.0,1,0,0.0,0.0,1.0,0.0,Low,0,Low Risk - Low Activity
84404222,0.0,1,0,0.0,0.0,1.0,0.0,Low,0,Low Risk - Low Activity
84409428,0.0,1,0,0.0,0.0,1.0,0.0,Low,0,Low Risk - Low Activity
84431443,0.0,1,0,0.0,0.0,1.0,0.0,Low,0,Low Risk - Low Activity
84433264,0.0,1,0,0.0,0.0,1.0,0.0,Low,0,Low Risk - Low Activity
84436225,0.0,1,0,0.0,1.0,0.0,0.0,Low,0,Low Risk - Low Activity
84454685,0.0,1,0,0.0,0.0,1.0,0.0,Low,0,Low Risk - Low Activity
84461448,0.0,1,0,0.0,1.0,0.0,0.0,Low,0,Low Risk - Low Activity
84475151,0.0,1,0,0.0,0.0,1.0,0.0,Low,0,Low Risk - Low Activity
84490316,0.0,1,0,0.0,1.0,0.0,0.0,Low,0,Low Risk - Low Activity
84490612,0.0,1,0,0.0,1.0,0.0,0.0,Low,0,Low Risk - Low Activity
84535475,0.0,1,0,0.0,0.0,1.0,0.0,Low,0,Low Risk - Low Activity
84539689,0.0,1,0,0.0,1.0,0.0,0.0,Low,0,Low Risk - Low Activity
84549520,0.0,1,0,0.0,1.0,0.0,0.0,Low,0,Low Risk - Low Activity
84561071,0.0,1,0,0.0,0.0,1.0,0.0,Low,0,Low Risk - Low Activity
84565804,0.0,1,0,0.0,0.0,1.0,0.0,Low,0,Low Risk - Low Activity
84567038,0.0,1,0,0.0,1.0,0.0,0.0,Low,0,Low Risk - Low Activity
84609868,0.0,1,0,0.0,1.0,0.0,0.0,Low,0,Low Risk - Low Activity
84649170,0.0,1,0,0.0,0.0,1.0,0.0,Low,0,Low Risk - Low Activity
84650172,0.0,1,0,0.0,1.0,0.0,0.0,Low,0,Low Risk - Low Activity
84656389,0.0,1,0,0.0,0.0,1.0,0.0,Low,0,Low Risk - Low Activity
84663817,0.0,1,0,0.0,1.0,0.0,0.0,Low,0,Low Risk - Low Activity
84671035,0.0,1,0,0.0,1.0,0.0,0.0,Low,0,Low Risk - Low Activity
84698521,0.0,1,0,0.0,1.0,0.0,0.0,Low,0,Low Risk - Low Activity
84704619,0.0,1,0,0.0,0.0,1.0,0.0,Low,0,Low Risk - Low Activity
84717299,0.0,1,0,0.0,0.0,1.0,0.0,Low,0,Low Risk - Low Activity
84726215,0.0,1,0,0.0,0.0,1.0,0.0,Low,0,Low Risk - Low Activity
84742978,0.0,1,0,0.0,0.0,1.0,0.0,Low,0,Low Risk - Low Activity
84754899,0.0,1,0,0.0,0.0,1.0,0.0,Low,0,Low Risk - Low Activity
84759850,0.0,1,0,0.0,1.0,0.0,0.0,Low,0,Low Risk - Low Activity
84765635,0.0,1,0,0.0,0.0,1.0,0.0,Low,0,Low Risk - Low Activity
84769961,0.0,1,0,0.0,1.0,0.0,0.0,Low,0,Low Risk - Low Activity
84770488,0.0,1,0,0.0,1.0,0.0,0.0,Low,0,Low Risk - Low Activity
84784101,0.0,1,0,0.0,1.0,0.0,0.0,Low,0,Low Risk - Low Activity
84789400,0.0,1,0,0.0,1.0,0.0,0.0,Low,0,Low Risk - Low Activity
84790325,0.0,1,0,0.0,1.0,0.0,0.0,Low,0,Low Risk - Low Activity
84815114,0.0,1,0,0.0,0.0,1.0,0.0,Low,0,Low Risk - Low Activity
84823411,0.0,1,0,0.0,1.0,0.0,0.0,Low,0,Low Risk - Low Activity
84830753,0.0,1,0,0.0,0.0,1.0,0.0,Low,0,Low Risk - Low Activity
84854598,0.0,1,0,0.0,0.0,1.0,0.0,Low,0,Low Risk - Low Activity
84864273,0.0,1,0,0.0,1.0,0.0,0.0,Low,0,Low Risk - Low Activity
84867825,0.0,1,0,0.0,1.0,0.0,0.0,Low,0,Low Risk - Low Activity
84875116,0.0,1,0,0.0,0.0,1.0,0.0,Low,0,Low Risk - Low Activity
84885071,0.0,1,0,0.0,0.0,1.0,0.0,Low,0,Low Risk - Low Activity
84885510,0.0,1,0,0.0,0.0,1.0,0.0,Low,0,Low Risk - Low Activity
84888972,0.0,1,0,0.0,0.0,1.0,0.0,Low,0,Low Risk - Low Activity
84890523,0.0,1,0,0.0,1.0,0.0,0.0,Low,0,Low Risk - Low Activity
84905154,0.0,1,0,0.0,1.0,0.0,0.0,Low,0,Low Risk - Low Activity
84921244,0.0,1,0,0.0,0.0,1.0,0.0,Low,0,Low Risk - Low Activity
84925464,0.0,1,0,0.0,1.0,0.0,0.0,Low,0,Low Risk - Low Activity
84931366,0.0,1,0,0.0,0.0,1.0,0.0,Low,0,Low Risk - Low Activity
84941417,0.0,1,0,0.0,1.0,0.0,0.0,Low,0,Low Risk - Low Activity
84946197,0.0,1,0,0.0,0.0,1.0,0.0,Low,0,Low Risk - Low Activity
84951034,0.0,1,0,0.0,1.0,0.0,0.0,Low,0,Low Risk - Low Activity
84951776,0.0,1,0,0.0,1.0,0.0,0.0,Low,0,Low Risk - Low Activity
84957634,0.0,1,0,0.0,1.0,0.0,0.0,Low,0,Low Risk - Low Activity
84958330,0.0,1,0,0.0,0.0,1.0,0.0,Low,0,Low Risk - Low Activity
84962504,0.0,1,0,0.0,1.0,0.0,0.0,Low,0,Low Risk - Low Activity
84997795,0.0,1,0,0.0,0.0,1.0,0.0,Low,0,Low Risk - Low Activity
85001507,0.0,1,0,0.0,0.0,1.0,0.0,Low,0,Low Risk - Low Activity
85003635,0.0,1,0,0.0,1.0,0.0,0.0,Low,0,Low Risk - Low Activity
85010455,0.0,1,0,0.0,0.0,1.0,0.0,Low,0,Low Risk - Low Activity
85028426,0.0,1,0,0.0,0.0,1.0,0.0,Low,0,Low Risk - Low Activity
85045892,0.0,1,0,0.0,0.0,1.0,0.0,Low,0,Low Risk - Low Activity
85046693,0.0,1,0,0.0,0.0,1.0,0.0,Low,0,Low Risk - Low Activity
85055004,0.0,1,0,0.0,0.0,1.0,0.0,Low,0,Low Risk - Low Activity
85070840,0.0,1,0,0.0,0.0,1.0,0.0,Low,0,Low Risk - Low Activity
85091249,0.0,1,0,0.0,0.0,1.0,0.0,Low,0,Low Risk - Low Activity
85127671,0.0,1,0,0.0,1.0,0.0,0.0,Low,0,Low Risk - Low Activity
85135926,0.0,1,0,0.0,0.0,1.0,0.0,Low,0,Low Risk - Low Activity
85146171,0.0,1,0,0.0,0.0,1.0,0.0,Low,0,Low Risk - Low Activity
85199737,0.0,1,0,0.0,1.0,0.0,0.0,Low,0,Low Risk - Low Activity
85200093,0.0,1,0,0.0,1.0,0.0,0.0,Low,0,Low Risk - Low Activity
85221631,0.0,1,0,0.0,1.0,0.0,0.0,Low,0,Low Risk - Low Activity
85230100,0.0,1,0,0.0,0.0,1.0,0.0,Low,0,Low Risk - Low Activity
85256685,0.0,1,0,0.0,0.0,1.0,0.0,Low,0,Low Risk - Low Activity
85275140,0.0,1,0,0.0,0.0,1.0,0.0,Low,0,Low Risk - Low Activity
85318275,0.0,1,0,0.0,1.0,0.0,0.0,Low,0,Low Risk - Low Activity
85323396,0.0,1,0,0.0,1.0,0.0,0.0,Low,0,Low Risk - Low Activity
85323921,0.0,1,0,0.0,0.0,1.0,0.0,Low,0,Low Risk - Low Activity
85326096,0.0,1,0,0.0,0.0,1.0,0.0,Low,0,Low Risk - Low Activity
85326773,0.0,1,0,0.0,0.0,1.0,0.0,Low,0,Low Risk - Low Activity
85329346,0.0,1,0,0.0,1.0,0.0,0.0,Low,0,Low Risk - Low Activity
85332632,0.0,1,0,0.0,1.0,0.0,0.0,Low,0,Low Risk - Low Activity
85339688,0.0,1,0,0.0,1.0,0.0,0.0,Low,0,Low Risk - Low Activity
85352419,0.0,1,0,0.0,0.0,1.0,0.0,Low,0,Low Risk - Low Activity
85354713,0.0,1,0,0.0,0.0,1.0,0.0,Low,0,Low Risk - Low Activity
85366784,0.0,1,0,0.0,0.0,1.0,0.0,Low,0,Low Risk - Low Activity
85372086,0.0,1,0,0.0,0.0,1.0,0.0,Low,0,Low Risk - Low Activity
85373402,0.0,1,0,0.0,0.0,1.0,0.0,Low,0,Low Risk - Low Activity
85375942,0.0,1,0,0.0,0.0,1.0,0.0,Low,0,Low Risk - Low Activity
85394969,0.0,1,0,0.0,0.0,1.0,0.0,Low,0,Low Risk - Low Activity
85401844,0.0,1,0,0.0,0.0,1.0,0.0,Low,0,Low Risk - Low Activity
85424647,0.0,1,0,0.0,0.0,1.0,0.0,Low,0,Low Risk - Low Activity
85439883,0.0,1,0,0.0,1.0,0.0,0.0,Low,0,Low Risk - Low Activity
85441693,0.0,1,0,0.0,0.0,1.0,0.0,Low,0,Low Risk - Low Activity
85464408,0.0,1,0,0.0,0.0,1.0,0.0,Low,0,Low Risk - Low Activity
85470877,0.0,1,0,0.0,1.0,0.0,0.0,Low,0,Low Risk - Low Activity
85485326,0.0,1,0,0.0,0.0,1.0,0.0,Low,0,Low Risk - Low Activity
85485381,0.0,1,0,0.0,0.0,1.0,0.0,Low,0,Low Risk - Low Activity
85488848,0.0,1,0,0.0,0.0,1.0,0.0,Low,0,Low Risk - Low Activity
85488902,0.0,1,0,0.0,0.0,1.0,0.0,Low,0,Low Risk - Low Activity
85490673,0.0,1,0,0.0,0.0,1.0,0.0,Low,0,Low Risk - Low Activity
85500805,0.0,1,0,0.0,0.0,1.0,0.0,Low,0,Low Risk - Low Activity
85504232,0.0,1,0,0.0,1.0,0.0,0.0,Low,0,Low Risk - Low Activity
85508286,0.0,1,0,0.0,0.0,1.0,0.0,Low,0,Low Risk - Low Activity
85512767,0.0,1,0,0.0,0.0,1.0,0.0,Low,0,Low Risk - Low Activity
85516899,0.0,1,0,0.0,0.0,1.0,0.0,Low,0,Low Risk - Low Activity
85521915,0.0,1,0,0.0,0.0,1.0,0.0,Low,0,Low Risk - Low Activity
85529788,0.0,1,0,0.0,0.0,1.0,0.0,Low,0,Low Risk - Low Activity
85537559,0.0,1,0,0.0,0.0,1.0,0.0,Low,0,Low Risk - Low Activity
85543602,0.0,1,0,0.0,1.0,0.0,0.0,Low,0,Low Risk - Low Activity
85544602,0.0,1,0,0.0,0.0,1.0,0.0,Low,0,Low Risk - Low Activity
85548848,0.0,1,0,0.0,1.0,0.0,0.0,Low,0,Low Risk - Low Activity
85561204,0.0,1,0,0.0,1.0,0.0,0.0,Low,0,Low Risk - Low Activity
85563747,0.0,1,0,0.0,1.0,0.0,0.0,Low,0,Low Risk - Low Activity
85566613,0.0,1,0,0.0,1.0,0.0,0.0,Low,0,Low Risk - Low Activity
85570678,0.0,1,0,0.0,1.0,0.0,0.0,Low,0,Low Risk - Low Activity
85571979,0.0,1,0,0.0,0.0,1.0,0.0,Low,0,Low Risk - Low Activity
85575923,0.0,1,0,0.0,0.0,1.0,0.0,Low,0,Low Risk - Low Activity
85581280,0.0,1,0,0.0,1.0,0.0,0.0,Low,0,Low Risk - Low Activity
85589493,0.0,1,0,0.0,0.0,1.0,0.0,Low,0,Low Risk - Low Activity
85596515,0.0,1,0,0.0,1.0,0.0,0.0,Low,0,Low Risk - Low Activity
85611441,0.0,1,0,0.0,1.0,0.0,0.0,Low,0,Low Risk - Low Activity
85620353,0.0,1,0,0.0,0.0,1.0,0.0,Low,0,Low Risk - Low Activity
85622448,0.0,1,0,0.0,0.0,1.0,0.0,Low,0,Low Risk - Low Activity
85623390,0.0,1,0,0.0,1.0,0.0,0.0,Low,0,Low Risk - Low Activity
85656193,0.0,1,0,0.0,0.0,1.0,0.0,Low,0,Low Risk - Low Activity
85678228,0.0,1,0,0.0,0.0,1.0,0.0,Low,0,Low Risk - Low Activity
85678608,0.0,1,0,0.0,0.0,1.0,0.0,Low,0,Low Risk - Low Activity
85681666,0.0,1,0,0.0,1.0,0.0,0.0,Low,0,Low Risk - Low Activity
85686726,0.0,1,0,0.0,1.0,0.0,0.0,Low,0,Low Risk - Low Activity
85691927,0.0,1,0,0.0,0.0,1.0,0.0,Low,0,Low Risk - Low Activity
85703578,0.0,1,0,0.0,1.0,0.0,0.0,Low,0,Low Risk - Low Activity
85706344,0.0,1,0,1.0,0.0,0.0,0.0,Low,1,Low Risk - Low Activity
85725984,0.0,1,0,0.0,1.0,0.0,0.0,Low,0,Low Risk - Low Activity
85752224,0.0,1,0,0.0,0.0,1.0,0.0,Low,0,Low Risk - Low Activity
85752242,0.0,1,0,0.0,1.0,0.0,0.0,Low,0,Low Risk - Low Activity
85765721,0.0,1,0,0.0,1.0,0.0,0.0,Low,0,Low Risk - Low Activity
85785178,0.0,1,0,0.0,0.0,1.0,0.0,Low,0,Low Risk - Low Activity
85801437,0.0,1,0,0.0,0.0,1.0,0.0,Low,0,Low Risk - Low Activity
85808931,0.0,1,0,0.0,1.0,0.0,0.0,Low,0,Low Risk - Low Activity
85815298,0.0,1,0,0.0,0.0,1.0,0.0,Low,0,Low Risk - Low Activity
85827690,0.0,1,0,0.0,0.0,1.0,0.0,Low,0,Low Risk - Low Activity
85837997,0.0,1,0,0.0,1.0,0.0,0.0,Low,0,Low Risk - Low Activity
85839370,0.0,1,0,0.0,0.0,1.0,0.0,Low,0,Low Risk - Low Activity
85856522,0.0,1,0,0.0,0.0,1.0,0.0,Low,0,Low Risk - Low Activity
85856613,0.0,1,0,0.0,0.0,1.0,0.0,Low,0,Low Risk - Low Activity
85863485,0.0,1,0,0.0,0.0,1.0,0.0,Low,0,Low Risk - Low Activity
85870408,0.0,1,0,0.0,0.0,1.0,0.0,Low,0,Low Risk - Low Activity
85876956,0.0,1,0,0.0,1.0,0.0,0.0,Low,0,Low Risk - Low Activity
85879373,0.0,1,0,0.0,1.0,0.0,0.0,Low,0,Low Risk - Low Activity
85880736,0.0,1,0,0.0,0.0,1.0,0.0,Low,0,Low Risk - Low Activity
85892503,0.0,1,0,0.0,0.0,1.0,0.0,Low,0,Low Risk - Low Activity
85930468,0.0,1,0,0.0,0.0,1.0,0.0,Low,0,Low Risk - Low Activity
85935291,0.0,1,0,0.0,0.0,1.0,0.0,Low,0,Low Risk - Low Activity
85936025,0.0,1,0,0.0,0.0,1.0,0.0,Low,0,Low Risk - Low Activity
85961363,0.0,1,0,0.0,0.0,1.0,0.0,Low,0,Low Risk - Low Activity
85963208,0.0,1,0,0.0,0.0,1.0,0.0,Low,0,Low Risk - Low Activity
85966008,0.0,1,0,0.0,0.0,1.0,0.0,Low,0,Low Risk - Low Activity
85970285,0.0,1,0,0.0,0.0,1.0,0.0,Low,0,Low Risk - Low Activity
86035512,0.0,1,0,0.0,1.0,0.0,0.0,Low,0,Low Risk - Low Activity
86082001,0.0,1,0,0.0,1.0,0.0,0.0,Low,0,Low Risk - Low Activity
86104732,0.0,1,0,0.0,0.0,1.0,0.0,Low,0,Low Risk - Low Activity
86112083,0.0,1,0,0.0,0.0,1.0,0.0,Low,0,Low Risk - Low Activity
86121482,0.0,1,0,0.0,1.0,0.0,0.0,Low,0,Low Risk - Low Activity
86123604,0.0,1,0,0.0,0.0,1.0,0.0,Low,0,Low Risk - Low Activity
86131817,0.0,1,0,0.0,0.0,1.0,0.0,Low,0,Low Risk - Low Activity
86138477,0.0,1,0,0.0,0.0,1.0,0.0,Low,0,Low Risk - Low Activity
86149272,0.0,1,0,0.0,1.0,0.0,0.0,Low,0,Low Risk - Low Activity
86149289,0.0,1,0,0.0,0.0,1.0,0.0,Low,0,Low Risk - Low Activity
86166379,0.0,1,0,0.0,0.0,1.0,0.0,Low,0,Low Risk - Low Activity
86177976,0.0,1,0,0.0,1.0,0.0,0.0,Low,0,Low Risk - Low Activity
86180261,0.0,1,0,0.0,1.0,0.0,0.0,Low,0,Low Risk - Low Activity
86192123,0.0,1,0,0.0,0.0,1.0,0.0,Low,0,Low Risk - Low Activity
86192473,0.0,1,0,0.0,0.0,1.0,0.0,Low,0,Low Risk - Low Activity
86196263,0.0,1,0,0.0,0.0,1.0,0.0,Low,0,Low Risk - Low Activity
86199097,0.0,1,0,0.0,1.0,0.0,0.0,Low,0,Low Risk - Low Activity
86221219,0.0,1,0,0.0,0.0,1.0,0.0,Low,0,Low Risk - Low Activity
86226975,0.0,1,0,0.0,1.0,0.0,0.0,Low,0,Low Risk - Low Activity
86231095,0.0,1,0,0.0,1.0,0.0,0.0,Low,0,Low Risk - Low Activity
86237220,0.0,1,0,0.0,1.0,0.0,0.0,Low,0,Low Risk - Low Activity
86238367,0.0,1,0,1.0,0.0,0.0,0.0,Low,1,Low Risk - Low Activity
86249016,0.0,1,0,0.0,1.0,0.0,0.0,Low,0,Low Risk - Low Activity
86268754,0.0,1,0,0.0,1.0,0.0,0.0,Low,0,Low Risk - Low Activity
86269180,0.0,1,0,0.0,0.0,1.0,0.0,Low,0,Low Risk - Low Activity
86269606,0.0,1,0,0.0,1.0,0.0,0.0,Low,0,Low Risk - Low Activity
86278051,0.0,1,0,0.0,1.0,0.0,0.0,Low,0,Low Risk - Low Activity
86287009,0.0,1,0,0.0,1.0,0.0,0.0,Low,0,Low Risk - Low Activity
86290038,0.0,1,0,0.0,1.0,0.0,0.0,Low,0,Low Risk - Low Activity
86292409,0.0,1,0,0.0,1.0,0.0,0.0,Low,0,Low Risk - Low Activity
86292696,0.0,1,0,0.0,0.0,1.0,0.0,Low,0,Low Risk - Low Activity
86295207,0.0,1,0,0.0,0.0,1.0,0.0,Low,0,Low Risk - Low Activity
86300995,0.0,1,0,0.0,0.0,1.0,0.0,Low,0,Low Risk - Low Activity
86307050,0.0,1,0,0.0,0.0,1.0,0.0,Low,0,Low Risk - Low Activity
86308992,0.0,1,0,0.0,1.0,0.0,0.0,Low,0,Low Risk - Low Activity
86312239,0.0,1,0,0.0,1.0,0.0,0.0,Low,0,Low Risk - Low Activity
86318458,0.0,1,0,0.0,0.0,1.0,0.0,Low,0,Low Risk - Low Activity
86320093,0.0,1,0,0.0,0.0,1.0,0.0,Low,0,Low Risk - Low Activity
86326393,0.0,1,0,0.0,0.0,1.0,0.0,Low,0,Low Risk - Low Activity
86332183,0.0,1,0,0.0,0.0,1.0,0.0,Low,0,Low Risk - Low Activity
86352702,0.0,1,0,0.0,0.0,1.0,0.0,Low,0,Low Risk - Low Activity
86366929,0.0,1,0,0.0,1.0,0.0,0.0,Low,0,Low Risk - Low Activity
86369425,0.0,1,0,0.0,0.0,1.0,0.0,Low,0,Low Risk - Low Activity
86370363,0.0,1,0,0.0,0.0,1.0,0.0,Low,0,Low Risk - Low Activity
86378806,0.0,1,0,0.0,0.0,1.0,0.0,Low,0,Low Risk - Low Activity
86380391,0.0,1,0,0.0,1.0,0.0,0.0,Low,0,Low Risk - Low Activity
86381470,0.0,1,0,0.0,0.0,1.0,0.0,Low,0,Low Risk - Low Activity
86392822,0.0,1,0,0.0,1.0,0.0,0.0,Low,0,Low Risk - Low Activity
86397326,0.0,1,0,0.0,0.0,1.0,0.0,Low,0,Low Risk - Low Activity
86397576,0.0,1,0,0.0,0.0,1.0,0.0,Low,0,Low Risk - Low Activity
86398949,0.0,1,0,0.0,1.0,0.0,0.0,Low,0,Low Risk - Low Activity
86435669,0.0,1,0,0.0,1.0,0.0,0.0,Low,0,Low Risk - Low Activity
86438876,0.0,1,0,0.0,0.0,1.0,0.0,Low,0,Low Risk - Low Activity
86463106,0.0,1,0,0.0,1.0,0.0,0.0,Low,0,Low Risk - Low Activity
86470894,0.0,1,0,1.0,0.0,0.0,0.0,Low,1,Low Risk - Low Activity
86490426,0.0,1,0,0.0,0.0,1.0,0.0,Low,0,Low Risk - Low Activity
86490604,0.0,1,0,0.0,0.0,1.0,0.0,Low,0,Low Risk - Low Activity
86494932,0.0,1,0,0.0,0.0,1.0,0.0,Low,0,Low Risk - Low Activity
86498758,0.0,1,0,0.0,0.0,1.0,0.0,Low,0,Low Risk - Low Activity
86509359,0.0,1,0,0.0,0.0,1.0,0.0,Low,0,Low Risk - Low Activity
86529037,0.0,1,0,0.0,0.0,1.0,0.0,Low,0,Low Risk - Low Activity
86538745,0.0,1,0,0.0,1.0,0.0,0.0,Low,0,Low Risk - Low Activity
86540710,0.0,1,0,0.0,0.0,1.0,0.0,Low,0,Low Risk - Low Activity
86542920,0.0,1,0,0.0,0.0,1.0,0.0,Low,0,Low Risk - Low Activity
86548887,0.0,1,0,0.0,1.0,0.0,0.0,Low,0,Low Risk - Low Activity
86568187,0.0,1,0,0.0,1.0,0.0,0.0,Low,0,Low Risk - Low Activity
86568237,0.0,1,0,0.0,1.0,0.0,0.0,Low,0,Low Risk - Low Activity
86590028,0.0,1,0,0.0,1.0,0.0,0.0,Low,0,Low Risk - Low Activity
86593844,0.0,1,0,0.0,1.0,0.0,0.0,Low,0,Low Risk - Low Activity
86605316,0.0,1,0,0.0,0.0,1.0,0.0,Low,0,Low Risk - Low Activity
86610380,0.0,1,0,0.0,1.0,0.0,0.0,Low,0,Low Risk - Low Activity
86611935,0.0,1,0,0.0,0.0,1.0,0.0,Low,0,Low Risk - Low Activity
86614568,0.0,1,0,0.0,0.0,1.0,0.0,Low,0,Low Risk - Low Activity
86618164,0.0,1,0,0.0,0.0,1.0,0.0,Low,0,Low Risk - Low Activity
86633743,0.0,1,0,0.0,0.0,1.0,0.0,Low,0,Low Risk - Low Activity
86649657,0.0,1,0,0.0,0.0,1.0,0.0,Low,0,Low Risk - Low Activity
86651027,0.0,1,0,0.0,1.0,0.0,0.0,Low,0,Low Risk - Low Activity
86671852,0.0,1,0,0.0,0.0,1.0,0.0,Low,0,Low Risk - Low Activity
86692649,0.0,1,0,0.0,0.0,1.0,0.0,Low,0,Low Risk - Low Activity
86697021,0.0,1,0,0.0,1.0,0.0,0.0,Low,0,Low Risk - Low Activity
86717916,0.0,1,0,0.0,0.0,1.0,0.0,Low,0,Low Risk - Low Activity
86718957,0.0,1,0,0.0,0.0,1.0,0.0,Low,0,Low Risk - Low Activity
86726433,0.0,1,0,0.0,0.0,1.0,0.0,Low,0,Low Risk - Low Activity
86738694,0.0,1,0,0.0,0.0,1.0,0.0,Low,0,Low Risk - Low Activity
86744739,0.0,1,0,0.0,0.0,1.0,0.0,Low,0,Low Risk - Low Activity
86751478,0.0,1,0,0.0,1.0,0.0,0.0,Low,0,Low Risk - Low Activity
86757323,0.0,1,0,0.0,0.0,1.0,0.0,Low,0,Low Risk - Low Activity
86776105,0.0,1,0,0.0,1.0,0.0,0.0,Low,0,Low Risk - Low Activity
86781098,0.0,1,0,0.0,0.0,1.0,0.0,Low,0,Low Risk - Low Activity
86788618,0.0,1,0,0.0,1.0,0.0,0.0,Low,0,Low Risk - Low Activity
86795124,0.0,1,0,0.0,0.0,1.0,0.0,Low,0,Low Risk - Low Activity
86823114,0.0,1,0,0.0,0.0,1.0,0.0,Low,0,Low Risk - Low Activity
86834093,0.0,1,0,0.0,1.0,0.0,0.0,Low,0,Low Risk - Low Activity
86847293,0.0,1,0,0.0,0.0,1.0,0.0,Low,0,Low Risk - Low Activity
86862436,0.0,1,0,0.0,0.0,1.0,0.0,Low,0,Low Risk - Low Activity
86894170,0.0,1,0,0.0,0.0,1.0,0.0,Low,0,Low Risk - Low Activity
86905085,0.0,1,0,0.0,0.0,1.0,0.0,Low,0,Low Risk - Low Activity
86932740,0.0,1,0,0.0,1.0,0.0,0.0,Low,0,Low Risk - Low Activity
86936240,0.0,1,0,0.0,1.0,0.0,0.0,Low,0,Low Risk - Low Activity
86941869,0.0,1,0,0.0,0.0,1.0,0.0,Low,0,Low Risk - Low Activity
86941998,0.0,1,0,0.0,0.0,1.0,0.0,Low,0,Low Risk - Low Activity
86945317,0.0,1,0,0.0,0.0,1.0,0.0,Low,0,Low Risk - Low Activity
86948076,0.0,1,0,0.0,1.0,0.0,0.0,Low,0,Low Risk - Low Activity
86948762,0.0,1,0,0.0,1.0,0.0,0.0,Low,0,Low Risk - Low Activity
86951117,0.0,1,0,0.0,0.0,1.0,0.0,Low,0,Low Risk - Low Activity
86951661,0.0,1,0,0.0,1.0,0.0,0.0,Low,0,Low Risk - Low Activity
86959098,0.0,1,0,0.0,0.0,1.0,0.0,Low,0,Low Risk - Low Activity
86963370,0.0,1,0,0.0,1.0,0.0,0.0,Low,0,Low Risk - Low Activity
86975598,0.0,1,0,0.0,1.0,0.0,0.0,Low,0,Low Risk - Low Activity
86983596,0.0,1,0,0.0,0.0,1.0,0.0,Low,0,Low Risk - Low Activity
86993880,0.0,1,0,0.0,1.0,0.0,0.0,Low,0,Low Risk - Low Activity
87006071,0.0,1,0,0.0,0.0,1.0,0.0,Low,0,Low Risk - Low Activity
87015514,0.0,1,0,0.0,0.0,1.0,0.0,Low,0,Low Risk - Low Activity
87017613,0.0,1,0,0.0,0.0,1.0,0.0,Low,0,Low Risk - Low Activity
87021026,0.0,1,0,0.0,1.0,0.0,0.0,Low,0,Low Risk - Low Activity
87022149,0.0,1,0,0.0,0.0,1.0,0.0,Low,0,Low Risk - Low Activity
87022618,0.0,1,0,0.0,0.0,1.0,0.0,Low,0,Low Risk - Low Activity
87049294,0.0,1,0,0.0,1.0,0.0,0.0,Low,0,Low Risk - Low Activity
87060318,0.0,1,0,0.0,1.0,0.0,0.0,Low,0,Low Risk - Low Activity
87074259,0.0,1,0,0.0,0.0,1.0,0.0,Low,0,Low Risk - Low Activity
87074555,0.0,1,0,0.0,0.0,1.0,0.0,Low,0,Low Risk - Low Activity
87081594,0.0,1,0,0.0,0.0,1.0,0.0,Low,0,Low Risk - Low Activity
87087106,0.0,1,0,0.0,0.0,1.0,0.0,Low,0,Low Risk - Low Activity
87092963,0.0,1,0,0.0,0.0,1.0,0.0,Low,0,Low Risk - Low Activity
87102112,0.0,1,0,0.0,1.0,0.0,0.0,Low,0,Low Risk - Low Activity
87122997,0.0,1,0,0.0,0.0,1.0,0.0,Low,0,Low Risk - Low Activity
87152446,0.0,1,0,0.0,1.0,0.0,0.0,Low,0,Low Risk - Low Activity
87164390,0.0,1,0,0.0,0.0,1.0,0.0,Low,0,Low Risk - Low Activity
87177034,0.0,1,0,0.0,0.0,1.0,0.0,Low,0,Low Risk - Low Activity
87203687,0.0,1,0,0.0,0.0,1.0,0.0,Low,0,Low Risk - Low Activity
87221572,0.0,1,0,0.0,0.0,1.0,0.0,Low,0,Low Risk - Low Activity
87223113,0.0,1,0,0.0,0.0,1.0,0.0,Low,0,Low Risk - Low Activity
87228597,0.0,1,0,0.0,0.0,1.0,0.0,Low,0,Low Risk - Low Activity
87231402,0.0,1,0,0.0,0.0,1.0,0.0,Low,0,Low Risk - Low Activity
87233388,0.0,1,0,0.0,1.0,0.0,0.0,Low,0,Low Risk - Low Activity
87247862,0.0,1,0,0.0,0.0,1.0,0.0,Low,0,Low Risk - Low Activity
87257552,0.0,1,0,0.0,0.0,1.0,0.0,Low,0,Low Risk - Low Activity
87288990,0.0,1,0,0.0,0.0,1.0,0.0,Low,0,Low Risk - Low Activity
87298085,0.0,1,0,0.0,0.0,1.0,0.0,Low,0,Low Risk - Low Activity
87298246,0.0,1,0,0.0,0.0,1.0,0.0,Low,0,Low Risk - Low Activity
87300402,0.0,1,0,0.0,0.0,1.0,0.0,Low,0,Low Risk - Low Activity
87334546,0.0,1,0,0.0,0.0,1.0,0.0,Low,0,Low Risk - Low Activity
87334615,0.0,1,0,0.0,0.0,1.0,0.0,Low,0,Low Risk - Low Activity
87349889,0.0,1,0,0.0,1.0,0.0,0.0,Low,0,Low Risk - Low Activity
87353991,0.0,1,0,0.0,0.0,1.0,0.0,Low,0,Low Risk - Low Activity
87359050,0.0,1,0,0.0,0.0,1.0,0.0,Low,0,Low Risk - Low Activity
87363322,0.0,1,0,0.0,0.0,1.0,0.0,Low,0,Low Risk - Low Activity
87383927,0.0,1,0,0.0,0.0,1.0,0.0,Low,0,Low Risk - Low Activity
87388101,0.0,1,0,0.0,1.0,0.0,0.0,Low,0,Low Risk - Low Activity
87397590,0.0,1,0,0.0,1.0,0.0,0.0,Low,0,Low Risk - Low Activity
87402063,0.0,1,0,0.0,0.0,1.0,0.0,Low,0,Low Risk - Low Activity
87404445,0.0,1,0,0.0,0.0,1.0,0.0,Low,0,Low Risk - Low Activity
87423280,0.0,1,0,0.0,0.0,1.0,0.0,Low,0,Low Risk - Low Activity
87458529,0.0,1,0,0.0,0.0,1.0,0.0,Low,0,Low Risk - Low Activity
87470252,0.0,1,0,0.0,1.0,0.0,0.0,Low,0,Low Risk - Low Activity
87473619,0.0,1,0,0.0,0.0,1.0,0.0,Low,0,Low Risk - Low Activity
87475317,0.0,1,0,0.0,0.0,1.0,0.0,Low,0,Low Risk - Low Activity
87478333,0.0,1,0,0.0,0.0,1.0,0.0,Low,0,Low Risk - Low Activity
87482266,0.0,1,0,0.0,0.0,1.0,0.0,Low,0,Low Risk - Low Activity
87487595,0.0,1,0,0.0,0.0,1.0,0.0,Low,0,Low Risk - Low Activity
87488008,0.0,1,0,0.0,0.0,1.0,0.0,Low,0,Low Risk - Low Activity
87494906,0.0,1,0,0.0,1.0,0.0,0.0,Low,0,Low Risk - Low Activity
87495721,0.0,1,0,0.0,0.0,1.0,0.0,Low,0,Low Risk - Low Activity
87501371,0.0,1,0,0.0,0.0,1.0,0.0,Low,0,Low Risk - Low Activity
87506478,0.0,1,0,0.0,0.0,1.0,0.0,Low,0,Low Risk - Low Activity
87513253,0.0,1,0,0.0,0.0,1.0,0.0,Low,0,Low Risk - Low Activity
87522065,0.0,1,0,0.0,0.0,1.0,0.0,Low,0,Low Risk - Low Activity
87531783,0.0,1,0,1.0,0.0,0.0,0.0,Low,1,Low Risk - Low Activity
87574465,0.0,1,0,0.0,0.0,1.0,0.0,Low,0,Low Risk - Low Activity
87601321,0.0,1,0,0.0,1.0,0.0,0.0,Low,0,Low Risk - Low Activity
87642441,0.0,1,0,0.0,0.0,1.0,0.0,Low,0,Low Risk - Low Activity
87646644,0.0,1,0,0.0,0.0,1.0,0.0,Low,0,Low Risk - Low Activity
87653595,0.0,1,0,0.0,1.0,0.0,0.0,Low,0,Low Risk - Low Activity
87660880,0.0,1,0,0.0,1.0,0.0,0.0,Low,0,Low Risk - Low Activity
87697113,0.0,1,0,0.0,0.0,1.0,0.0,Low,0,Low Risk - Low Activity
87722204,0.0,1,0,0.0,0.0,1.0,0.0,Low,0,Low Risk - Low Activity
87746457,0.0,1,0,0.0,1.0,0.0,0.0,Low,0,Low Risk - Low Activity
87746850,0.0,1,0,0.0,0.0,1.0,0.0,Low,0,Low Risk - Low Activity
87755073,0.0,1,0,0.0,0.0,1.0,0.0,Low,0,Low Risk - Low Activity
87764140,0.0,1,0,0.0,1.0,0.0,0.0,Low,0,Low Risk - Low Activity
87764956,0.0,1,0,0.0,1.0,0.0,0.0,Low,0,Low Risk - Low Activity
87782545,0.0,1,0,0.0,0.0,1.0,0.0,Low,0,Low Risk - Low Activity
87787470,0.0,1,0,0.0,0.0,1.0,0.0,Low,0,Low Risk - Low Activity
87788279,0.0,1,0,0.0,1.0,0.0,0.0,Low,0,Low Risk - Low Activity
87809350,0.0,1,0,0.0,0.0,1.0,0.0,Low,0,Low Risk - Low Activity
87810988,0.0,1,0,0.0,0.0,1.0,0.0,Low,0,Low Risk - Low Activity
87821638,0.0,1,0,1.0,0.0,0.0,0.0,Low,1,Low Risk - Low Activity
87823331,0.0,1,0,0.0,0.0,1.0,0.0,Low,0,Low Risk - Low Activity
87828738,0.0,1,0,0.0,1.0,0.0,0.0,Low,0,Low Risk - Low Activity
87860184,0.0,1,0,0.0,0.0,1.0,0.0,Low,0,Low Risk - Low Activity
87860601,0.0,1,0,0.0,1.0,0.0,0.0,Low,0,Low Risk - Low Activity
87868588,0.0,1,0,0.0,1.0,0.0,0.0,Low,0,Low Risk - Low Activity
87877533,0.0,1,0,0.0,0.0,1.0,0.0,Low,0,Low Risk - Low Activity
87901493,0.0,1,0,0.0,0.0,1.0,0.0,Low,0,Low Risk - Low Activity
87902851,0.0,1,0,0.0,0.0,1.0,0.0,Low,0,Low Risk - Low Activity
87916658,0.0,1,0,0.0,0.0,1.0,0.0,Low,0,Low Risk - Low Activity
87917279,0.0,1,0,0.0,1.0,0.0,0.0,Low,0,Low Risk - Low Activity
87942555,0.0,1,0,0.0,0.0,1.0,0.0,Low,0,Low Risk - Low Activity
87942801,0.0,1,0,0.0,0.0,1.0,0.0,Low,0,Low Risk - Low Activity
87949089,0.0,1,0,0.0,1.0,0.0,0.0,Low,0,Low Risk - Low Activity
87960770,0.0,1,0,0.0,0.0,1.0,0.0,Low,0,Low Risk - Low Activity
88001672,0.0,1,0,0.0,0.0,1.0,0.0,Low,0,Low Risk - Low Activity
88015086,0.0,1,0,0.0,1.0,0.0,0.0,Low,0,Low Risk - Low Activity
88033691,0.0,1,0,0.0,1.0,0.0,0.0,Low,0,Low Risk - Low Activity
88056779,0.0,1,0,0.0,0.0,1.0,0.0,Low,0,Low Risk - Low Activity
88064891,0.0,1,0,0.0,0.0,1.0,0.0,Low,0,Low Risk - Low Activity
88071076,0.0,1,0,0.0,1.0,0.0,0.0,Low,0,Low Risk - Low Activity
88077762,0.0,1,0,0.0,1.0,0.0,0.0,Low,0,Low Risk - Low Activity
88084196,0.0,1,0,0.0,1.0,0.0,0.0,Low,0,Low Risk - Low Activity
88088805,0.0,1,0,0.0,1.0,0.0,0.0,Low,0,Low Risk - Low Activity
88089610,0.0,1,0,0.0,1.0,0.0,0.0,Low,0,Low Risk - Low Activity
88089791,0.0,1,0,0.0,1.0,0.0,0.0,Low,0,Low Risk - Low Activity
88098474,0.0,1,0,0.0,0.0,1.0,0.0,Low,0,Low Risk - Low Activity
88109725,0.0,1,0,0.0,1.0,0.0,0.0,Low,0,Low Risk - Low Activity
88112748,0.0,1,0,0.0,1.0,0.0,0.0,Low,0,Low Risk - Low Activity
88112925,0.0,1,0,0.0,1.0,0.0,0.0,Low,0,Low Risk - Low Activity
88123741,0.0,1,0,0.0,0.0,1.0,0.0,Low,0,Low Risk - Low Activity
88144566,0.0,1,0,0.0,1.0,0.0,0.0,Low,0,Low Risk - Low Activity
88150253,0.0,1,0,0.0,0.0,1.0,0.0,Low,0,Low Risk - Low Activity
88151590,0.0,1,0,0.0,0.0,1.0,0.0,Low,0,Low Risk - Low Activity
88152902,0.0,1,0,0.0,1.0,0.0,0.0,Low,0,Low Risk - Low Activity
88154118,0.0,1,0,0.0,0.0,1.0,0.0,Low,0,Low Risk - Low Activity
88167547,0.0,1,0,0.0,1.0,0.0,0.0,Low,0,Low Risk - Low Activity
88182007,0.0,1,0,0.0,0.0,1.0,0.0,Low,0,Low Risk - Low Activity
88183486,0.0,1,0,0.0,0.0,1.0,0.0,Low,0,Low Risk - Low Activity
88185410,0.0,1,0,0.0,0.0,1.0,0.0,Low,0,Low Risk - Low Activity
88231566,0.0,1,0,0.0,1.0,0.0,0.0,Low,0,Low Risk - Low Activity
88234514,0.0,1,0,0.0,0.0,1.0,0.0,Low,0,Low Risk - Low Activity
88242082,0.0,1,0,0.0,1.0,0.0,0.0,Low,0,Low Risk - Low Activity
88245357,0.0,1,0,0.0,0.0,1.0,0.0,Low,0,Low Risk - Low Activity
88249841,0.0,1,0,0.0,1.0,0.0,0.0,Low,0,Low Risk - Low Activity
88255311,0.0,1,0,0.0,0.0,1.0,0.0,Low,0,Low Risk - Low Activity
88263720,0.0,1,0,0.0,0.0,1.0,0.0,Low,0,Low Risk - Low Activity
88272801,0.0,1,0,0.0,0.0,1.0,0.0,Low,0,Low Risk - Low Activity
88282643,0.0,1,0,0.0,0.0,1.0,0.0,Low,0,Low Risk - Low Activity
88286860,0.0,1,0,0.0,0.0,1.0,0.0,Low,0,Low Risk - Low Activity
88295735,0.0,1,0,0.0,1.0,0.0,0.0,Low,0,Low Risk - Low Activity
88300497,0.0,1,0,0.0,1.0,0.0,0.0,Low,0,Low Risk - Low Activity
88309622,0.0,1,0,0.0,0.0,1.0,0.0,Low,0,Low Risk - Low Activity
88323717,0.0,1,0,0.0,1.0,0.0,0.0,Low,0,Low Risk - Low Activity
88327473,0.0,1,0,0.0,0.0,1.0,0.0,Low,0,Low Risk - Low Activity
88330534,0.0,1,0,0.0,0.0,1.0,0.0,Low,0,Low Risk - Low Activity
88349113,0.0,1,0,0.0,1.0,0.0,0.0,Low,0,Low Risk - Low Activity
88351939,0.0,1,0,0.0,1.0,0.0,0.0,Low,0,Low Risk - Low Activity
88374387,0.0,1,0,0.0,0.0,1.0,0.0,Low,0,Low Risk - Low Activity
88376131,0.0,1,0,0.0,0.0,1.0,0.0,Low,0,Low Risk - Low Activity
88376733,0.0,1,0,0.0,0.0,1.0,0.0,Low,0,Low Risk - Low Activity
88392448,0.0,1,0,0.0,1.0,0.0,0.0,Low,0,Low Risk - Low Activity
88393783,0.0,1,0,1.0,0.0,0.0,0.0,Low,1,Low Risk - Low Activity
88413974,0.0,1,0,0.0,1.0,0.0,0.0,Low,0,Low Risk - Low Activity
88425603,0.0,1,0,0.0,0.0,1.0,0.0,Low,0,Low Risk - Low Activity
88455798,0.0,1,0,0.0,0.0,1.0,0.0,Low,0,Low Risk - Low Activity
88476852,0.0,1,0,0.0,0.0,1.0,0.0,Low,0,Low Risk - Low Activity
88505404,0.0,1,0,0.0,0.0,1.0,0.0,Low,0,Low Risk - Low Activity
88520488,0.0,1,0,0.0,0.0,1.0,0.0,Low,0,Low Risk - Low Activity
88521968,0.0,1,0,0.0,1.0,0.0,0.0,Low,0,Low Risk - Low Activity
88555628,0.0,1,0,0.0,0.0,1.0,0.0,Low,0,Low Risk - Low Activity
88558175,0.0,1,0,0.0,0.0,1.0,0.0,Low,0,Low Risk - Low Activity
88561844,0.0,1,0,0.0,0.0,1.0,0.0,Low,0,Low Risk - Low Activity
88570603,0.0,1,0,0.0,0.0,1.0,0.0,Low,0,Low Risk - Low Activity
88572658,0.0,1,0,0.0,0.0,1.0,0.0,Low,0,Low Risk - Low Activity
88577560,0.0,1,0,0.0,0.0,1.0,0.0,Low,0,Low Risk - Low Activity
88578549,0.0,1,0,0.0,0.0,1.0,0.0,Low,0,Low Risk - Low Activity
88604498,0.0,1,0,0.0,0.0,1.0,0.0,Low,0,Low Risk - Low Activity
88604644,0.0,1,0,0.0,1.0,0.0,0.0,Low,0,Low Risk - Low Activity
88624312,0.0,1,0,0.0,0.0,1.0,0.0,Low,0,Low Risk - Low Activity
88626840,0.0,1,0,0.0,0.0,1.0,0.0,Low,0,Low Risk - Low Activity
88627744,0.0,1,0,0.0,0.0,1.0,0.0,Low,0,Low Risk - Low Activity
88640078,0.0,1,0,0.0,1.0,0.0,0.0,Low,0,Low Risk - Low Activity
88654731,0.0,1,0,0.0,0.0,1.0,0.0,Low,0,Low Risk - Low Activity
88676001,0.0,1,0,0.0,1.0,0.0,0.0,Low,0,Low Risk - Low Activity
88679037,0.0,1,0,0.0,0.0,1.0,0.0,Low,0,Low Risk - Low Activity
88681697,0.0,1,0,0.0,0.0,1.0,0.0,Low,0,Low Risk - Low Activity
88683548,0.0,1,0,0.0,0.0,1.0,0.0,Low,0,Low Risk - Low Activity
88684972,0.0,1,0,0.0,1.0,0.0,0.0,Low,0,Low Risk - Low Activity
88694192,0.0,1,0,0.0,1.0,0.0,0.0,Low,0,Low Risk - Low Activity
88700886,0.0,1,0,0.0,1.0,0.0,0.0,Low,0,Low Risk - Low Activity
88702839,0.0,1,0,0.0,1.0,0.0,0.0,Low,0,Low Risk - Low Activity
88708748,0.0,1,0,0.0,1.0,0.0,0.0,Low,0,Low Risk - Low Activity
88722377,0.0,1,0,0.0,1.0,0.0,0.0,Low,0,Low Risk - Low Activity
88725818,0.0,1,0,0.0,1.0,0.0,0.0,Low,0,Low Risk - Low Activity
88745710,0.0,1,0,0.0,0.0,1.0,0.0,Low,0,Low Risk - Low Activity
88766215,0.0,1,0,0.0,1.0,0.0,0.0,Low,0,Low Risk - Low Activity
88767582,0.0,1,0,0.0,0.0,1.0,0.0,Low,0,Low Risk - Low Activity
88774140,0.0,1,0,0.0,0.0,1.0,0.0,Low,0,Low Risk - Low Activity
88810611,0.0,1,0,0.0,0.0,1.0,0.0,Low,0,Low Risk - Low Activity
88813236,0.0,1,0,0.0,0.0,1.0,0.0,Low,0,Low Risk - Low Activity
88817548,0.0,1,0,0.0,0.0,1.0,0.0,Low,0,Low Risk - Low Activity
88821795,0.0,1,0,0.0,0.0,1.0,0.0,Low,0,Low Risk - Low Activity
88837169,0.0,1,0,0.0,0.0,1.0,0.0,Low,0,Low Risk - Low Activity
88846224,0.0,1,0,0.0,0.0,1.0,0.0,Low,0,Low Risk - Low Activity
88849073,0.0,1,0,0.0,0.0,1.0,0.0,Low,0,Low Risk - Low Activity
88850372,0.0,1,0,0.0,0.0,1.0,0.0,Low,0,Low Risk - Low Activity
88858878,0.0,1,0,0.0,0.0,1.0,0.0,Low,0,Low Risk - Low Activity
88879890,0.0,1,0,0.0,1.0,0.0,0.0,Low,0,Low Risk - Low Activity
88893335,0.0,1,0,0.0,0.0,1.0,0.0,Low,0,Low Risk - Low Activity
88893759,0.0,1,0,0.0,1.0,0.0,0.0,Low,0,Low Risk - Low Activity
88900714,0.0,1,0,0.0,0.0,1.0,0.0,Low,0,Low Risk - Low Activity
88907285,0.0,1,0,0.0,0.0,1.0,0.0,Low,0,Low Risk - Low Activity
88910686,0.0,1,0,0.0,0.0,1.0,0.0,Low,0,Low Risk - Low Activity
88929883,0.0,1,0,0.0,0.0,1.0,0.0,Low,0,Low Risk - Low Activity
88934845,0.0,1,0,0.0,0.0,1.0,0.0,Low,0,Low Risk - Low Activity
88963186,0.0,1,0,0.0,0.0,1.0,0.0,Low,0,Low Risk - Low Activity
88971602,0.0,1,0,0.0,0.0,1.0,0.0,Low,0,Low Risk - Low Activity
88973560,0.0,1,0,0.0,1.0,0.0,0.0,Low,0,Low Risk - Low Activity
88976755,0.0,1,0,0.0,0.0,1.0,0.0,Low,0,Low Risk - Low Activity
88992238,0.0,1,0,0.0,0.0,1.0,0.0,Low,0,Low Risk - Low Activity
88998853,0.0,1,0,0.0,0.0,1.0,0.0,Low,0,Low Risk - Low Activity
89001967,0.0,1,0,0.0,1.0,0.0,0.0,Low,0,Low Risk - Low Activity
89009108,0.0,1,0,0.0,0.0,1.0,0.0,Low,0,Low Risk - Low Activity
89014689,0.0,1,0,0.0,1.0,0.0,0.0,Low,0,Low Risk - Low Activity
89020645,0.0,1,0,0.0,1.0,0.0,0.0,Low,0,Low Risk - Low Activity
89020770,0.0,1,0,0.0,0.0,1.0,0.0,Low,0,Low Risk - Low Activity
89033111,0.0,1,0,0.0,1.0,0.0,0.0,Low,0,Low Risk - Low Activity
89036923,0.0,1,0,0.0,0.0,1.0,0.0,Low,0,Low Risk - Low Activity
89058448,0.0,1,0,0.0,0.0,1.0,0.0,Low,0,Low Risk - Low Activity
89061108,0.0,1,0,0.0,0.0,1.0,0.0,Low,0,Low Risk - Low Activity
89063046,0.0,1,0,0.0,1.0,0.0,0.0,Low,0,Low Risk - Low Activity
89067066,0.0,1,0,0.0,0.0,1.0,0.0,Low,0,Low Risk - Low Activity
89079371,0.0,1,0,0.0,1.0,0.0,0.0,Low,0,Low Risk - Low Activity
89102773,0.0,1,0,0.0,1.0,0.0,0.0,Low,0,Low Risk - Low Activity
89124279,0.0,1,0,0.0,1.0,0.0,0.0,Low,0,Low Risk - Low Activity
89124790,0.0,1,0,0.0,0.0,1.0,0.0,Low,0,Low Risk - Low Activity
89127611,0.0,1,0,0.0,0.0,1.0,0.0,Low,0,Low Risk - Low Activity
89138612,0.0,1,0,0.0,0.0,1.0,0.0,Low,0,Low Risk - Low Activity
89140462,0.0,1,0,0.0,0.0,1.0,0.0,Low,0,Low Risk - Low Activity
89143396,0.0,1,0,0.0,1.0,0.0,0.0,Low,0,Low Risk - Low Activity
89163838,0.0,1,0,0.0,1.0,0.0,0.0,Low,0,Low Risk - Low Activity
89167936,0.0,1,0,0.0,1.0,0.0,0.0,Low,0,Low Risk - Low Activity
89183705,0.0,1,0,0.0,1.0,0.0,0.0,Low,0,Low Risk - Low Activity
89186054,0.0,1,0,0.0,1.0,0.0,0.0,Low,0,Low Risk - Low Activity
89186727,0.0,1,0,0.0,0.0,1.0,0.0,Low,0,Low Risk - Low Activity
89190028,0.0,1,0,0.0,0.0,1.0,0.0,Low,0,Low Risk - Low Activity
89197259,0.0,1,0,0.0,0.0,1.0,0.0,Low,0,Low Risk - Low Activity
89202426,0.0,1,0,0.0,1.0,0.0,0.0,Low,0,Low Risk - Low Activity
89209431,0.0,1,0,0.0,1.0,0.0,0.0,Low,0,Low Risk - Low Activity
89212882,0.0,1,0,0.0,1.0,0.0,0.0,Low,0,Low Risk - Low Activity
89228020,0.0,1,0,0.0,1.0,0.0,0.0,Low,0,Low Risk - Low Activity
89252841,0.0,1,0,0.0,0.0,1.0,0.0,Low,0,Low Risk - Low Activity
89254132,0.0,1,0,0.0,0.0,1.0,0.0,Low,0,Low Risk - Low Activity
89269537,0.0,1,0,0.0,0.0,1.0,0.0,Low,0,Low Risk - Low Activity
89276132,0.0,1,0,0.0,0.0,1.0,0.0,Low,0,Low Risk - Low Activity
89276630,0.0,1,0,0.0,0.0,1.0,0.0,Low,0,Low Risk - Low Activity
89279772,0.0,1,0,0.0,1.0,0.0,0.0,Low,0,Low Risk - Low Activity
89286167,0.0,1,0,0.0,0.0,1.0,0.0,Low,0,Low Risk - Low Activity
89286360,0.0,1,0,0.0,1.0,0.0,0.0,Low,0,Low Risk - Low Activity
89295770,0.0,1,0,0.0,1.0,0.0,0.0,Low,0,Low Risk - Low Activity
89307247,0.0,1,0,0.0,0.0,1.0,0.0,Low,0,Low Risk - Low Activity
89349056,0.0,1,0,0.0,1.0,0.0,0.0,Low,0,Low Risk - Low Activity
89359527,0.0,1,0,0.0,0.0,1.0,0.0,Low,0,Low Risk - Low Activity
89359886,0.0,1,0,0.0,1.0,0.0,0.0,Low,0,Low Risk - Low Activity
89367408,0.0,1,0,0.0,0.0,1.0,0.0,Low,0,Low Risk - Low Activity
89396588,0.0,1,0,0.0,1.0,0.0,0.0,Low,0,Low Risk - Low Activity
89403892,0.0,1,0,0.0,1.0,0.0,0.0,Low,0,Low Risk - Low Activity
89404646,0.0,1,0,0.0,0.0,1.0,0.0,Low,0,Low Risk - Low Activity
89406396,0.0,1,0,0.0,0.0,1.0,0.0,Low,0,Low Risk - Low Activity
89425861,0.0,1,0,0.0,0.0,1.0,0.0,Low,0,Low Risk - Low Activity
89437173,0.0,1,0,0.0,0.0,1.0,0.0,Low,0,Low Risk - Low Activity
89442650,0.0,1,0,0.0,0.0,1.0,0.0,Low,0,Low Risk - Low Activity
89452625,0.0,1,0,0.0,1.0,0.0,0.0,Low,0,Low Risk - Low Activity
89466175,0.0,1,0,0.0,0.0,1.0,0.0,Low,0,Low Risk - Low Activity
89469112,0.0,1,0,0.0,1.0,0.0,0.0,Low,0,Low Risk - Low Activity
89478310,0.0,1,0,0.0,0.0,1.0,0.0,Low,0,Low Risk - Low Activity
89479039,0.0,1,0,0.0,0.0,1.0,0.0,Low,0,Low Risk - Low Activity
89491013,0.0,1,0,0.0,0.0,1.0,0.0,Low,0,Low Risk - Low Activity
89491112,0.0,1,0,0.0,1.0,0.0,0.0,Low,0,Low Risk - Low Activity
89503687,0.0,1,0,0.0,0.0,1.0,0.0,Low,0,Low Risk - Low Activity
89509384,0.0,1,0,0.0,1.0,0.0,0.0,Low,0,Low Risk - Low Activity
89513578,0.0,1,0,0.0,0.0,1.0,0.0,Low,0,Low Risk - Low Activity
89517833,0.0,1,0,0.0,0.0,1.0,0.0,Low,0,Low Risk - Low Activity
89541638,0.0,1,0,0.0,0.0,1.0,0.0,Low,0,Low Risk - Low Activity
89543788,0.0,1,0,0.0,0.0,1.0,0.0,Low,0,Low Risk - Low Activity
89559579,0.0,1,0,0.0,1.0,0.0,0.0,Low,0,Low Risk - Low Activity
89573472,0.0,1,0,0.0,1.0,0.0,0.0,Low,0,Low Risk - Low Activity
89574344,0.0,1,0,0.0,1.0,0.0,0.0,Low,0,Low Risk - Low Activity
89578799,0.0,1,0,0.0,1.0,0.0,0.0,Low,0,Low Risk - Low Activity
89581926,0.0,1,0,0.0,1.0,0.0,0.0,Low,0,Low Risk - Low Activity
89598545,0.0,1,0,0.0,0.0,1.0,0.0,Low,0,Low Risk - Low Activity
89632280,0.0,1,0,0.0,0.0,1.0,0.0,Low,0,Low Risk - Low Activity
89643974,0.0,1,0,0.0,0.0,1.0,0.0,Low,0,Low Risk - Low Activity
89645888,0.0,1,0,0.0,0.0,1.0,0.0,Low,0,Low Risk - Low Activity
89650683,0.0,1,0,0.0,0.0,1.0,0.0,Low,0,Low Risk - Low Activity
89654490,0.0,1,0,0.0,0.0,1.0,0.0,Low,0,Low Risk - Low Activity
89672306,0.0,1,0,0.0,0.0,1.0,0.0,Low,0,Low Risk - Low Activity
89690798,0.0,1,0,0.0,1.0,0.0,0.0,Low,0,Low Risk - Low Activity
89694943,0.0,1,0,0.0,1.0,0.0,0.0,Low,0,Low Risk - Low Activity
89707627,0.0,1,0,0.0,0.0,1.0,0.0,Low,0,Low Risk - Low Activity
89720182,0.0,1,0,0.0,0.0,1.0,0.0,Low,0,Low Risk - Low Activity
89734296,0.0,1,0,0.0,0.0,1.0,0.0,Low,0,Low Risk - Low Activity
89742632,0.0,1,0,0.0,0.0,1.0,0.0,Low,0,Low Risk - Low Activity
89764560,0.0,1,0,0.0,0.0,1.0,0.0,Low,0,Low Risk - Low Activity
89775104,0.0,1,0,0.0,0.0,1.0,0.0,Low,0,Low Risk - Low Activity
89776708,0.0,1,0,0.0,1.0,0.0,0.0,Low,0,Low Risk - Low Activity
89797889,0.0,1,0,0.0,0.0,1.0,0.0,Low,0,Low Risk - Low Activity
89805003,0.0,1,0,0.0,0.0,1.0,0.0,Low,0,Low Risk - Low Activity
89821924,0.0,1,0,0.0,0.0,1.0,0.0,Low,0,Low Risk - Low Activity
89849405,0.0,1,0,0.0,1.0,0.0,0.0,Low,0,Low Risk - Low Activity
89849409,0.0,1,0,0.0,0.0,1.0,0.0,Low,0,Low Risk - Low Activity
89892454,0.0,1,0,0.0,1.0,0.0,0.0,Low,0,Low Risk - Low Activity
89893803,0.0,1,0,0.0,0.0,1.0,0.0,Low,0,Low Risk - Low Activity
89894932,0.0,1,0,0.0,0.0,1.0,0.0,Low,0,Low Risk - Low Activity
89898987,0.0,1,0,0.0,0.0,1.0,0.0,Low,0,Low Risk - Low Activity
89900152,0.0,1,0,0.0,1.0,0.0,0.0,Low,0,Low Risk - Low Activity
89905602,0.0,1,0,0.0,0.0,1.0,0.0,Low,0,Low Risk - Low Activity
89907647,0.0,1,0,0.0,0.0,1.0,0.0,Low,0,Low Risk - Low Activity
89924067,0.0,1,0,0.0,1.0,0.0,0.0,Low,0,Low Risk - Low Activity
89926221,0.0,1,0,0.0,0.0,1.0,0.0,Low,0,Low Risk - Low Activity
89931922,0.0,1,0,0.0,0.0,1.0,0.0,Low,0,Low Risk - Low Activity
89940984,0.0,1,0,0.0,1.0,0.0,0.0,Low,0,Low Risk - Low Activity
89974486,0.0,1,0,0.0,0.0,1.0,0.0,Low,0,Low Risk - Low Activity
89978827,0.0,1,0,0.0,0.0,1.0,0.0,Low,0,Low Risk - Low Activity
89987646,0.0,1,0,0.0,1.0,0.0,0.0,Low,0,Low Risk - Low Activity
89991391,0.0,1,0,0.0,0.0,1.0,0.0,Low,0,Low Risk - Low Activity
89998138,0.0,1,0,0.0,0.0,1.0,0.0,Low,0,Low Risk - Low Activity
90001384,0.0,1,0,0.0,1.0,0.0,0.0,Low,0,Low Risk - Low Activity
90003231,0.0,1,0,0.0,1.0,0.0,0.0,Low,0,Low Risk - Low Activity
90036188,0.0,1,0,0.0,0.0,1.0,0.0,Low,0,Low Risk - Low Activity
90040364,0.0,1,0,0.0,1.0,0.0,0.0,Low,0,Low Risk - Low Activity
90048531,0.0,1,0,0.0,1.0,0.0,0.0,Low,0,Low Risk - Low Activity
90061397,0.0,1,0,0.0,0.0,1.0,0.0,Low,0,Low Risk - Low Activity
90094864,0.0,1,0,0.0,1.0,0.0,0.0,Low,0,Low Risk - Low Activity
90102540,0.0,1,0,0.0,0.0,1.0,0.0,Low,0,Low Risk - Low Activity
90113636,0.0,1,0,0.0,0.0,1.0,0.0,Low,0,Low Risk - Low Activity
90114068,0.0,1,0,0.0,0.0,1.0,0.0,Low,0,Low Risk - Low Activity
90118701,0.0,1,0,0.0,0.0,1.0,0.0,Low,0,Low Risk - Low Activity
90119555,0.0,1,0,0.0,1.0,0.0,0.0,Low,0,Low Risk - Low Activity
90121359,0.0,1,0,0.0,0.0,1.0,0.0,Low,0,Low Risk - Low Activity
90131092,0.0,1,0,0.0,0.0,1.0,0.0,Low,0,Low Risk - Low Activity
90134908,0.0,1,0,0.0,0.0,1.0,0.0,Low,0,Low Risk - Low Activity
90135037,0.0,1,0,0.0,0.0,1.0,0.0,Low,0,Low Risk - Low Activity
90156963,0.0,1,0,0.0,0.0,1.0,0.0,Low,0,Low Risk - Low Activity
90177470,0.0,1,0,0.0,0.0,1.0,0.0,Low,0,Low Risk - Low Activity
90197513,0.0,1,0,0.0,0.0,1.0,0.0,Low,0,Low Risk - Low Activity
90209036,0.0,1,0,0.0,0.0,1.0,0.0,Low,0,Low Risk - Low Activity
90240309,0.0,1,0,0.0,0.0,1.0,0.0,Low,0,Low Risk - Low Activity
90260531,0.0,1,0,0.0,1.0,0.0,0.0,Low,0,Low Risk - Low Activity
90271616,0.0,1,0,0.0,1.0,0.0,0.0,Low,0,Low Risk - Low Activity
90281286,0.0,1,0,0.0,1.0,0.0,0.0,Low,0,Low Risk - Low Activity
90281482,0.0,1,0,0.0,0.0,1.0,0.0,Low,0,Low Risk - Low Activity
90284483,0.0,1,0,0.0,0.0,1.0,0.0,Low,0,Low Risk - Low Activity
90290435,0.0,1,0,0.0,1.0,0.0,0.0,Low,0,Low Risk - Low Activity
90290677,0.0,1,0,0.0,0.0,1.0,0.0,Low,0,Low Risk - Low Activity
90301445,0.0,1,0,0.0,1.0,0.0,0.0,Low,0,Low Risk - Low Activity
90320558,0.0,1,0,0.0,0.0,1.0,0.0,Low,0,Low Risk - Low Activity
90323369,0.0,1,0,0.0,1.0,0.0,0.0,Low,0,Low Risk - Low Activity
90324362,0.0,1,0,0.0,1.0,0.0,0.0,Low,0,Low Risk - Low Activity
90333291,0.0,1,0,0.0,1.0,0.0,0.0,Low,0,Low Risk - Low Activity
90337888,0.0,1,0,0.0,0.0,1.0,0.0,Low,0,Low Risk - Low Activity
90367677,0.0,1,0,0.0,0.0,1.0,0.0,Low,0,Low Risk - Low Activity
90378033,0.0,1,0,0.0,1.0,0.0,0.0,Low,0,Low Risk - Low Activity
90393284,0.0,1,0,0.0,1.0,0.0,0.0,Low,0,Low Risk - Low Activity
90407141,0.0,1,0,0.0,1.0,0.0,0.0,Low,0,Low Risk - Low Activity
90414095,0.0,1,0,0.0,1.0,0.0,0.0,Low,0,Low Risk - Low Activity
90420270,0.0,1,0,0.0,0.0,1.0,0.0,Low,0,Low Risk - Low Activity
90424241,0.0,1,0,0.0,0.0,1.0,0.0,Low,0,Low Risk - Low Activity
90483963,0.0,1,0,0.0,0.0,1.0,0.0,Low,0,Low Risk - Low Activity
90486106,0.0,1,0,0.0,0.0,1.0,0.0,Low,0,Low Risk - Low Activity
90488544,0.0,1,0,0.0,0.0,1.0,0.0,Low,0,Low Risk - Low Activity
90493038,0.0,1,0,0.0,0.0,1.0,0.0,Low,0,Low Risk - Low Activity
90530970,0.0,1,0,0.0,0.0,1.0,0.0,Low,0,Low Risk - Low Activity
90530971,0.0,1,0,0.0,1.0,0.0,0.0,Low,0,Low Risk - Low Activity
90532751,0.0,1,0,0.0,0.0,1.0,0.0,Low,0,Low Risk - Low Activity
90558284,0.0,1,0,0.0,1.0,0.0,0.0,Low,0,Low Risk - Low Activity
90578479,0.0,1,0,0.0,1.0,0.0,0.0,Low,0,Low Risk - Low Activity
90582585,0.0,1,0,0.0,0.0,1.0,0.0,Low,0,Low Risk - Low Activity
90596684,0.0,1,0,0.0,0.0,1.0,0.0,Low,0,Low Risk - Low Activity
90601866,0.0,1,0,0.0,0.0,1.0,0.0,Low,0,Low Risk - Low Activity
90607269,0.0,1,0,0.0,0.0,1.0,0.0,Low,0,Low Risk - Low Activity
90616248,0.0,1,0,0.0,1.0,0.0,0.0,Low,0,Low Risk - Low Activity
90641932,0.0,1,0,0.0,1.0,0.0,0.0,Low,0,Low Risk - Low Activity
90650878,0.0,1,0,0.0,1.0,0.0,0.0,Low,0,Low Risk - Low Activity
90651662,0.0,1,0,0.0,1.0,0.0,0.0,Low,0,Low Risk - Low Activity
90655172,0.0,1,0,0.0,0.0,1.0,0.0,Low,0,Low Risk - Low Activity
90674491,0.0,1,0,0.0,1.0,0.0,0.0,Low,0,Low Risk - Low Activity
90676927,0.0,1,0,0.0,1.0,0.0,0.0,Low,0,Low Risk - Low Activity
90679705,0.0,1,0,0.0,0.0,1.0,0.0,Low,0,Low Risk - Low Activity
90688462,0.0,1,0,0.0,1.0,0.0,0.0,Low,0,Low Risk - Low Activity
90693702,0.0,1,0,0.0,1.0,0.0,0.0,Low,0,Low Risk - Low Activity
90695572,0.0,1,0,0.0,0.0,1.0,0.0,Low,0,Low Risk - Low Activity
90697414,0.0,1,0,0.0,0.0,1.0,0.0,Low,0,Low Risk - Low Activity
90698055,0.0,1,0,0.0,1.0,0.0,0.0,Low,0,Low Risk - Low Activity
90700235,0.0,1,0,0.0,1.0,0.0,0.0,Low,0,Low Risk - Low Activity
90752400,0.0,1,0,0.0,1.0,0.0,0.0,Low,0,Low Risk - Low Activity
90755317,0.0,1,0,0.0,1.0,0.0,0.0,Low,0,Low Risk - Low Activity
90766778,0.0,1,0,0.0,1.0,0.0,0.0,Low,0,Low Risk - Low Activity
90793986,0.0,1,0,0.0,0.0,1.0,0.0,Low,0,Low Risk - Low Activity
90799515,0.0,1,0,0.0,0.0,1.0,0.0,Low,0,Low Risk - Low Activity
90809761,0.0,1,0,0.0,0.0,1.0,0.0,Low,0,Low Risk - Low Activity
90819504,0.0,1,0,0.0,0.0,1.0,0.0,Low,0,Low Risk - Low Activity
90852235,0.0,1,0,0.0,0.0,1.0,0.0,Low,0,Low Risk - Low Activity
90858046,0.0,1,0,0.0,0.0,1.0,0.0,Low,0,Low Risk - Low Activity
90867447,0.0,1,0,0.0,1.0,0.0,0.0,Low,0,Low Risk - Low Activity
90869580,0.0,1,0,0.0,0.0,1.0,0.0,Low,0,Low Risk - Low Activity
90873517,0.0,1,0,0.0,0.0,1.0,0.0,Low,0,Low Risk - Low Activity
90884415,0.0,1,0,0.0,0.0,1.0,0.0,Low,0,Low Risk - Low Activity
90906654,0.0,1,0,0.0,0.0,1.0,0.0,Low,0,Low Risk - Low Activity
90909697,0.0,1,0,0.0,1.0,0.0,0.0,Low,0,Low Risk - Low Activity
90922063,0.0,1,0,0.0,0.0,1.0,0.0,Low,0,Low Risk - Low Activity
90928307,0.0,1,0,0.0,1.0,0.0,0.0,Low,0,Low Risk - Low Activity
90941875,0.0,1,0,0.0,0.0,1.0,0.0,Low,0,Low Risk - Low Activity
90946218,0.0,1,0,0.0,0.0,1.0,0.0,Low,0,Low Risk - Low Activity
90949973,0.0,1,0,0.0,0.0,1.0,0.0,Low,0,Low Risk - Low Activity
90957387,0.0,1,0,0.0,0.0,1.0,0.0,Low,0,Low Risk - Low Activity
90968643,0.0,1,0,0.0,0.0,1.0,0.0,Low,0,Low Risk - Low Activity
90970206,0.0,1,0,0.0,0.0,1.0,0.0,Low,0,Low Risk - Low Activity
90973725,0.0,1,0,0.0,1.0,0.0,0.0,Low,0,Low Risk - Low Activity
90975709,0.0,1,0,0.0,1.0,0.0,0.0,Low,0,Low Risk - Low Activity
90999740,0.0,1,0,0.0,1.0,0.0,0.0,Low,0,Low Risk - Low Activity
91018260,0.0,1,0,0.0,0.0,1.0,0.0,Low,0,Low Risk - Low Activity
91045379,0.0,1,0,0.0,1.0,0.0,0.0,Low,0,Low Risk - Low Activity
91048730,0.0,1,0,0.0,1.0,0.0,0.0,Low,0,Low Risk - Low Activity
91050528,0.0,1,0,0.0,0.0,1.0,0.0,Low,0,Low Risk - Low Activity
91065527,0.0,1,0,0.0,0.0,1.0,0.0,Low,0,Low Risk - Low Activity
91072387,0.0,1,0,0.0,0.0,1.0,0.0,Low,0,Low Risk - Low Activity
91076273,0.0,1,0,0.0,1.0,0.0,0.0,Low,0,Low Risk - Low Activity
91080548,0.0,1,0,0.0,0.0,1.0,0.0,Low,0,Low Risk - Low Activity
91099865,0.0,1,0,0.0,0.0,1.0,0.0,Low,0,Low Risk - Low Activity
91111921,0.0,1,0,1.0,0.0,0.0,0.0,Low,1,Low Risk - Low Activity
91117154,0.0,1,0,0.0,0.0,1.0,0.0,Low,0,Low Risk - Low Activity
91131724,0.0,1,0,0.0,1.0,0.0,0.0,Low,0,Low Risk - Low Activity
91139639,0.0,1,0,0.0,1.0,0.0,0.0,Low,0,Low Risk - Low Activity
91140525,0.0,1,0,0.0,0.0,1.0,0.0,Low,0,Low Risk - Low Activity
91160570,0.0,1,0,0.0,1.0,0.0,0.0,Low,0,Low Risk - Low Activity
91174549,0.0,1,0,0.0,1.0,0.0,0.0,Low,0,Low Risk - Low Activity
91177921,0.0,1,0,0.0,1.0,0.0,0.0,Low,0,Low Risk - Low Activity
91188653,0.0,1,0,0.0,1.0,0.0,0.0,Low,0,Low Risk - Low Activity
91213357,0.0,1,0,0.0,0.0,1.0,0.0,Low,0,Low Risk - Low Activity
91221009,0.0,1,0,0.0,1.0,0.0,0.0,Low,0,Low Risk - Low Activity
91230020,0.0,1,0,0.0,0.0,1.0,0.0,Low,0,Low Risk - Low Activity
91247208,0.0,1,0,0.0,0.0,1.0,0.0,Low,0,Low Risk - Low Activity
91247497,0.0,1,0,0.0,1.0,0.0,0.0,Low,0,Low Risk - Low Activity
91247841,0.0,1,0,0.0,1.0,0.0,0.0,Low,0,Low Risk - Low Activity
91256272,0.0,1,0,0.0,0.0,1.0,0.0,Low,0,Low Risk - Low Activity
91258958,0.0,1,0,0.0,0.0,1.0,0.0,Low,0,Low Risk - Low Activity
91262167,0.0,1,0,0.0,1.0,0.0,0.0,Low,0,Low Risk - Low Activity
91263689,0.0,1,0,0.0,0.0,1.0,0.0,Low,0,Low Risk - Low Activity
91280866,0.0,1,0,0.0,0.0,1.0,0.0,Low,0,Low Risk - Low Activity
91293526,0.0,1,0,0.0,0.0,1.0,0.0,Low,0,Low Risk - Low Activity
91302641,0.0,1,0,0.0,1.0,0.0,0.0,Low,0,Low Risk - Low Activity
91314343,0.0,1,0,0.0,0.0,1.0,0.0,Low,0,Low Risk - Low Activity
91328210,0.0,1,0,0.0,0.0,1.0,0.0,Low,0,Low Risk - Low Activity
91339462,0.0,1,0,0.0,1.0,0.0,0.0,Low,0,Low Risk - Low Activity
91347846,0.0,1,0,0.0,1.0,0.0,0.0,Low,0,Low Risk - Low Activity
91364916,0.0,1,0,0.0,1.0,0.0,0.0,Low,0,Low Risk - Low Activity
91367931,0.0,1,0,0.0,0.0,1.0,0.0,Low,0,Low Risk - Low Activity
91383858,0.0,1,0,0.0,0.0,1.0,0.0,Low,0,Low Risk - Low Activity
91390657,0.0,1,0,0.0,0.0,1.0,0.0,Low,0,Low Risk - Low Activity
91401879,0.0,1,0,0.0,1.0,0.0,0.0,Low,0,Low Risk - Low Activity
91402359,0.0,1,0,0.0,1.0,0.0,0.0,Low,0,Low Risk - Low Activity
91419096,0.0,1,0,0.0,1.0,0.0,0.0,Low,0,Low Risk - Low Activity
91433971,0.0,1,0,0.0,0.0,1.0,0.0,Low,0,Low Risk - Low Activity
91434928,0.0,1,0,0.0,0.0,1.0,0.0,Low,0,Low Risk - Low Activity
91457354,0.0,1,0,0.0,1.0,0.0,0.0,Low,0,Low Risk - Low Activity
91479778,0.0,1,0,0.0,0.0,1.0,0.0,Low,0,Low Risk - Low Activity
91483051,0.0,1,0,0.0,1.0,0.0,0.0,Low,0,Low Risk - Low Activity
91484694,0.0,1,0,0.0,1.0,0.0,0.0,Low,0,Low Risk - Low Activity
91487262,0.0,1,0,0.0,0.0,1.0,0.0,Low,0,Low Risk - Low Activity
91488020,0.0,1,0,0.0,1.0,0.0,0.0,Low,0,Low Risk - Low Activity
91498003,0.0,1,0,0.0,1.0,0.0,0.0,Low,0,Low Risk - Low Activity
91502549,0.0,1,0,0.0,0.0,1.0,0.0,Low,0,Low Risk - Low Activity
91503191,0.0,1,0,0.0,0.0,1.0,0.0,Low,0,Low Risk - Low Activity
91506025,0.0,1,0,0.0,1.0,0.0,0.0,Low,0,Low Risk - Low Activity
91506234,0.0,1,0,0.0,0.0,1.0,0.0,Low,0,Low Risk - Low Activity
91529345,0.0,1,0,0.0,0.0,1.0,0.0,Low,0,Low Risk - Low Activity
91534095,0.0,1,0,0.0,0.0,1.0,0.0,Low,0,Low Risk - Low Activity
91537823,0.0,1,0,0.0,1.0,0.0,0.0,Low,0,Low Risk - Low Activity
91540129,0.0,1,0,0.0,1.0,0.0,0.0,Low,0,Low Risk - Low Activity
91541344,0.0,1,0,0.0,0.0,1.0,0.0,Low,0,Low Risk - Low Activity
91541495,0.0,1,0,0.0,1.0,0.0,0.0,Low,0,Low Risk - Low Activity
91542127,0.0,1,0,0.0,1.0,0.0,0.0,Low,0,Low Risk - Low Activity
91563846,0.0,1,0,0.0,0.0,1.0,0.0,Low,0,Low Risk - Low Activity
91566880,0.0,1,0,0.0,0.0,1.0,0.0,Low,0,Low Risk - Low Activity
91569090,0.0,1,0,0.0,0.0,1.0,0.0,Low,0,Low Risk - Low Activity
91585599,0.0,1,0,0.0,1.0,0.0,0.0,Low,0,Low Risk - Low Activity
91596012,0.0,1,0,0.0,0.0,1.0,0.0,Low,0,Low Risk - Low Activity
91600458,0.0,1,0,0.0,1.0,0.0,0.0,Low,0,Low Risk - Low Activity
91602925,0.0,1,0,0.0,1.0,0.0,0.0,Low,0,Low Risk - Low Activity
91605194,0.0,1,0,0.0,1.0,0.0,0.0,Low,0,Low Risk - Low Activity
91611023,0.0,1,0,0.0,0.0,1.0,0.0,Low,0,Low Risk - Low Activity
91625612,0.0,1,0,0.0,0.0,1.0,0.0,Low,0,Low Risk - Low Activity
91646843,0.0,1,0,0.0,0.0,1.0,0.0,Low,0,Low Risk - Low Activity
91654086,0.0,1,0,0.0,1.0,0.0,0.0,Low,0,Low Risk - Low Activity
91667698,0.0,1,0,0.0,1.0,0.0,0.0,Low,0,Low Risk - Low Activity
91673522,0.0,1,0,0.0,1.0,0.0,0.0,Low,0,Low Risk - Low Activity
91673822,0.0,1,0,0.0,1.0,0.0,0.0,Low,0,Low Risk - Low Activity
91684043,0.0,1,0,0.0,0.0,1.0,0.0,Low,0,Low Risk - Low Activity
91691034,0.0,1,0,0.0,0.0,1.0,0.0,Low,0,Low Risk - Low Activity
91712876,0.0,1,0,0.0,0.0,1.0,0.0,Low,0,Low Risk - Low Activity
91717813,0.0,1,0,0.0,1.0,0.0,0.0,Low,0,Low Risk - Low Activity
91734332,0.0,1,0,0.0,1.0,0.0,0.0,Low,0,Low Risk - Low Activity
91760731,0.0,1,0,0.0,0.0,1.0,0.0,Low,0,Low Risk - Low Activity
91769502,0.0,1,0,0.0,0.0,1.0,0.0,Low,0,Low Risk - Low Activity
91771831,0.0,1,0,0.0,0.0,1.0,0.0,Low,0,Low Risk - Low Activity
91778700,0.0,1,0,0.0,0.0,1.0,0.0,Low,0,Low Risk - Low Activity
91782420,0.0,1,0,0.0,0.0,1.0,0.0,Low,0,Low Risk - Low Activity
91800436,0.0,1,0,0.0,0.0,1.0,0.0,Low,0,Low Risk - Low Activity
91817327,0.0,1,0,0.0,1.0,0.0,0.0,Low,0,Low Risk - Low Activity
91822656,0.0,1,0,0.0,1.0,0.0,0.0,Low,0,Low Risk - Low Activity
91823775,0.0,1,0,0.0,1.0,0.0,0.0,Low,0,Low Risk - Low Activity
91827654,0.0,1,0,0.0,1.0,0.0,0.0,Low,0,Low Risk - Low Activity
91834524,0.0,1,0,0.0,0.0,1.0,0.0,Low,0,Low Risk - Low Activity
91839363,0.0,1,0,0.0,1.0,0.0,0.0,Low,0,Low Risk - Low Activity
91867121,0.0,1,0,0.0,1.0,0.0,0.0,Low,0,Low Risk - Low Activity
91872822,0.0,1,0,0.0,1.0,0.0,0.0,Low,0,Low Risk - Low Activity
91874102,0.0,1,0,0.0,0.0,1.0,0.0,Low,0,Low Risk - Low Activity
91885227,0.0,1,0,0.0,0.0,1.0,0.0,Low,0,Low Risk - Low Activity
91904635,0.0,1,0,0.0,1.0,0.0,0.0,Low,0,Low Risk - Low Activity
91907968,0.0,1,0,0.0,0.0,1.0,0.0,Low,0,Low Risk - Low Activity
91946454,0.0,1,0,0.0,1.0,0.0,0.0,Low,0,Low Risk - Low Activity
91958155,0.0,1,0,0.0,1.0,0.0,0.0,Low,0,Low Risk - Low Activity
91961995,0.0,1,0,0.0,0.0,1.0,0.0,Low,0,Low Risk - Low Activity
91969677,0.0,1,0,0.0,1.0,0.0,0.0,Low,0,Low Risk - Low Activity
91978165,0.0,1,0,0.0,1.0,0.0,0.0,Low,0,Low Risk - Low Activity
91985318,0.0,1,0,0.0,0.0,1.0,0.0,Low,0,Low Risk - Low Activity
91986816,0.0,1,0,0.0,0.0,1.0,0.0,Low,0,Low Risk - Low Activity
91987322,0.0,1,0,0.0,0.0,1.0,0.0,Low,0,Low Risk - Low Activity
91998772,0.0,1,0,0.0,0.0,1.0,0.0,Low,0,Low Risk - Low Activity
92005392,0.0,1,0,0.0,0.0,1.0,0.0,Low,0,Low Risk - Low Activity
92016031,0.0,1,0,0.0,0.0,1.0,0.0,Low,0,Low Risk - Low Activity
92037744,0.0,1,0,0.0,0.0,1.0,0.0,Low,0,Low Risk - Low Activity
92054268,0.0,1,0,0.0,1.0,0.0,0.0,Low,0,Low Risk - Low Activity
92054861,0.0,1,0,0.0,1.0,0.0,0.0,Low,0,Low Risk - Low Activity
92060033,0.0,1,0,0.0,1.0,0.0,0.0,Low,0,Low Risk - Low Activity
92062981,0.0,1,0,0.0,0.0,1.0,0.0,Low,0,Low Risk - Low Activity
92066819,0.0,1,0,0.0,1.0,0.0,0.0,Low,0,Low Risk - Low Activity
92070727,0.0,1,0,0.0,0.0,1.0,0.0,Low,0,Low Risk - Low Activity
92075551,0.0,1,0,0.0,0.0,1.0,0.0,Low,0,Low Risk - Low Activity
92082636,0.0,1,0,0.0,0.0,1.0,0.0,Low,0,Low Risk - Low Activity
92089555,0.0,1,0,0.0,1.0,0.0,0.0,Low,0,Low Risk - Low Activity
92095275,0.0,1,0,0.0,0.0,1.0,0.0,Low,0,Low Risk - Low Activity
92100566,0.0,1,0,0.0,0.0,1.0,0.0,Low,0,Low Risk - Low Activity
92102366,0.0,1,0,0.0,0.0,1.0,0.0,Low,0,Low Risk - Low Activity
92103090,0.0,1,0,0.0,1.0,0.0,0.0,Low,0,Low Risk - Low Activity
92135226,0.0,1,0,0.0,1.0,0.0,0.0,Low,0,Low Risk - Low Activity
92136156,0.0,1,0,0.0,0.0,1.0,0.0,Low,0,Low Risk - Low Activity
92143758,0.0,1,0,0.0,1.0,0.0,0.0,Low,0,Low Risk - Low Activity
92152843,0.0,1,0,0.0,0.0,1.0,0.0,Low,0,Low Risk - Low Activity
92163252,0.0,1,0,0.0,1.0,0.0,0.0,Low,0,Low Risk - Low Activity
92172779,0.0,1,0,0.0,1.0,0.0,0.0,Low,0,Low Risk - Low Activity
92185339,0.0,1,0,0.0,0.0,1.0,0.0,Low,0,Low Risk - Low Activity
92188025,0.0,1,0,0.0,0.0,1.0,0.0,Low,0,Low Risk - Low Activity
92197250,0.0,1,0,0.0,0.0,1.0,0.0,Low,0,Low Risk - Low Activity
92200658,0.0,1,0,0.0,1.0,0.0,0.0,Low,0,Low Risk - Low Activity
92259777,0.0,1,0,0.0,1.0,0.0,0.0,Low,0,Low Risk - Low Activity
92264039,0.0,1,0,0.0,0.0,1.0,0.0,Low,0,Low Risk - Low Activity
92286524,0.0,1,0,0.0,0.0,1.0,0.0,Low,0,Low Risk - Low Activity
92316032,0.0,1,0,0.0,0.0,1.0,0.0,Low,0,Low Risk - Low Activity
92318883,0.0,1,0,0.0,0.0,1.0,0.0,Low,0,Low Risk - Low Activity
92323961,0.0,1,0,0.0,0.0,1.0,0.0,Low,0,Low Risk - Low Activity
92349943,0.0,1,0,0.0,0.0,1.0,0.0,Low,0,Low Risk - Low Activity
92350238,0.0,1,0,0.0,0.0,1.0,0.0,Low,0,Low Risk - Low Activity
92364055,0.0,1,0,0.0,0.0,1.0,0.0,Low,0,Low Risk - Low Activity
92366495,0.0,1,0,0.0,0.0,1.0,0.0,Low,0,Low Risk - Low Activity
92380822,0.0,1,0,1.0,0.0,0.0,0.0,Low,1,Low Risk - Low Activity
92391209,0.0,1,0,0.0,0.0,1.0,0.0,Low,0,Low Risk - Low Activity
92399712,0.0,1,0,0.0,0.0,1.0,0.0,Low,0,Low Risk - Low Activity
92402232,0.0,1,0,0.0,1.0,0.0,0.0,Low,0,Low Risk - Low Activity
92402251,0.0,1,0,0.0,1.0,0.0,0.0,Low,0,Low Risk - Low Activity
92402380,0.0,1,0,0.0,0.0,1.0,0.0,Low,0,Low Risk - Low Activity
92404718,0.0,1,0,0.0,0.0,1.0,0.0,Low,0,Low Risk - Low Activity
92406854,0.0,1,0,0.0,0.0,1.0,0.0,Low,0,Low Risk - Low Activity
92414757,0.0,1,0,0.0,0.0,1.0,0.0,Low,0,Low Risk - Low Activity
92427950,0.0,1,0,0.0,0.0,1.0,0.0,Low,0,Low Risk - Low Activity
92439628,0.0,1,0,0.0,1.0,0.0,0.0,Low,0,Low Risk - Low Activity
92449227,0.0,1,0,0.0,0.0,1.0,0.0,Low,0,Low Risk - Low Activity
92450649,0.0,1,0,0.0,0.0,1.0,0.0,Low,0,Low Risk - Low Activity
92454925,0.0,1,0,0.0,0.0,1.0,0.0,Low,0,Low Risk - Low Activity
92455291,0.0,1,0,0.0,1.0,0.0,0.0,Low,0,Low Risk - Low Activity
92457176,0.0,1,0,0.0,0.0,1.0,0.0,Low,0,Low Risk - Low Activity
92460447,0.0,1,0,0.0,1.0,0.0,0.0,Low,0,Low Risk - Low Activity
92490522,0.0,1,0,0.0,0.0,1.0,0.0,Low,0,Low Risk - Low Activity
92493147,0.0,1,0,0.0,1.0,0.0,0.0,Low,0,Low Risk - Low Activity
92523650,0.0,1,0,0.0,1.0,0.0,0.0,Low,0,Low Risk - Low Activity
92523679,0.0,1,0,0.0,0.0,1.0,0.0,Low,0,Low Risk - Low Activity
92544928,0.0,1,0,0.0,0.0,1.0,0.0,Low,0,Low Risk - Low Activity
92546200,0.0,1,0,0.0,1.0,0.0,0.0,Low,0,Low Risk - Low Activity
92556680,0.0,1,0,0.0,1.0,0.0,0.0,Low,0,Low Risk - Low Activity
92572598,0.0,1,0,0.0,0.0,1.0,0.0,Low,0,Low Risk - Low Activity
92587751,0.0,1,0,0.0,0.0,1.0,0.0,Low,0,Low Risk - Low Activity
92600850,0.0,1,0,0.0,0.0,1.0,0.0,Low,0,Low Risk - Low Activity
92601565,0.0,1,0,0.0,1.0,0.0,0.0,Low,0,Low Risk - Low Activity
92617347,0.0,1,0,0.0,0.0,1.0,0.0,Low,0,Low Risk - Low Activity
92628824,0.0,1,0,0.0,1.0,0.0,0.0,Low,0,Low Risk - Low Activity
92639069,0.0,1,0,0.0,0.0,1.0,0.0,Low,0,Low Risk - Low Activity
92661859,0.0,1,0,0.0,0.0,1.0,0.0,Low,0,Low Risk - Low Activity
92667679,0.0,1,0,0.0,0.0,1.0,0.0,Low,0,Low Risk - Low Activity
92682629,0.0,1,0,0.0,0.0,1.0,0.0,Low,0,Low Risk - Low Activity
92686036,0.0,1,0,0.0,0.0,1.0,0.0,Low,0,Low Risk - Low Activity
92689380,0.0,1,0,0.0,0.0,1.0,0.0,Low,0,Low Risk - Low Activity
92691314,0.0,1,0,0.0,0.0,1.0,0.0,Low,0,Low Risk - Low Activity
92693392,0.0,1,0,0.0,0.0,1.0,0.0,Low,0,Low Risk - Low Activity
92700767,0.0,1,0,0.0,1.0,0.0,0.0,Low,0,Low Risk - Low Activity
92705401,0.0,1,0,0.0,1.0,0.0,0.0,Low,0,Low Risk - Low Activity
92746611,0.0,1,0,0.0,0.0,1.0,0.0,Low,0,Low Risk - Low Activity
92747899,0.0,1,0,0.0,1.0,0.0,0.0,Low,0,Low Risk - Low Activity
92756401,0.0,1,0,0.0,0.0,1.0,0.0,Low,0,Low Risk - Low Activity
92763415,0.0,1,0,0.0,1.0,0.0,0.0,Low,0,Low Risk - Low Activity
92786012,0.0,1,0,0.0,0.0,1.0,0.0,Low,0,Low Risk - Low Activity
92789764,0.0,1,0,0.0,0.0,1.0,0.0,Low,0,Low Risk - Low Activity
92827493,0.0,1,0,0.0,0.0,1.0,0.0,Low,0,Low Risk - Low Activity
92827893,0.0,1,0,0.0,0.0,1.0,0.0,Low,0,Low Risk - Low Activity
92831637,0.0,1,0,0.0,1.0,0.0,0.0,Low,0,Low Risk - Low Activity
92837406,0.0,1,0,0.0,0.0,1.0,0.0,Low,0,Low Risk - Low Activity
92859333,0.0,1,0,0.0,0.0,1.0,0.0,Low,0,Low Risk - Low Activity
92861015,0.0,1,0,0.0,1.0,0.0,0.0,Low,0,Low Risk - Low Activity
92864499,0.0,1,0,0.0,1.0,0.0,0.0,Low,0,Low Risk - Low Activity
92872633,0.0,1,0,0.0,0.0,1.0,0.0,Low,0,Low Risk - Low Activity
92873667,0.0,1,0,0.0,1.0,0.0,0.0,Low,0,Low Risk - Low Activity
92886675,0.0,1,0,0.0,0.0,1.0,0.0,Low,0,Low Risk - Low Activity
92890333,0.0,1,0,1.0,0.0,0.0,0.0,Low,1,Low Risk - Low Activity
92890800,0.0,1,0,0.0,0.0,1.0,0.0,Low,0,Low Risk - Low Activity
92895486,0.0,1,0,0.0,1.0,0.0,0.0,Low,0,Low Risk - Low Activity
92910787,0.0,1,0,0.0,0.0,1.0,0.0,Low,0,Low Risk - Low Activity
92921931,0.0,1,0,0.0,0.0,1.0,0.0,Low,0,Low Risk - Low Activity
92936455,0.0,1,0,0.0,0.0,1.0,0.0,Low,0,Low Risk - Low Activity
92938595,0.0,1,0,0.0,0.0,1.0,0.0,Low,0,Low Risk - Low Activity
92955149,0.0,1,0,0.0,0.0,1.0,0.0,Low,0,Low Risk - Low Activity
92960582,0.0,1,0,0.0,0.0,1.0,0.0,Low,0,Low Risk - Low Activity
92970984,0.0,1,0,0.0,0.0,1.0,0.0,Low,0,Low Risk - Low Activity
92991655,0.0,1,0,0.0,1.0,0.0,0.0,Low,0,Low Risk - Low Activity
93002118,0.0,1,0,0.0,1.0,0.0,0.0,Low,0,Low Risk - Low Activity
93002671,0.0,1,0,0.0,0.0,1.0,0.0,Low,0,Low Risk - Low Activity
93019473,0.0,1,0,0.0,1.0,0.0,0.0,Low,0,Low Risk - Low Activity
93038863,0.0,1,0,0.0,0.0,1.0,0.0,Low,0,Low Risk - Low Activity
93054551,0.0,1,0,0.0,0.0,1.0,0.0,Low,0,Low Risk - Low Activity
93070870,0.0,1,0,0.0,0.0,1.0,0.0,Low,0,Low Risk - Low Activity
93104343,0.0,1,0,0.0,1.0,0.0,0.0,Low,0,Low Risk - Low Activity
93111410,0.0,1,0,0.0,0.0,1.0,0.0,Low,0,Low Risk - Low Activity
93113027,0.0,1,0,0.0,0.0,1.0,0.0,Low,0,Low Risk - Low Activity
93115320,0.0,1,0,0.0,1.0,0.0,0.0,Low,0,Low Risk - Low Activity
93120626,0.0,1,0,0.0,1.0,0.0,0.0,Low,0,Low Risk - Low Activity
93149111,0.0,1,0,0.0,0.0,1.0,0.0,Low,0,Low Risk - Low Activity
93156315,0.0,1,0,0.0,1.0,0.0,0.0,Low,0,Low Risk - Low Activity
93164427,0.0,1,0,0.0,0.0,1.0,0.0,Low,0,Low Risk - Low Activity
93167127,0.0,1,0,0.0,1.0,0.0,0.0,Low,0,Low Risk - Low Activity
93167601,0.0,1,0,0.0,0.0,1.0,0.0,Low,0,Low Risk - Low Activity
93179026,0.0,1,0,0.0,0.0,1.0,0.0,Low,0,Low Risk - Low Activity
93179244,0.0,1,0,0.0,0.0,1.0,0.0,Low,0,Low Risk - Low Activity
93181899,0.0,1,0,0.0,1.0,0.0,0.0,Low,0,Low Risk - Low Activity
93182403,0.0,1,0,0.0,0.0,1.0,0.0,Low,0,Low Risk - Low Activity
93183964,0.0,1,0,0.0,1.0,0.0,0.0,Low,0,Low Risk - Low Activity
93192296,0.0,1,0,0.0,0.0,1.0,0.0,Low,0,Low Risk - Low Activity
93192927,0.0,1,0,0.0,0.0,1.0,0.0,Low,0,Low Risk - Low Activity
93196253,0.0,1,0,0.0,1.0,0.0,0.0,Low,0,Low Risk - Low Activity
93196991,0.0,1,0,0.0,0.0,1.0,0.0,Low,0,Low Risk - Low Activity
93198666,0.0,1,0,0.0,1.0,0.0,0.0,Low,0,Low Risk - Low Activity
93232995,0.0,1,0,0.0,0.0,1.0,0.0,Low,0,Low Risk - Low Activity
93235717,0.0,1,0,0.0,1.0,0.0,0.0,Low,0,Low Risk - Low Activity
93236306,0.0,1,0,0.0,0.0,1.0,0.0,Low,0,Low Risk - Low Activity
93238361,0.0,1,0,0.0,0.0,1.0,0.0,Low,0,Low Risk - Low Activity
93260223,0.0,1,0,0.0,0.0,1.0,0.0,Low,0,Low Risk - Low Activity
93260506,0.0,1,0,0.0,0.0,1.0,0.0,Low,0,Low Risk - Low Activity
93265119,0.0,1,0,0.0,0.0,1.0,0.0,Low,0,Low Risk - Low Activity
93273304,0.0,1,0,0.0,0.0,1.0,0.0,Low,0,Low Risk - Low Activity
93274050,0.0,1,0,0.0,1.0,0.0,0.0,Low,0,Low Risk - Low Activity
93282284,0.0,1,0,0.0,1.0,0.0,0.0,Low,0,Low Risk - Low Activity
93295667,0.0,1,0,0.0,1.0,0.0,0.0,Low,0,Low Risk - Low Activity
93295834,0.0,1,0,0.0,0.0,1.0,0.0,Low,0,Low Risk - Low Activity
93309882,0.0,1,0,0.0,1.0,0.0,0.0,Low,0,Low Risk - Low Activity
93320411,0.0,1,0,0.0,0.0,1.0,0.0,Low,0,Low Risk - Low Activity
93326917,0.0,1,0,0.0,0.0,1.0,0.0,Low,0,Low Risk - Low Activity
93339645,0.0,1,0,0.0,1.0,0.0,0.0,Low,0,Low Risk - Low Activity
93343921,0.0,1,0,0.0,0.0,1.0,0.0,Low,0,Low Risk - Low Activity
93359708,0.0,1,0,0.0,1.0,0.0,0.0,Low,0,Low Risk - Low Activity
93387572,0.0,1,0,0.0,0.0,1.0,0.0,Low,0,Low Risk - Low Activity
93396934,0.0,1,0,0.0,1.0,0.0,0.0,Low,0,Low Risk - Low Activity
93418509,0.0,1,0,0.0,0.0,1.0,0.0,Low,0,Low Risk - Low Activity
93418742,0.0,1,0,0.0,0.0,1.0,0.0,Low,0,Low Risk - Low Activity
93436902,0.0,1,0,0.0,1.0,0.0,0.0,Low,0,Low Risk - Low Activity
93439096,0.0,1,0,0.0,0.0,1.0,0.0,Low,0,Low Risk - Low Activity
93443611,0.0,1,0,0.0,0.0,1.0,0.0,Low,0,Low Risk - Low Activity
93463030,0.0,1,0,0.0,0.0,1.0,0.0,Low,0,Low Risk - Low Activity
93487773,0.0,1,0,0.0,1.0,0.0,0.0,Low,0,Low Risk - Low Activity
93495065,0.0,1,0,0.0,0.0,1.0,0.0,Low,0,Low Risk - Low Activity
93496777,0.0,1,0,0.0,0.0,1.0,0.0,Low,0,Low Risk - Low Activity
93499883,0.0,1,0,0.0,0.0,1.0,0.0,Low,0,Low Risk - Low Activity
93527586,0.0,1,0,0.0,0.0,1.0,0.0,Low,0,Low Risk - Low Activity
93539439,0.0,1,0,0.0,0.0,1.0,0.0,Low,0,Low Risk - Low Activity
93542342,0.0,1,0,0.0,0.0,1.0,0.0,Low,0,Low Risk - Low Activity
93563892,0.0,1,0,0.0,1.0,0.0,0.0,Low,0,Low Risk - Low Activity
93571404,0.0,1,0,0.0,1.0,0.0,0.0,Low,0,Low Risk - Low Activity
93584548,0.0,1,0,0.0,0.0,1.0,0.0,Low,0,Low Risk - Low Activity
93588160,0.0,1,0,0.0,0.0,1.0,0.0,Low,0,Low Risk - Low Activity
93592827,0.0,1,0,0.0,0.0,1.0,0.0,Low,0,Low Risk - Low Activity
93597141,0.0,1,0,0.0,0.0,1.0,0.0,Low,0,Low Risk - Low Activity
93627193,0.0,1,0,0.0,0.0,1.0,0.0,Low,0,Low Risk - Low Activity
93639927,0.0,1,0,0.0,0.0,1.0,0.0,Low,0,Low Risk - Low Activity
93640162,0.0,1,0,0.0,1.0,0.0,0.0,Low,0,Low Risk - Low Activity
93645509,0.0,1,0,0.0,1.0,0.0,0.0,Low,0,Low Risk - Low Activity
93653845,0.0,1,0,0.0,0.0,1.0,0.0,Low,0,Low Risk - Low Activity
93691295,0.0,1,0,0.0,1.0,0.0,0.0,Low,0,Low Risk - Low Activity
93695689,0.0,1,0,0.0,1.0,0.0,0.0,Low,0,Low Risk - Low Activity
93698522,0.0,1,0,0.0,1.0,0.0,0.0,Low,0,Low Risk - Low Activity
93701699,0.0,1,0,0.0,0.0,1.0,0.0,Low,0,Low Risk - Low Activity
93735852,0.0,1,0,0.0,1.0,0.0,0.0,Low,0,Low Risk - Low Activity
93755350,0.0,1,0,0.0,0.0,1.0,0.0,Low,0,Low Risk - Low Activity
93756557,0.0,1,0,0.0,1.0,0.0,0.0,Low,0,Low Risk - Low Activity
93790089,0.0,1,0,0.0,1.0,0.0,0.0,Low,0,Low Risk - Low Activity
93800041,0.0,1,0,0.0,1.0,0.0,0.0,Low,0,Low Risk - Low Activity
93824899,0.0,1,0,0.0,0.0,1.0,0.0,Low,0,Low Risk - Low Activity
93824938,0.0,1,0,0.0,0.0,1.0,0.0,Low,0,Low Risk - Low Activity
93828955,0.0,1,0,0.0,0.0,1.0,0.0,Low,0,Low Risk - Low Activity
93867796,0.0,1,0,0.0,0.0,1.0,0.0,Low,0,Low Risk - Low Activity
93874870,0.0,1,0,0.0,0.0,1.0,0.0,Low,0,Low Risk - Low Activity
93876678,0.0,1,0,0.0,0.0,1.0,0.0,Low,0,Low Risk - Low Activity
93882188,0.0,1,0,0.0,1.0,0.0,0.0,Low,0,Low Risk - Low Activity
93888659,0.0,1,0,0.0,0.0,1.0,0.0,Low,0,Low Risk - Low Activity
93890990,0.0,1,0,0.0,0.0,1.0,0.0,Low,0,Low Risk - Low Activity
93891313,0.0,1,0,0.0,0.0,1.0,0.0,Low,0,Low Risk - Low Activity
93891989,0.0,1,0,0.0,0.0,1.0,0.0,Low,0,Low Risk - Low Activity
93893821,0.0,1,0,0.0,0.0,1.0,0.0,Low,0,Low Risk - Low Activity
93902389,0.0,1,0,0.0,1.0,0.0,0.0,Low,0,Low Risk - Low Activity
93904370,0.0,1,0,0.0,0.0,1.0,0.0,Low,0,Low Risk - Low Activity
93924599,0.0,1,0,0.0,0.0,1.0,0.0,Low,0,Low Risk - Low Activity
93930638,0.0,1,0,0.0,0.0,1.0,0.0,Low,0,Low Risk - Low Activity
93939582,0.0,1,0,0.0,0.0,1.0,0.0,Low,0,Low Risk - Low Activity
93954784,0.0,1,0,0.0,0.0,1.0,0.0,Low,0,Low Risk - Low Activity
93980927,0.0,1,0,0.0,1.0,0.0,0.0,Low,0,Low Risk - Low Activity
94008327,0.0,1,0,0.0,1.0,0.0,0.0,Low,0,Low Risk - Low Activity
94055550,0.0,1,0,0.0,0.0,1.0,0.0,Low,0,Low Risk - Low Activity
94061471,0.0,1,0,0.0,1.0,0.0,0.0,Low,0,Low Risk - Low Activity
94069433,0.0,1,0,0.0,1.0,0.0,0.0,Low,0,Low Risk - Low Activity
94070086,0.0,1,0,0.0,0.0,1.0,0.0,Low,0,Low Risk - Low Activity
94083777,0.0,1,0,0.0,0.0,1.0,0.0,Low,0,Low Risk - Low Activity
94094385,0.0,1,0,0.0,0.0,1.0,0.0,Low,0,Low Risk - Low Activity
94096843,0.0,1,0,0.0,1.0,0.0,0.0,Low,0,Low Risk - Low Activity
94104913,0.0,1,0,0.0,0.0,1.0,0.0,Low,0,Low Risk - Low Activity
94107395,0.0,1,0,0.0,0.0,1.0,0.0,Low,0,Low Risk - Low Activity
94110574,0.0,1,0,0.0,1.0,0.0,0.0,Low,0,Low Risk - Low Activity
94117850,0.0,1,0,0.0,1.0,0.0,0.0,Low,0,Low Risk - Low Activity
94118704,0.0,1,0,0.0,0.0,1.0,0.0,Low,0,Low Risk - Low Activity
94129002,0.0,1,0,0.0,0.0,1.0,0.0,Low,0,Low Risk - Low Activity
94129184,0.0,1,0,0.0,0.0,1.0,0.0,Low,0,Low Risk - Low Activity
94150813,0.0,1,0,0.0,1.0,0.0,0.0,Low,0,Low Risk - Low Activity
94167848,0.0,1,0,0.0,0.0,1.0,0.0,Low,0,Low Risk - Low Activity
94181410,0.0,1,0,0.0,0.0,1.0,0.0,Low,0,Low Risk - Low Activity
94206241,0.0,1,0,0.0,0.0,1.0,0.0,Low,0,Low Risk - Low Activity
94207985,0.0,1,0,0.0,1.0,0.0,0.0,Low,0,Low Risk - Low Activity
94227859,0.0,1,0,0.0,1.0,0.0,0.0,Low,0,Low Risk - Low Activity
94240810,0.0,1,0,0.0,1.0,0.0,0.0,Low,0,Low Risk - Low Activity
94242757,0.0,1,0,0.0,1.0,0.0,0.0,Low,0,Low Risk - Low Activity
94252752,0.0,1,0,0.0,0.0,1.0,0.0,Low,0,Low Risk - Low Activity
94260505,0.0,1,0,0.0,0.0,1.0,0.0,Low,0,Low Risk - Low Activity
94262233,0.0,1,0,0.0,1.0,0.0,0.0,Low,0,Low Risk - Low Activity
94267926,0.0,1,0,1.0,0.0,0.0,0.0,Low,1,Low Risk - Low Activity
94285422,0.0,1,0,0.0,1.0,0.0,0.0,Low,0,Low Risk - Low Activity
94290337,0.0,1,0,0.0,0.0,1.0,0.0,Low,0,Low Risk - Low Activity
94296743,0.0,1,0,0.0,1.0,0.0,0.0,Low,0,Low Risk - Low Activity
94300584,0.0,1,0,0.0,0.0,1.0,0.0,Low,0,Low Risk - Low Activity
94303686,0.0,1,0,0.0,0.0,1.0,0.0,Low,0,Low Risk - Low Activity
94306859,0.0,1,0,0.0,0.0,1.0,0.0,Low,0,Low Risk - Low Activity
94308283,0.0,1,0,0.0,1.0,0.0,0.0,Low,0,Low Risk - Low Activity
94319430,0.0,1,0,0.0,0.0,1.0,0.0,Low,0,Low Risk - Low Activity
94329251,0.0,1,0,0.0,1.0,0.0,0.0,Low,0,Low Risk - Low Activity
94332106,0.0,1,0,0.0,0.0,1.0,0.0,Low,0,Low Risk - Low Activity
94344693,0.0,1,0,0.0,0.0,1.0,0.0,Low,0,Low Risk - Low Activity
94354368,0.0,1,0,0.0,0.0,1.0,0.0,Low,0,Low Risk - Low Activity
94358838,0.0,1,0,0.0,1.0,0.0,0.0,Low,0,Low Risk - Low Activity
94369901,0.0,1,0,0.0,0.0,1.0,0.0,Low,0,Low Risk - Low Activity
94379101,0.0,1,0,0.0,1.0,0.0,0.0,Low,0,Low Risk - Low Activity
94395543,0.0,1,0,0.0,0.0,1.0,0.0,Low,0,Low Risk - Low Activity
94398414,0.0,1,0,0.0,0.0,1.0,0.0,Low,0,Low Risk - Low Activity
94402951,0.0,1,0,0.0,0.0,1.0,0.0,Low,0,Low Risk - Low Activity
94437852,0.0,1,0,0.0,1.0,0.0,0.0,Low,0,Low Risk - Low Activity
94451088,0.0,1,0,0.0,0.0,1.0,0.0,Low,0,Low Risk - Low Activity
94476851,0.0,1,0,0.0,0.0,1.0,0.0,Low,0,Low Risk - Low Activity
94498990,0.0,1,0,0.0,0.0,1.0,0.0,Low,0,Low Risk - Low Activity
94506857,0.0,1,0,0.0,0.0,1.0,0.0,Low,0,Low Risk - Low Activity
94508067,0.0,1,0,0.0,0.0,1.0,0.0,Low,0,Low Risk - Low Activity
94512224,0.0,1,0,0.0,1.0,0.0,0.0,Low,0,Low Risk - Low Activity
94520775,0.0,1,0,0.0,0.0,1.0,0.0,Low,0,Low Risk - Low Activity
94521319,0.0,1,0,0.0,1.0,0.0,0.0,Low,0,Low Risk - Low Activity
94547562,0.0,1,0,0.0,0.0,1.0,0.0,Low,0,Low Risk - Low Activity
94556285,0.0,1,0,0.0,1.0,0.0,0.0,Low,0,Low Risk - Low Activity
94559788,0.0,1,0,0.0,1.0,0.0,0.0,Low,0,Low Risk - Low Activity
94578534,0.0,1,0,0.0,0.0,1.0,0.0,Low,0,Low Risk - Low Activity
94623274,0.0,1,0,0.0,0.0,1.0,0.0,Low,0,Low Risk - Low Activity
94630967,0.0,1,0,0.0,1.0,0.0,0.0,Low,0,Low Risk - Low Activity
94634416,0.0,1,0,0.0,1.0,0.0,0.0,Low,0,Low Risk - Low Activity
94656532,0.0,1,0,0.0,1.0,0.0,0.0,Low,0,Low Risk - Low Activity
94665170,0.0,1,0,0.0,0.0,1.0,0.0,Low,0,Low Risk - Low Activity
94694447,0.0,1,0,0.0,1.0,0.0,0.0,Low,0,Low Risk - Low Activity
94704363,0.0,1,0,0.0,0.0,1.0,0.0,Low,0,Low Risk - Low Activity
94714515,0.0,1,0,0.0,1.0,0.0,0.0,Low,0,Low Risk - Low Activity
94716470,0.0,1,0,0.0,0.0,1.0,0.0,Low,0,Low Risk - Low Activity
94723414,0.0,1,0,0.0,0.0,1.0,0.0,Low,0,Low Risk - Low Activity
94724451,0.0,1,0,0.0,0.0,1.0,0.0,Low,0,Low Risk - Low Activity
94729618,0.0,1,0,0.0,1.0,0.0,0.0,Low,0,Low Risk - Low Activity
94730826,0.0,1,0,0.0,1.0,0.0,0.0,Low,0,Low Risk - Low Activity
94733658,0.0,1,0,0.0,1.0,0.0,0.0,Low,0,Low Risk - Low Activity
94735784,0.0,1,0,0.0,0.0,1.0,0.0,Low,0,Low Risk - Low Activity
94738005,0.0,1,0,0.0,0.0,1.0,0.0,Low,0,Low Risk - Low Activity
94739701,0.0,1,0,0.0,1.0,0.0,0.0,Low,0,Low Risk - Low Activity
94747276,0.0,1,0,0.0,0.0,1.0,0.0,Low,0,Low Risk - Low Activity
94747288,0.0,1,0,0.0,0.0,1.0,0.0,Low,0,Low Risk - Low Activity
94748199,0.0,1,0,0.0,1.0,0.0,0.0,Low,0,Low Risk - Low Activity
94753945,0.0,1,0,0.0,1.0,0.0,0.0,Low,0,Low Risk - Low Activity
94763897,0.0,1,0,0.0,0.0,1.0,0.0,Low,0,Low Risk - Low Activity
94804880,0.0,1,0,0.0,0.0,1.0,0.0,Low,0,Low Risk - Low Activity
94808759,0.0,1,0,0.0,0.0,1.0,0.0,Low,0,Low Risk - Low Activity
94817896,0.0,1,0,0.0,0.0,1.0,0.0,Low,0,Low Risk - Low Activity
94819226,0.0,1,0,0.0,0.0,1.0,0.0,Low,0,Low Risk - Low Activity
94828491,0.0,1,0,0.0,0.0,1.0,0.0,Low,0,Low Risk - Low Activity
94830506,0.0,1,0,0.0,1.0,0.0,0.0,Low,0,Low Risk - Low Activity
94831904,0.0,1,0,0.0,0.0,1.0,0.0,Low,0,Low Risk - Low Activity
94840651,0.0,1,0,0.0,0.0,1.0,0.0,Low,0,Low Risk - Low Activity
94846608,0.0,1,0,0.0,0.0,1.0,0.0,Low,0,Low Risk - Low Activity
94849811,0.0,1,0,0.0,1.0,0.0,0.0,Low,0,Low Risk - Low Activity
94869298,0.0,1,0,0.0,1.0,0.0,0.0,Low,0,Low Risk - Low Activity
94879237,0.0,1,0,0.0,0.0,1.0,0.0,Low,0,Low Risk - Low Activity
94885638,0.0,1,0,0.0,0.0,1.0,0.0,Low,0,Low Risk - Low Activity
94899388,0.0,1,0,0.0,0.0,1.0,0.0,Low,0,Low Risk - Low Activity
94900209,0.0,1,0,0.0,1.0,0.0,0.0,Low,0,Low Risk - Low Activity
94900774,0.0,1,0,0.0,0.0,1.0,0.0,Low,0,Low Risk - Low Activity
94901822,0.0,1,0,0.0,0.0,1.0,0.0,Low,0,Low Risk - Low Activity
94902861,0.0,1,0,1.0,0.0,0.0,0.0,Low,1,Low Risk - Low Activity
94903235,0.0,1,0,0.0,1.0,0.0,0.0,Low,0,Low Risk - Low Activity
94905616,0.0,1,0,0.0,1.0,0.0,0.0,Low,0,Low Risk - Low Activity
94914312,0.0,1,0,0.0,1.0,0.0,0.0,Low,0,Low Risk - Low Activity
94942422,0.0,1,0,0.0,0.0,1.0,0.0,Low,0,Low Risk - Low Activity
94958540,0.0,1,0,0.0,1.0,0.0,0.0,Low,0,Low Risk - Low Activity
94977593,0.0,1,0,0.0,1.0,0.0,0.0,Low,0,Low Risk - Low Activity
94977644,0.0,1,0,0.0,0.0,1.0,0.0,Low,0,Low Risk - Low Activity
94991920,0.0,1,0,1.0,0.0,0.0,0.0,Low,1,Low Risk - Low Activity
94995502,0.0,1,0,0.0,1.0,0.0,0.0,Low,0,Low Risk - Low Activity
94999025,0.0,1,0,0.0,0.0,1.0,0.0,Low,0,Low Risk - Low Activity
95012172,0.0,1,0,0.0,1.0,0.0,0.0,Low,0,Low Risk - Low Activity
95036563,0.0,1,0,0.0,1.0,0.0,0.0,Low,0,Low Risk - Low Activity
95047874,0.0,1,0,0.0,1.0,0.0,0.0,Low,0,Low Risk - Low Activity
95049461,0.0,1,0,0.0,0.0,1.0,0.0,Low,0,Low Risk - Low Activity
95070721,0.0,1,0,0.0,0.0,1.0,0.0,Low,0,Low Risk - Low Activity
95100397,0.0,1,0,0.0,0.0,1.0,0.0,Low,0,Low Risk - Low Activity
95122123,0.0,1,0,0.0,0.0,1.0,0.0,Low,0,Low Risk - Low Activity
95133647,0.0,1,0,0.0,0.0,1.0,0.0,Low,0,Low Risk - Low Activity
95137865,0.0,1,0,0.0,0.0,1.0,0.0,Low,0,Low Risk - Low Activity
95156250,0.0,1,0,0.0,0.0,1.0,0.0,Low,0,Low Risk - Low Activity
95157579,0.0,1,0,0.0,1.0,0.0,0.0,Low,0,Low Risk - Low Activity
95186553,0.0,1,0,0.0,1.0,0.0,0.0,Low,0,Low Risk - Low Activity
95227295,0.0,1,0,0.0,1.0,0.0,0.0,Low,0,Low Risk - Low Activity
95238608,0.0,1,0,0.0,1.0,0.0,0.0,Low,0,Low Risk - Low Activity
95244304,0.0,1,0,1.0,0.0,0.0,0.0,Low,1,Low Risk - Low Activity
95244793,0.0,1,0,0.0,0.0,1.0,0.0,Low,0,Low Risk - Low Activity
95249222,0.0,1,0,0.0,0.0,1.0,0.0,Low,0,Low Risk - Low Activity
95253175,0.0,1,0,0.0,1.0,0.0,0.0,Low,0,Low Risk - Low Activity
95267786,0.0,1,0,0.0,0.0,1.0,0.0,Low,0,Low Risk - Low Activity
95271214,0.0,1,0,0.0,0.0,1.0,0.0,Low,0,Low Risk - Low Activity
95273172,0.0,1,0,0.0,0.0,1.0,0.0,Low,0,Low Risk - Low Activity
95274725,0.0,1,0,0.0,1.0,0.0,0.0,Low,0,Low Risk - Low Activity
95302441,0.0,1,0,0.0,1.0,0.0,0.0,Low,0,Low Risk - Low Activity
95325977,0.0,1,0,0.0,0.0,1.0,0.0,Low,0,Low Risk - Low Activity
95334536,0.0,1,0,0.0,0.0,1.0,0.0,Low,0,Low Risk - Low Activity
95376535,0.0,1,0,0.0,0.0,1.0,0.0,Low,0,Low Risk - Low Activity
95379234,0.0,1,0,0.0,1.0,0.0,0.0,Low,0,Low Risk - Low Activity
95387803,0.0,1,0,0.0,0.0,1.0,0.0,Low,0,Low Risk - Low Activity
95390948,0.0,1,0,0.0,0.0,1.0,0.0,Low,0,Low Risk - Low Activity
95399376,0.0,1,0,0.0,1.0,0.0,0.0,Low,0,Low Risk - Low Activity
95400113,0.0,1,0,0.0,0.0,1.0,0.0,Low,0,Low Risk - Low Activity
95431228,0.0,1,0,0.0,1.0,0.0,0.0,Low,0,Low Risk - Low Activity
95457357,0.0,1,0,0.0,1.0,0.0,0.0,Low,0,Low Risk - Low Activity
95463275,0.0,1,0,0.0,1.0,0.0,0.0,Low,0,Low Risk - Low Activity
95463866,0.0,1,0,0.0,0.0,1.0,0.0,Low,0,Low Risk - Low Activity
95468255,0.0,1,0,0.0,1.0,0.0,0.0,Low,0,Low Risk - Low Activity
95472732,0.0,1,0,0.0,1.0,0.0,0.0,Low,0,Low Risk - Low Activity
95476273,0.0,1,0,0.0,1.0,0.0,0.0,Low,0,Low Risk - Low Activity
95481064,0.0,1,0,0.0,0.0,1.0,0.0,Low,0,Low Risk - Low Activity
95482350,0.0,1,0,0.0,0.0,1.0,0.0,Low,0,Low Risk - Low Activity
95486412,0.0,1,0,0.0,1.0,0.0,0.0,Low,0,Low Risk - Low Activity
95490570,0.0,1,0,0.0,1.0,0.0,0.0,Low,0,Low Risk - Low Activity
95491129,0.0,1,0,0.0,0.0,1.0,0.0,Low,0,Low Risk - Low Activity
95504250,0.0,1,0,0.0,0.0,1.0,0.0,Low,0,Low Risk - Low Activity
95504472,0.0,1,0,0.0,0.0,1.0,0.0,Low,0,Low Risk - Low Activity
95511035,0.0,1,0,0.0,0.0,1.0,0.0,Low,0,Low Risk - Low Activity
95513552,0.0,1,0,0.0,1.0,0.0,0.0,Low,0,Low Risk - Low Activity
95525746,0.0,1,0,0.0,0.0,1.0,0.0,Low,0,Low Risk - Low Activity
95534407,0.0,1,0,0.0,0.0,1.0,0.0,Low,0,Low Risk - Low Activity
95546136,0.0,1,0,0.0,1.0,0.0,0.0,Low,0,Low Risk - Low Activity
95559449,0.0,1,0,0.0,0.0,1.0,0.0,Low,0,Low Risk - Low Activity
95573094,0.0,1,0,0.0,0.0,1.0,0.0,Low,0,Low Risk - Low Activity
95583500,0.0,1,0,0.0,0.0,1.0,0.0,Low,0,Low Risk - Low Activity
95612858,0.0,1,0,0.0,0.0,1.0,0.0,Low,0,Low Risk - Low Activity
95623107,0.0,1,0,0.0,1.0,0.0,0.0,Low,0,Low Risk - Low Activity
95627596,0.0,1,0,0.0,0.0,1.0,0.0,Low,0,Low Risk - Low Activity
95629235,0.0,1,0,0.0,1.0,0.0,0.0,Low,0,Low Risk - Low Activity
95647642,0.0,1,0,0.0,0.0,1.0,0.0,Low,0,Low Risk - Low Activity
95649759,0.0,1,0,0.0,1.0,0.0,0.0,Low,0,Low Risk - Low Activity
95650206,0.0,1,0,0.0,0.0,1.0,0.0,Low,0,Low Risk - Low Activity
95650283,0.0,1,0,0.0,0.0,1.0,0.0,Low,0,Low Risk - Low Activity
95653716,0.0,1,0,0.0,0.0,1.0,0.0,Low,0,Low Risk - Low Activity
95653767,0.0,1,0,0.0,0.0,1.0,0.0,Low,0,Low Risk - Low Activity
95661469,0.0,1,0,0.0,0.0,1.0,0.0,Low,0,Low Risk - Low Activity
95661490,0.0,1,0,0.0,1.0,0.0,0.0,Low,0,Low Risk - Low Activity
95681621,0.0,1,0,0.0,1.0,0.0,0.0,Low,0,Low Risk - Low Activity
95701513,0.0,1,0,0.0,0.0,1.0,0.0,Low,0,Low Risk - Low Activity
95706696,0.0,1,0,0.0,0.0,1.0,0.0,Low,0,Low Risk - Low Activity
95708405,0.0,1,0,0.0,0.0,1.0,0.0,Low,0,Low Risk - Low Activity
95714932,0.0,1,0,0.0,0.0,1.0,0.0,Low,0,Low Risk - Low Activity
95725827,0.0,1,0,0.0,0.0,1.0,0.0,Low,0,Low Risk - Low Activity
95726100,0.0,1,0,0.0,0.0,1.0,0.0,Low,0,Low Risk - Low Activity
95736237,0.0,1,0,0.0,0.0,1.0,0.0,Low,0,Low Risk - Low Activity
95743424,0.0,1,0,0.0,1.0,0.0,0.0,Low,0,Low Risk - Low Activity
95745761,0.0,1,0,1.0,0.0,0.0,0.0,Low,1,Low Risk - Low Activity
95765801,0.0,1,0,0.0,0.0,1.0,0.0,Low,0,Low Risk - Low Activity
95773288,0.0,1,0,0.0,0.0,1.0,0.0,Low,0,Low Risk - Low Activity
95788190,0.0,1,0,0.0,0.0,1.0,0.0,Low,0,Low Risk - Low Activity
95789893,0.0,1,0,0.0,1.0,0.0,0.0,Low,0,Low Risk - Low Activity
95790521,0.0,1,0,0.0,1.0,0.0,0.0,Low,0,Low Risk - Low Activity
95793023,0.0,1,0,0.0,0.0,1.0,0.0,Low,0,Low Risk - Low Activity
95803530,0.0,1,0,0.0,0.0,1.0,0.0,Low,0,Low Risk - Low Activity
95805098,0.0,1,0,0.0,0.0,1.0,0.0,Low,0,Low Risk - Low Activity
95806884,0.0,1,0,0.0,0.0,1.0,0.0,Low,0,Low Risk - Low Activity
95810974,0.0,1,0,0.0,0.0,1.0,0.0,Low,0,Low Risk - Low Activity
95817129,0.0,1,0,0.0,0.0,1.0,0.0,Low,0,Low Risk - Low Activity
95817561,0.0,1,0,0.0,1.0,0.0,0.0,Low,0,Low Risk - Low Activity
95833558,0.0,1,0,0.0,1.0,0.0,0.0,Low,0,Low Risk - Low Activity
95849611,0.0,1,0,0.0,1.0,0.0,0.0,Low,0,Low Risk - Low Activity
95854626,0.0,1,0,0.0,1.0,0.0,0.0,Low,0,Low Risk - Low Activity
95855476,0.0,1,0,0.0,0.0,1.0,0.0,Low,0,Low Risk - Low Activity
95886406,0.0,1,0,0.0,0.0,1.0,0.0,Low,0,Low Risk - Low Activity
95891577,0.0,1,0,0.0,1.0,0.0,0.0,Low,0,Low Risk - Low Activity
95906004,0.0,1,0,0.0,0.0,1.0,0.0,Low,0,Low Risk - Low Activity
95906736,0.0,1,0,0.0,1.0,0.0,0.0,Low,0,Low Risk - Low Activity
95910892,0.0,1,0,0.0,1.0,0.0,0.0,Low,0,Low Risk - Low Activity
95912641,0.0,1,0,0.0,0.0,1.0,0.0,Low,0,Low Risk - Low Activity
95919755,0.0,1,0,0.0,0.0,1.0,0.0,Low,0,Low Risk - Low Activity
95931801,0.0,1,0,0.0,1.0,0.0,0.0,Low,0,Low Risk - Low Activity
95936858,0.0,1,0,0.0,1.0,0.0,0.0,Low,0,Low Risk - Low Activity
95956528,0.0,1,0,0.0,1.0,0.0,0.0,Low,0,Low Risk - Low Activity
95978561,0.0,1,0,0.0,0.0,1.0,0.0,Low,0,Low Risk - Low Activity
95984110,0.0,1,0,0.0,1.0,0.0,0.0,Low,0,Low Risk - Low Activity
95996253,0.0,1,0,0.0,1.0,0.0,0.0,Low,0,Low Risk - Low Activity
96011787,0.0,1,0,0.0,1.0,0.0,0.0,Low,0,Low Risk - Low Activity
96012548,0.0,1,0,0.0,0.0,1.0,0.0,Low,0,Low Risk - Low Activity
96028272,0.0,1,0,0.0,1.0,0.0,0.0,Low,0,Low Risk - Low Activity
96028831,0.0,1,0,0.0,1.0,0.0,0.0,Low,0,Low Risk - Low Activity
96038540,0.0,1,0,0.0,0.0,1.0,0.0,Low,0,Low Risk - Low Activity
96038719,0.0,1,0,0.0,0.0,1.0,0.0,Low,0,Low Risk - Low Activity
96069793,0.0,1,0,0.0,0.0,1.0,0.0,Low,0,Low Risk - Low Activity
96076381,0.0,1,0,0.0,0.0,1.0,0.0,Low,0,Low Risk - Low Activity
96088613,0.0,1,0,0.0,1.0,0.0,0.0,Low,0,Low Risk - Low Activity
96104565,0.0,1,0,0.0,0.0,1.0,0.0,Low,0,Low Risk - Low Activity
96111182,0.0,1,0,0.0,1.0,0.0,0.0,Low,0,Low Risk - Low Activity
96120043,0.0,1,0,0.0,0.0,1.0,0.0,Low,0,Low Risk - Low Activity
96127989,0.0,1,0,0.0,0.0,1.0,0.0,Low,0,Low Risk - Low Activity
96130875,0.0,1,0,0.0,0.0,1.0,0.0,Low,0,Low Risk - Low Activity
96135813,0.0,1,0,0.0,0.0,1.0,0.0,Low,0,Low Risk - Low Activity
96153761,0.0,1,0,0.0,0.0,1.0,0.0,Low,0,Low Risk - Low Activity
96154564,0.0,1,0,0.0,0.0,1.0,0.0,Low,0,Low Risk - Low Activity
96203134,0.0,1,0,0.0,1.0,0.0,0.0,Low,0,Low Risk - Low Activity
96211841,0.0,1,0,0.0,1.0,0.0,0.0,Low,0,Low Risk - Low Activity
96214707,0.0,1,0,0.0,1.0,0.0,0.0,Low,0,Low Risk - Low Activity
96224908,0.0,1,0,0.0,1.0,0.0,0.0,Low,0,Low Risk - Low Activity
96233781,0.0,1,0,0.0,0.0,1.0,0.0,Low,0,Low Risk - Low Activity
96238468,0.0,1,0,0.0,1.0,0.0,0.0,Low,0,Low Risk - Low Activity
96249839,0.0,1,0,0.0,0.0,1.0,0.0,Low,0,Low Risk - Low Activity
96250662,0.0,1,0,0.0,0.0,1.0,0.0,Low,0,Low Risk - Low Activity
96252860,0.0,1,0,0.0,0.0,1.0,0.0,Low,0,Low Risk - Low Activity
96281505,0.0,1,0,0.0,1.0,0.0,0.0,Low,0,Low Risk - Low Activity
96300211,0.0,1,0,0.0,1.0,0.0,0.0,Low,0,Low Risk - Low Activity
96305819,0.0,1,0,0.0,0.0,1.0,0.0,Low,0,Low Risk - Low Activity
96314896,0.0,1,0,0.0,1.0,0.0,0.0,Low,0,Low Risk - Low Activity
96332070,0.0,1,0,0.0,1.0,0.0,0.0,Low,0,Low Risk - Low Activity
96341992,0.0,1,0,0.0,0.0,1.0,0.0,Low,0,Low Risk - Low Activity
96354328,0.0,1,0,0.0,0.0,1.0,0.0,Low,0,Low Risk - Low Activity
96359536,0.0,1,0,0.0,0.0,1.0,0.0,Low,0,Low Risk - Low Activity
96378264,0.0,1,0,0.0,0.0,1.0,0.0,Low,0,Low Risk - Low Activity
96382659,0.0,1,0,0.0,1.0,0.0,0.0,Low,0,Low Risk - Low Activity
96394710,0.0,1,0,0.0,0.0,1.0,0.0,Low,0,Low Risk - Low Activity
96397436,0.0,1,0,0.0,0.0,1.0,0.0,Low,0,Low Risk - Low Activity
96411726,0.0,1,0,0.0,0.0,1.0,0.0,Low,0,Low Risk - Low Activity
96421407,0.0,1,0,0.0,1.0,0.0,0.0,Low,0,Low Risk - Low Activity
96426366,0.0,1,0,0.0,0.0,1.0,0.0,Low,0,Low Risk - Low Activity
96439345,0.0,1,0,0.0,1.0,0.0,0.0,Low,0,Low Risk - Low Activity
96441693,0.0,1,0,0.0,0.0,1.0,0.0,Low,0,Low Risk - Low Activity
96450152,0.0,1,0,0.0,1.0,0.0,0.0,Low,0,Low Risk - Low Activity
96451482,0.0,1,0,0.0,0.0,1.0,0.0,Low,0,Low Risk - Low Activity
96451914,0.0,1,0,0.0,0.0,1.0,0.0,Low,0,Low Risk - Low Activity
96459100,0.0,1,0,0.0,1.0,0.0,0.0,Low,0,Low Risk - Low Activity
96459353,0.0,1,0,0.0,0.0,1.0,0.0,Low,0,Low Risk - Low Activity
96476584,0.0,1,0,0.0,1.0,0.0,0.0,Low,0,Low Risk - Low Activity
96478566,0.0,1,0,0.0,0.0,1.0,0.0,Low,0,Low Risk - Low Activity
96490732,0.0,1,0,0.0,0.0,1.0,0.0,Low,0,Low Risk - Low Activity
96498708,0.0,1,0,0.0,0.0,1.0,0.0,Low,0,Low Risk - Low Activity
96527900,0.0,1,0,0.0,0.0,1.0,0.0,Low,0,Low Risk - Low Activity
96560213,0.0,1,0,0.0,0.0,1.0,0.0,Low,0,Low Risk - Low Activity
96582284,0.0,1,0,0.0,0.0,1.0,0.0,Low,0,Low Risk - Low Activity
96586532,0.0,1,0,0.0,1.0,0.0,0.0,Low,0,Low Risk - Low Activity
96603622,0.0,1,0,0.0,1.0,0.0,0.0,Low,0,Low Risk - Low Activity
96613785,0.0,1,0,0.0,0.0,1.0,0.0,Low,0,Low Risk - Low Activity
96614461,0.0,1,0,0.0,0.0,1.0,0.0,Low,0,Low Risk - Low Activity
96621970,0.0,1,0,0.0,0.0,1.0,0.0,Low,0,Low Risk - Low Activity
96639490,0.0,1,0,0.0,1.0,0.0,0.0,Low,0,Low Risk - Low Activity
96646640,0.0,1,0,0.0,1.0,0.0,0.0,Low,0,Low Risk - Low Activity
96646925,0.0,1,0,0.0,0.0,1.0,0.0,Low,0,Low Risk - Low Activity
96650261,0.0,1,0,0.0,1.0,0.0,0.0,Low,0,Low Risk - Low Activity
96658299,0.0,1,0,0.0,0.0,1.0,0.0,Low,0,Low Risk - Low Activity
96670919,0.0,1,0,0.0,1.0,0.0,0.0,Low,0,Low Risk - Low Activity
96680152,0.0,1,0,0.0,1.0,0.0,0.0,Low,0,Low Risk - Low Activity
96688770,0.0,1,0,0.0,1.0,0.0,0.0,Low,0,Low Risk - Low Activity
96708752,0.0,1,0,0.0,0.0,1.0,0.0,Low,0,Low Risk - Low Activity
96716632,0.0,1,0,0.0,0.0,1.0,0.0,Low,0,Low Risk - Low Activity
96731728,0.0,1,0,0.0,0.0,1.0,0.0,Low,0,Low Risk - Low Activity
96734498,0.0,1,0,0.0,0.0,1.0,0.0,Low,0,Low Risk - Low Activity
96737121,0.0,1,0,0.0,0.0,1.0,0.0,Low,0,Low Risk - Low Activity
96739890,0.0,1,0,0.0,0.0,1.0,0.0,Low,0,Low Risk - Low Activity
96743171,0.0,1,0,0.0,1.0,0.0,0.0,Low,0,Low Risk - Low Activity
96767542,0.0,1,0,0.0,0.0,1.0,0.0,Low,0,Low Risk - Low Activity
96780571,0.0,1,0,0.0,0.0,1.0,0.0,Low,0,Low Risk - Low Activity
96781059,0.0,1,0,0.0,0.0,1.0,0.0,Low,0,Low Risk - Low Activity
96787242,0.0,1,0,0.0,0.0,1.0,0.0,Low,0,Low Risk - Low Activity
96790368,0.0,1,0,0.0,1.0,0.0,0.0,Low,0,Low Risk - Low Activity
96790743,0.0,1,0,0.0,0.0,1.0,0.0,Low,0,Low Risk - Low Activity
96798359,0.0,1,0,0.0,1.0,0.0,0.0,Low,0,Low Risk - Low Activity
96799011,0.0,1,0,0.0,0.0,1.0,0.0,Low,0,Low Risk - Low Activity
96799079,0.0,1,0,0.0,1.0,0.0,0.0,Low,0,Low Risk - Low Activity
96807525,0.0,1,0,0.0,1.0,0.0,0.0,Low,0,Low Risk - Low Activity
96809918,0.0,1,0,0.0,1.0,0.0,0.0,Low,0,Low Risk - Low Activity
96827041,0.0,1,0,0.0,1.0,0.0,0.0,Low,0,Low Risk - Low Activity
96832344,0.0,1,0,0.0,0.0,1.0,0.0,Low,0,Low Risk - Low Activity
96878811,0.0,1,0,0.0,1.0,0.0,0.0,Low,0,Low Risk - Low Activity
96889130,0.0,1,0,0.0,0.0,1.0,0.0,Low,0,Low Risk - Low Activity
96928592,0.0,1,0,0.0,1.0,0.0,0.0,Low,0,Low Risk - Low Activity
96929587,0.0,1,0,0.0,0.0,1.0,0.0,Low,0,Low Risk - Low Activity
96936988,0.0,1,0,0.0,0.0,1.0,0.0,Low,0,Low Risk - Low Activity
96943359,0.0,1,0,0.0,1.0,0.0,0.0,Low,0,Low Risk - Low Activity
96948240,0.0,1,0,0.0,1.0,0.0,0.0,Low,0,Low Risk - Low Activity
96956301,0.0,1,0,0.0,0.0,1.0,0.0,Low,0,Low Risk - Low Activity
96962436,0.0,1,0,0.0,0.0,1.0,0.0,Low,0,Low Risk - Low Activity
96971103,0.0,1,0,0.0,1.0,0.0,0.0,Low,0,Low Risk - Low Activity
96976527,0.0,1,0,0.0,0.0,1.0,0.0,Low,0,Low Risk - Low Activity
96979998,0.0,1,0,0.0,0.0,1.0,0.0,Low,0,Low Risk - Low Activity
96993716,0.0,1,0,0.0,0.0,1.0,0.0,Low,0,Low Risk - Low Activity
97010136,0.0,1,0,0.0,0.0,1.0,0.0,Low,0,Low Risk - Low Activity
97031182,0.0,1,0,0.0,0.0,1.0,0.0,Low,0,Low Risk - Low Activity
97034139,0.0,1,0,0.0,0.0,1.0,0.0,Low,0,Low Risk - Low Activity
97049571,0.0,1,0,0.0,0.0,1.0,0.0,Low,0,Low Risk - Low Activity
97051700,0.0,1,0,0.0,0.0,1.0,0.0,Low,0,Low Risk - Low Activity
97052249,0.0,1,0,0.0,1.0,0.0,0.0,Low,0,Low Risk - Low Activity
97058639,0.0,1,0,0.0,0.0,1.0,0.0,Low,0,Low Risk - Low Activity
97061513,0.0,1,0,0.0,0.0,1.0,0.0,Low,0,Low Risk - Low Activity
97081368,0.0,1,0,0.0,1.0,0.0,0.0,Low,0,Low Risk - Low Activity
97083451,0.0,1,0,0.0,1.0,0.0,0.0,Low,0,Low Risk - Low Activity
97088923,0.0,1,0,0.0,1.0,0.0,0.0,Low,0,Low Risk - Low Activity
97089256,0.0,1,0,0.0,0.0,1.0,0.0,Low,0,Low Risk - Low Activity
97104317,0.0,1,0,0.0,1.0,0.0,0.0,Low,0,Low Risk - Low Activity
97112227,0.0,1,0,0.0,0.0,1.0,0.0,Low,0,Low Risk - Low Activity
97123314,0.0,1,0,0.0,1.0,0.0,0.0,Low,0,Low Risk - Low Activity
97125325,0.0,1,0,0.0,1.0,0.0,0.0,Low,0,Low Risk - Low Activity
97126453,0.0,1,0,0.0,0.0,1.0,0.0,Low,0,Low Risk - Low Activity
97130023,0.0,1,0,0.0,0.0,1.0,0.0,Low,0,Low Risk - Low Activity
97138336,0.0,1,0,0.0,1.0,0.0,0.0,Low,0,Low Risk - Low Activity
97143292,0.0,1,0,0.0,1.0,0.0,0.0,Low,0,Low Risk - Low Activity
97154492,0.0,1,0,0.0,1.0,0.0,0.0,Low,0,Low Risk - Low Activity
97168517,0.0,1,0,0.0,1.0,0.0,0.0,Low,0,Low Risk - Low Activity
97173601,0.0,1,0,0.0,0.0,1.0,0.0,Low,0,Low Risk - Low Activity
97176049,0.0,1,0,0.0,0.0,1.0,0.0,Low,0,Low Risk - Low Activity
97182644,0.0,1,0,0.0,0.0,1.0,0.0,Low,0,Low Risk - Low Activity
97185590,0.0,1,0,0.0,0.0,1.0,0.0,Low,0,Low Risk - Low Activity
97200428,0.0,1,0,0.0,0.0,1.0,0.0,Low,0,Low Risk - Low Activity
97201172,0.0,1,0,0.0,1.0,0.0,0.0,Low,0,Low Risk - Low Activity
97221085,0.0,1,0,0.0,0.0,1.0,0.0,Low,0,Low Risk - Low Activity
97224202,0.0,1,0,0.0,1.0,0.0,0.0,Low,0,Low Risk - Low Activity
97236128,0.0,1,0,0.0,0.0,1.0,0.0,Low,0,Low Risk - Low Activity
97237225,0.0,1,0,0.0,0.0,1.0,0.0,Low,0,Low Risk - Low Activity
97239343,0.0,1,0,0.0,0.0,1.0,0.0,Low,0,Low Risk - Low Activity
97248535,0.0,1,0,0.0,0.0,1.0,0.0,Low,0,Low Risk - Low Activity
97257915,0.0,1,0,0.0,1.0,0.0,0.0,Low,0,Low Risk - Low Activity
97282555,0.0,1,0,0.0,0.0,1.0,0.0,Low,0,Low Risk - Low Activity
97293303,0.0,1,0,0.0,0.0,1.0,0.0,Low,0,Low Risk - Low Activity
97296128,0.0,1,0,0.0,0.0,1.0,0.0,Low,0,Low Risk - Low Activity
97307613,0.0,1,0,0.0,1.0,0.0,0.0,Low,0,Low Risk - Low Activity
97329370,0.0,1,0,0.0,1.0,0.0,0.0,Low,0,Low Risk - Low Activity
97329504,0.0,1,0,0.0,0.0,1.0,0.0,Low,0,Low Risk - Low Activity
97331569,0.0,1,0,0.0,0.0,1.0,0.0,Low,0,Low Risk - Low Activity
97343274,0.0,1,0,0.0,1.0,0.0,0.0,Low,0,Low Risk - Low Activity
97349979,0.0,1,0,0.0,0.0,1.0,0.0,Low,0,Low Risk - Low Activity
97351717,0.0,1,0,0.0,0.0,1.0,0.0,Low,0,Low Risk - Low Activity
97368838,0.0,1,0,0.0,1.0,0.0,0.0,Low,0,Low Risk - Low Activity
97373160,0.0,1,0,0.0,0.0,1.0,0.0,Low,0,Low Risk - Low Activity
97380531,0.0,1,0,0.0,0.0,1.0,0.0,Low,0,Low Risk - Low Activity
97416897,0.0,1,0,0.0,1.0,0.0,0.0,Low,0,Low Risk - Low Activity
97417373,0.0,1,0,0.0,0.0,1.0,0.0,Low,0,Low Risk - Low Activity
97426721,0.0,1,0,0.0,0.0,1.0,0.0,Low,0,Low Risk - Low Activity
97430581,0.0,1,0,0.0,0.0,1.0,0.0,Low,0,Low Risk - Low Activity
97448422,0.0,1,0,0.0,0.0,1.0,0.0,Low,0,Low Risk - Low Activity
97455009,0.0,1,0,0.0,0.0,1.0,0.0,Low,0,Low Risk - Low Activity
97459782,0.0,1,0,0.0,0.0,1.0,0.0,Low,0,Low Risk - Low Activity
97472558,0.0,1,0,0.0,0.0,1.0,0.0,Low,0,Low Risk - Low Activity
97492065,0.0,1,0,0.0,0.0,1.0,0.0,Low,0,Low Risk - Low Activity
97506927,0.0,1,0,0.0,0.0,1.0,0.0,Low,0,Low Risk - Low Activity
97509223,0.0,1,0,0.0,1.0,0.0,0.0,Low,0,Low Risk - Low Activity
97513465,0.0,1,0,0.0,0.0,1.0,0.0,Low,0,Low Risk - Low Activity
97523181,0.0,1,0,0.0,1.0,0.0,0.0,Low,0,Low Risk - Low Activity
97528851,0.0,1,0,0.0,1.0,0.0,0.0,Low,0,Low Risk - Low Activity
97535934,0.0,1,0,0.0,0.0,1.0,0.0,Low,0,Low Risk - Low Activity
97537261,0.0,1,0,0.0,1.0,0.0,0.0,Low,0,Low Risk - Low Activity
97545723,0.0,1,0,0.0,1.0,0.0,0.0,Low,0,Low Risk - Low Activity
97552344,0.0,1,0,0.0,0.0,1.0,0.0,Low,0,Low Risk - Low Activity
97564712,0.0,1,0,0.0,1.0,0.0,0.0,Low,0,Low Risk - Low Activity
97567763,0.0,1,0,0.0,1.0,0.0,0.0,Low,0,Low Risk - Low Activity
97595628,0.0,1,0,0.0,0.0,1.0,0.0,Low,0,Low Risk - Low Activity
97598692,0.0,1,0,0.0,0.0,1.0,0.0,Low,0,Low Risk - Low Activity
97611243,0.0,1,0,0.0,1.0,0.0,0.0,Low,0,Low Risk - Low Activity
97615301,0.0,1,0,0.0,0.0,1.0,0.0,Low,0,Low Risk - Low Activity
97617808,0.0,1,0,0.0,0.0,1.0,0.0,Low,0,Low Risk - Low Activity
97622021,0.0,1,0,0.0,0.0,1.0,0.0,Low,0,Low Risk - Low Activity
97627585,0.0,1,0,0.0,0.0,1.0,0.0,Low,0,Low Risk - Low Activity
97640677,0.0,1,0,0.0,0.0,1.0,0.0,Low,0,Low Risk - Low Activity
97655477,0.0,1,0,0.0,0.0,1.0,0.0,Low,0,Low Risk - Low Activity
97656356,0.0,1,0,0.0,1.0,0.0,0.0,Low,0,Low Risk - Low Activity
97672429,0.0,1,0,0.0,0.0,1.0,0.0,Low,0,Low Risk - Low Activity
97677334,0.0,1,0,0.0,0.0,1.0,0.0,Low,0,Low Risk - Low Activity
97678212,0.0,1,0,0.0,1.0,0.0,0.0,Low,0,Low Risk - Low Activity
97679554,0.0,1,0,0.0,1.0,0.0,0.0,Low,0,Low Risk - Low Activity
97683799,0.0,1,0,0.0,1.0,0.0,0.0,Low,0,Low Risk - Low Activity
97695824,0.0,1,0,0.0,1.0,0.0,0.0,Low,0,Low Risk - Low Activity
97705758,0.0,1,0,0.0,0.0,1.0,0.0,Low,0,Low Risk - Low Activity
97706458,0.0,1,0,0.0,0.0,1.0,0.0,Low,0,Low Risk - Low Activity
97716776,0.0,1,0,0.0,0.0,1.0,0.0,Low,0,Low Risk - Low Activity
97725160,0.0,1,0,0.0,1.0,0.0,0.0,Low,0,Low Risk - Low Activity
97727242,0.0,1,0,0.0,0.0,1.0,0.0,Low,0,Low Risk - Low Activity
97738065,0.0,1,0,0.0,0.0,1.0,0.0,Low,0,Low Risk - Low Activity
97739283,0.0,1,0,0.0,1.0,0.0,0.0,Low,0,Low Risk - Low Activity
97747755,0.0,1,0,0.0,0.0,1.0,0.0,Low,0,Low Risk - Low Activity
97752896,0.0,1,0,0.0,0.0,1.0,0.0,Low,0,Low Risk - Low Activity
97765772,0.0,1,0,0.0,1.0,0.0,0.0,Low,0,Low Risk - Low Activity
97766441,0.0,1,0,0.0,0.0,1.0,0.0,Low,0,Low Risk - Low Activity
97781534,0.0,1,0,0.0,1.0,0.0,0.0,Low,0,Low Risk - Low Activity
97810831,0.0,1,0,0.0,1.0,0.0,0.0,Low,0,Low Risk - Low Activity
97815181,0.0,1,0,0.0,1.0,0.0,0.0,Low,0,Low Risk - Low Activity
97843621,0.0,1,0,0.0,0.0,1.0,0.0,Low,0,Low Risk - Low Activity
97855816,0.0,1,0,0.0,1.0,0.0,0.0,Low,0,Low Risk - Low Activity
97863608,0.0,1,0,0.0,1.0,0.0,0.0,Low,0,Low Risk - Low Activity
97874278,0.0,1,0,0.0,1.0,0.0,0.0,Low,0,Low Risk - Low Activity
97879657,0.0,1,0,0.0,0.0,1.0,0.0,Low,0,Low Risk - Low Activity
97886856,0.0,1,0,0.0,0.0,1.0,0.0,Low,0,Low Risk - Low Activity
97891339,0.0,1,0,0.0,0.0,1.0,0.0,Low,0,Low Risk - Low Activity
97913413,0.0,1,0,0.0,1.0,0.0,0.0,Low,0,Low Risk - Low Activity
97917881,0.0,1,0,0.0,1.0,0.0,0.0,Low,0,Low Risk - Low Activity
97964942,0.0,1,0,0.0,0.0,1.0,0.0,Low,0,Low Risk - Low Activity
97969801,0.0,1,0,0.0,0.0,1.0,0.0,Low,0,Low Risk - Low Activity
97979975,0.0,1,0,0.0,1.0,0.0,0.0,Low,0,Low Risk - Low Activity
97984869,0.0,1,0,0.0,0.0,1.0,0.0,Low,0,Low Risk - Low Activity
97987337,0.0,1,0,0.0,1.0,0.0,0.0,Low,0,Low Risk - Low Activity
97995915,0.0,1,0,0.0,1.0,0.0,0.0,Low,0,Low Risk - Low Activity
98004604,0.0,1,0,0.0,0.0,1.0,0.0,Low,0,Low Risk - Low Activity
98024943,0.0,1,0,0.0,1.0,0.0,0.0,Low,0,Low Risk - Low Activity
98027563,0.0,1,0,0.0,0.0,1.0,0.0,Low,0,Low Risk - Low Activity
98030162,0.0,1,0,0.0,0.0,1.0,0.0,Low,0,Low Risk - Low Activity
98038800,0.0,1,0,0.0,0.0,1.0,0.0,Low,0,Low Risk - Low Activity
98046767,0.0,1,0,0.0,1.0,0.0,0.0,Low,0,Low Risk - Low Activity
98048771,0.0,1,0,0.0,0.0,1.0,0.0,Low,0,Low Risk - Low Activity
98055456,0.0,1,0,0.0,1.0,0.0,0.0,Low,0,Low Risk - Low Activity
98076597,0.0,1,0,0.0,0.0,1.0,0.0,Low,0,Low Risk - Low Activity
98090209,0.0,1,0,0.0,0.0,1.0,0.0,Low,0,Low Risk - Low Activity
98192258,0.0,1,0,0.0,0.0,1.0,0.0,Low,0,Low Risk - Low Activity
98202503,0.0,1,0,0.0,1.0,0.0,0.0,Low,0,Low Risk - Low Activity
98202619,0.0,1,0,0.0,0.0,1.0,0.0,Low,0,Low Risk - Low Activity
98204864,0.0,1,0,0.0,0.0,1.0,0.0,Low,0,Low Risk - Low Activity
98218432,0.0,1,0,0.0,0.0,1.0,0.0,Low,0,Low Risk - Low Activity
98221620,0.0,1,0,0.0,1.0,0.0,0.0,Low,0,Low Risk - Low Activity
98227444,0.0,1,0,0.0,0.0,1.0,0.0,Low,0,Low Risk - Low Activity
98231975,0.0,1,0,0.0,0.0,1.0,0.0,Low,0,Low Risk - Low Activity
98233899,0.0,1,0,0.0,0.0,1.0,0.0,Low,0,Low Risk - Low Activity
98266170,0.0,1,0,0.0,0.0,1.0,0.0,Low,0,Low Risk - Low Activity
98275167,0.0,1,0,0.0,0.0,1.0,0.0,Low,0,Low Risk - Low Activity
98289389,0.0,1,0,0.0,1.0,0.0,0.0,Low,0,Low Risk - Low Activity
98324840,0.0,1,0,0.0,0.0,1.0,0.0,Low,0,Low Risk - Low Activity
98325454,0.0,1,0,0.0,1.0,0.0,0.0,Low,0,Low Risk - Low Activity
98350976,0.0,1,0,0.0,0.0,1.0,0.0,Low,0,Low Risk - Low Activity
98351795,0.0,1,0,0.0,0.0,1.0,0.0,Low,0,Low Risk - Low Activity
98381490,0.0,1,0,0.0,0.0,1.0,0.0,Low,0,Low Risk - Low Activity
98392006,0.0,1,0,0.0,1.0,0.0,0.0,Low,0,Low Risk - Low Activity
98406959,0.0,1,0,0.0,1.0,0.0,0.0,Low,0,Low Risk - Low Activity
98409435,0.0,1,0,0.0,0.0,1.0,0.0,Low,0,Low Risk - Low Activity
98415457,0.0,1,0,0.0,0.0,1.0,0.0,Low,0,Low Risk - Low Activity
98428370,0.0,1,0,0.0,0.0,1.0,0.0,Low,0,Low Risk - Low Activity
98431152,0.0,1,0,0.0,0.0,1.0,0.0,Low,0,Low Risk - Low Activity
98436181,0.0,1,0,0.0,0.0,1.0,0.0,Low,0,Low Risk - Low Activity
98440683,0.0,1,0,0.0,1.0,0.0,0.0,Low,0,Low Risk - Low Activity
98444899,0.0,1,0,0.0,1.0,0.0,0.0,Low,0,Low Risk - Low Activity
98444993,0.0,1,0,0.0,0.0,1.0,0.0,Low,0,Low Risk - Low Activity
98449869,0.0,1,0,0.0,1.0,0.0,0.0,Low,0,Low Risk - Low Activity
98454345,0.0,1,0,0.0,1.0,0.0,0.0,Low,0,Low Risk - Low Activity
98454614,0.0,1,0,1.0,0.0,0.0,0.0,Low,1,Low Risk - Low Activity
98461261,0.0,1,0,0.0,1.0,0.0,0.0,Low,0,Low Risk - Low Activity
98486961,0.0,1,0,0.0,0.0,1.0,0.0,Low,0,Low Risk - Low Activity
98489641,0.0,1,0,0.0,0.0,1.0,0.0,Low,0,Low Risk - Low Activity
98496465,0.0,1,0,0.0,0.0,1.0,0.0,Low,0,Low Risk - Low Activity
98504508,0.0,1,0,0.0,1.0,0.0,0.0,Low,0,Low Risk - Low Activity
98513912,0.0,1,0,0.0,1.0,0.0,0.0,Low,0,Low Risk - Low Activity
98519145,0.0,1,0,0.0,0.0,1.0,0.0,Low,0,Low Risk - Low Activity
98528575,0.0,1,0,0.0,0.0,1.0,0.0,Low,0,Low Risk - Low Activity
98528865,0.0,1,0,0.0,0.0,1.0,0.0,Low,0,Low Risk - Low Activity
98530253,0.0,1,0,0.0,0.0,1.0,0.0,Low,0,Low Risk - Low Activity
98530711,0.0,1,0,0.0,0.0,1.0,0.0,Low,0,Low Risk - Low Activity
98619255,0.0,1,0,0.0,1.0,0.0,0.0,Low,0,Low Risk - Low Activity
98623700,0.0,1,0,0.0,1.0,0.0,0.0,Low,0,Low Risk - Low Activity
98626618,0.0,1,0,0.0,1.0,0.0,0.0,Low,0,Low Risk - Low Activity
98640086,0.0,1,0,0.0,0.0,1.0,0.0,Low,0,Low Risk - Low Activity
98645102,0.0,1,0,0.0,0.0,1.0,0.0,Low,0,Low Risk - Low Activity
98674013,0.0,1,0,0.0,0.0,1.0,0.0,Low,0,Low Risk - Low Activity
98706822,0.0,1,0,0.0,0.0,1.0,0.0,Low,0,Low Risk - Low Activity
98722691,0.0,1,0,0.0,1.0,0.0,0.0,Low,0,Low Risk - Low Activity
98753736,0.0,1,0,0.0,1.0,0.0,0.0,Low,0,Low Risk - Low Activity
98772218,0.0,1,0,0.0,1.0,0.0,0.0,Low,0,Low Risk - Low Activity
98774321,0.0,1,0,0.0,0.0,1.0,0.0,Low,0,Low Risk - Low Activity
98786496,0.0,1,0,0.0,0.0,1.0,0.0,Low,0,Low Risk - Low Activity
98810033,0.0,1,0,0.0,0.0,1.0,0.0,Low,0,Low Risk - Low Activity
98811128,0.0,1,0,0.0,0.0,1.0,0.0,Low,0,Low Risk - Low Activity
98826671,0.0,1,0,0.0,0.0,1.0,0.0,Low,0,Low Risk - Low Activity
98858055,0.0,1,0,0.0,1.0,0.0,0.0,Low,0,Low Risk - Low Activity
98863857,0.0,1,0,0.0,1.0,0.0,0.0,Low,0,Low Risk - Low Activity
98872200,0.0,1,0,0.0,1.0,0.0,0.0,Low,0,Low Risk - Low Activity
98877421,0.0,1,0,0.0,1.0,0.0,0.0,Low,0,Low Risk - Low Activity
98881229,0.0,1,0,0.0,0.0,1.0,0.0,Low,0,Low Risk - Low Activity
98888564,0.0,1,0,0.0,1.0,0.0,0.0,Low,0,Low Risk - Low Activity
98892523,0.0,1,0,0.0,1.0,0.0,0.0,Low,0,Low Risk - Low Activity
98894401,0.0,1,0,0.0,1.0,0.0,0.0,Low,0,Low Risk - Low Activity
98900468,0.0,1,0,0.0,0.0,1.0,0.0,Low,0,Low Risk - Low Activity
98908170,0.0,1,0,0.0,0.0,1.0,0.0,Low,0,Low Risk - Low Activity
98911104,0.0,1,0,0.0,0.0,1.0,0.0,Low,0,Low Risk - Low Activity
98921731,0.0,1,0,0.0,1.0,0.0,0.0,Low,0,Low Risk - Low Activity
98925961,0.0,1,0,0.0,1.0,0.0,0.0,Low,0,Low Risk - Low Activity
98947467,0.0,1,0,0.0,0.0,1.0,0.0,Low,0,Low Risk - Low Activity
98967239,0.0,1,0,0.0,0.0,1.0,0.0,Low,0,Low Risk - Low Activity
99004427,0.0,1,0,0.0,0.0,1.0,0.0,Low,0,Low Risk - Low Activity
99008468,0.0,1,0,0.0,0.0,1.0,0.0,Low,0,Low Risk - Low Activity
99025188,0.0,1,0,0.0,0.0,1.0,0.0,Low,0,Low Risk - Low Activity
99042358,0.0,1,0,0.0,0.0,1.0,0.0,Low,0,Low Risk - Low Activity
99043292,0.0,1,0,0.0,0.0,1.0,0.0,Low,0,Low Risk - Low Activity
99050305,0.0,1,0,0.0,1.0,0.0,0.0,Low,0,Low Risk - Low Activity
99053343,0.0,1,0,0.0,0.0,1.0,0.0,Low,0,Low Risk - Low Activity
99055902,0.0,1,0,0.0,1.0,0.0,0.0,Low,0,Low Risk - Low Activity
99085885,0.0,1,0,0.0,1.0,0.0,0.0,Low,0,Low Risk - Low Activity
99100732,0.0,1,0,0.0,0.0,1.0,0.0,Low,0,Low Risk - Low Activity
99102458,0.0,1,0,0.0,1.0,0.0,0.0,Low,0,Low Risk - Low Activity
99106631,0.0,1,0,0.0,0.0,1.0,0.0,Low,0,Low Risk - Low Activity
99128250,0.0,1,0,0.0,1.0,0.0,0.0,Low,0,Low Risk - Low Activity
99133778,0.0,1,0,0.0,0.0,1.0,0.0,Low,0,Low Risk - Low Activity
99159619,0.0,1,0,0.0,1.0,0.0,0.0,Low,0,Low Risk - Low Activity
99172066,0.0,1,0,0.0,0.0,1.0,0.0,Low,0,Low Risk - Low Activity
99186771,0.0,1,0,0.0,0.0,1.0,0.0,Low,0,Low Risk - Low Activity
99200992,0.0,1,0,0.0,1.0,0.0,0.0,Low,0,Low Risk - Low Activity
99202421,0.0,1,0,0.0,0.0,1.0,0.0,Low,0,Low Risk - Low Activity
99214533,0.0,1,0,0.0,0.0,1.0,0.0,Low,0,Low Risk - Low Activity
99218994,0.0,1,0,0.0,0.0,1.0,0.0,Low,0,Low Risk - Low Activity
99230188,0.0,1,0,0.0,1.0,0.0,0.0,Low,0,Low Risk - Low Activity
99234473,0.0,1,0,0.0,1.0,0.0,0.0,Low,0,Low Risk - Low Activity
99248345,0.0,1,0,0.0,1.0,0.0,0.0,Low,0,Low Risk - Low Activity
99251109,0.0,1,0,0.0,0.0,1.0,0.0,Low,0,Low Risk - Low Activity
99251869,0.0,1,0,0.0,1.0,0.0,0.0,Low,0,Low Risk - Low Activity
99253666,0.0,1,0,0.0,0.0,1.0,0.0,Low,0,Low Risk - Low Activity
99285096,0.0,1,0,0.0,0.0,1.0,0.0,Low,0,Low Risk - Low Activity
99312533,0.0,1,0,0.0,1.0,0.0,0.0,Low,0,Low Risk - Low Activity
99312714,0.0,1,0,0.0,0.0,1.0,0.0,Low,0,Low Risk - Low Activity
99313709,0.0,1,0,0.0,0.0,1.0,0.0,Low,0,Low Risk - Low Activity
99322623,0.0,1,0,0.0,0.0,1.0,0.0,Low,0,Low Risk - Low Activity
99332235,0.0,1,0,0.0,0.0,1.0,0.0,Low,0,Low Risk - Low Activity
99341382,0.0,1,0,0.0,1.0,0.0,0.0,Low,0,Low Risk - Low Activity
99341894,0.0,1,0,0.0,0.0,1.0,0.0,Low,0,Low Risk - Low Activity
99366125,0.0,1,0,0.0,0.0,1.0,0.0,Low,0,Low Risk - Low Activity
99371737,0.0,1,0,0.0,0.0,1.0,0.0,Low,0,Low Risk - Low Activity
99380166,0.0,1,0,0.0,1.0,0.0,0.0,Low,0,Low Risk - Low Activity
99386062,0.0,1,0,0.0,0.0,1.0,0.0,Low,0,Low Risk - Low Activity
99396698,0.0,1,0,0.0,1.0,0.0,0.0,Low,0,Low Risk - Low Activity
99405084,0.0,1,0,0.0,0.0,1.0,0.0,Low,0,Low Risk - Low Activity
99419987,0.0,1,0,0.0,1.0,0.0,0.0,Low,0,Low Risk - Low Activity
99462893,0.0,1,0,0.0,0.0,1.0,0.0,Low,0,Low Risk - Low Activity
99470656,0.0,1,0,0.0,0.0,1.0,0.0,Low,0,Low Risk - Low Activity
99483584,0.0,1,0,0.0,1.0,0.0,0.0,Low,0,Low Risk - Low Activity
99493012,0.0,1,0,0.0,0.0,1.0,0.0,Low,0,Low Risk - Low Activity
99498374,0.0,1,0,0.0,0.0,1.0,0.0,Low,0,Low Risk - Low Activity
99499303,0.0,1,0,0.0,1.0,0.0,0.0,Low,0,Low Risk - Low Activity
99524085,0.0,1,0,0.0,1.0,0.0,0.0,Low,0,Low Risk - Low Activity
99529909,0.0,1,0,0.0,0.0,1.0,0.0,Low,0,Low Risk - Low Activity
99539827,0.0,1,0,0.0,0.0,1.0,0.0,Low,0,Low Risk - Low Activity
99542083,0.0,1,0,0.0,0.0,1.0,0.0,Low,0,Low Risk - Low Activity
99551047,0.0,1,0,0.0,0.0,1.0,0.0,Low,0,Low Risk - Low Activity
99559034,0.0,1,0,0.0,1.0,0.0,0.0,Low,0,Low Risk - Low Activity
99564448,0.0,1,0,0.0,0.0,1.0,0.0,Low,0,Low Risk - Low Activity
99575087,0.0,1,0,0.0,0.0,1.0,0.0,Low,0,Low Risk - Low Activity
99576647,0.0,1,0,0.0,1.0,0.0,0.0,Low,0,Low Risk - Low Activity
99581070,0.0,1,0,0.0,0.0,1.0,0.0,Low,0,Low Risk - Low Activity
99608534,0.0,1,0,0.0,0.0,1.0,0.0,Low,0,Low Risk - Low Activity
99611446,0.0,1,0,0.0,0.0,1.0,0.0,Low,0,Low Risk - Low Activity
99614954,0.0,1,0,0.0,1.0,0.0,0.0,Low,0,Low Risk - Low Activity
99629717,0.0,1,0,0.0,1.0,0.0,0.0,Low,0,Low Risk - Low Activity
99631674,0.0,1,0,0.0,1.0,0.0,0.0,Low,0,Low Risk - Low Activity
99632843,0.0,1,0,0.0,1.0,0.0,0.0,Low,0,Low Risk - Low Activity
99634820,0.0,1,0,0.0,1.0,0.0,0.0,Low,0,Low Risk - Low Activity
99645611,0.0,1,0,0.0,1.0,0.0,0.0,Low,0,Low Risk - Low Activity
99648338,0.0,1,0,0.0,1.0,0.0,0.0,Low,0,Low Risk - Low Activity
99675426,0.0,1,0,0.0,0.0,1.0,0.0,Low,0,Low Risk - Low Activity
99675507,0.0,1,0,0.0,0.0,1.0,0.0,Low,0,Low Risk - Low Activity
99684251,0.0,1,0,0.0,0.0,1.0,0.0,Low,0,Low Risk - Low Activity
99685093,0.0,1,0,0.0,1.0,0.0,0.0,Low,0,Low Risk - Low Activity
99686067,0.0,1,0,0.0,1.0,0.0,0.0,Low,0,Low Risk - Low Activity
99692652,0.0,1,0,0.0,0.0,1.0,0.0,Low,0,Low Risk - Low Activity
99702184,0.0,1,0,0.0,0.0,1.0,0.0,Low,0,Low Risk - Low Activity
99703593,0.0,1,0,0.0,1.0,0.0,0.0,Low,0,Low Risk - Low Activity
99711557,0.0,1,0,0.0,1.0,0.0,0.0,Low,0,Low Risk - Low Activity
99716336,0.0,1,0,0.0,1.0,0.0,0.0,Low,0,Low Risk - Low Activity
99732756,0.0,1,0,0.0,1.0,0.0,0.0,Low,0,Low Risk - Low Activity
99736520,0.0,1,0,0.0,0.0,1.0,0.0,Low,0,Low Risk - Low Activity
99741143,0.0,1,0,0.0,1.0,0.0,0.0,Low,0,Low Risk - Low Activity
99747467,0.0,1,0,0.0,1.0,0.0,0.0,Low,0,Low Risk - Low Activity
99752643,0.0,1,0,0.0,0.0,1.0,0.0,Low,0,Low Risk - Low Activity
99785413,0.0,1,0,0.0,1.0,0.0,0.0,Low,0,Low Risk - Low Activity
99793049,0.0,1,0,0.0,0.0,1.0,0.0,Low,0,Low Risk - Low Activity
99810033,0.0,1,0,0.0,0.0,1.0,0.0,Low,0,Low Risk - Low Activity
99811338,0.0,1,0,0.0,1.0,0.0,0.0,Low,0,Low Risk - Low Activity
99825533,0.0,1,0,0.0,1.0,0.0,0.0,Low,0,Low Risk - Low Activity
99831816,0.0,1,0,0.0,1.0,0.0,0.0,Low,0,Low Risk - Low Activity
99839252,0.0,1,0,0.0,0.0,1.0,0.0,Low,0,Low Risk - Low Activity
99848947,0.0,1,0,0.0,1.0,0.0,0.0,Low,0,Low Risk - Low Activity
99872143,0.0,1,0,0.0,1.0,0.0,0.0,Low,0,Low Risk - Low Activity
99889879,0.0,1,0,0.0,0.0,1.0,0.0,Low,0,Low Risk - Low Activity
99927815,0.0,1,0,0.0,1.0,0.0,0.0,Low,0,Low Risk - Low Activity
99932941,0.0,1,0,0.0,0.0,1.0,0.0,Low,0,Low Risk - Low Activity
99948855,0.0,1,0,0.0,0.0,1.0,0.0,Low,0,Low Risk - Low Activity
99952062,0.0,1,0,0.0,1.0,0.0,0.0,Low,0,Low Risk - Low Activity
99956049,0.0,1,0,0.0,1.0,0.0,0.0,Low,0,Low Risk - Low Activity
99973746,0.0,1,0,0.0,0.0,1.0,0.0,Low,0,Low Risk - Low Activity
99994695,0.0,1,0,0.0,0.0,1.0,0.0,Low,0,Low Risk - Low Activity
