2026-02-12 11:49:42,735 - __main__ - INFO - ============================================================
2026-02-12 11:49:42,736 - __main__ - INFO - Neo4j Graph Builder
2026-02-12 11:49:42,736 - __main__ - INFO - ============================================================
2026-02-12 11:49:42,737 - __main__ - INFO - Using latest asset nodes file: extracted_data\asset_nodes_20260212_110413.json
2026-02-12 11:49:42,738 - __main__ - INFO - 
Initializing graph builder...
2026-02-12 11:49:42,742 - graph_builder.neo4j_connection - INFO - Loaded Neo4j configuration from neo4j_config.yaml
2026-02-12 11:49:44,837 - graph_builder.neo4j_connection - ERROR - Neo4j connection test failed: {code: Neo.ClientError.Security.Unauthorized} {message: The client is unauthorized due to authentication failure.}
2026-02-12 11:49:44,838 - graph_builder.neo4j_connection - ERROR - Failed to connect to Neo4j: {code: Neo.ClientError.Security.Unauthorized} {message: The client is unauthorized due to authentication failure.}
2026-02-12 11:49:44,838 - __main__ - ERROR - Error during graph building: {code: Neo.ClientError.Security.Unauthorized} {message: The client is unauthorized due to authentication failure.}
Traceback (most recent call last):
  File "C:\Users\sgade\OneDrive\Desktop\orbit_node\build_graph.py", line 60, in main
    builder = GraphBuilder(
        neo4j_config_path="neo4j_config.yaml",
        graph_config_path="graph_config.yaml"
    )
  File "C:\Users\sgade\OneDrive\Desktop\orbit_node\graph_builder\graph_builder.py", line 27, in __init__
    self.neo4j_conn = Neo4jConnection(neo4j_config_path)
                      ~~~~~~~~~~~~~~~^^^^^^^^^^^^^^^^^^^
  File "C:\Users\sgade\OneDrive\Desktop\orbit_node\graph_builder\neo4j_connection.py", line 21, in __init__
    self._connect()
    ~~~~~~~~~~~~~^^
  File "C:\Users\sgade\OneDrive\Desktop\orbit_node\graph_builder\neo4j_connection.py", line 70, in _connect
    self.test_connection()
    ~~~~~~~~~~~~~~~~~~~~^^
  File "C:\Users\sgade\OneDrive\Desktop\orbit_node\graph_builder\neo4j_connection.py", line 81, in test_connection
    result = session.run("RETURN 1 as test")
  File "C:\Users\sgade\anaconda3\Lib\site-packages\neo4j\_sync\work\session.py", line 302, in run
    self._connect(self._config.default_access_mode)
    ~~~~~~~~~~~~~^^^^^^^^^^^^^^^^^^^^^^^^^^^^^^^^^^
  File "C:\Users\sgade\anaconda3\Lib\site-packages\neo4j\_sync\work\session.py", line 130, in _connect
    super()._connect(
    ~~~~~~~~~~~~~~~~^
        access_mode, auth=self._config.auth, **acquire_kwargs
        ^^^^^^^^^^^^^^^^^^^^^^^^^^^^^^^^^^^^^^^^^^^^^^^^^^^^^
    )
    ^
  File "C:\Users\sgade\anaconda3\Lib\site-packages\neo4j\_sync\work\workspace.py", line 178, in _connect
    self._connection = self._pool.acquire(**acquire_kwargs_)
                       ~~~~~~~~~~~~~~~~~~^^^^^^^^^^^^^^^^^^^
  File "C:\Users\sgade\anaconda3\Lib\site-packages\neo4j\_sync\io\_pool.py", line 526, in acquire
    return self._acquire(
           ~~~~~~~~~~~~~^
        self.address, auth, deadline, liveness_check_timeout
        ^^^^^^^^^^^^^^^^^^^^^^^^^^^^^^^^^^^^^^^^^^^^^^^^^^^^
    )
    ^
  File "C:\Users\sgade\anaconda3\Lib\site-packages\neo4j\_sync\io\_pool.py", line 313, in _acquire
    return connection_creator()
  File "C:\Users\sgade\anaconda3\Lib\site-packages\neo4j\_sync\io\_pool.py", line 165, in connection_creator
    connection = self.opener(
        address, auth or self.pool_config.auth, deadline
    )
  File "C:\Users\sgade\anaconda3\Lib\site-packages\neo4j\_sync\io\_pool.py", line 500, in opener
    return Bolt.open(
           ~~~~~~~~~^
        addr, auth_manager=auth_manager, deadline=deadline,
        ^^^^^^^^^^^^^^^^^^^^^^^^^^^^^^^^^^^^^^^^^^^^^^^^^^^
        routing_context=None, pool_config=pool_config
        ^^^^^^^^^^^^^^^^^^^^^^^^^^^^^^^^^^^^^^^^^^^^^
    )
    ^
  File "C:\Users\sgade\anaconda3\Lib\site-packages\neo4j\_sync\io\_bolt.py", line 487, in open
    connection.hello()
    ~~~~~~~~~~~~~~~~^^
  File "C:\Users\sgade\anaconda3\Lib\site-packages\neo4j\_sync\io\_bolt5.py", line 579, in hello
    self.fetch_all()
    ~~~~~~~~~~~~~~^^
  File "C:\Users\sgade\anaconda3\Lib\site-packages\neo4j\_sync\io\_bolt.py", line 863, in fetch_all
    detail_delta, summary_delta = self.fetch_message()
                                  ~~~~~~~~~~~~~~~~~~^^
  File "C:\Users\sgade\anaconda3\Lib\site-packages\neo4j\_sync\io\_bolt.py", line 849, in fetch_message
    res = self._process_message(tag, fields)
  File "C:\Users\sgade\anaconda3\Lib\site-packages\neo4j\_sync\io\_bolt5.py", line 374, in _process_message
    response.on_failure(summary_metadata or {})
    ~~~~~~~~~~~~~~~~~~~^^^^^^^^^^^^^^^^^^^^^^^^
  File "C:\Users\sgade\anaconda3\Lib\site-packages\neo4j\_sync\io\_common.py", line 281, in on_failure
    raise Neo4jError.hydrate(**metadata)
neo4j.exceptions.AuthError: {code: Neo.ClientError.Security.Unauthorized} {message: The client is unauthorized due to authentication failure.}
2026-02-12 12:12:39,956 - __main__ - INFO - ============================================================
2026-02-12 12:12:39,958 - __main__ - INFO - Neo4j Graph Builder
2026-02-12 12:12:39,958 - __main__ - INFO - ============================================================
2026-02-12 12:12:39,960 - __main__ - INFO - Using latest asset nodes file: extracted_data\asset_nodes_20260212_110413.json
2026-02-12 12:12:39,960 - __main__ - INFO - 
Initializing graph builder...
2026-02-12 12:12:39,963 - graph_builder.neo4j_connection - INFO - Loaded Neo4j configuration from neo4j_config.yaml
2026-02-12 12:12:39,964 - graph_builder.neo4j_connection - INFO - Connecting to Neo4j at bolt://localhost:7687 with username: neo4j
2026-02-12 12:12:42,061 - graph_builder.neo4j_connection - ERROR - Neo4j authentication failed. Please verify:
2026-02-12 12:12:42,062 - graph_builder.neo4j_connection - ERROR -   1. Neo4j server is running
2026-02-12 12:12:42,062 - graph_builder.neo4j_connection - ERROR -   2. Username and password in neo4j_config.yaml are correct
2026-02-12 12:12:42,063 - graph_builder.neo4j_connection - ERROR -   3. The password matches your Neo4j instance
2026-02-12 12:12:42,063 - graph_builder.neo4j_connection - ERROR -   4. If this is a fresh install, you may need to change the default password
2026-02-12 12:12:42,064 - graph_builder.neo4j_connection - ERROR - Authentication failed. Please check:
2026-02-12 12:12:42,064 - graph_builder.neo4j_connection - ERROR -   - Username: neo4j
2026-02-12 12:12:42,064 - graph_builder.neo4j_connection - ERROR -   - Password: SET
2026-02-12 12:12:42,065 - graph_builder.neo4j_connection - ERROR -   - URI: bolt://localhost:7687
2026-02-12 12:12:42,065 - graph_builder.neo4j_connection - ERROR -   - Database: neo4j
2026-02-12 12:12:42,065 - graph_builder.neo4j_connection - ERROR - Make sure Neo4j is running and credentials are correct.
2026-02-12 12:12:42,065 - __main__ - ERROR - Error during graph building: {code: Neo.ClientError.Security.Unauthorized} {message: The client is unauthorized due to authentication failure.}
Traceback (most recent call last):
  File "C:\Users\sgade\OneDrive\Desktop\orbit_node\build_graph.py", line 60, in main
    builder = GraphBuilder(
        neo4j_config_path="neo4j_config.yaml",
        graph_config_path="graph_config.yaml"
    )
  File "C:\Users\sgade\OneDrive\Desktop\orbit_node\graph_builder\graph_builder.py", line 27, in __init__
    self.neo4j_conn = Neo4jConnection(neo4j_config_path)
                      ~~~~~~~~~~~~~~~^^^^^^^^^^^^^^^^^^^
  File "C:\Users\sgade\OneDrive\Desktop\orbit_node\graph_builder\neo4j_connection.py", line 21, in __init__
    self._connect()
    ~~~~~~~~~~~~~^^
  File "C:\Users\sgade\OneDrive\Desktop\orbit_node\graph_builder\neo4j_connection.py", line 81, in _connect
    self.test_connection()
    ~~~~~~~~~~~~~~~~~~~~^^
  File "C:\Users\sgade\OneDrive\Desktop\orbit_node\graph_builder\neo4j_connection.py", line 104, in test_connection
    result = session.run("RETURN 1 as test")
  File "C:\Users\sgade\anaconda3\Lib\site-packages\neo4j\_sync\work\session.py", line 302, in run
    self._connect(self._config.default_access_mode)
    ~~~~~~~~~~~~~^^^^^^^^^^^^^^^^^^^^^^^^^^^^^^^^^^
  File "C:\Users\sgade\anaconda3\Lib\site-packages\neo4j\_sync\work\session.py", line 130, in _connect
    super()._connect(
    ~~~~~~~~~~~~~~~~^
        access_mode, auth=self._config.auth, **acquire_kwargs
        ^^^^^^^^^^^^^^^^^^^^^^^^^^^^^^^^^^^^^^^^^^^^^^^^^^^^^
    )
    ^
  File "C:\Users\sgade\anaconda3\Lib\site-packages\neo4j\_sync\work\workspace.py", line 178, in _connect
    self._connection = self._pool.acquire(**acquire_kwargs_)
                       ~~~~~~~~~~~~~~~~~~^^^^^^^^^^^^^^^^^^^
  File "C:\Users\sgade\anaconda3\Lib\site-packages\neo4j\_sync\io\_pool.py", line 526, in acquire
    return self._acquire(
           ~~~~~~~~~~~~~^
        self.address, auth, deadline, liveness_check_timeout
        ^^^^^^^^^^^^^^^^^^^^^^^^^^^^^^^^^^^^^^^^^^^^^^^^^^^^
    )
    ^
  File "C:\Users\sgade\anaconda3\Lib\site-packages\neo4j\_sync\io\_pool.py", line 313, in _acquire
    return connection_creator()
  File "C:\Users\sgade\anaconda3\Lib\site-packages\neo4j\_sync\io\_pool.py", line 165, in connection_creator
    connection = self.opener(
        address, auth or self.pool_config.auth, deadline
    )
  File "C:\Users\sgade\anaconda3\Lib\site-packages\neo4j\_sync\io\_pool.py", line 500, in opener
    return Bolt.open(
           ~~~~~~~~~^
        addr, auth_manager=auth_manager, deadline=deadline,
        ^^^^^^^^^^^^^^^^^^^^^^^^^^^^^^^^^^^^^^^^^^^^^^^^^^^
        routing_context=None, pool_config=pool_config
        ^^^^^^^^^^^^^^^^^^^^^^^^^^^^^^^^^^^^^^^^^^^^^
    )
    ^
  File "C:\Users\sgade\anaconda3\Lib\site-packages\neo4j\_sync\io\_bolt.py", line 487, in open
    connection.hello()
    ~~~~~~~~~~~~~~~~^^
  File "C:\Users\sgade\anaconda3\Lib\site-packages\neo4j\_sync\io\_bolt5.py", line 579, in hello
    self.fetch_all()
    ~~~~~~~~~~~~~~^^
  File "C:\Users\sgade\anaconda3\Lib\site-packages\neo4j\_sync\io\_bolt.py", line 863, in fetch_all
    detail_delta, summary_delta = self.fetch_message()
                                  ~~~~~~~~~~~~~~~~~~^^
  File "C:\Users\sgade\anaconda3\Lib\site-packages\neo4j\_sync\io\_bolt.py", line 849, in fetch_message
    res = self._process_message(tag, fields)
  File "C:\Users\sgade\anaconda3\Lib\site-packages\neo4j\_sync\io\_bolt5.py", line 374, in _process_message
    response.on_failure(summary_metadata or {})
    ~~~~~~~~~~~~~~~~~~~^^^^^^^^^^^^^^^^^^^^^^^^
  File "C:\Users\sgade\anaconda3\Lib\site-packages\neo4j\_sync\io\_common.py", line 281, in on_failure
    raise Neo4jError.hydrate(**metadata)
neo4j.exceptions.AuthError: {code: Neo.ClientError.Security.Unauthorized} {message: The client is unauthorized due to authentication failure.}
2026-02-12 12:18:53,022 - __main__ - INFO - ============================================================
2026-02-12 12:18:53,022 - __main__ - INFO - Neo4j Graph Builder
2026-02-12 12:18:53,023 - __main__ - INFO - ============================================================
2026-02-12 12:18:53,024 - __main__ - INFO - Using latest asset nodes file: extracted_data\asset_nodes_20260212_110413.json
2026-02-12 12:18:53,024 - __main__ - INFO - 
Initializing graph builder...
2026-02-12 12:18:53,028 - graph_builder.neo4j_connection - INFO - Loaded Neo4j configuration from neo4j_config.yaml
2026-02-12 12:18:53,029 - graph_builder.neo4j_connection - INFO - Connecting to Neo4j at bolt://localhost:7687 with username: neo4j
2026-02-12 12:18:55,065 - graph_builder.neo4j_connection - ERROR - Neo4j authentication failed. Please verify:
2026-02-12 12:18:55,065 - graph_builder.neo4j_connection - ERROR -   1. Neo4j server is running
2026-02-12 12:18:55,066 - graph_builder.neo4j_connection - ERROR -   2. Username and password in neo4j_config.yaml are correct
2026-02-12 12:18:55,067 - graph_builder.neo4j_connection - ERROR -   3. The password matches your Neo4j instance
2026-02-12 12:18:55,067 - graph_builder.neo4j_connection - ERROR -   4. If this is a fresh install, you may need to change the default password
2026-02-12 12:18:55,068 - graph_builder.neo4j_connection - ERROR - Authentication failed. Please check:
2026-02-12 12:18:55,068 - graph_builder.neo4j_connection - ERROR -   - Username: neo4j
2026-02-12 12:18:55,068 - graph_builder.neo4j_connection - ERROR -   - Password: SET
2026-02-12 12:18:55,068 - graph_builder.neo4j_connection - ERROR -   - URI: bolt://localhost:7687
2026-02-12 12:18:55,069 - graph_builder.neo4j_connection - ERROR -   - Database: neo4j
2026-02-12 12:18:55,069 - graph_builder.neo4j_connection - ERROR - Make sure Neo4j is running and credentials are correct.
2026-02-12 12:18:55,070 - __main__ - ERROR - Error during graph building: {code: Neo.ClientError.Security.Unauthorized} {message: The client is unauthorized due to authentication failure.}
Traceback (most recent call last):
  File "C:\Users\sgade\OneDrive\Desktop\orbit_node\build_graph.py", line 60, in main
    builder = GraphBuilder(
        neo4j_config_path="neo4j_config.yaml",
        graph_config_path="graph_config.yaml"
    )
  File "C:\Users\sgade\OneDrive\Desktop\orbit_node\graph_builder\graph_builder.py", line 27, in __init__
    self.neo4j_conn = Neo4jConnection(neo4j_config_path)
                      ~~~~~~~~~~~~~~~^^^^^^^^^^^^^^^^^^^
  File "C:\Users\sgade\OneDrive\Desktop\orbit_node\graph_builder\neo4j_connection.py", line 21, in __init__
    self._connect()
    ~~~~~~~~~~~~~^^
  File "C:\Users\sgade\OneDrive\Desktop\orbit_node\graph_builder\neo4j_connection.py", line 92, in _connect
    self.test_connection()
    ~~~~~~~~~~~~~~~~~~~~^^
  File "C:\Users\sgade\OneDrive\Desktop\orbit_node\graph_builder\neo4j_connection.py", line 115, in test_connection
    result = session.run("RETURN 1 as test")
  File "C:\Users\sgade\anaconda3\Lib\site-packages\neo4j\_sync\work\session.py", line 302, in run
    self._connect(self._config.default_access_mode)
    ~~~~~~~~~~~~~^^^^^^^^^^^^^^^^^^^^^^^^^^^^^^^^^^
  File "C:\Users\sgade\anaconda3\Lib\site-packages\neo4j\_sync\work\session.py", line 130, in _connect
    super()._connect(
    ~~~~~~~~~~~~~~~~^
        access_mode, auth=self._config.auth, **acquire_kwargs
        ^^^^^^^^^^^^^^^^^^^^^^^^^^^^^^^^^^^^^^^^^^^^^^^^^^^^^
    )
    ^
  File "C:\Users\sgade\anaconda3\Lib\site-packages\neo4j\_sync\work\workspace.py", line 178, in _connect
    self._connection = self._pool.acquire(**acquire_kwargs_)
                       ~~~~~~~~~~~~~~~~~~^^^^^^^^^^^^^^^^^^^
  File "C:\Users\sgade\anaconda3\Lib\site-packages\neo4j\_sync\io\_pool.py", line 526, in acquire
    return self._acquire(
           ~~~~~~~~~~~~~^
        self.address, auth, deadline, liveness_check_timeout
        ^^^^^^^^^^^^^^^^^^^^^^^^^^^^^^^^^^^^^^^^^^^^^^^^^^^^
    )
    ^
  File "C:\Users\sgade\anaconda3\Lib\site-packages\neo4j\_sync\io\_pool.py", line 313, in _acquire
    return connection_creator()
  File "C:\Users\sgade\anaconda3\Lib\site-packages\neo4j\_sync\io\_pool.py", line 165, in connection_creator
    connection = self.opener(
        address, auth or self.pool_config.auth, deadline
    )
  File "C:\Users\sgade\anaconda3\Lib\site-packages\neo4j\_sync\io\_pool.py", line 500, in opener
    return Bolt.open(
           ~~~~~~~~~^
        addr, auth_manager=auth_manager, deadline=deadline,
        ^^^^^^^^^^^^^^^^^^^^^^^^^^^^^^^^^^^^^^^^^^^^^^^^^^^
        routing_context=None, pool_config=pool_config
        ^^^^^^^^^^^^^^^^^^^^^^^^^^^^^^^^^^^^^^^^^^^^^
    )
    ^
  File "C:\Users\sgade\anaconda3\Lib\site-packages\neo4j\_sync\io\_bolt.py", line 487, in open
    connection.hello()
    ~~~~~~~~~~~~~~~~^^
  File "C:\Users\sgade\anaconda3\Lib\site-packages\neo4j\_sync\io\_bolt5.py", line 579, in hello
    self.fetch_all()
    ~~~~~~~~~~~~~~^^
  File "C:\Users\sgade\anaconda3\Lib\site-packages\neo4j\_sync\io\_bolt.py", line 863, in fetch_all
    detail_delta, summary_delta = self.fetch_message()
                                  ~~~~~~~~~~~~~~~~~~^^
  File "C:\Users\sgade\anaconda3\Lib\site-packages\neo4j\_sync\io\_bolt.py", line 849, in fetch_message
    res = self._process_message(tag, fields)
  File "C:\Users\sgade\anaconda3\Lib\site-packages\neo4j\_sync\io\_bolt5.py", line 374, in _process_message
    response.on_failure(summary_metadata or {})
    ~~~~~~~~~~~~~~~~~~~^^^^^^^^^^^^^^^^^^^^^^^^
  File "C:\Users\sgade\anaconda3\Lib\site-packages\neo4j\_sync\io\_common.py", line 281, in on_failure
    raise Neo4jError.hydrate(**metadata)
neo4j.exceptions.AuthError: {code: Neo.ClientError.Security.Unauthorized} {message: The client is unauthorized due to authentication failure.}
2026-02-12 12:20:29,165 - __main__ - INFO - ============================================================
2026-02-12 12:20:29,166 - __main__ - INFO - Neo4j Graph Builder
2026-02-12 12:20:29,167 - __main__ - INFO - ============================================================
2026-02-12 12:20:29,168 - __main__ - INFO - Using latest asset nodes file: extracted_data\asset_nodes_20260212_110413.json
2026-02-12 12:20:29,168 - __main__ - INFO - 
Initializing graph builder...
2026-02-12 12:20:29,172 - graph_builder.neo4j_connection - INFO - Loaded Neo4j configuration from neo4j_config.yaml
2026-02-12 12:20:29,172 - graph_builder.neo4j_connection - INFO - Connecting to Neo4j at bolt://localhost:7687 with username: neo4j
2026-02-12 12:20:31,259 - graph_builder.neo4j_connection - INFO - Neo4j connection test successful
2026-02-12 12:20:31,260 - graph_builder.neo4j_connection - INFO - Successfully connected to Neo4j at bolt://localhost:7687
2026-02-12 12:20:31,270 - graph_builder.constraints_manager - INFO - Loaded graph configuration from graph_config.yaml
2026-02-12 12:20:31,271 - __main__ - INFO - 
Building graph...
2026-02-12 12:20:31,271 - graph_builder.graph_builder - INFO - ============================================================
2026-02-12 12:20:31,271 - graph_builder.graph_builder - INFO - Starting Graph Building Process
2026-02-12 12:20:31,272 - graph_builder.graph_builder - INFO - ============================================================
2026-02-12 12:20:31,272 - graph_builder.graph_builder - INFO - 
Step 1: Setting up constraints...
2026-02-12 12:20:31,272 - graph_builder.graph_builder - INFO - ============================================================
2026-02-12 12:20:31,273 - graph_builder.graph_builder - INFO - Setting up Neo4j constraints and indexes
2026-02-12 12:20:31,273 - graph_builder.graph_builder - INFO - ============================================================
2026-02-12 12:20:31,273 - graph_builder.constraints_manager - INFO - Creating constraints for node type: asset
2026-02-12 12:20:31,371 - graph_builder.constraints_manager - ERROR - Failed to create UNIQUE constraint 'unique_asset_id': {code: Neo.ClientError.Statement.SyntaxError} {message: Invalid input 'IS': expected '.' (line 4, column 30 (offset: 116))
"            REQUIRE asset_id IS UNIQUE"
                              ^}
2026-02-12 12:20:31,372 - graph_builder.graph_builder - INFO - asset: 0/1 constraints created successfully
2026-02-12 12:20:31,372 - graph_builder.graph_builder - INFO - 
Step 2: Inserting nodes...
2026-02-12 12:20:31,373 - graph_builder.graph_builder - INFO - ============================================================
2026-02-12 12:20:31,373 - graph_builder.graph_builder - INFO - Inserting Asset nodes into Neo4j
2026-02-12 12:20:31,374 - graph_builder.graph_builder - INFO - ============================================================
2026-02-12 12:20:31,374 - graph_builder.node_inserter - INFO - Loading nodes from: extracted_data\asset_nodes_20260212_110413.json
2026-02-12 12:20:31,375 - graph_builder.node_inserter - INFO - Loaded 5 nodes from JSON file
2026-02-12 12:20:31,470 - graph_builder.graph_builder - INFO - Existing Asset nodes in database: 0
2026-02-12 12:20:31,471 - graph_builder.node_inserter - INFO - Inserting 5 Asset nodes in batches of 100
2026-02-12 12:20:31,471 - graph_builder.node_inserter - INFO - Processing batch 1/1 (5 nodes)
2026-02-12 12:20:31,948 - graph_builder.node_inserter - ERROR - Failed to insert Asset node: {code: Neo.ClientError.Statement.ParameterMissing} {message: Expected parameter(s): merge_value}
2026-02-12 12:20:32,082 - graph_builder.node_inserter - ERROR - Failed to insert Asset node: {code: Neo.ClientError.Statement.ParameterMissing} {message: Expected parameter(s): merge_value}
2026-02-12 12:20:32,183 - graph_builder.node_inserter - ERROR - Failed to insert Asset node: {code: Neo.ClientError.Statement.ParameterMissing} {message: Expected parameter(s): merge_value}
2026-02-12 12:20:32,287 - graph_builder.node_inserter - ERROR - Failed to insert Asset node: {code: Neo.ClientError.Statement.ParameterMissing} {message: Expected parameter(s): merge_value}
2026-02-12 12:20:32,402 - graph_builder.node_inserter - ERROR - Failed to insert Asset node: {code: Neo.ClientError.Statement.ParameterMissing} {message: Expected parameter(s): merge_value}
2026-02-12 12:20:32,402 - graph_builder.node_inserter - INFO - Batch insertion complete: 0 succeeded, 5 failed
2026-02-12 12:20:32,412 - graph_builder.graph_builder - INFO - Total Asset nodes in database after insertion: 0
2026-02-12 12:20:32,412 - graph_builder.graph_builder - INFO - 
============================================================
2026-02-12 12:20:32,412 - graph_builder.graph_builder - INFO - Graph Building Completed Successfully!
2026-02-12 12:20:32,413 - graph_builder.graph_builder - INFO - ============================================================
2026-02-12 12:20:32,415 - graph_builder.neo4j_connection - INFO - Neo4j connection closed
2026-02-12 12:20:32,416 - __main__ - INFO - Graph building process completed successfully
2026-02-12 12:21:46,508 - __main__ - INFO - ============================================================
2026-02-12 12:21:46,508 - __main__ - INFO - Neo4j Graph Builder
2026-02-12 12:21:46,508 - __main__ - INFO - ============================================================
2026-02-12 12:21:46,509 - __main__ - INFO - Using latest asset nodes file: extracted_data\asset_nodes_20260212_110413.json
2026-02-12 12:21:46,509 - __main__ - INFO - 
Initializing graph builder...
2026-02-12 12:21:46,513 - graph_builder.neo4j_connection - INFO - Loaded Neo4j configuration from neo4j_config.yaml
2026-02-12 12:21:46,513 - graph_builder.neo4j_connection - INFO - Connecting to Neo4j at bolt://localhost:7687 with username: neo4j
2026-02-12 12:21:48,625 - graph_builder.neo4j_connection - INFO - Neo4j connection test successful
2026-02-12 12:21:48,625 - graph_builder.neo4j_connection - INFO - Successfully connected to Neo4j at bolt://localhost:7687
2026-02-12 12:21:48,642 - graph_builder.constraints_manager - INFO - Loaded graph configuration from graph_config.yaml
2026-02-12 12:21:48,642 - __main__ - INFO - 
Building graph...
2026-02-12 12:21:48,642 - graph_builder.graph_builder - INFO - ============================================================
2026-02-12 12:21:48,642 - graph_builder.graph_builder - INFO - Starting Graph Building Process
2026-02-12 12:21:48,643 - graph_builder.graph_builder - INFO - ============================================================
2026-02-12 12:21:48,643 - graph_builder.graph_builder - INFO - 
Step 1: Setting up constraints...
2026-02-12 12:21:48,643 - graph_builder.graph_builder - INFO - ============================================================
2026-02-12 12:21:48,643 - graph_builder.graph_builder - INFO - Setting up Neo4j constraints and indexes
2026-02-12 12:21:48,643 - graph_builder.graph_builder - INFO - ============================================================
2026-02-12 12:21:48,643 - graph_builder.constraints_manager - INFO - Creating constraints for node type: asset
2026-02-12 12:21:49,142 - graph_builder.constraints_manager - INFO - Created UNIQUE constraint 'unique_asset_id' on Asset(asset_id)
2026-02-12 12:21:49,142 - graph_builder.graph_builder - INFO - asset: 1/1 constraints created successfully
2026-02-12 12:21:49,142 - graph_builder.graph_builder - INFO - 
Step 2: Inserting nodes...
2026-02-12 12:21:49,142 - graph_builder.graph_builder - INFO - ============================================================
2026-02-12 12:21:49,143 - graph_builder.graph_builder - INFO - Inserting Asset nodes into Neo4j
2026-02-12 12:21:49,143 - graph_builder.graph_builder - INFO - ============================================================
2026-02-12 12:21:49,144 - graph_builder.node_inserter - INFO - Loading nodes from: extracted_data\asset_nodes_20260212_110413.json
2026-02-12 12:21:49,144 - graph_builder.node_inserter - INFO - Loaded 5 nodes from JSON file
2026-02-12 12:21:49,280 - graph_builder.graph_builder - INFO - Existing Asset nodes in database: 0
2026-02-12 12:21:49,281 - graph_builder.node_inserter - INFO - Inserting 5 Asset nodes in batches of 100
2026-02-12 12:21:49,281 - graph_builder.node_inserter - INFO - Processing batch 1/1 (5 nodes)
2026-02-12 12:21:50,272 - graph_builder.node_inserter - INFO - Batch insertion complete: 5 succeeded, 0 failed
2026-02-12 12:21:50,279 - graph_builder.graph_builder - INFO - Total Asset nodes in database after insertion: 5
2026-02-12 12:21:50,280 - graph_builder.graph_builder - INFO - 
============================================================
2026-02-12 12:21:50,280 - graph_builder.graph_builder - INFO - Graph Building Completed Successfully!
2026-02-12 12:21:50,280 - graph_builder.graph_builder - INFO - ============================================================
2026-02-12 12:21:50,280 - graph_builder.neo4j_connection - INFO - Neo4j connection closed
2026-02-12 12:21:50,281 - __main__ - INFO - Graph building process completed successfully
2026-02-12 13:11:30,718 - __main__ - INFO - ============================================================
2026-02-12 13:11:30,718 - __main__ - INFO - Neo4j Graph Builder
2026-02-12 13:11:30,719 - __main__ - INFO - ============================================================
2026-02-12 13:11:30,719 - __main__ - INFO - Using latest asset nodes file: extracted_data\asset_nodes_20260212_110413.json
2026-02-12 13:11:30,720 - __main__ - INFO - Using latest host nodes file: extracted_data\host_nodes_20260212_130327.json
2026-02-12 13:11:30,720 - __main__ - INFO - 
Initializing graph builder...
2026-02-12 13:11:30,723 - graph_builder.neo4j_connection - INFO - Loaded Neo4j configuration from neo4j_config.yaml
2026-02-12 13:11:30,724 - graph_builder.neo4j_connection - INFO - Connecting to Neo4j at bolt://localhost:7687 with username: neo4j
2026-02-12 13:11:32,952 - graph_builder.neo4j_connection - INFO - Neo4j connection test successful
2026-02-12 13:11:32,952 - graph_builder.neo4j_connection - INFO - Successfully connected to Neo4j at bolt://localhost:7687
2026-02-12 13:11:32,975 - graph_builder.constraints_manager - INFO - Loaded graph configuration from graph_config.yaml
2026-02-12 13:11:32,994 - graph_builder.relationship_manager - INFO - Loaded graph configuration from graph_config.yaml
2026-02-12 13:11:32,994 - __main__ - INFO - 
Setting up constraints...
2026-02-12 13:11:32,994 - graph_builder.graph_builder - INFO - ============================================================
2026-02-12 13:11:32,995 - graph_builder.graph_builder - INFO - Setting up Neo4j constraints and indexes
2026-02-12 13:11:32,995 - graph_builder.graph_builder - INFO - ============================================================
2026-02-12 13:11:32,995 - graph_builder.constraints_manager - INFO - Creating constraints for node type: asset
2026-02-12 13:11:33,176 - graph_builder.constraints_manager - INFO - Created UNIQUE constraint 'unique_asset_id' on Asset(asset_id)
2026-02-12 13:11:33,177 - graph_builder.constraints_manager - INFO - Creating constraints for node type: host
2026-02-12 13:11:33,210 - graph_builder.constraints_manager - ERROR - Failed to create UNIQUE constraint 'unique_host_composite': {code: Neo.ClientError.Statement.SyntaxError} {message: Invalid input ',': expected '::' or 'IS' (line 4, column 31 (offset: 122))
"            REQUIRE n.agent_id, n.os_name IS UNIQUE"
                               ^}
2026-02-12 13:11:33,210 - graph_builder.graph_builder - INFO - asset: 1/1 constraints created successfully
2026-02-12 13:11:33,211 - graph_builder.graph_builder - INFO - host: 0/1 constraints created successfully
2026-02-12 13:11:33,212 - __main__ - INFO - 
Inserting asset nodes...
2026-02-12 13:11:33,212 - graph_builder.graph_builder - INFO - ============================================================
2026-02-12 13:11:33,212 - graph_builder.graph_builder - INFO - Inserting ASSET nodes into Neo4j
2026-02-12 13:11:33,212 - graph_builder.graph_builder - INFO - ============================================================
2026-02-12 13:11:33,213 - graph_builder.node_inserter - INFO - Loading nodes from: extracted_data\asset_nodes_20260212_110413.json
2026-02-12 13:11:33,214 - graph_builder.node_inserter - INFO - Loaded 5 nodes from JSON file
2026-02-12 13:11:33,226 - graph_builder.graph_builder - INFO - Existing Asset nodes in database: 5
2026-02-12 13:11:33,227 - graph_builder.node_inserter - INFO - Inserting 5 Asset nodes in batches of 100
2026-02-12 13:11:33,227 - graph_builder.node_inserter - INFO - Processing batch 1/1 (5 nodes)
2026-02-12 13:11:33,553 - graph_builder.node_inserter - INFO - Batch insertion complete: 5 succeeded, 0 failed
2026-02-12 13:11:33,561 - graph_builder.graph_builder - INFO - Total Asset nodes in database after insertion: 5
2026-02-12 13:11:33,561 - __main__ - INFO - 
Inserting host nodes...
2026-02-12 13:11:33,561 - graph_builder.graph_builder - INFO - ============================================================
2026-02-12 13:11:33,562 - graph_builder.graph_builder - INFO - Inserting HOST nodes into Neo4j
2026-02-12 13:11:33,562 - graph_builder.graph_builder - INFO - ============================================================
2026-02-12 13:11:33,562 - graph_builder.node_inserter - INFO - Loading nodes from: extracted_data\host_nodes_20260212_130327.json
2026-02-12 13:11:33,563 - graph_builder.node_inserter - INFO - Loaded 5 nodes from JSON file
2026-02-12 13:11:33,651 - graph_builder.graph_builder - INFO - Existing Host nodes in database: 0
2026-02-12 13:11:33,651 - graph_builder.node_inserter - INFO - Inserting 5 Host nodes in batches of 100
2026-02-12 13:11:33,651 - graph_builder.node_inserter - INFO - Processing batch 1/1 (5 nodes)
2026-02-12 13:11:34,058 - graph_builder.node_inserter - INFO - Batch insertion complete: 5 succeeded, 0 failed
2026-02-12 13:11:34,080 - graph_builder.graph_builder - INFO - Total Host nodes in database after insertion: 5
2026-02-12 13:11:34,080 - __main__ - INFO - 
Creating relationships...
2026-02-12 13:11:34,080 - graph_builder.graph_builder - INFO - ============================================================
2026-02-12 13:11:34,081 - graph_builder.graph_builder - INFO - Creating Relationships
2026-02-12 13:11:34,081 - graph_builder.graph_builder - INFO - ============================================================
2026-02-12 13:11:34,082 - graph_builder.relationship_manager - INFO - Creating relationship 'asset_to_host': Asset-[:IS_HOST]->Host
2026-02-12 13:11:34,510 - graph_builder.relationship_manager - INFO - Created 5 IS_HOST relationships from Asset to Host
2026-02-12 13:11:34,510 - graph_builder.graph_builder - INFO - asset_to_host: 5 relationships created
2026-02-12 13:11:34,511 - graph_builder.neo4j_connection - INFO - Neo4j connection closed
2026-02-12 13:11:34,511 - __main__ - INFO - Graph building process completed successfully
2026-02-12 13:11:59,323 - __main__ - INFO - ============================================================
2026-02-12 13:11:59,323 - __main__ - INFO - Neo4j Graph Builder
2026-02-12 13:11:59,323 - __main__ - INFO - ============================================================
2026-02-12 13:11:59,324 - __main__ - INFO - Using latest asset nodes file: extracted_data\asset_nodes_20260212_110413.json
2026-02-12 13:11:59,325 - __main__ - INFO - Using latest host nodes file: extracted_data\host_nodes_20260212_130327.json
2026-02-12 13:11:59,325 - __main__ - INFO - 
Initializing graph builder...
2026-02-12 13:11:59,328 - graph_builder.neo4j_connection - INFO - Loaded Neo4j configuration from neo4j_config.yaml
2026-02-12 13:11:59,328 - graph_builder.neo4j_connection - INFO - Connecting to Neo4j at bolt://localhost:7687 with username: neo4j
2026-02-12 13:12:01,405 - graph_builder.neo4j_connection - INFO - Neo4j connection test successful
2026-02-12 13:12:01,405 - graph_builder.neo4j_connection - INFO - Successfully connected to Neo4j at bolt://localhost:7687
2026-02-12 13:12:01,430 - graph_builder.constraints_manager - INFO - Loaded graph configuration from graph_config.yaml
2026-02-12 13:12:01,450 - graph_builder.relationship_manager - INFO - Loaded graph configuration from graph_config.yaml
2026-02-12 13:12:01,450 - __main__ - INFO - 
Setting up constraints...
2026-02-12 13:12:01,451 - graph_builder.graph_builder - INFO - ============================================================
2026-02-12 13:12:01,451 - graph_builder.graph_builder - INFO - Setting up Neo4j constraints and indexes
2026-02-12 13:12:01,451 - graph_builder.graph_builder - INFO - ============================================================
2026-02-12 13:12:01,451 - graph_builder.constraints_manager - INFO - Creating constraints for node type: asset
2026-02-12 13:12:01,461 - graph_builder.constraints_manager - INFO - Created UNIQUE constraint 'unique_asset_id' on Asset(asset_id)
2026-02-12 13:12:01,461 - graph_builder.constraints_manager - INFO - Creating constraints for node type: host
2026-02-12 13:12:01,599 - graph_builder.constraints_manager - INFO - Created composite UNIQUE constraint 'unique_host_composite' on Host(agent_id, os_name)
2026-02-12 13:12:01,599 - graph_builder.graph_builder - INFO - asset: 1/1 constraints created successfully
2026-02-12 13:12:01,599 - graph_builder.graph_builder - INFO - host: 1/1 constraints created successfully
2026-02-12 13:12:01,600 - __main__ - INFO - 
Inserting asset nodes...
2026-02-12 13:12:01,600 - graph_builder.graph_builder - INFO - ============================================================
2026-02-12 13:12:01,600 - graph_builder.graph_builder - INFO - Inserting ASSET nodes into Neo4j
2026-02-12 13:12:01,600 - graph_builder.graph_builder - INFO - ============================================================
2026-02-12 13:12:01,600 - graph_builder.node_inserter - INFO - Loading nodes from: extracted_data\asset_nodes_20260212_110413.json
2026-02-12 13:12:01,601 - graph_builder.node_inserter - INFO - Loaded 5 nodes from JSON file
2026-02-12 13:12:01,655 - graph_builder.graph_builder - INFO - Existing Asset nodes in database: 5
2026-02-12 13:12:01,656 - graph_builder.node_inserter - INFO - Inserting 5 Asset nodes in batches of 100
2026-02-12 13:12:01,656 - graph_builder.node_inserter - INFO - Processing batch 1/1 (5 nodes)
2026-02-12 13:12:01,854 - graph_builder.node_inserter - INFO - Batch insertion complete: 5 succeeded, 0 failed
2026-02-12 13:12:01,861 - graph_builder.graph_builder - INFO - Total Asset nodes in database after insertion: 5
2026-02-12 13:12:01,861 - __main__ - INFO - 
Inserting host nodes...
2026-02-12 13:12:01,861 - graph_builder.graph_builder - INFO - ============================================================
2026-02-12 13:12:01,861 - graph_builder.graph_builder - INFO - Inserting HOST nodes into Neo4j
2026-02-12 13:12:01,861 - graph_builder.graph_builder - INFO - ============================================================
2026-02-12 13:12:01,862 - graph_builder.node_inserter - INFO - Loading nodes from: extracted_data\host_nodes_20260212_130327.json
2026-02-12 13:12:01,862 - graph_builder.node_inserter - INFO - Loaded 5 nodes from JSON file
2026-02-12 13:12:01,905 - graph_builder.graph_builder - INFO - Existing Host nodes in database: 5
2026-02-12 13:12:01,905 - graph_builder.node_inserter - INFO - Inserting 5 Host nodes in batches of 100
2026-02-12 13:12:01,906 - graph_builder.node_inserter - INFO - Processing batch 1/1 (5 nodes)
2026-02-12 13:12:02,166 - graph_builder.node_inserter - INFO - Batch insertion complete: 5 succeeded, 0 failed
2026-02-12 13:12:02,175 - graph_builder.graph_builder - INFO - Total Host nodes in database after insertion: 5
2026-02-12 13:12:02,176 - __main__ - INFO - 
Creating relationships...
2026-02-12 13:12:02,176 - graph_builder.graph_builder - INFO - ============================================================
2026-02-12 13:12:02,176 - graph_builder.graph_builder - INFO - Creating Relationships
2026-02-12 13:12:02,176 - graph_builder.graph_builder - INFO - ============================================================
2026-02-12 13:12:02,176 - graph_builder.relationship_manager - INFO - Creating relationship 'asset_to_host': Asset-[:IS_HOST]->Host
2026-02-12 13:12:02,320 - graph_builder.relationship_manager - INFO - Created 5 IS_HOST relationships from Asset to Host
2026-02-12 13:12:02,320 - graph_builder.graph_builder - INFO - asset_to_host: 5 relationships created
2026-02-12 13:12:02,321 - graph_builder.neo4j_connection - INFO - Neo4j connection closed
2026-02-12 13:12:02,322 - __main__ - INFO - Graph building process completed successfully
2026-02-12 14:16:07,431 - __main__ - INFO - ============================================================
2026-02-12 14:16:07,431 - __main__ - INFO - Neo4j Graph Builder
2026-02-12 14:16:07,431 - __main__ - INFO - ============================================================
2026-02-12 14:16:07,432 - __main__ - INFO - Using latest asset nodes file: extracted_data\asset_nodes_20260212_110413.json
2026-02-12 14:16:07,433 - __main__ - INFO - Using latest host nodes file: extracted_data\host_nodes_20260212_130327.json
2026-02-12 14:16:07,434 - __main__ - INFO - Using latest software nodes file: extracted_data\software_nodes_20260212_141540.json
2026-02-12 14:16:07,434 - __main__ - INFO - 
Initializing graph builder...
2026-02-12 14:16:07,437 - graph_builder.neo4j_connection - INFO - Loaded Neo4j configuration from neo4j_config.yaml
2026-02-12 14:16:07,437 - graph_builder.neo4j_connection - INFO - Connecting to Neo4j at bolt://localhost:7687 with username: neo4j
2026-02-12 14:16:09,530 - graph_builder.neo4j_connection - INFO - Neo4j connection test successful
2026-02-12 14:16:09,530 - graph_builder.neo4j_connection - INFO - Successfully connected to Neo4j at bolt://localhost:7687
2026-02-12 14:16:09,564 - graph_builder.constraints_manager - INFO - Loaded graph configuration from graph_config.yaml
2026-02-12 14:16:09,612 - graph_builder.relationship_manager - INFO - Loaded graph configuration from graph_config.yaml
2026-02-12 14:16:09,612 - __main__ - INFO - 
Setting up constraints...
2026-02-12 14:16:09,612 - graph_builder.graph_builder - INFO - ============================================================
2026-02-12 14:16:09,612 - graph_builder.graph_builder - INFO - Setting up Neo4j constraints and indexes
2026-02-12 14:16:09,612 - graph_builder.graph_builder - INFO - ============================================================
2026-02-12 14:16:09,612 - graph_builder.constraints_manager - INFO - Creating constraints for node type: asset
2026-02-12 14:16:09,629 - graph_builder.constraints_manager - INFO - Created UNIQUE constraint 'unique_asset_id' on Asset(asset_id)
2026-02-12 14:16:09,629 - graph_builder.constraints_manager - INFO - Creating constraints for node type: host
2026-02-12 14:16:09,640 - graph_builder.constraints_manager - INFO - Created composite UNIQUE constraint 'unique_host_composite' on Host(agent_id, os_name)
2026-02-12 14:16:09,641 - graph_builder.constraints_manager - INFO - Creating constraints for node type: software
2026-02-12 14:16:09,730 - graph_builder.constraints_manager - INFO - Created composite UNIQUE constraint 'unique_software_composite' on Software(agent_id, name, version)
2026-02-12 14:16:09,730 - graph_builder.graph_builder - INFO - asset: 1/1 constraints created successfully
2026-02-12 14:16:09,731 - graph_builder.graph_builder - INFO - host: 1/1 constraints created successfully
2026-02-12 14:16:09,731 - graph_builder.graph_builder - INFO - software: 1/1 constraints created successfully
2026-02-12 14:16:09,731 - __main__ - INFO - 
Inserting asset nodes...
2026-02-12 14:16:09,731 - graph_builder.graph_builder - INFO - ============================================================
2026-02-12 14:16:09,731 - graph_builder.graph_builder - INFO - Inserting ASSET nodes into Neo4j
2026-02-12 14:16:09,732 - graph_builder.graph_builder - INFO - ============================================================
2026-02-12 14:16:09,732 - graph_builder.node_inserter - INFO - Loading nodes from: extracted_data\asset_nodes_20260212_110413.json
2026-02-12 14:16:09,733 - graph_builder.node_inserter - INFO - Loaded 5 nodes from JSON file
2026-02-12 14:16:09,780 - graph_builder.graph_builder - INFO - Existing Asset nodes in database: 5
2026-02-12 14:16:09,780 - graph_builder.node_inserter - INFO - Inserting 5 Asset nodes in batches of 100
2026-02-12 14:16:09,780 - graph_builder.node_inserter - INFO - Processing batch 1/1 (5 nodes)
2026-02-12 14:16:09,960 - graph_builder.node_inserter - INFO - Batch insertion complete: 5 succeeded, 0 failed
2026-02-12 14:16:09,968 - graph_builder.graph_builder - INFO - Total Asset nodes in database after insertion: 5
2026-02-12 14:16:09,968 - __main__ - INFO - 
Inserting host nodes...
2026-02-12 14:16:09,968 - graph_builder.graph_builder - INFO - ============================================================
2026-02-12 14:16:09,968 - graph_builder.graph_builder - INFO - Inserting HOST nodes into Neo4j
2026-02-12 14:16:09,968 - graph_builder.graph_builder - INFO - ============================================================
2026-02-12 14:16:09,969 - graph_builder.node_inserter - INFO - Loading nodes from: extracted_data\host_nodes_20260212_130327.json
2026-02-12 14:16:09,969 - graph_builder.node_inserter - INFO - Loaded 5 nodes from JSON file
2026-02-12 14:16:10,019 - graph_builder.graph_builder - INFO - Existing Host nodes in database: 5
2026-02-12 14:16:10,019 - graph_builder.node_inserter - INFO - Inserting 5 Host nodes in batches of 100
2026-02-12 14:16:10,019 - graph_builder.node_inserter - INFO - Processing batch 1/1 (5 nodes)
2026-02-12 14:16:10,281 - graph_builder.node_inserter - INFO - Batch insertion complete: 5 succeeded, 0 failed
2026-02-12 14:16:10,288 - graph_builder.graph_builder - INFO - Total Host nodes in database after insertion: 5
2026-02-12 14:16:10,288 - __main__ - INFO - 
Inserting software nodes...
2026-02-12 14:16:10,288 - graph_builder.graph_builder - INFO - ============================================================
2026-02-12 14:16:10,289 - graph_builder.graph_builder - INFO - Inserting SOFTWARE nodes into Neo4j
2026-02-12 14:16:10,289 - graph_builder.graph_builder - INFO - ============================================================
2026-02-12 14:16:10,289 - graph_builder.node_inserter - INFO - Loading nodes from: extracted_data\software_nodes_20260212_141540.json
2026-02-12 14:16:10,296 - graph_builder.node_inserter - INFO - Loaded 726 nodes from JSON file
2026-02-12 14:16:10,368 - graph_builder.graph_builder - INFO - Existing Software nodes in database: 0
2026-02-12 14:16:10,368 - graph_builder.node_inserter - INFO - Inserting 726 Software nodes in batches of 100
2026-02-12 14:16:10,368 - graph_builder.node_inserter - INFO - Processing batch 1/8 (100 nodes)
2026-02-12 14:16:11,986 - graph_builder.node_inserter - INFO - Processing batch 2/8 (100 nodes)
2026-02-12 14:16:13,418 - graph_builder.node_inserter - INFO - Processing batch 3/8 (100 nodes)
2026-02-12 14:16:14,252 - graph_builder.node_inserter - ERROR - Failed to insert Software node: {code: Neo.ClientError.Statement.SemanticError} {message: Cannot merge the following node because of null property value for 'version': (:Software {version: null})}
2026-02-12 14:16:14,521 - graph_builder.node_inserter - INFO - Processing batch 4/8 (100 nodes)
2026-02-12 14:16:15,506 - graph_builder.node_inserter - INFO - Processing batch 5/8 (100 nodes)
2026-02-12 14:16:16,128 - graph_builder.node_inserter - ERROR - Failed to insert Software node: {code: Neo.ClientError.Statement.SemanticError} {message: Cannot merge the following node because of null property value for 'version': (:Software {version: null})}
2026-02-12 14:16:16,497 - graph_builder.node_inserter - INFO - Processing batch 6/8 (100 nodes)
2026-02-12 14:16:16,544 - graph_builder.node_inserter - ERROR - Failed to insert Software node: {code: Neo.ClientError.Statement.SemanticError} {message: Cannot merge the following node because of null property value for 'version': (:Software {version: null})}
2026-02-12 14:16:17,499 - graph_builder.node_inserter - INFO - Processing batch 7/8 (100 nodes)
2026-02-12 14:16:18,404 - graph_builder.node_inserter - INFO - Processing batch 8/8 (26 nodes)
2026-02-12 14:16:18,593 - graph_builder.node_inserter - INFO - Batch insertion complete: 723 succeeded, 3 failed
2026-02-12 14:16:18,597 - graph_builder.graph_builder - INFO - Total Software nodes in database after insertion: 716
2026-02-12 14:16:18,598 - __main__ - INFO - 
Creating relationships...
2026-02-12 14:16:18,598 - graph_builder.graph_builder - INFO - ============================================================
2026-02-12 14:16:18,598 - graph_builder.graph_builder - INFO - Creating Relationships
2026-02-12 14:16:18,598 - graph_builder.graph_builder - INFO - ============================================================
2026-02-12 14:16:18,598 - graph_builder.relationship_manager - INFO - Creating relationship 'asset_to_host': Asset-[:IS_HOST]->Host
2026-02-12 14:16:18,749 - graph_builder.relationship_manager - INFO - Created 5 IS_HOST relationships from Asset to Host
2026-02-12 14:16:18,749 - graph_builder.relationship_manager - INFO - Creating relationship 'host_to_software': Host-[:RUNS]->Software
2026-02-12 14:16:19,197 - graph_builder.relationship_manager - INFO - Created 716 RUNS relationships from Host to Software
2026-02-12 14:16:19,198 - graph_builder.relationship_manager - INFO - Creating relationship 'asset_to_software': Asset-[:RUNS_SOFTWARE]->Software
2026-02-12 14:16:19,473 - graph_builder.relationship_manager - INFO - Created 716 RUNS_SOFTWARE relationships from Asset to Software
2026-02-12 14:16:19,474 - graph_builder.graph_builder - INFO - asset_to_host: 5 relationships created
2026-02-12 14:16:19,474 - graph_builder.graph_builder - INFO - host_to_software: 716 relationships created
2026-02-12 14:16:19,475 - graph_builder.graph_builder - INFO - asset_to_software: 716 relationships created
2026-02-12 14:16:19,476 - graph_builder.neo4j_connection - INFO - Neo4j connection closed
2026-02-12 14:16:19,476 - __main__ - INFO - Graph building process completed successfully
2026-02-12 14:17:44,800 - __main__ - INFO - ============================================================
2026-02-12 14:17:44,800 - __main__ - INFO - Neo4j Graph Builder
2026-02-12 14:17:44,800 - __main__ - INFO - ============================================================
2026-02-12 14:17:44,801 - __main__ - INFO - Using latest asset nodes file: extracted_data\asset_nodes_20260212_110413.json
2026-02-12 14:17:44,803 - __main__ - INFO - Using latest host nodes file: extracted_data\host_nodes_20260212_130327.json
2026-02-12 14:17:44,805 - __main__ - INFO - Using latest software nodes file: extracted_data\software_nodes_20260212_141701.json
2026-02-12 14:17:44,805 - __main__ - INFO - 
Initializing graph builder...
2026-02-12 14:17:44,809 - graph_builder.neo4j_connection - INFO - Loaded Neo4j configuration from neo4j_config.yaml
2026-02-12 14:17:44,810 - graph_builder.neo4j_connection - INFO - Connecting to Neo4j at bolt://localhost:7687 with username: neo4j
2026-02-12 14:17:46,924 - graph_builder.neo4j_connection - INFO - Neo4j connection test successful
2026-02-12 14:17:46,925 - graph_builder.neo4j_connection - INFO - Successfully connected to Neo4j at bolt://localhost:7687
2026-02-12 14:17:46,960 - graph_builder.constraints_manager - INFO - Loaded graph configuration from graph_config.yaml
2026-02-12 14:17:46,998 - graph_builder.relationship_manager - INFO - Loaded graph configuration from graph_config.yaml
2026-02-12 14:17:46,998 - __main__ - INFO - 
Setting up constraints...
2026-02-12 14:17:46,998 - graph_builder.graph_builder - INFO - ============================================================
2026-02-12 14:17:46,999 - graph_builder.graph_builder - INFO - Setting up Neo4j constraints and indexes
2026-02-12 14:17:46,999 - graph_builder.graph_builder - INFO - ============================================================
2026-02-12 14:17:46,999 - graph_builder.constraints_manager - INFO - Creating constraints for node type: asset
2026-02-12 14:17:47,017 - graph_builder.constraints_manager - INFO - Created UNIQUE constraint 'unique_asset_id' on Asset(asset_id)
2026-02-12 14:17:47,017 - graph_builder.constraints_manager - INFO - Creating constraints for node type: host
2026-02-12 14:17:47,031 - graph_builder.constraints_manager - INFO - Created composite UNIQUE constraint 'unique_host_composite' on Host(agent_id, os_name)
2026-02-12 14:17:47,031 - graph_builder.constraints_manager - INFO - Creating constraints for node type: software
2026-02-12 14:17:47,043 - graph_builder.constraints_manager - INFO - Created composite UNIQUE constraint 'unique_software_composite' on Software(agent_id, name, version)
2026-02-12 14:17:47,043 - graph_builder.graph_builder - INFO - asset: 1/1 constraints created successfully
2026-02-12 14:17:47,043 - graph_builder.graph_builder - INFO - host: 1/1 constraints created successfully
2026-02-12 14:17:47,043 - graph_builder.graph_builder - INFO - software: 1/1 constraints created successfully
2026-02-12 14:17:47,043 - __main__ - INFO - 
Inserting asset nodes...
2026-02-12 14:17:47,044 - graph_builder.graph_builder - INFO - ============================================================
2026-02-12 14:17:47,044 - graph_builder.graph_builder - INFO - Inserting ASSET nodes into Neo4j
2026-02-12 14:17:47,044 - graph_builder.graph_builder - INFO - ============================================================
2026-02-12 14:17:47,045 - graph_builder.node_inserter - INFO - Loading nodes from: extracted_data\asset_nodes_20260212_110413.json
2026-02-12 14:17:47,045 - graph_builder.node_inserter - INFO - Loaded 5 nodes from JSON file
2026-02-12 14:17:47,068 - graph_builder.graph_builder - INFO - Existing Asset nodes in database: 5
2026-02-12 14:17:47,069 - graph_builder.node_inserter - INFO - Inserting 5 Asset nodes in batches of 100
2026-02-12 14:17:47,069 - graph_builder.node_inserter - INFO - Processing batch 1/1 (5 nodes)
2026-02-12 14:17:47,189 - graph_builder.node_inserter - INFO - Batch insertion complete: 5 succeeded, 0 failed
2026-02-12 14:17:47,196 - graph_builder.graph_builder - INFO - Total Asset nodes in database after insertion: 5
2026-02-12 14:17:47,196 - __main__ - INFO - 
Inserting host nodes...
2026-02-12 14:17:47,196 - graph_builder.graph_builder - INFO - ============================================================
2026-02-12 14:17:47,196 - graph_builder.graph_builder - INFO - Inserting HOST nodes into Neo4j
2026-02-12 14:17:47,197 - graph_builder.graph_builder - INFO - ============================================================
2026-02-12 14:17:47,197 - graph_builder.node_inserter - INFO - Loading nodes from: extracted_data\host_nodes_20260212_130327.json
2026-02-12 14:17:47,198 - graph_builder.node_inserter - INFO - Loaded 5 nodes from JSON file
2026-02-12 14:17:47,217 - graph_builder.graph_builder - INFO - Existing Host nodes in database: 5
2026-02-12 14:17:47,217 - graph_builder.node_inserter - INFO - Inserting 5 Host nodes in batches of 100
2026-02-12 14:17:47,217 - graph_builder.node_inserter - INFO - Processing batch 1/1 (5 nodes)
2026-02-12 14:17:47,382 - graph_builder.node_inserter - INFO - Batch insertion complete: 5 succeeded, 0 failed
2026-02-12 14:17:47,386 - graph_builder.graph_builder - INFO - Total Host nodes in database after insertion: 5
2026-02-12 14:17:47,386 - __main__ - INFO - 
Inserting software nodes...
2026-02-12 14:17:47,386 - graph_builder.graph_builder - INFO - ============================================================
2026-02-12 14:17:47,387 - graph_builder.graph_builder - INFO - Inserting SOFTWARE nodes into Neo4j
2026-02-12 14:17:47,387 - graph_builder.graph_builder - INFO - ============================================================
2026-02-12 14:17:47,387 - graph_builder.node_inserter - INFO - Loading nodes from: extracted_data\software_nodes_20260212_141701.json
2026-02-12 14:17:47,390 - graph_builder.node_inserter - INFO - Loaded 723 nodes from JSON file
2026-02-12 14:17:47,410 - graph_builder.graph_builder - INFO - Existing Software nodes in database: 716
2026-02-12 14:17:47,411 - graph_builder.node_inserter - INFO - Inserting 723 Software nodes in batches of 100
2026-02-12 14:17:47,411 - graph_builder.node_inserter - INFO - Processing batch 1/8 (100 nodes)
2026-02-12 14:17:48,400 - graph_builder.node_inserter - INFO - Processing batch 2/8 (100 nodes)
2026-02-12 14:17:49,380 - graph_builder.node_inserter - INFO - Processing batch 3/8 (100 nodes)
2026-02-12 14:17:50,117 - graph_builder.node_inserter - INFO - Processing batch 4/8 (100 nodes)
2026-02-12 14:17:50,754 - graph_builder.node_inserter - INFO - Processing batch 5/8 (100 nodes)
2026-02-12 14:17:51,383 - graph_builder.node_inserter - INFO - Processing batch 6/8 (100 nodes)
2026-02-12 14:17:52,142 - graph_builder.node_inserter - INFO - Processing batch 7/8 (100 nodes)
2026-02-12 14:17:52,785 - graph_builder.node_inserter - INFO - Processing batch 8/8 (23 nodes)
2026-02-12 14:17:52,912 - graph_builder.node_inserter - INFO - Batch insertion complete: 723 succeeded, 0 failed
2026-02-12 14:17:52,916 - graph_builder.graph_builder - INFO - Total Software nodes in database after insertion: 716
2026-02-12 14:17:52,916 - __main__ - INFO - 
Creating relationships...
2026-02-12 14:17:52,917 - graph_builder.graph_builder - INFO - ============================================================
2026-02-12 14:17:52,917 - graph_builder.graph_builder - INFO - Creating Relationships
2026-02-12 14:17:52,917 - graph_builder.graph_builder - INFO - ============================================================
2026-02-12 14:17:52,917 - graph_builder.relationship_manager - INFO - Creating relationship 'asset_to_host': Asset-[:IS_HOST]->Host
2026-02-12 14:17:52,925 - graph_builder.relationship_manager - INFO - Created 5 IS_HOST relationships from Asset to Host
2026-02-12 14:17:52,925 - graph_builder.relationship_manager - INFO - Creating relationship 'host_to_software': Host-[:RUNS]->Software
2026-02-12 14:17:52,953 - graph_builder.relationship_manager - INFO - Created 716 RUNS relationships from Host to Software
2026-02-12 14:17:52,954 - graph_builder.relationship_manager - INFO - Creating relationship 'asset_to_software': Asset-[:RUNS_SOFTWARE]->Software
2026-02-12 14:17:52,996 - graph_builder.relationship_manager - INFO - Created 716 RUNS_SOFTWARE relationships from Asset to Software
2026-02-12 14:17:52,997 - graph_builder.graph_builder - INFO - asset_to_host: 5 relationships created
2026-02-12 14:17:52,997 - graph_builder.graph_builder - INFO - host_to_software: 716 relationships created
2026-02-12 14:17:52,997 - graph_builder.graph_builder - INFO - asset_to_software: 716 relationships created
2026-02-12 14:17:52,997 - graph_builder.neo4j_connection - INFO - Neo4j connection closed
2026-02-12 14:17:52,998 - __main__ - INFO - Graph building process completed successfully
2026-02-12 14:46:54,158 - __main__ - INFO - ============================================================
2026-02-12 14:46:54,158 - __main__ - INFO - Neo4j Graph Builder
2026-02-12 14:46:54,159 - __main__ - INFO - ============================================================
2026-02-12 14:46:54,160 - __main__ - INFO - Using latest asset nodes file: extracted_data\asset_nodes_20260212_110413.json
2026-02-12 14:46:54,161 - __main__ - INFO - Using latest host nodes file: extracted_data\host_nodes_20260212_130327.json
2026-02-12 14:46:54,161 - __main__ - INFO - Using latest software nodes file: extracted_data\software_nodes_20260212_141701.json
2026-02-12 14:46:54,162 - __main__ - INFO - Using latest vulnerability nodes file: extracted_data\vulnerability_nodes_20260212_144620.json
2026-02-12 14:46:54,162 - __main__ - INFO - 
Initializing graph builder...
2026-02-12 14:46:54,166 - graph_builder.neo4j_connection - INFO - Loaded Neo4j configuration from neo4j_config.yaml
2026-02-12 14:46:54,166 - graph_builder.neo4j_connection - INFO - Connecting to Neo4j at bolt://localhost:7687 with username: neo4j
2026-02-12 14:46:56,249 - graph_builder.neo4j_connection - INFO - Neo4j connection test successful
2026-02-12 14:46:56,249 - graph_builder.neo4j_connection - INFO - Successfully connected to Neo4j at bolt://localhost:7687
2026-02-12 14:46:56,305 - graph_builder.constraints_manager - INFO - Loaded graph configuration from graph_config.yaml
2026-02-12 14:46:56,354 - graph_builder.relationship_manager - INFO - Loaded graph configuration from graph_config.yaml
2026-02-12 14:46:56,354 - __main__ - INFO - 
Setting up constraints...
2026-02-12 14:46:56,354 - graph_builder.graph_builder - INFO - ============================================================
2026-02-12 14:46:56,354 - graph_builder.graph_builder - INFO - Setting up Neo4j constraints and indexes
2026-02-12 14:46:56,354 - graph_builder.graph_builder - INFO - ============================================================
2026-02-12 14:46:56,354 - graph_builder.constraints_manager - INFO - Creating constraints for node type: asset
2026-02-12 14:46:56,361 - graph_builder.constraints_manager - INFO - Created UNIQUE constraint 'unique_asset_id' on Asset(asset_id)
2026-02-12 14:46:56,362 - graph_builder.constraints_manager - INFO - Creating constraints for node type: host
2026-02-12 14:46:56,369 - graph_builder.constraints_manager - INFO - Created composite UNIQUE constraint 'unique_host_composite' on Host(agent_id, os_name)
2026-02-12 14:46:56,369 - graph_builder.constraints_manager - INFO - Creating constraints for node type: software
2026-02-12 14:46:56,375 - graph_builder.constraints_manager - INFO - Created composite UNIQUE constraint 'unique_software_composite' on Software(agent_id, name, version)
2026-02-12 14:46:56,375 - graph_builder.constraints_manager - INFO - Creating constraints for node type: vulnerability
2026-02-12 14:46:56,448 - graph_builder.constraints_manager - INFO - Created UNIQUE constraint 'unique_cve_id' on Vulnerability(cve_id)
2026-02-12 14:46:56,449 - graph_builder.graph_builder - INFO - asset: 1/1 constraints created successfully
2026-02-12 14:46:56,449 - graph_builder.graph_builder - INFO - host: 1/1 constraints created successfully
2026-02-12 14:46:56,450 - graph_builder.graph_builder - INFO - software: 1/1 constraints created successfully
2026-02-12 14:46:56,450 - graph_builder.graph_builder - INFO - vulnerability: 1/1 constraints created successfully
2026-02-12 14:46:56,450 - __main__ - INFO - 
Inserting asset nodes...
2026-02-12 14:46:56,450 - graph_builder.graph_builder - INFO - ============================================================
2026-02-12 14:46:56,450 - graph_builder.graph_builder - INFO - Inserting ASSET nodes into Neo4j
2026-02-12 14:46:56,450 - graph_builder.graph_builder - INFO - ============================================================
2026-02-12 14:46:56,450 - graph_builder.node_inserter - INFO - Loading nodes from: extracted_data\asset_nodes_20260212_110413.json
2026-02-12 14:46:56,451 - graph_builder.node_inserter - INFO - Loaded 5 nodes from JSON file
2026-02-12 14:46:56,490 - graph_builder.graph_builder - INFO - Existing Asset nodes in database: 5
2026-02-12 14:46:56,490 - graph_builder.node_inserter - INFO - Inserting 5 Asset nodes in batches of 100
2026-02-12 14:46:56,490 - graph_builder.node_inserter - INFO - Processing batch 1/1 (5 nodes)
2026-02-12 14:46:56,632 - graph_builder.node_inserter - INFO - Batch insertion complete: 5 succeeded, 0 failed
2026-02-12 14:46:56,636 - graph_builder.graph_builder - INFO - Total Asset nodes in database after insertion: 5
2026-02-12 14:46:56,636 - __main__ - INFO - 
Inserting host nodes...
2026-02-12 14:46:56,636 - graph_builder.graph_builder - INFO - ============================================================
2026-02-12 14:46:56,636 - graph_builder.graph_builder - INFO - Inserting HOST nodes into Neo4j
2026-02-12 14:46:56,637 - graph_builder.graph_builder - INFO - ============================================================
2026-02-12 14:46:56,637 - graph_builder.node_inserter - INFO - Loading nodes from: extracted_data\host_nodes_20260212_130327.json
2026-02-12 14:46:56,638 - graph_builder.node_inserter - INFO - Loaded 5 nodes from JSON file
2026-02-12 14:46:56,675 - graph_builder.graph_builder - INFO - Existing Host nodes in database: 5
2026-02-12 14:46:56,675 - graph_builder.node_inserter - INFO - Inserting 5 Host nodes in batches of 100
2026-02-12 14:46:56,675 - graph_builder.node_inserter - INFO - Processing batch 1/1 (5 nodes)
2026-02-12 14:46:57,009 - graph_builder.node_inserter - INFO - Batch insertion complete: 5 succeeded, 0 failed
2026-02-12 14:46:57,017 - graph_builder.graph_builder - INFO - Total Host nodes in database after insertion: 5
2026-02-12 14:46:57,017 - __main__ - INFO - 
Inserting software nodes...
2026-02-12 14:46:57,017 - graph_builder.graph_builder - INFO - ============================================================
2026-02-12 14:46:57,017 - graph_builder.graph_builder - INFO - Inserting SOFTWARE nodes into Neo4j
2026-02-12 14:46:57,018 - graph_builder.graph_builder - INFO - ============================================================
2026-02-12 14:46:57,018 - graph_builder.node_inserter - INFO - Loading nodes from: extracted_data\software_nodes_20260212_141701.json
2026-02-12 14:46:57,021 - graph_builder.node_inserter - INFO - Loaded 723 nodes from JSON file
2026-02-12 14:46:57,073 - graph_builder.graph_builder - INFO - Existing Software nodes in database: 716
2026-02-12 14:46:57,074 - graph_builder.node_inserter - INFO - Inserting 723 Software nodes in batches of 100
2026-02-12 14:46:57,074 - graph_builder.node_inserter - INFO - Processing batch 1/8 (100 nodes)
2026-02-12 14:46:57,979 - graph_builder.node_inserter - INFO - Processing batch 2/8 (100 nodes)
2026-02-12 14:46:58,757 - graph_builder.node_inserter - INFO - Processing batch 3/8 (100 nodes)
2026-02-12 14:46:59,380 - graph_builder.node_inserter - INFO - Processing batch 4/8 (100 nodes)
2026-02-12 14:46:59,970 - graph_builder.node_inserter - INFO - Processing batch 5/8 (100 nodes)
2026-02-12 14:47:00,506 - graph_builder.node_inserter - INFO - Processing batch 6/8 (100 nodes)
2026-02-12 14:47:01,064 - graph_builder.node_inserter - INFO - Processing batch 7/8 (100 nodes)
2026-02-12 14:47:01,616 - graph_builder.node_inserter - INFO - Processing batch 8/8 (23 nodes)
2026-02-12 14:47:01,748 - graph_builder.node_inserter - INFO - Batch insertion complete: 723 succeeded, 0 failed
2026-02-12 14:47:01,750 - graph_builder.graph_builder - INFO - Total Software nodes in database after insertion: 716
2026-02-12 14:47:01,751 - __main__ - INFO - 
Inserting vulnerability nodes...
2026-02-12 14:47:01,751 - graph_builder.graph_builder - INFO - ============================================================
2026-02-12 14:47:01,751 - graph_builder.graph_builder - INFO - Inserting VULNERABILITY nodes into Neo4j
2026-02-12 14:47:01,751 - graph_builder.graph_builder - INFO - ============================================================
2026-02-12 14:47:01,751 - graph_builder.node_inserter - INFO - Loading nodes from: extracted_data\vulnerability_nodes_20260212_144620.json
2026-02-12 14:47:01,753 - graph_builder.node_inserter - INFO - Loaded 53 nodes from JSON file
2026-02-12 14:47:01,788 - graph_builder.graph_builder - INFO - Existing Vulnerability nodes in database: 0
2026-02-12 14:47:01,788 - graph_builder.node_inserter - INFO - Inserting 53 Vulnerability nodes in batches of 100
2026-02-12 14:47:01,788 - graph_builder.node_inserter - INFO - Processing batch 1/1 (53 nodes)
2026-02-12 14:47:02,593 - graph_builder.node_inserter - INFO - Batch insertion complete: 53 succeeded, 0 failed
2026-02-12 14:47:02,596 - graph_builder.graph_builder - INFO - Total Vulnerability nodes in database after insertion: 40
2026-02-12 14:47:02,596 - __main__ - INFO - 
Creating relationships...
2026-02-12 14:47:02,596 - graph_builder.graph_builder - INFO - ============================================================
2026-02-12 14:47:02,596 - graph_builder.graph_builder - INFO - Creating Relationships
2026-02-12 14:47:02,597 - graph_builder.graph_builder - INFO - ============================================================
2026-02-12 14:47:02,597 - graph_builder.relationship_manager - INFO - Creating relationship 'asset_to_host': Asset-[:IS_HOST]->Host
2026-02-12 14:47:02,683 - graph_builder.relationship_manager - INFO - Created 5 IS_HOST relationships from Asset to Host
2026-02-12 14:47:02,683 - graph_builder.relationship_manager - INFO - Creating relationship 'host_to_software': Host-[:RUNS]->Software
2026-02-12 14:47:02,760 - graph_builder.relationship_manager - INFO - Created 716 RUNS relationships from Host to Software
2026-02-12 14:47:02,761 - graph_builder.relationship_manager - INFO - Creating relationship 'asset_to_software': Asset-[:RUNS_SOFTWARE]->Software
2026-02-12 14:47:02,855 - graph_builder.relationship_manager - INFO - Created 716 RUNS_SOFTWARE relationships from Asset to Software
2026-02-12 14:47:02,855 - graph_builder.relationship_manager - INFO - Creating relationship 'software_to_vulnerability': Software-[:HAS_VULNERABILITY]->Vulnerability
2026-02-12 14:47:03,009 - graph_builder.relationship_manager - INFO - Created 40 HAS_VULNERABILITY relationships from Software to Vulnerability
2026-02-12 14:47:03,009 - graph_builder.relationship_manager - INFO - Creating relationship 'vulnerability_to_asset': Vulnerability-[:AFFECTS]->Asset
2026-02-12 14:47:03,116 - graph_builder.relationship_manager - INFO - Created 40 AFFECTS relationships from Vulnerability to Asset
2026-02-12 14:47:03,117 - graph_builder.graph_builder - INFO - asset_to_host: 5 relationships created
2026-02-12 14:47:03,117 - graph_builder.graph_builder - INFO - host_to_software: 716 relationships created
2026-02-12 14:47:03,117 - graph_builder.graph_builder - INFO - asset_to_software: 716 relationships created
2026-02-12 14:47:03,117 - graph_builder.graph_builder - INFO - software_to_vulnerability: 40 relationships created
2026-02-12 14:47:03,117 - graph_builder.graph_builder - INFO - vulnerability_to_asset: 40 relationships created
2026-02-12 14:47:03,118 - graph_builder.neo4j_connection - INFO - Neo4j connection closed
2026-02-12 14:47:03,118 - __main__ - INFO - Graph building process completed successfully
2026-02-12 15:12:12,247 - __main__ - INFO - ============================================================
2026-02-12 15:12:12,247 - __main__ - INFO - Neo4j Graph Builder
2026-02-12 15:12:12,248 - __main__ - INFO - ============================================================
2026-02-12 15:12:12,249 - __main__ - INFO - Using latest asset nodes file: extracted_data\asset_nodes_20260212_151155.json
2026-02-12 15:12:12,249 - __main__ - INFO - Using latest host nodes file: extracted_data\host_nodes_20260212_130327.json
2026-02-12 15:12:12,250 - __main__ - INFO - Using latest software nodes file: extracted_data\software_nodes_20260212_141701.json
2026-02-12 15:12:12,251 - __main__ - INFO - Using latest vulnerability nodes file: extracted_data\vulnerability_nodes_20260212_144747.json
2026-02-12 15:12:12,252 - __main__ - INFO - Using latest assetgroup nodes file: extracted_data\assetgroup_nodes_20260212_150847.json
2026-02-12 15:12:12,252 - __main__ - INFO - 
Initializing graph builder...
2026-02-12 15:12:12,257 - graph_builder.neo4j_connection - INFO - Loaded Neo4j configuration from neo4j_config.yaml
2026-02-12 15:12:12,258 - graph_builder.neo4j_connection - INFO - Connecting to Neo4j at bolt://localhost:7687 with username: neo4j
2026-02-12 15:12:14,395 - graph_builder.neo4j_connection - INFO - Neo4j connection test successful
2026-02-12 15:12:14,396 - graph_builder.neo4j_connection - INFO - Successfully connected to Neo4j at bolt://localhost:7687
2026-02-12 15:12:14,468 - graph_builder.constraints_manager - INFO - Loaded graph configuration from graph_config.yaml
2026-02-12 15:12:14,531 - graph_builder.relationship_manager - INFO - Loaded graph configuration from graph_config.yaml
2026-02-12 15:12:14,531 - __main__ - INFO - 
Setting up constraints...
2026-02-12 15:12:14,532 - graph_builder.graph_builder - INFO - ============================================================
2026-02-12 15:12:14,532 - graph_builder.graph_builder - INFO - Setting up Neo4j constraints and indexes
2026-02-12 15:12:14,532 - graph_builder.graph_builder - INFO - ============================================================
2026-02-12 15:12:14,532 - graph_builder.constraints_manager - INFO - Creating constraints for node type: asset
2026-02-12 15:12:14,547 - graph_builder.constraints_manager - INFO - Created UNIQUE constraint 'unique_asset_id' on Asset(asset_id)
2026-02-12 15:12:14,547 - graph_builder.constraints_manager - INFO - Creating constraints for node type: host
2026-02-12 15:12:14,556 - graph_builder.constraints_manager - INFO - Created composite UNIQUE constraint 'unique_host_composite' on Host(agent_id, os_name)
2026-02-12 15:12:14,556 - graph_builder.constraints_manager - INFO - Creating constraints for node type: software
2026-02-12 15:12:14,570 - graph_builder.constraints_manager - INFO - Created composite UNIQUE constraint 'unique_software_composite' on Software(agent_id, name, version)
2026-02-12 15:12:14,570 - graph_builder.constraints_manager - INFO - Creating constraints for node type: vulnerability
2026-02-12 15:12:14,583 - graph_builder.constraints_manager - INFO - Created UNIQUE constraint 'unique_cve_id' on Vulnerability(cve_id)
2026-02-12 15:12:14,583 - graph_builder.constraints_manager - INFO - Creating constraints for node type: assetgroup
2026-02-12 15:12:14,648 - graph_builder.constraints_manager - INFO - Created UNIQUE constraint 'unique_assetgroup_name' on AssetGroup(name)
2026-02-12 15:12:14,648 - graph_builder.graph_builder - INFO - asset: 1/1 constraints created successfully
2026-02-12 15:12:14,649 - graph_builder.graph_builder - INFO - host: 1/1 constraints created successfully
2026-02-12 15:12:14,649 - graph_builder.graph_builder - INFO - software: 1/1 constraints created successfully
2026-02-12 15:12:14,649 - graph_builder.graph_builder - INFO - vulnerability: 1/1 constraints created successfully
2026-02-12 15:12:14,649 - graph_builder.graph_builder - INFO - assetgroup: 1/1 constraints created successfully
2026-02-12 15:12:14,649 - __main__ - INFO - 
Inserting asset nodes...
2026-02-12 15:12:14,649 - graph_builder.graph_builder - INFO - ============================================================
2026-02-12 15:12:14,649 - graph_builder.graph_builder - INFO - Inserting ASSET nodes into Neo4j
2026-02-12 15:12:14,649 - graph_builder.graph_builder - INFO - ============================================================
2026-02-12 15:12:14,650 - graph_builder.node_inserter - INFO - Loading nodes from: extracted_data\asset_nodes_20260212_151155.json
2026-02-12 15:12:14,650 - graph_builder.node_inserter - INFO - Loaded 5 nodes from JSON file
2026-02-12 15:12:14,686 - graph_builder.graph_builder - INFO - Existing Asset nodes in database: 5
2026-02-12 15:12:14,686 - graph_builder.node_inserter - INFO - Inserting 5 Asset nodes in batches of 100
2026-02-12 15:12:14,686 - graph_builder.node_inserter - INFO - Processing batch 1/1 (5 nodes)
2026-02-12 15:12:14,859 - graph_builder.node_inserter - INFO - Batch insertion complete: 5 succeeded, 0 failed
2026-02-12 15:12:14,865 - graph_builder.graph_builder - INFO - Total Asset nodes in database after insertion: 5
2026-02-12 15:12:14,865 - __main__ - INFO - 
Inserting host nodes...
2026-02-12 15:12:14,865 - graph_builder.graph_builder - INFO - ============================================================
2026-02-12 15:12:14,865 - graph_builder.graph_builder - INFO - Inserting HOST nodes into Neo4j
2026-02-12 15:12:14,865 - graph_builder.graph_builder - INFO - ============================================================
2026-02-12 15:12:14,866 - graph_builder.node_inserter - INFO - Loading nodes from: extracted_data\host_nodes_20260212_130327.json
2026-02-12 15:12:14,866 - graph_builder.node_inserter - INFO - Loaded 5 nodes from JSON file
2026-02-12 15:12:14,901 - graph_builder.graph_builder - INFO - Existing Host nodes in database: 5
2026-02-12 15:12:14,901 - graph_builder.node_inserter - INFO - Inserting 5 Host nodes in batches of 100
2026-02-12 15:12:14,901 - graph_builder.node_inserter - INFO - Processing batch 1/1 (5 nodes)
2026-02-12 15:12:15,071 - graph_builder.node_inserter - INFO - Batch insertion complete: 5 succeeded, 0 failed
2026-02-12 15:12:15,076 - graph_builder.graph_builder - INFO - Total Host nodes in database after insertion: 5
2026-02-12 15:12:15,076 - __main__ - INFO - 
Inserting software nodes...
2026-02-12 15:12:15,076 - graph_builder.graph_builder - INFO - ============================================================
2026-02-12 15:12:15,076 - graph_builder.graph_builder - INFO - Inserting SOFTWARE nodes into Neo4j
2026-02-12 15:12:15,076 - graph_builder.graph_builder - INFO - ============================================================
2026-02-12 15:12:15,077 - graph_builder.node_inserter - INFO - Loading nodes from: extracted_data\software_nodes_20260212_141701.json
2026-02-12 15:12:15,081 - graph_builder.node_inserter - INFO - Loaded 723 nodes from JSON file
2026-02-12 15:12:15,117 - graph_builder.graph_builder - INFO - Existing Software nodes in database: 716
2026-02-12 15:12:15,117 - graph_builder.node_inserter - INFO - Inserting 723 Software nodes in batches of 100
2026-02-12 15:12:15,117 - graph_builder.node_inserter - INFO - Processing batch 1/8 (100 nodes)
2026-02-12 15:12:16,058 - graph_builder.node_inserter - INFO - Processing batch 2/8 (100 nodes)
2026-02-12 15:12:16,935 - graph_builder.node_inserter - INFO - Processing batch 3/8 (100 nodes)
2026-02-12 15:12:17,522 - graph_builder.node_inserter - INFO - Processing batch 4/8 (100 nodes)
2026-02-12 15:12:18,090 - graph_builder.node_inserter - INFO - Processing batch 5/8 (100 nodes)
2026-02-12 15:12:18,580 - graph_builder.node_inserter - INFO - Processing batch 6/8 (100 nodes)
2026-02-12 15:12:19,174 - graph_builder.node_inserter - INFO - Processing batch 7/8 (100 nodes)
2026-02-12 15:12:19,651 - graph_builder.node_inserter - INFO - Processing batch 8/8 (23 nodes)
2026-02-12 15:12:19,762 - graph_builder.node_inserter - INFO - Batch insertion complete: 723 succeeded, 0 failed
2026-02-12 15:12:19,766 - graph_builder.graph_builder - INFO - Total Software nodes in database after insertion: 716
2026-02-12 15:12:19,767 - __main__ - INFO - 
Inserting vulnerability nodes...
2026-02-12 15:12:19,767 - graph_builder.graph_builder - INFO - ============================================================
2026-02-12 15:12:19,767 - graph_builder.graph_builder - INFO - Inserting VULNERABILITY nodes into Neo4j
2026-02-12 15:12:19,767 - graph_builder.graph_builder - INFO - ============================================================
2026-02-12 15:12:19,767 - graph_builder.node_inserter - INFO - Loading nodes from: extracted_data\vulnerability_nodes_20260212_144747.json
2026-02-12 15:12:19,769 - graph_builder.node_inserter - INFO - Loaded 53 nodes from JSON file
2026-02-12 15:12:19,796 - graph_builder.graph_builder - INFO - Existing Vulnerability nodes in database: 40
2026-02-12 15:12:19,796 - graph_builder.node_inserter - INFO - Inserting 53 Vulnerability nodes in batches of 100
2026-02-12 15:12:19,796 - graph_builder.node_inserter - INFO - Processing batch 1/1 (53 nodes)
2026-02-12 15:12:20,460 - graph_builder.node_inserter - INFO - Batch insertion complete: 53 succeeded, 0 failed
2026-02-12 15:12:20,462 - graph_builder.graph_builder - INFO - Total Vulnerability nodes in database after insertion: 40
2026-02-12 15:12:20,463 - __main__ - INFO - 
Inserting assetgroup nodes...
2026-02-12 15:12:20,463 - graph_builder.graph_builder - INFO - ============================================================
2026-02-12 15:12:20,463 - graph_builder.graph_builder - INFO - Inserting ASSETGROUP nodes into Neo4j
2026-02-12 15:12:20,463 - graph_builder.graph_builder - INFO - ============================================================
2026-02-12 15:12:20,463 - graph_builder.node_inserter - INFO - Loading nodes from: extracted_data\assetgroup_nodes_20260212_150847.json
2026-02-12 15:12:20,464 - graph_builder.node_inserter - INFO - Loaded 1 nodes from JSON file
2026-02-12 15:12:20,491 - graph_builder.graph_builder - INFO - Existing AssetGroup nodes in database: 0
2026-02-12 15:12:20,492 - graph_builder.node_inserter - INFO - Inserting 1 AssetGroup nodes in batches of 100
2026-02-12 15:12:20,492 - graph_builder.node_inserter - INFO - Processing batch 1/1 (1 nodes)
2026-02-12 15:12:20,539 - graph_builder.node_inserter - INFO - Batch insertion complete: 1 succeeded, 0 failed
2026-02-12 15:12:20,542 - graph_builder.graph_builder - INFO - Total AssetGroup nodes in database after insertion: 1
2026-02-12 15:12:20,542 - __main__ - INFO - 
Creating relationships...
2026-02-12 15:12:20,542 - graph_builder.graph_builder - INFO - ============================================================
2026-02-12 15:12:20,542 - graph_builder.graph_builder - INFO - Creating Relationships
2026-02-12 15:12:20,542 - graph_builder.graph_builder - INFO - ============================================================
2026-02-12 15:12:20,542 - graph_builder.relationship_manager - INFO - Creating relationship 'asset_to_host': Asset-[:IS_HOST]->Host
2026-02-12 15:12:20,611 - graph_builder.relationship_manager - INFO - Created 5 IS_HOST relationships from Asset to Host
2026-02-12 15:12:20,611 - graph_builder.relationship_manager - INFO - Creating relationship 'host_to_software': Host-[:RUNS]->Software
2026-02-12 15:12:20,677 - graph_builder.relationship_manager - INFO - Created 716 RUNS relationships from Host to Software
2026-02-12 15:12:20,678 - graph_builder.relationship_manager - INFO - Creating relationship 'asset_to_software': Asset-[:RUNS_SOFTWARE]->Software
2026-02-12 15:12:20,770 - graph_builder.relationship_manager - INFO - Created 716 RUNS_SOFTWARE relationships from Asset to Software
2026-02-12 15:12:20,770 - graph_builder.relationship_manager - INFO - Creating relationship 'software_to_vulnerability': Software-[:HAS_VULNERABILITY]->Vulnerability
2026-02-12 15:12:20,857 - graph_builder.relationship_manager - INFO - Created 40 HAS_VULNERABILITY relationships from Software to Vulnerability
2026-02-12 15:12:20,858 - graph_builder.relationship_manager - INFO - Creating relationship 'vulnerability_to_asset': Vulnerability-[:AFFECTS]->Asset
2026-02-12 15:12:20,918 - graph_builder.relationship_manager - INFO - Created 40 AFFECTS relationships from Vulnerability to Asset
2026-02-12 15:12:20,918 - graph_builder.relationship_manager - INFO - Creating relationship 'asset_to_assetgroup': Asset-[:LOCATED_IN]->AssetGroup
2026-02-12 15:12:21,038 - graph_builder.relationship_manager - INFO - Created 4 LOCATED_IN relationships from Asset to AssetGroup
2026-02-12 15:12:21,038 - graph_builder.graph_builder - INFO - asset_to_host: 5 relationships created
2026-02-12 15:12:21,038 - graph_builder.graph_builder - INFO - host_to_software: 716 relationships created
2026-02-12 15:12:21,039 - graph_builder.graph_builder - INFO - asset_to_software: 716 relationships created
2026-02-12 15:12:21,039 - graph_builder.graph_builder - INFO - software_to_vulnerability: 40 relationships created
2026-02-12 15:12:21,039 - graph_builder.graph_builder - INFO - vulnerability_to_asset: 40 relationships created
2026-02-12 15:12:21,039 - graph_builder.graph_builder - INFO - asset_to_assetgroup: 4 relationships created
2026-02-12 15:12:21,040 - graph_builder.neo4j_connection - INFO - Neo4j connection closed
2026-02-12 15:12:21,040 - __main__ - INFO - Graph building process completed successfully
2026-02-12 15:25:01,496 - __main__ - INFO - ============================================================
2026-02-12 15:25:01,496 - __main__ - INFO - Neo4j Graph Builder
2026-02-12 15:25:01,497 - __main__ - INFO - ============================================================
2026-02-12 15:25:01,497 - __main__ - INFO - Using latest asset nodes file: extracted_data\asset_nodes_20260212_151155.json
2026-02-12 15:25:01,498 - __main__ - INFO - Using latest host nodes file: extracted_data\host_nodes_20260212_130327.json
2026-02-12 15:25:01,499 - __main__ - INFO - Using latest software nodes file: extracted_data\software_nodes_20260212_141701.json
2026-02-12 15:25:01,500 - __main__ - INFO - Using latest vulnerability nodes file: extracted_data\vulnerability_nodes_20260212_144747.json
2026-02-12 15:25:01,501 - __main__ - INFO - Using latest assetgroup nodes file: extracted_data\assetgroup_nodes_20260212_150847.json
2026-02-12 15:25:01,501 - __main__ - INFO - Using latest hardware nodes file: extracted_data\hardware_nodes_20260212_152416.json
2026-02-12 15:25:01,501 - __main__ - INFO - 
Initializing graph builder...
2026-02-12 15:25:01,505 - graph_builder.neo4j_connection - INFO - Loaded Neo4j configuration from neo4j_config.yaml
2026-02-12 15:25:01,505 - graph_builder.neo4j_connection - INFO - Connecting to Neo4j at bolt://localhost:7687 with username: neo4j
2026-02-12 15:25:03,618 - graph_builder.neo4j_connection - INFO - Neo4j connection test successful
2026-02-12 15:25:03,619 - graph_builder.neo4j_connection - INFO - Successfully connected to Neo4j at bolt://localhost:7687
2026-02-12 15:25:03,691 - graph_builder.constraints_manager - INFO - Loaded graph configuration from graph_config.yaml
2026-02-12 15:25:03,753 - graph_builder.relationship_manager - INFO - Loaded graph configuration from graph_config.yaml
2026-02-12 15:25:03,753 - __main__ - INFO - 
Setting up constraints...
2026-02-12 15:25:03,754 - graph_builder.graph_builder - INFO - ============================================================
2026-02-12 15:25:03,754 - graph_builder.graph_builder - INFO - Setting up Neo4j constraints and indexes
2026-02-12 15:25:03,754 - graph_builder.graph_builder - INFO - ============================================================
2026-02-12 15:25:03,754 - graph_builder.constraints_manager - INFO - Creating constraints for node type: asset
2026-02-12 15:25:03,765 - graph_builder.constraints_manager - INFO - Created UNIQUE constraint 'unique_asset_id' on Asset(asset_id)
2026-02-12 15:25:03,766 - graph_builder.constraints_manager - INFO - Creating constraints for node type: host
2026-02-12 15:25:03,775 - graph_builder.constraints_manager - INFO - Created composite UNIQUE constraint 'unique_host_composite' on Host(agent_id, os_name)
2026-02-12 15:25:03,775 - graph_builder.constraints_manager - INFO - Creating constraints for node type: software
2026-02-12 15:25:03,786 - graph_builder.constraints_manager - INFO - Created composite UNIQUE constraint 'unique_software_composite' on Software(agent_id, name, version)
2026-02-12 15:25:03,786 - graph_builder.constraints_manager - INFO - Creating constraints for node type: vulnerability
2026-02-12 15:25:03,794 - graph_builder.constraints_manager - INFO - Created UNIQUE constraint 'unique_cve_id' on Vulnerability(cve_id)
2026-02-12 15:25:03,795 - graph_builder.constraints_manager - INFO - Creating constraints for node type: assetgroup
2026-02-12 15:25:03,804 - graph_builder.constraints_manager - INFO - Created UNIQUE constraint 'unique_assetgroup_name' on AssetGroup(name)
2026-02-12 15:25:03,804 - graph_builder.constraints_manager - INFO - Creating constraints for node type: hardware
2026-02-12 15:25:03,864 - graph_builder.constraints_manager - INFO - Created composite UNIQUE constraint 'unique_hardware_composite' on Hardware(agent_id, name)
2026-02-12 15:25:03,865 - graph_builder.graph_builder - INFO - asset: 1/1 constraints created successfully
2026-02-12 15:25:03,865 - graph_builder.graph_builder - INFO - host: 1/1 constraints created successfully
2026-02-12 15:25:03,865 - graph_builder.graph_builder - INFO - software: 1/1 constraints created successfully
2026-02-12 15:25:03,865 - graph_builder.graph_builder - INFO - vulnerability: 1/1 constraints created successfully
2026-02-12 15:25:03,865 - graph_builder.graph_builder - INFO - assetgroup: 1/1 constraints created successfully
2026-02-12 15:25:03,865 - graph_builder.graph_builder - INFO - hardware: 1/1 constraints created successfully
2026-02-12 15:25:03,865 - __main__ - INFO - 
Inserting asset nodes...
2026-02-12 15:25:03,866 - graph_builder.graph_builder - INFO - ============================================================
2026-02-12 15:25:03,866 - graph_builder.graph_builder - INFO - Inserting ASSET nodes into Neo4j
2026-02-12 15:25:03,866 - graph_builder.graph_builder - INFO - ============================================================
2026-02-12 15:25:03,866 - graph_builder.node_inserter - INFO - Loading nodes from: extracted_data\asset_nodes_20260212_151155.json
2026-02-12 15:25:03,867 - graph_builder.node_inserter - INFO - Loaded 5 nodes from JSON file
2026-02-12 15:25:03,904 - graph_builder.graph_builder - INFO - Existing Asset nodes in database: 5
2026-02-12 15:25:03,905 - graph_builder.node_inserter - INFO - Inserting 5 Asset nodes in batches of 100
2026-02-12 15:25:03,905 - graph_builder.node_inserter - INFO - Processing batch 1/1 (5 nodes)
2026-02-12 15:25:04,035 - graph_builder.node_inserter - INFO - Batch insertion complete: 5 succeeded, 0 failed
2026-02-12 15:25:04,039 - graph_builder.graph_builder - INFO - Total Asset nodes in database after insertion: 5
2026-02-12 15:25:04,039 - __main__ - INFO - 
Inserting host nodes...
2026-02-12 15:25:04,039 - graph_builder.graph_builder - INFO - ============================================================
2026-02-12 15:25:04,039 - graph_builder.graph_builder - INFO - Inserting HOST nodes into Neo4j
2026-02-12 15:25:04,039 - graph_builder.graph_builder - INFO - ============================================================
2026-02-12 15:25:04,040 - graph_builder.node_inserter - INFO - Loading nodes from: extracted_data\host_nodes_20260212_130327.json
2026-02-12 15:25:04,041 - graph_builder.node_inserter - INFO - Loaded 5 nodes from JSON file
2026-02-12 15:25:04,073 - graph_builder.graph_builder - INFO - Existing Host nodes in database: 5
2026-02-12 15:25:04,074 - graph_builder.node_inserter - INFO - Inserting 5 Host nodes in batches of 100
2026-02-12 15:25:04,074 - graph_builder.node_inserter - INFO - Processing batch 1/1 (5 nodes)
2026-02-12 15:25:04,242 - graph_builder.node_inserter - INFO - Batch insertion complete: 5 succeeded, 0 failed
2026-02-12 15:25:04,249 - graph_builder.graph_builder - INFO - Total Host nodes in database after insertion: 5
2026-02-12 15:25:04,250 - __main__ - INFO - 
Inserting software nodes...
2026-02-12 15:25:04,250 - graph_builder.graph_builder - INFO - ============================================================
2026-02-12 15:25:04,250 - graph_builder.graph_builder - INFO - Inserting SOFTWARE nodes into Neo4j
2026-02-12 15:25:04,250 - graph_builder.graph_builder - INFO - ============================================================
2026-02-12 15:25:04,251 - graph_builder.node_inserter - INFO - Loading nodes from: extracted_data\software_nodes_20260212_141701.json
2026-02-12 15:25:04,254 - graph_builder.node_inserter - INFO - Loaded 723 nodes from JSON file
2026-02-12 15:25:04,288 - graph_builder.graph_builder - INFO - Existing Software nodes in database: 716
2026-02-12 15:25:04,288 - graph_builder.node_inserter - INFO - Inserting 723 Software nodes in batches of 100
2026-02-12 15:25:04,289 - graph_builder.node_inserter - INFO - Processing batch 1/8 (100 nodes)
2026-02-12 15:25:05,176 - graph_builder.node_inserter - INFO - Processing batch 2/8 (100 nodes)
2026-02-12 15:25:05,979 - graph_builder.node_inserter - INFO - Processing batch 3/8 (100 nodes)
2026-02-12 15:25:06,575 - graph_builder.node_inserter - INFO - Processing batch 4/8 (100 nodes)
2026-02-12 15:25:07,137 - graph_builder.node_inserter - INFO - Processing batch 5/8 (100 nodes)
2026-02-12 15:25:07,622 - graph_builder.node_inserter - INFO - Processing batch 6/8 (100 nodes)
2026-02-12 15:25:08,145 - graph_builder.node_inserter - INFO - Processing batch 7/8 (100 nodes)
2026-02-12 15:25:08,677 - graph_builder.node_inserter - INFO - Processing batch 8/8 (23 nodes)
2026-02-12 15:25:08,796 - graph_builder.node_inserter - INFO - Batch insertion complete: 723 succeeded, 0 failed
2026-02-12 15:25:08,799 - graph_builder.graph_builder - INFO - Total Software nodes in database after insertion: 716
2026-02-12 15:25:08,799 - __main__ - INFO - 
Inserting vulnerability nodes...
2026-02-12 15:25:08,800 - graph_builder.graph_builder - INFO - ============================================================
2026-02-12 15:25:08,800 - graph_builder.graph_builder - INFO - Inserting VULNERABILITY nodes into Neo4j
2026-02-12 15:25:08,800 - graph_builder.graph_builder - INFO - ============================================================
2026-02-12 15:25:08,800 - graph_builder.node_inserter - INFO - Loading nodes from: extracted_data\vulnerability_nodes_20260212_144747.json
2026-02-12 15:25:08,802 - graph_builder.node_inserter - INFO - Loaded 53 nodes from JSON file
2026-02-12 15:25:08,824 - graph_builder.graph_builder - INFO - Existing Vulnerability nodes in database: 40
2026-02-12 15:25:08,825 - graph_builder.node_inserter - INFO - Inserting 53 Vulnerability nodes in batches of 100
2026-02-12 15:25:08,825 - graph_builder.node_inserter - INFO - Processing batch 1/1 (53 nodes)
2026-02-12 15:25:09,308 - graph_builder.node_inserter - INFO - Batch insertion complete: 53 succeeded, 0 failed
2026-02-12 15:25:09,310 - graph_builder.graph_builder - INFO - Total Vulnerability nodes in database after insertion: 40
2026-02-12 15:25:09,311 - __main__ - INFO - 
Inserting assetgroup nodes...
2026-02-12 15:25:09,311 - graph_builder.graph_builder - INFO - ============================================================
2026-02-12 15:25:09,311 - graph_builder.graph_builder - INFO - Inserting ASSETGROUP nodes into Neo4j
2026-02-12 15:25:09,311 - graph_builder.graph_builder - INFO - ============================================================
2026-02-12 15:25:09,311 - graph_builder.node_inserter - INFO - Loading nodes from: extracted_data\assetgroup_nodes_20260212_150847.json
2026-02-12 15:25:09,311 - graph_builder.node_inserter - INFO - Loaded 1 nodes from JSON file
2026-02-12 15:25:09,333 - graph_builder.graph_builder - INFO - Existing AssetGroup nodes in database: 1
2026-02-12 15:25:09,333 - graph_builder.node_inserter - INFO - Inserting 1 AssetGroup nodes in batches of 100
2026-02-12 15:25:09,333 - graph_builder.node_inserter - INFO - Processing batch 1/1 (1 nodes)
2026-02-12 15:25:09,374 - graph_builder.node_inserter - INFO - Batch insertion complete: 1 succeeded, 0 failed
2026-02-12 15:25:09,377 - graph_builder.graph_builder - INFO - Total AssetGroup nodes in database after insertion: 1
2026-02-12 15:25:09,377 - __main__ - INFO - 
Inserting hardware nodes...
2026-02-12 15:25:09,377 - graph_builder.graph_builder - INFO - ============================================================
2026-02-12 15:25:09,377 - graph_builder.graph_builder - INFO - Inserting HARDWARE nodes into Neo4j
2026-02-12 15:25:09,378 - graph_builder.graph_builder - INFO - ============================================================
2026-02-12 15:25:09,378 - graph_builder.node_inserter - INFO - Loading nodes from: extracted_data\hardware_nodes_20260212_152416.json
2026-02-12 15:25:09,378 - graph_builder.node_inserter - INFO - Loaded 5 nodes from JSON file
2026-02-12 15:25:09,413 - graph_builder.graph_builder - INFO - Existing Hardware nodes in database: 0
2026-02-12 15:25:09,413 - graph_builder.node_inserter - INFO - Inserting 5 Hardware nodes in batches of 100
2026-02-12 15:25:09,413 - graph_builder.node_inserter - INFO - Processing batch 1/1 (5 nodes)
2026-02-12 15:25:09,576 - graph_builder.node_inserter - INFO - Batch insertion complete: 5 succeeded, 0 failed
2026-02-12 15:25:09,579 - graph_builder.graph_builder - INFO - Total Hardware nodes in database after insertion: 5
2026-02-12 15:25:09,579 - __main__ - INFO - 
Creating relationships...
2026-02-12 15:25:09,579 - graph_builder.graph_builder - INFO - ============================================================
2026-02-12 15:25:09,579 - graph_builder.graph_builder - INFO - Creating Relationships
2026-02-12 15:25:09,579 - graph_builder.graph_builder - INFO - ============================================================
2026-02-12 15:25:09,579 - graph_builder.relationship_manager - INFO - Creating relationship 'asset_to_host': Asset-[:IS_HOST]->Host
2026-02-12 15:25:09,657 - graph_builder.relationship_manager - INFO - Created 5 IS_HOST relationships from Asset to Host
2026-02-12 15:25:09,658 - graph_builder.relationship_manager - INFO - Creating relationship 'host_to_software': Host-[:RUNS]->Software
2026-02-12 15:25:09,726 - graph_builder.relationship_manager - INFO - Created 716 RUNS relationships from Host to Software
2026-02-12 15:25:09,726 - graph_builder.relationship_manager - INFO - Creating relationship 'asset_to_software': Asset-[:RUNS_SOFTWARE]->Software
2026-02-12 15:25:09,818 - graph_builder.relationship_manager - INFO - Created 716 RUNS_SOFTWARE relationships from Asset to Software
2026-02-12 15:25:09,818 - graph_builder.relationship_manager - INFO - Creating relationship 'software_to_vulnerability': Software-[:HAS_VULNERABILITY]->Vulnerability
2026-02-12 15:25:09,890 - graph_builder.relationship_manager - INFO - Created 40 HAS_VULNERABILITY relationships from Software to Vulnerability
2026-02-12 15:25:09,890 - graph_builder.relationship_manager - INFO - Creating relationship 'vulnerability_to_asset': Vulnerability-[:AFFECTS]->Asset
2026-02-12 15:25:09,951 - graph_builder.relationship_manager - INFO - Created 40 AFFECTS relationships from Vulnerability to Asset
2026-02-12 15:25:09,951 - graph_builder.relationship_manager - INFO - Creating relationship 'asset_to_assetgroup': Asset-[:LOCATED_IN]->AssetGroup
2026-02-12 15:25:10,014 - graph_builder.relationship_manager - INFO - Created 4 LOCATED_IN relationships from Asset to AssetGroup
2026-02-12 15:25:10,014 - graph_builder.relationship_manager - INFO - Creating relationship 'asset_to_hardware': Asset-[:HAS_HARDWARE]->Hardware
2026-02-12 15:25:10,095 - graph_builder.relationship_manager - INFO - Created 5 HAS_HARDWARE relationships from Asset to Hardware
2026-02-12 15:25:10,095 - graph_builder.graph_builder - INFO - asset_to_host: 5 relationships created
2026-02-12 15:25:10,096 - graph_builder.graph_builder - INFO - host_to_software: 716 relationships created
2026-02-12 15:25:10,096 - graph_builder.graph_builder - INFO - asset_to_software: 716 relationships created
2026-02-12 15:25:10,096 - graph_builder.graph_builder - INFO - software_to_vulnerability: 40 relationships created
2026-02-12 15:25:10,096 - graph_builder.graph_builder - INFO - vulnerability_to_asset: 40 relationships created
2026-02-12 15:25:10,096 - graph_builder.graph_builder - INFO - asset_to_assetgroup: 4 relationships created
2026-02-12 15:25:10,096 - graph_builder.graph_builder - INFO - asset_to_hardware: 5 relationships created
2026-02-12 15:25:10,096 - graph_builder.neo4j_connection - INFO - Neo4j connection closed
2026-02-12 15:25:10,097 - __main__ - INFO - Graph building process completed successfully
2026-02-12 17:32:29,408 - __main__ - INFO - ============================================================
2026-02-12 17:32:29,408 - __main__ - INFO - Neo4j Graph Builder
2026-02-12 17:32:29,408 - __main__ - INFO - ============================================================
2026-02-12 17:32:29,409 - __main__ - INFO - Using latest asset nodes file: extracted_data\asset_nodes_20260212_151155.json
2026-02-12 17:32:29,411 - __main__ - INFO - Using latest host nodes file: extracted_data\host_nodes_20260212_130327.json
2026-02-12 17:32:29,412 - __main__ - INFO - Using latest software nodes file: extracted_data\software_nodes_20260212_141701.json
2026-02-12 17:32:29,413 - __main__ - INFO - Using latest vulnerability nodes file: extracted_data\vulnerability_nodes_20260212_144747.json
2026-02-12 17:32:29,414 - __main__ - INFO - Using latest assetgroup nodes file: extracted_data\assetgroup_nodes_20260212_150847.json
2026-02-12 17:32:29,414 - __main__ - INFO - Using latest hardware nodes file: extracted_data\hardware_nodes_20260212_152416.json
2026-02-12 17:32:29,414 - __main__ - INFO - 
Initializing graph builder...
2026-02-12 17:32:29,417 - graph_builder.neo4j_connection - INFO - Loaded Neo4j configuration from neo4j_config.yaml
2026-02-12 17:32:29,418 - graph_builder.neo4j_connection - INFO - Connecting to Neo4j at bolt://localhost:7687 with username: neo4j
2026-02-12 17:32:31,682 - graph_builder.neo4j_connection - INFO - Neo4j connection test successful
2026-02-12 17:32:31,683 - graph_builder.neo4j_connection - INFO - Successfully connected to Neo4j at bolt://localhost:7687
2026-02-12 17:32:31,748 - graph_builder.constraints_manager - INFO - Loaded graph configuration from graph_config.yaml
2026-02-12 17:32:31,811 - graph_builder.relationship_manager - INFO - Loaded graph configuration from graph_config.yaml
2026-02-12 17:32:31,817 - graph_builder.source_data_loader - INFO - Loaded paths configuration from paths_config.yaml
2026-02-12 17:32:31,817 - __main__ - INFO - 
Setting up constraints...
2026-02-12 17:32:31,817 - graph_builder.graph_builder - INFO - ============================================================
2026-02-12 17:32:31,818 - graph_builder.graph_builder - INFO - Setting up Neo4j constraints and indexes
2026-02-12 17:32:31,818 - graph_builder.graph_builder - INFO - ============================================================
2026-02-12 17:32:31,818 - graph_builder.constraints_manager - INFO - Creating constraints for node type: asset
2026-02-12 17:32:31,851 - graph_builder.constraints_manager - INFO - Created UNIQUE constraint 'unique_asset_id' on Asset(asset_id)
2026-02-12 17:32:31,851 - graph_builder.constraints_manager - INFO - Creating constraints for node type: host
2026-02-12 17:32:31,861 - graph_builder.constraints_manager - INFO - Created composite UNIQUE constraint 'unique_host_composite' on Host(agent_id, os_name)
2026-02-12 17:32:31,862 - graph_builder.constraints_manager - INFO - Creating constraints for node type: software
2026-02-12 17:32:31,872 - graph_builder.constraints_manager - INFO - Created composite UNIQUE constraint 'unique_software_composite' on Software(agent_id, name, version)
2026-02-12 17:32:31,872 - graph_builder.constraints_manager - INFO - Creating constraints for node type: vulnerability
2026-02-12 17:32:31,879 - graph_builder.constraints_manager - INFO - Created UNIQUE constraint 'unique_cve_id' on Vulnerability(cve_id)
2026-02-12 17:32:31,880 - graph_builder.constraints_manager - INFO - Creating constraints for node type: assetgroup
2026-02-12 17:32:31,890 - graph_builder.constraints_manager - INFO - Created UNIQUE constraint 'unique_assetgroup_name' on AssetGroup(name)
2026-02-12 17:32:31,890 - graph_builder.constraints_manager - INFO - Creating constraints for node type: hardware
2026-02-12 17:32:31,898 - graph_builder.constraints_manager - INFO - Created composite UNIQUE constraint 'unique_hardware_composite' on Hardware(agent_id, name)
2026-02-12 17:32:31,899 - graph_builder.graph_builder - INFO - asset: 1/1 constraints created successfully
2026-02-12 17:32:31,899 - graph_builder.graph_builder - INFO - host: 1/1 constraints created successfully
2026-02-12 17:32:31,899 - graph_builder.graph_builder - INFO - software: 1/1 constraints created successfully
2026-02-12 17:32:31,899 - graph_builder.graph_builder - INFO - vulnerability: 1/1 constraints created successfully
2026-02-12 17:32:31,899 - graph_builder.graph_builder - INFO - assetgroup: 1/1 constraints created successfully
2026-02-12 17:32:31,899 - graph_builder.graph_builder - INFO - hardware: 1/1 constraints created successfully
2026-02-12 17:32:31,899 - __main__ - INFO - 
Inserting asset nodes...
2026-02-12 17:32:31,899 - graph_builder.graph_builder - INFO - ============================================================
2026-02-12 17:32:31,899 - graph_builder.graph_builder - INFO - Inserting ASSET nodes into Neo4j
2026-02-12 17:32:31,900 - graph_builder.graph_builder - INFO - ============================================================
2026-02-12 17:32:31,900 - graph_builder.node_inserter - INFO - Loading nodes from: extracted_data\asset_nodes_20260212_151155.json
2026-02-12 17:32:31,901 - graph_builder.node_inserter - INFO - Loaded 5 nodes from JSON file
2026-02-12 17:32:31,909 - graph_builder.graph_builder - INFO - Existing Asset nodes in database: 5
2026-02-12 17:32:31,909 - graph_builder.node_inserter - INFO - Inserting 5 Asset nodes in batches of 100
2026-02-12 17:32:31,910 - graph_builder.node_inserter - INFO - Processing batch 1/1 (5 nodes)
2026-02-12 17:32:31,976 - graph_builder.node_inserter - INFO - Batch insertion complete: 5 succeeded, 0 failed
2026-02-12 17:32:31,980 - graph_builder.graph_builder - INFO - Total Asset nodes in database after insertion: 5
2026-02-12 17:32:31,981 - __main__ - INFO - 
Inserting host nodes...
2026-02-12 17:32:31,981 - graph_builder.graph_builder - INFO - ============================================================
2026-02-12 17:32:31,981 - graph_builder.graph_builder - INFO - Inserting HOST nodes into Neo4j
2026-02-12 17:32:31,981 - graph_builder.graph_builder - INFO - ============================================================
2026-02-12 17:32:31,982 - graph_builder.node_inserter - INFO - Loading nodes from: extracted_data\host_nodes_20260212_130327.json
2026-02-12 17:32:31,984 - graph_builder.node_inserter - INFO - Loaded 5 nodes from JSON file
2026-02-12 17:32:31,988 - graph_builder.graph_builder - INFO - Existing Host nodes in database: 5
2026-02-12 17:32:31,988 - graph_builder.node_inserter - INFO - Inserting 5 Host nodes in batches of 100
2026-02-12 17:32:31,988 - graph_builder.node_inserter - INFO - Processing batch 1/1 (5 nodes)
2026-02-12 17:32:32,030 - graph_builder.node_inserter - INFO - Batch insertion complete: 5 succeeded, 0 failed
2026-02-12 17:32:32,035 - graph_builder.graph_builder - INFO - Total Host nodes in database after insertion: 5
2026-02-12 17:32:32,036 - __main__ - INFO - 
Inserting software nodes...
2026-02-12 17:32:32,036 - graph_builder.graph_builder - INFO - ============================================================
2026-02-12 17:32:32,037 - graph_builder.graph_builder - INFO - Inserting SOFTWARE nodes into Neo4j
2026-02-12 17:32:32,037 - graph_builder.graph_builder - INFO - ============================================================
2026-02-12 17:32:32,037 - graph_builder.node_inserter - INFO - Loading nodes from: extracted_data\software_nodes_20260212_141701.json
2026-02-12 17:32:32,042 - graph_builder.node_inserter - INFO - Loaded 723 nodes from JSON file
2026-02-12 17:32:32,046 - graph_builder.graph_builder - INFO - Existing Software nodes in database: 716
2026-02-12 17:32:32,046 - graph_builder.node_inserter - INFO - Inserting 723 Software nodes in batches of 100
2026-02-12 17:32:32,046 - graph_builder.node_inserter - INFO - Processing batch 1/8 (100 nodes)
2026-02-12 17:32:32,583 - graph_builder.node_inserter - INFO - Processing batch 2/8 (100 nodes)
2026-02-12 17:32:33,082 - graph_builder.node_inserter - INFO - Processing batch 3/8 (100 nodes)
2026-02-12 17:32:33,646 - graph_builder.node_inserter - INFO - Processing batch 4/8 (100 nodes)
2026-02-12 17:32:34,566 - graph_builder.node_inserter - INFO - Processing batch 5/8 (100 nodes)
2026-02-12 17:32:35,013 - graph_builder.node_inserter - INFO - Processing batch 6/8 (100 nodes)
2026-02-12 17:32:35,429 - graph_builder.node_inserter - INFO - Processing batch 7/8 (100 nodes)
2026-02-12 17:32:35,859 - graph_builder.node_inserter - INFO - Processing batch 8/8 (23 nodes)
2026-02-12 17:32:35,957 - graph_builder.node_inserter - INFO - Batch insertion complete: 723 succeeded, 0 failed
2026-02-12 17:32:35,960 - graph_builder.graph_builder - INFO - Total Software nodes in database after insertion: 716
2026-02-12 17:32:35,960 - __main__ - INFO - 
Inserting vulnerability nodes...
2026-02-12 17:32:35,960 - graph_builder.graph_builder - INFO - ============================================================
2026-02-12 17:32:35,961 - graph_builder.graph_builder - INFO - Inserting VULNERABILITY nodes into Neo4j
2026-02-12 17:32:35,961 - graph_builder.graph_builder - INFO - ============================================================
2026-02-12 17:32:35,961 - graph_builder.node_inserter - INFO - Loading nodes from: extracted_data\vulnerability_nodes_20260212_144747.json
2026-02-12 17:32:35,963 - graph_builder.node_inserter - INFO - Loaded 53 nodes from JSON file
2026-02-12 17:32:35,965 - graph_builder.graph_builder - INFO - Existing Vulnerability nodes in database: 40
2026-02-12 17:32:35,965 - graph_builder.node_inserter - INFO - Inserting 53 Vulnerability nodes in batches of 100
2026-02-12 17:32:35,965 - graph_builder.node_inserter - INFO - Processing batch 1/1 (53 nodes)
2026-02-12 17:32:36,219 - graph_builder.node_inserter - INFO - Batch insertion complete: 53 succeeded, 0 failed
2026-02-12 17:32:36,221 - graph_builder.graph_builder - INFO - Total Vulnerability nodes in database after insertion: 40
2026-02-12 17:32:36,221 - __main__ - INFO - 
Inserting assetgroup nodes...
2026-02-12 17:32:36,221 - graph_builder.graph_builder - INFO - ============================================================
2026-02-12 17:32:36,221 - graph_builder.graph_builder - INFO - Inserting ASSETGROUP nodes into Neo4j
2026-02-12 17:32:36,221 - graph_builder.graph_builder - INFO - ============================================================
2026-02-12 17:32:36,222 - graph_builder.node_inserter - INFO - Loading nodes from: extracted_data\assetgroup_nodes_20260212_150847.json
2026-02-12 17:32:36,222 - graph_builder.node_inserter - INFO - Loaded 1 nodes from JSON file
2026-02-12 17:32:36,225 - graph_builder.graph_builder - INFO - Existing AssetGroup nodes in database: 1
2026-02-12 17:32:36,225 - graph_builder.node_inserter - INFO - Inserting 1 AssetGroup nodes in batches of 100
2026-02-12 17:32:36,225 - graph_builder.node_inserter - INFO - Processing batch 1/1 (1 nodes)
2026-02-12 17:32:36,230 - graph_builder.node_inserter - INFO - Batch insertion complete: 1 succeeded, 0 failed
2026-02-12 17:32:36,232 - graph_builder.graph_builder - INFO - Total AssetGroup nodes in database after insertion: 1
2026-02-12 17:32:36,233 - __main__ - INFO - 
Inserting hardware nodes...
2026-02-12 17:32:36,233 - graph_builder.graph_builder - INFO - ============================================================
2026-02-12 17:32:36,233 - graph_builder.graph_builder - INFO - Inserting HARDWARE nodes into Neo4j
2026-02-12 17:32:36,233 - graph_builder.graph_builder - INFO - ============================================================
2026-02-12 17:32:36,233 - graph_builder.node_inserter - INFO - Loading nodes from: extracted_data\hardware_nodes_20260212_152416.json
2026-02-12 17:32:36,234 - graph_builder.node_inserter - INFO - Loaded 5 nodes from JSON file
2026-02-12 17:32:36,236 - graph_builder.graph_builder - INFO - Existing Hardware nodes in database: 5
2026-02-12 17:32:36,236 - graph_builder.node_inserter - INFO - Inserting 5 Hardware nodes in batches of 100
2026-02-12 17:32:36,236 - graph_builder.node_inserter - INFO - Processing batch 1/1 (5 nodes)
2026-02-12 17:32:36,380 - graph_builder.node_inserter - INFO - Batch insertion complete: 5 succeeded, 0 failed
2026-02-12 17:32:36,382 - graph_builder.graph_builder - INFO - Total Hardware nodes in database after insertion: 5
2026-02-12 17:32:36,382 - __main__ - INFO - 
Creating relationships...
2026-02-12 17:32:36,383 - graph_builder.graph_builder - INFO - ============================================================
2026-02-12 17:32:36,383 - graph_builder.graph_builder - INFO - Creating Relationships
2026-02-12 17:32:36,383 - graph_builder.graph_builder - INFO - ============================================================
2026-02-12 17:32:36,383 - graph_builder.relationship_manager - INFO - Creating relationship 'asset_to_host': Asset-[:IS_HOST]->Host
2026-02-12 17:32:36,389 - graph_builder.relationship_manager - INFO - Created 5 IS_HOST relationships from Asset to Host
2026-02-12 17:32:36,389 - graph_builder.relationship_manager - INFO - Creating relationship 'host_to_software': Host-[:RUNS]->Software
2026-02-12 17:32:36,409 - graph_builder.relationship_manager - INFO - Created 716 RUNS relationships from Host to Software
2026-02-12 17:32:36,409 - graph_builder.relationship_manager - INFO - Creating relationship 'asset_to_software': Asset-[:RUNS_SOFTWARE]->Software
2026-02-12 17:32:36,429 - graph_builder.relationship_manager - INFO - Created 716 RUNS_SOFTWARE relationships from Asset to Software
2026-02-12 17:32:36,429 - graph_builder.relationship_manager - INFO - Creating relationship 'software_to_vulnerability': Software-[:HAS_VULNERABILITY]->Vulnerability
2026-02-12 17:32:36,434 - graph_builder.relationship_manager - INFO - Created 40 HAS_VULNERABILITY relationships from Software to Vulnerability
2026-02-12 17:32:36,435 - graph_builder.relationship_manager - INFO - Creating relationship 'vulnerability_to_asset': Vulnerability-[:AFFECTS]->Asset
2026-02-12 17:32:36,439 - graph_builder.relationship_manager - INFO - Created 40 AFFECTS relationships from Vulnerability to Asset
2026-02-12 17:32:36,440 - graph_builder.relationship_manager - INFO - Creating relationship 'asset_to_assetgroup': Asset-[:LOCATED_IN]->AssetGroup
2026-02-12 17:32:36,527 - graph_builder.relationship_manager - WARNING - No source data loaded for relationship creation
2026-02-12 17:32:36,528 - graph_builder.relationship_manager - INFO - Creating relationship 'asset_to_hardware': Asset-[:HAS_HARDWARE]->Hardware
2026-02-12 17:32:36,532 - graph_builder.relationship_manager - INFO - Created 5 HAS_HARDWARE relationships from Asset to Hardware
2026-02-12 17:32:36,532 - graph_builder.graph_builder - INFO - asset_to_host: 5 relationships created
2026-02-12 17:32:36,532 - graph_builder.graph_builder - INFO - host_to_software: 716 relationships created
2026-02-12 17:32:36,532 - graph_builder.graph_builder - INFO - asset_to_software: 716 relationships created
2026-02-12 17:32:36,532 - graph_builder.graph_builder - INFO - software_to_vulnerability: 40 relationships created
2026-02-12 17:32:36,533 - graph_builder.graph_builder - INFO - vulnerability_to_asset: 40 relationships created
2026-02-12 17:32:36,533 - graph_builder.graph_builder - INFO - asset_to_assetgroup: 0 relationships created
2026-02-12 17:32:36,533 - graph_builder.graph_builder - INFO - asset_to_hardware: 5 relationships created
2026-02-12 17:32:36,533 - graph_builder.neo4j_connection - INFO - Neo4j connection closed
2026-02-12 17:32:36,533 - __main__ - INFO - Graph building process completed successfully
2026-02-12 17:39:42,908 - __main__ - INFO - ============================================================
2026-02-12 17:39:42,908 - __main__ - INFO - Neo4j Graph Builder
2026-02-12 17:39:42,908 - __main__ - INFO - ============================================================
2026-02-12 17:39:42,909 - __main__ - INFO - Using latest asset nodes file: extracted_data\asset_nodes_20260212_151155.json
2026-02-12 17:39:42,911 - __main__ - INFO - Using latest host nodes file: extracted_data\host_nodes_20260212_130327.json
2026-02-12 17:39:42,912 - __main__ - INFO - Using latest software nodes file: extracted_data\software_nodes_20260212_141701.json
2026-02-12 17:39:42,913 - __main__ - INFO - Using latest vulnerability nodes file: extracted_data\vulnerability_nodes_20260212_144747.json
2026-02-12 17:39:42,914 - __main__ - INFO - Using latest assetgroup nodes file: extracted_data\assetgroup_nodes_20260212_150847.json
2026-02-12 17:39:42,915 - __main__ - INFO - Using latest hardware nodes file: extracted_data\hardware_nodes_20260212_152416.json
2026-02-12 17:39:42,915 - __main__ - INFO - 
Initializing graph builder...
2026-02-12 17:39:42,918 - graph_builder.neo4j_connection - INFO - Loaded Neo4j configuration from neo4j_config.yaml
2026-02-12 17:39:42,918 - graph_builder.neo4j_connection - INFO - Connecting to Neo4j at bolt://localhost:7687 with username: neo4j
2026-02-12 17:39:44,983 - graph_builder.neo4j_connection - INFO - Neo4j connection test successful
2026-02-12 17:39:44,984 - graph_builder.neo4j_connection - INFO - Successfully connected to Neo4j at bolt://localhost:7687
2026-02-12 17:39:45,045 - graph_builder.constraints_manager - INFO - Loaded graph configuration from graph_config.yaml
2026-02-12 17:39:45,110 - graph_builder.relationship_manager - INFO - Loaded graph configuration from graph_config.yaml
2026-02-12 17:39:45,118 - graph_builder.source_data_loader - INFO - Loaded paths configuration from paths_config.yaml
2026-02-12 17:39:45,119 - __main__ - INFO - 
Setting up constraints...
2026-02-12 17:39:45,119 - graph_builder.graph_builder - INFO - ============================================================
2026-02-12 17:39:45,120 - graph_builder.graph_builder - INFO - Setting up Neo4j constraints and indexes
2026-02-12 17:39:45,120 - graph_builder.graph_builder - INFO - ============================================================
2026-02-12 17:39:45,120 - graph_builder.constraints_manager - INFO - Creating constraints for node type: asset
2026-02-12 17:39:45,126 - graph_builder.constraints_manager - INFO - Created UNIQUE constraint 'unique_asset_id' on Asset(asset_id)
2026-02-12 17:39:45,126 - graph_builder.constraints_manager - INFO - Creating constraints for node type: host
2026-02-12 17:39:45,131 - graph_builder.constraints_manager - INFO - Created composite UNIQUE constraint 'unique_host_composite' on Host(agent_id, os_name)
2026-02-12 17:39:45,132 - graph_builder.constraints_manager - INFO - Creating constraints for node type: software
2026-02-12 17:39:45,137 - graph_builder.constraints_manager - INFO - Created composite UNIQUE constraint 'unique_software_composite' on Software(agent_id, name, version)
2026-02-12 17:39:45,138 - graph_builder.constraints_manager - INFO - Creating constraints for node type: vulnerability
2026-02-12 17:39:45,141 - graph_builder.constraints_manager - INFO - Created UNIQUE constraint 'unique_cve_id' on Vulnerability(cve_id)
2026-02-12 17:39:45,141 - graph_builder.constraints_manager - INFO - Creating constraints for node type: assetgroup
2026-02-12 17:39:45,144 - graph_builder.constraints_manager - INFO - Created UNIQUE constraint 'unique_assetgroup_name' on AssetGroup(name)
2026-02-12 17:39:45,145 - graph_builder.constraints_manager - INFO - Creating constraints for node type: hardware
2026-02-12 17:39:45,149 - graph_builder.constraints_manager - INFO - Created composite UNIQUE constraint 'unique_hardware_composite' on Hardware(agent_id, name)
2026-02-12 17:39:45,150 - graph_builder.graph_builder - INFO - asset: 1/1 constraints created successfully
2026-02-12 17:39:45,150 - graph_builder.graph_builder - INFO - host: 1/1 constraints created successfully
2026-02-12 17:39:45,150 - graph_builder.graph_builder - INFO - software: 1/1 constraints created successfully
2026-02-12 17:39:45,150 - graph_builder.graph_builder - INFO - vulnerability: 1/1 constraints created successfully
2026-02-12 17:39:45,150 - graph_builder.graph_builder - INFO - assetgroup: 1/1 constraints created successfully
2026-02-12 17:39:45,150 - graph_builder.graph_builder - INFO - hardware: 1/1 constraints created successfully
2026-02-12 17:39:45,151 - __main__ - INFO - 
Inserting asset nodes...
2026-02-12 17:39:45,151 - graph_builder.graph_builder - INFO - ============================================================
2026-02-12 17:39:45,151 - graph_builder.graph_builder - INFO - Inserting ASSET nodes into Neo4j
2026-02-12 17:39:45,151 - graph_builder.graph_builder - INFO - ============================================================
2026-02-12 17:39:45,151 - graph_builder.node_inserter - INFO - Loading nodes from: extracted_data\asset_nodes_20260212_151155.json
2026-02-12 17:39:45,152 - graph_builder.node_inserter - INFO - Loaded 5 nodes from JSON file
2026-02-12 17:39:45,156 - graph_builder.graph_builder - INFO - Existing Asset nodes in database: 5
2026-02-12 17:39:45,156 - graph_builder.node_inserter - INFO - Inserting 5 Asset nodes in batches of 100
2026-02-12 17:39:45,156 - graph_builder.node_inserter - INFO - Processing batch 1/1 (5 nodes)
2026-02-12 17:39:45,229 - graph_builder.node_inserter - INFO - Batch insertion complete: 5 succeeded, 0 failed
2026-02-12 17:39:45,234 - graph_builder.graph_builder - INFO - Total Asset nodes in database after insertion: 5
2026-02-12 17:39:45,235 - __main__ - INFO - 
Inserting host nodes...
2026-02-12 17:39:45,235 - graph_builder.graph_builder - INFO - ============================================================
2026-02-12 17:39:45,235 - graph_builder.graph_builder - INFO - Inserting HOST nodes into Neo4j
2026-02-12 17:39:45,235 - graph_builder.graph_builder - INFO - ============================================================
2026-02-12 17:39:45,236 - graph_builder.node_inserter - INFO - Loading nodes from: extracted_data\host_nodes_20260212_130327.json
2026-02-12 17:39:45,236 - graph_builder.node_inserter - INFO - Loaded 5 nodes from JSON file
2026-02-12 17:39:45,239 - graph_builder.graph_builder - INFO - Existing Host nodes in database: 5
2026-02-12 17:39:45,240 - graph_builder.node_inserter - INFO - Inserting 5 Host nodes in batches of 100
2026-02-12 17:39:45,240 - graph_builder.node_inserter - INFO - Processing batch 1/1 (5 nodes)
2026-02-12 17:39:45,275 - graph_builder.node_inserter - INFO - Batch insertion complete: 5 succeeded, 0 failed
2026-02-12 17:39:45,279 - graph_builder.graph_builder - INFO - Total Host nodes in database after insertion: 5
2026-02-12 17:39:45,279 - __main__ - INFO - 
Inserting software nodes...
2026-02-12 17:39:45,279 - graph_builder.graph_builder - INFO - ============================================================
2026-02-12 17:39:45,279 - graph_builder.graph_builder - INFO - Inserting SOFTWARE nodes into Neo4j
2026-02-12 17:39:45,279 - graph_builder.graph_builder - INFO - ============================================================
2026-02-12 17:39:45,280 - graph_builder.node_inserter - INFO - Loading nodes from: extracted_data\software_nodes_20260212_141701.json
2026-02-12 17:39:45,285 - graph_builder.node_inserter - INFO - Loaded 723 nodes from JSON file
2026-02-12 17:39:45,290 - graph_builder.graph_builder - INFO - Existing Software nodes in database: 716
2026-02-12 17:39:45,290 - graph_builder.node_inserter - INFO - Inserting 723 Software nodes in batches of 100
2026-02-12 17:39:45,290 - graph_builder.node_inserter - INFO - Processing batch 1/8 (100 nodes)
2026-02-12 17:39:45,744 - graph_builder.node_inserter - INFO - Processing batch 2/8 (100 nodes)
2026-02-12 17:39:46,217 - graph_builder.node_inserter - INFO - Processing batch 3/8 (100 nodes)
2026-02-12 17:39:46,640 - graph_builder.node_inserter - INFO - Processing batch 4/8 (100 nodes)
2026-02-12 17:39:47,130 - graph_builder.node_inserter - INFO - Processing batch 5/8 (100 nodes)
2026-02-12 17:39:47,713 - graph_builder.node_inserter - INFO - Processing batch 6/8 (100 nodes)
2026-02-12 17:39:48,270 - graph_builder.node_inserter - INFO - Processing batch 7/8 (100 nodes)
2026-02-12 17:39:48,801 - graph_builder.node_inserter - INFO - Processing batch 8/8 (23 nodes)
2026-02-12 17:39:48,931 - graph_builder.node_inserter - INFO - Batch insertion complete: 723 succeeded, 0 failed
2026-02-12 17:39:48,934 - graph_builder.graph_builder - INFO - Total Software nodes in database after insertion: 716
2026-02-12 17:39:48,935 - __main__ - INFO - 
Inserting vulnerability nodes...
2026-02-12 17:39:48,935 - graph_builder.graph_builder - INFO - ============================================================
2026-02-12 17:39:48,935 - graph_builder.graph_builder - INFO - Inserting VULNERABILITY nodes into Neo4j
2026-02-12 17:39:48,936 - graph_builder.graph_builder - INFO - ============================================================
2026-02-12 17:39:48,936 - graph_builder.node_inserter - INFO - Loading nodes from: extracted_data\vulnerability_nodes_20260212_144747.json
2026-02-12 17:39:48,938 - graph_builder.node_inserter - INFO - Loaded 53 nodes from JSON file
2026-02-12 17:39:48,943 - graph_builder.graph_builder - INFO - Existing Vulnerability nodes in database: 40
2026-02-12 17:39:48,943 - graph_builder.node_inserter - INFO - Inserting 53 Vulnerability nodes in batches of 100
2026-02-12 17:39:48,944 - graph_builder.node_inserter - INFO - Processing batch 1/1 (53 nodes)
2026-02-12 17:39:49,255 - graph_builder.node_inserter - INFO - Batch insertion complete: 53 succeeded, 0 failed
2026-02-12 17:39:49,258 - graph_builder.graph_builder - INFO - Total Vulnerability nodes in database after insertion: 40
2026-02-12 17:39:49,258 - __main__ - INFO - 
Inserting assetgroup nodes...
2026-02-12 17:39:49,258 - graph_builder.graph_builder - INFO - ============================================================
2026-02-12 17:39:49,259 - graph_builder.graph_builder - INFO - Inserting ASSETGROUP nodes into Neo4j
2026-02-12 17:39:49,259 - graph_builder.graph_builder - INFO - ============================================================
2026-02-12 17:39:49,259 - graph_builder.node_inserter - INFO - Loading nodes from: extracted_data\assetgroup_nodes_20260212_150847.json
2026-02-12 17:39:49,259 - graph_builder.node_inserter - INFO - Loaded 1 nodes from JSON file
2026-02-12 17:39:49,262 - graph_builder.graph_builder - INFO - Existing AssetGroup nodes in database: 1
2026-02-12 17:39:49,262 - graph_builder.node_inserter - INFO - Inserting 1 AssetGroup nodes in batches of 100
2026-02-12 17:39:49,262 - graph_builder.node_inserter - INFO - Processing batch 1/1 (1 nodes)
2026-02-12 17:39:49,267 - graph_builder.node_inserter - INFO - Batch insertion complete: 1 succeeded, 0 failed
2026-02-12 17:39:49,269 - graph_builder.graph_builder - INFO - Total AssetGroup nodes in database after insertion: 1
2026-02-12 17:39:49,269 - __main__ - INFO - 
Inserting hardware nodes...
2026-02-12 17:39:49,269 - graph_builder.graph_builder - INFO - ============================================================
2026-02-12 17:39:49,269 - graph_builder.graph_builder - INFO - Inserting HARDWARE nodes into Neo4j
2026-02-12 17:39:49,270 - graph_builder.graph_builder - INFO - ============================================================
2026-02-12 17:39:49,270 - graph_builder.node_inserter - INFO - Loading nodes from: extracted_data\hardware_nodes_20260212_152416.json
2026-02-12 17:39:49,271 - graph_builder.node_inserter - INFO - Loaded 5 nodes from JSON file
2026-02-12 17:39:49,274 - graph_builder.graph_builder - INFO - Existing Hardware nodes in database: 5
2026-02-12 17:39:49,274 - graph_builder.node_inserter - INFO - Inserting 5 Hardware nodes in batches of 100
2026-02-12 17:39:49,274 - graph_builder.node_inserter - INFO - Processing batch 1/1 (5 nodes)
2026-02-12 17:39:49,299 - graph_builder.node_inserter - INFO - Batch insertion complete: 5 succeeded, 0 failed
2026-02-12 17:39:49,301 - graph_builder.graph_builder - INFO - Total Hardware nodes in database after insertion: 5
2026-02-12 17:39:49,301 - __main__ - INFO - 
Creating relationships...
2026-02-12 17:39:49,302 - graph_builder.graph_builder - INFO - ============================================================
2026-02-12 17:39:49,302 - graph_builder.graph_builder - INFO - Creating Relationships
2026-02-12 17:39:49,302 - graph_builder.graph_builder - INFO - ============================================================
2026-02-12 17:39:49,302 - graph_builder.relationship_manager - INFO - Creating relationship 'asset_to_host': Asset-[:IS_HOST]->Host
2026-02-12 17:39:49,308 - graph_builder.relationship_manager - INFO - Created 5 IS_HOST relationships from Asset to Host
2026-02-12 17:39:49,308 - graph_builder.relationship_manager - INFO - Creating relationship 'host_to_software': Host-[:RUNS]->Software
2026-02-12 17:39:49,319 - graph_builder.relationship_manager - INFO - Created 716 RUNS relationships from Host to Software
2026-02-12 17:39:49,319 - graph_builder.relationship_manager - INFO - Creating relationship 'asset_to_software': Asset-[:RUNS_SOFTWARE]->Software
2026-02-12 17:39:49,342 - graph_builder.relationship_manager - INFO - Created 716 RUNS_SOFTWARE relationships from Asset to Software
2026-02-12 17:39:49,342 - graph_builder.relationship_manager - INFO - Creating relationship 'software_to_vulnerability': Software-[:HAS_VULNERABILITY]->Vulnerability
2026-02-12 17:39:49,348 - graph_builder.relationship_manager - INFO - Created 40 HAS_VULNERABILITY relationships from Software to Vulnerability
2026-02-12 17:39:49,348 - graph_builder.relationship_manager - INFO - Creating relationship 'vulnerability_to_asset': Vulnerability-[:AFFECTS]->Asset
2026-02-12 17:39:49,354 - graph_builder.relationship_manager - INFO - Created 40 AFFECTS relationships from Vulnerability to Asset
2026-02-12 17:39:49,354 - graph_builder.relationship_manager - INFO - Creating relationship 'asset_to_assetgroup': Asset-[:LOCATED_IN]->AssetGroup
2026-02-12 17:39:49,358 - graph_builder.relationship_manager - ERROR - Failed to create relationships from source LOCATED_IN: 'list' object has no attribute 'get'
2026-02-12 17:39:49,358 - graph_builder.relationship_manager - INFO - Creating relationship 'asset_to_hardware': Asset-[:HAS_HARDWARE]->Hardware
2026-02-12 17:39:49,363 - graph_builder.relationship_manager - INFO - Created 5 HAS_HARDWARE relationships from Asset to Hardware
2026-02-12 17:39:49,363 - graph_builder.graph_builder - INFO - asset_to_host: 5 relationships created
2026-02-12 17:39:49,364 - graph_builder.graph_builder - INFO - host_to_software: 716 relationships created
2026-02-12 17:39:49,364 - graph_builder.graph_builder - INFO - asset_to_software: 716 relationships created
2026-02-12 17:39:49,364 - graph_builder.graph_builder - INFO - software_to_vulnerability: 40 relationships created
2026-02-12 17:39:49,364 - graph_builder.graph_builder - INFO - vulnerability_to_asset: 40 relationships created
2026-02-12 17:39:49,364 - graph_builder.graph_builder - INFO - asset_to_assetgroup: 0 relationships created
2026-02-12 17:39:49,364 - graph_builder.graph_builder - INFO - asset_to_hardware: 5 relationships created
2026-02-12 17:39:49,364 - graph_builder.neo4j_connection - INFO - Neo4j connection closed
2026-02-12 17:39:49,365 - __main__ - INFO - Graph building process completed successfully
2026-02-12 17:40:45,246 - __main__ - INFO - ============================================================
2026-02-12 17:40:45,247 - __main__ - INFO - Neo4j Graph Builder
2026-02-12 17:40:45,247 - __main__ - INFO - ============================================================
2026-02-12 17:40:45,248 - __main__ - INFO - Using latest asset nodes file: extracted_data\asset_nodes_20260212_151155.json
2026-02-12 17:40:45,248 - __main__ - INFO - Using latest host nodes file: extracted_data\host_nodes_20260212_130327.json
2026-02-12 17:40:45,249 - __main__ - INFO - Using latest software nodes file: extracted_data\software_nodes_20260212_141701.json
2026-02-12 17:40:45,250 - __main__ - INFO - Using latest vulnerability nodes file: extracted_data\vulnerability_nodes_20260212_144747.json
2026-02-12 17:40:45,251 - __main__ - INFO - Using latest assetgroup nodes file: extracted_data\assetgroup_nodes_20260212_150847.json
2026-02-12 17:40:45,251 - __main__ - INFO - Using latest hardware nodes file: extracted_data\hardware_nodes_20260212_152416.json
2026-02-12 17:40:45,251 - __main__ - INFO - 
Initializing graph builder...
2026-02-12 17:40:45,254 - graph_builder.neo4j_connection - INFO - Loaded Neo4j configuration from neo4j_config.yaml
2026-02-12 17:40:45,254 - graph_builder.neo4j_connection - INFO - Connecting to Neo4j at bolt://localhost:7687 with username: neo4j
2026-02-12 17:40:47,344 - graph_builder.neo4j_connection - INFO - Neo4j connection test successful
2026-02-12 17:40:47,345 - graph_builder.neo4j_connection - INFO - Successfully connected to Neo4j at bolt://localhost:7687
2026-02-12 17:40:47,409 - graph_builder.constraints_manager - INFO - Loaded graph configuration from graph_config.yaml
2026-02-12 17:40:47,476 - graph_builder.relationship_manager - INFO - Loaded graph configuration from graph_config.yaml
2026-02-12 17:40:47,484 - graph_builder.source_data_loader - INFO - Loaded paths configuration from paths_config.yaml
2026-02-12 17:40:47,484 - __main__ - INFO - 
Setting up constraints...
2026-02-12 17:40:47,484 - graph_builder.graph_builder - INFO - ============================================================
2026-02-12 17:40:47,485 - graph_builder.graph_builder - INFO - Setting up Neo4j constraints and indexes
2026-02-12 17:40:47,485 - graph_builder.graph_builder - INFO - ============================================================
2026-02-12 17:40:47,485 - graph_builder.constraints_manager - INFO - Creating constraints for node type: asset
2026-02-12 17:40:47,490 - graph_builder.constraints_manager - INFO - Created UNIQUE constraint 'unique_asset_id' on Asset(asset_id)
2026-02-12 17:40:47,491 - graph_builder.constraints_manager - INFO - Creating constraints for node type: host
2026-02-12 17:40:47,494 - graph_builder.constraints_manager - INFO - Created composite UNIQUE constraint 'unique_host_composite' on Host(agent_id, os_name)
2026-02-12 17:40:47,494 - graph_builder.constraints_manager - INFO - Creating constraints for node type: software
2026-02-12 17:40:47,500 - graph_builder.constraints_manager - INFO - Created composite UNIQUE constraint 'unique_software_composite' on Software(agent_id, name, version)
2026-02-12 17:40:47,501 - graph_builder.constraints_manager - INFO - Creating constraints for node type: vulnerability
2026-02-12 17:40:47,504 - graph_builder.constraints_manager - INFO - Created UNIQUE constraint 'unique_cve_id' on Vulnerability(cve_id)
2026-02-12 17:40:47,505 - graph_builder.constraints_manager - INFO - Creating constraints for node type: assetgroup
2026-02-12 17:40:47,508 - graph_builder.constraints_manager - INFO - Created UNIQUE constraint 'unique_assetgroup_name' on AssetGroup(name)
2026-02-12 17:40:47,508 - graph_builder.constraints_manager - INFO - Creating constraints for node type: hardware
2026-02-12 17:40:47,511 - graph_builder.constraints_manager - INFO - Created composite UNIQUE constraint 'unique_hardware_composite' on Hardware(agent_id, name)
2026-02-12 17:40:47,512 - graph_builder.graph_builder - INFO - asset: 1/1 constraints created successfully
2026-02-12 17:40:47,512 - graph_builder.graph_builder - INFO - host: 1/1 constraints created successfully
2026-02-12 17:40:47,512 - graph_builder.graph_builder - INFO - software: 1/1 constraints created successfully
2026-02-12 17:40:47,512 - graph_builder.graph_builder - INFO - vulnerability: 1/1 constraints created successfully
2026-02-12 17:40:47,512 - graph_builder.graph_builder - INFO - assetgroup: 1/1 constraints created successfully
2026-02-12 17:40:47,512 - graph_builder.graph_builder - INFO - hardware: 1/1 constraints created successfully
2026-02-12 17:40:47,512 - __main__ - INFO - 
Inserting asset nodes...
2026-02-12 17:40:47,513 - graph_builder.graph_builder - INFO - ============================================================
2026-02-12 17:40:47,513 - graph_builder.graph_builder - INFO - Inserting ASSET nodes into Neo4j
2026-02-12 17:40:47,513 - graph_builder.graph_builder - INFO - ============================================================
2026-02-12 17:40:47,513 - graph_builder.node_inserter - INFO - Loading nodes from: extracted_data\asset_nodes_20260212_151155.json
2026-02-12 17:40:47,514 - graph_builder.node_inserter - INFO - Loaded 5 nodes from JSON file
2026-02-12 17:40:47,519 - graph_builder.graph_builder - INFO - Existing Asset nodes in database: 5
2026-02-12 17:40:47,520 - graph_builder.node_inserter - INFO - Inserting 5 Asset nodes in batches of 100
2026-02-12 17:40:47,520 - graph_builder.node_inserter - INFO - Processing batch 1/1 (5 nodes)
2026-02-12 17:40:47,559 - graph_builder.node_inserter - INFO - Batch insertion complete: 5 succeeded, 0 failed
2026-02-12 17:40:47,562 - graph_builder.graph_builder - INFO - Total Asset nodes in database after insertion: 5
2026-02-12 17:40:47,562 - __main__ - INFO - 
Inserting host nodes...
2026-02-12 17:40:47,563 - graph_builder.graph_builder - INFO - ============================================================
2026-02-12 17:40:47,563 - graph_builder.graph_builder - INFO - Inserting HOST nodes into Neo4j
2026-02-12 17:40:47,563 - graph_builder.graph_builder - INFO - ============================================================
2026-02-12 17:40:47,563 - graph_builder.node_inserter - INFO - Loading nodes from: extracted_data\host_nodes_20260212_130327.json
2026-02-12 17:40:47,565 - graph_builder.node_inserter - INFO - Loaded 5 nodes from JSON file
2026-02-12 17:40:47,570 - graph_builder.graph_builder - INFO - Existing Host nodes in database: 5
2026-02-12 17:40:47,570 - graph_builder.node_inserter - INFO - Inserting 5 Host nodes in batches of 100
2026-02-12 17:40:47,571 - graph_builder.node_inserter - INFO - Processing batch 1/1 (5 nodes)
2026-02-12 17:40:47,638 - graph_builder.node_inserter - INFO - Batch insertion complete: 5 succeeded, 0 failed
2026-02-12 17:40:47,641 - graph_builder.graph_builder - INFO - Total Host nodes in database after insertion: 5
2026-02-12 17:40:47,641 - __main__ - INFO - 
Inserting software nodes...
2026-02-12 17:40:47,642 - graph_builder.graph_builder - INFO - ============================================================
2026-02-12 17:40:47,642 - graph_builder.graph_builder - INFO - Inserting SOFTWARE nodes into Neo4j
2026-02-12 17:40:47,642 - graph_builder.graph_builder - INFO - ============================================================
2026-02-12 17:40:47,642 - graph_builder.node_inserter - INFO - Loading nodes from: extracted_data\software_nodes_20260212_141701.json
2026-02-12 17:40:47,645 - graph_builder.node_inserter - INFO - Loaded 723 nodes from JSON file
2026-02-12 17:40:47,650 - graph_builder.graph_builder - INFO - Existing Software nodes in database: 716
2026-02-12 17:40:47,650 - graph_builder.node_inserter - INFO - Inserting 723 Software nodes in batches of 100
2026-02-12 17:40:47,651 - graph_builder.node_inserter - INFO - Processing batch 1/8 (100 nodes)
2026-02-12 17:40:48,195 - graph_builder.node_inserter - INFO - Processing batch 2/8 (100 nodes)
2026-02-12 17:40:48,842 - graph_builder.node_inserter - INFO - Processing batch 3/8 (100 nodes)
2026-02-12 17:40:49,344 - graph_builder.node_inserter - INFO - Processing batch 4/8 (100 nodes)
2026-02-12 17:40:49,745 - graph_builder.node_inserter - INFO - Processing batch 5/8 (100 nodes)
2026-02-12 17:40:50,176 - graph_builder.node_inserter - INFO - Processing batch 6/8 (100 nodes)
2026-02-12 17:40:50,673 - graph_builder.node_inserter - INFO - Processing batch 7/8 (100 nodes)
2026-02-12 17:40:51,098 - graph_builder.node_inserter - INFO - Processing batch 8/8 (23 nodes)
2026-02-12 17:40:51,193 - graph_builder.node_inserter - INFO - Batch insertion complete: 723 succeeded, 0 failed
2026-02-12 17:40:51,196 - graph_builder.graph_builder - INFO - Total Software nodes in database after insertion: 716
2026-02-12 17:40:51,196 - __main__ - INFO - 
Inserting vulnerability nodes...
2026-02-12 17:40:51,197 - graph_builder.graph_builder - INFO - ============================================================
2026-02-12 17:40:51,197 - graph_builder.graph_builder - INFO - Inserting VULNERABILITY nodes into Neo4j
2026-02-12 17:40:51,197 - graph_builder.graph_builder - INFO - ============================================================
2026-02-12 17:40:51,197 - graph_builder.node_inserter - INFO - Loading nodes from: extracted_data\vulnerability_nodes_20260212_144747.json
2026-02-12 17:40:51,198 - graph_builder.node_inserter - INFO - Loaded 53 nodes from JSON file
2026-02-12 17:40:51,201 - graph_builder.graph_builder - INFO - Existing Vulnerability nodes in database: 40
2026-02-12 17:40:51,201 - graph_builder.node_inserter - INFO - Inserting 53 Vulnerability nodes in batches of 100
2026-02-12 17:40:51,202 - graph_builder.node_inserter - INFO - Processing batch 1/1 (53 nodes)
2026-02-12 17:40:51,448 - graph_builder.node_inserter - INFO - Batch insertion complete: 53 succeeded, 0 failed
2026-02-12 17:40:51,450 - graph_builder.graph_builder - INFO - Total Vulnerability nodes in database after insertion: 40
2026-02-12 17:40:51,450 - __main__ - INFO - 
Inserting assetgroup nodes...
2026-02-12 17:40:51,451 - graph_builder.graph_builder - INFO - ============================================================
2026-02-12 17:40:51,451 - graph_builder.graph_builder - INFO - Inserting ASSETGROUP nodes into Neo4j
2026-02-12 17:40:51,451 - graph_builder.graph_builder - INFO - ============================================================
2026-02-12 17:40:51,451 - graph_builder.node_inserter - INFO - Loading nodes from: extracted_data\assetgroup_nodes_20260212_150847.json
2026-02-12 17:40:51,452 - graph_builder.node_inserter - INFO - Loaded 1 nodes from JSON file
2026-02-12 17:40:51,455 - graph_builder.graph_builder - INFO - Existing AssetGroup nodes in database: 1
2026-02-12 17:40:51,455 - graph_builder.node_inserter - INFO - Inserting 1 AssetGroup nodes in batches of 100
2026-02-12 17:40:51,455 - graph_builder.node_inserter - INFO - Processing batch 1/1 (1 nodes)
2026-02-12 17:40:51,459 - graph_builder.node_inserter - INFO - Batch insertion complete: 1 succeeded, 0 failed
2026-02-12 17:40:51,462 - graph_builder.graph_builder - INFO - Total AssetGroup nodes in database after insertion: 1
2026-02-12 17:40:51,462 - __main__ - INFO - 
Inserting hardware nodes...
2026-02-12 17:40:51,462 - graph_builder.graph_builder - INFO - ============================================================
2026-02-12 17:40:51,462 - graph_builder.graph_builder - INFO - Inserting HARDWARE nodes into Neo4j
2026-02-12 17:40:51,462 - graph_builder.graph_builder - INFO - ============================================================
2026-02-12 17:40:51,462 - graph_builder.node_inserter - INFO - Loading nodes from: extracted_data\hardware_nodes_20260212_152416.json
2026-02-12 17:40:51,463 - graph_builder.node_inserter - INFO - Loaded 5 nodes from JSON file
2026-02-12 17:40:51,465 - graph_builder.graph_builder - INFO - Existing Hardware nodes in database: 5
2026-02-12 17:40:51,465 - graph_builder.node_inserter - INFO - Inserting 5 Hardware nodes in batches of 100
2026-02-12 17:40:51,465 - graph_builder.node_inserter - INFO - Processing batch 1/1 (5 nodes)
2026-02-12 17:40:51,491 - graph_builder.node_inserter - INFO - Batch insertion complete: 5 succeeded, 0 failed
2026-02-12 17:40:51,494 - graph_builder.graph_builder - INFO - Total Hardware nodes in database after insertion: 5
2026-02-12 17:40:51,494 - __main__ - INFO - 
Creating relationships...
2026-02-12 17:40:51,494 - graph_builder.graph_builder - INFO - ============================================================
2026-02-12 17:40:51,494 - graph_builder.graph_builder - INFO - Creating Relationships
2026-02-12 17:40:51,494 - graph_builder.graph_builder - INFO - ============================================================
2026-02-12 17:40:51,495 - graph_builder.relationship_manager - INFO - Creating relationship 'asset_to_host': Asset-[:IS_HOST]->Host
2026-02-12 17:40:51,499 - graph_builder.relationship_manager - INFO - Created 5 IS_HOST relationships from Asset to Host
2026-02-12 17:40:51,499 - graph_builder.relationship_manager - INFO - Creating relationship 'host_to_software': Host-[:RUNS]->Software
2026-02-12 17:40:51,512 - graph_builder.relationship_manager - INFO - Created 716 RUNS relationships from Host to Software
2026-02-12 17:40:51,512 - graph_builder.relationship_manager - INFO - Creating relationship 'asset_to_software': Asset-[:RUNS_SOFTWARE]->Software
2026-02-12 17:40:51,530 - graph_builder.relationship_manager - INFO - Created 716 RUNS_SOFTWARE relationships from Asset to Software
2026-02-12 17:40:51,530 - graph_builder.relationship_manager - INFO - Creating relationship 'software_to_vulnerability': Software-[:HAS_VULNERABILITY]->Vulnerability
2026-02-12 17:40:51,537 - graph_builder.relationship_manager - INFO - Created 40 HAS_VULNERABILITY relationships from Software to Vulnerability
2026-02-12 17:40:51,537 - graph_builder.relationship_manager - INFO - Creating relationship 'vulnerability_to_asset': Vulnerability-[:AFFECTS]->Asset
2026-02-12 17:40:51,543 - graph_builder.relationship_manager - INFO - Created 40 AFFECTS relationships from Vulnerability to Asset
2026-02-12 17:40:51,543 - graph_builder.relationship_manager - INFO - Creating relationship 'asset_to_assetgroup': Asset-[:LOCATED_IN]->AssetGroup
2026-02-12 17:40:51,546 - graph_builder.relationship_manager - WARNING - No matching values found in source data
2026-02-12 17:40:51,546 - graph_builder.relationship_manager - INFO - Creating relationship 'asset_to_hardware': Asset-[:HAS_HARDWARE]->Hardware
2026-02-12 17:40:51,551 - graph_builder.relationship_manager - INFO - Created 5 HAS_HARDWARE relationships from Asset to Hardware
2026-02-12 17:40:51,552 - graph_builder.graph_builder - INFO - asset_to_host: 5 relationships created
2026-02-12 17:40:51,552 - graph_builder.graph_builder - INFO - host_to_software: 716 relationships created
2026-02-12 17:40:51,552 - graph_builder.graph_builder - INFO - asset_to_software: 716 relationships created
2026-02-12 17:40:51,553 - graph_builder.graph_builder - INFO - software_to_vulnerability: 40 relationships created
2026-02-12 17:40:51,553 - graph_builder.graph_builder - INFO - vulnerability_to_asset: 40 relationships created
2026-02-12 17:40:51,553 - graph_builder.graph_builder - INFO - asset_to_assetgroup: 0 relationships created
2026-02-12 17:40:51,554 - graph_builder.graph_builder - INFO - asset_to_hardware: 5 relationships created
2026-02-12 17:40:51,555 - graph_builder.neo4j_connection - INFO - Neo4j connection closed
2026-02-12 17:40:51,555 - __main__ - INFO - Graph building process completed successfully
2026-02-12 17:43:03,258 - __main__ - INFO - ============================================================
2026-02-12 17:43:03,259 - __main__ - INFO - Neo4j Graph Builder
2026-02-12 17:43:03,259 - __main__ - INFO - ============================================================
2026-02-12 17:43:03,260 - __main__ - INFO - Using latest asset nodes file: extracted_data\asset_nodes_20260212_151155.json
2026-02-12 17:43:03,260 - __main__ - INFO - Using latest host nodes file: extracted_data\host_nodes_20260212_130327.json
2026-02-12 17:43:03,261 - __main__ - INFO - Using latest software nodes file: extracted_data\software_nodes_20260212_141701.json
2026-02-12 17:43:03,262 - __main__ - INFO - Using latest vulnerability nodes file: extracted_data\vulnerability_nodes_20260212_144747.json
2026-02-12 17:43:03,262 - __main__ - INFO - Using latest assetgroup nodes file: extracted_data\assetgroup_nodes_20260212_150847.json
2026-02-12 17:43:03,263 - __main__ - INFO - Using latest hardware nodes file: extracted_data\hardware_nodes_20260212_152416.json
2026-02-12 17:43:03,263 - __main__ - INFO - 
Initializing graph builder...
2026-02-12 17:43:03,266 - graph_builder.neo4j_connection - INFO - Loaded Neo4j configuration from neo4j_config.yaml
2026-02-12 17:43:03,266 - graph_builder.neo4j_connection - INFO - Connecting to Neo4j at bolt://localhost:7687 with username: neo4j
2026-02-12 17:43:05,341 - graph_builder.neo4j_connection - INFO - Neo4j connection test successful
2026-02-12 17:43:05,341 - graph_builder.neo4j_connection - INFO - Successfully connected to Neo4j at bolt://localhost:7687
2026-02-12 17:43:05,401 - graph_builder.constraints_manager - INFO - Loaded graph configuration from graph_config.yaml
2026-02-12 17:43:05,460 - graph_builder.relationship_manager - INFO - Loaded graph configuration from graph_config.yaml
2026-02-12 17:43:05,467 - graph_builder.source_data_loader - INFO - Loaded paths configuration from paths_config.yaml
2026-02-12 17:43:05,467 - __main__ - INFO - 
Setting up constraints...
2026-02-12 17:43:05,467 - graph_builder.graph_builder - INFO - ============================================================
2026-02-12 17:43:05,467 - graph_builder.graph_builder - INFO - Setting up Neo4j constraints and indexes
2026-02-12 17:43:05,467 - graph_builder.graph_builder - INFO - ============================================================
2026-02-12 17:43:05,467 - graph_builder.constraints_manager - INFO - Creating constraints for node type: asset
2026-02-12 17:43:05,474 - graph_builder.constraints_manager - INFO - Created UNIQUE constraint 'unique_asset_id' on Asset(asset_id)
2026-02-12 17:43:05,475 - graph_builder.constraints_manager - INFO - Creating constraints for node type: host
2026-02-12 17:43:05,479 - graph_builder.constraints_manager - INFO - Created composite UNIQUE constraint 'unique_host_composite' on Host(agent_id, os_name)
2026-02-12 17:43:05,479 - graph_builder.constraints_manager - INFO - Creating constraints for node type: software
2026-02-12 17:43:05,482 - graph_builder.constraints_manager - INFO - Created composite UNIQUE constraint 'unique_software_composite' on Software(agent_id, name, version)
2026-02-12 17:43:05,483 - graph_builder.constraints_manager - INFO - Creating constraints for node type: vulnerability
2026-02-12 17:43:05,486 - graph_builder.constraints_manager - INFO - Created UNIQUE constraint 'unique_cve_id' on Vulnerability(cve_id)
2026-02-12 17:43:05,487 - graph_builder.constraints_manager - INFO - Creating constraints for node type: assetgroup
2026-02-12 17:43:05,493 - graph_builder.constraints_manager - INFO - Created UNIQUE constraint 'unique_assetgroup_name' on AssetGroup(name)
2026-02-12 17:43:05,493 - graph_builder.constraints_manager - INFO - Creating constraints for node type: hardware
2026-02-12 17:43:05,497 - graph_builder.constraints_manager - INFO - Created composite UNIQUE constraint 'unique_hardware_composite' on Hardware(agent_id, name)
2026-02-12 17:43:05,498 - graph_builder.graph_builder - INFO - asset: 1/1 constraints created successfully
2026-02-12 17:43:05,498 - graph_builder.graph_builder - INFO - host: 1/1 constraints created successfully
2026-02-12 17:43:05,498 - graph_builder.graph_builder - INFO - software: 1/1 constraints created successfully
2026-02-12 17:43:05,498 - graph_builder.graph_builder - INFO - vulnerability: 1/1 constraints created successfully
2026-02-12 17:43:05,498 - graph_builder.graph_builder - INFO - assetgroup: 1/1 constraints created successfully
2026-02-12 17:43:05,498 - graph_builder.graph_builder - INFO - hardware: 1/1 constraints created successfully
2026-02-12 17:43:05,499 - __main__ - INFO - 
Inserting asset nodes...
2026-02-12 17:43:05,499 - graph_builder.graph_builder - INFO - ============================================================
2026-02-12 17:43:05,499 - graph_builder.graph_builder - INFO - Inserting ASSET nodes into Neo4j
2026-02-12 17:43:05,499 - graph_builder.graph_builder - INFO - ============================================================
2026-02-12 17:43:05,499 - graph_builder.node_inserter - INFO - Loading nodes from: extracted_data\asset_nodes_20260212_151155.json
2026-02-12 17:43:05,500 - graph_builder.node_inserter - INFO - Loaded 5 nodes from JSON file
2026-02-12 17:43:05,504 - graph_builder.graph_builder - INFO - Existing Asset nodes in database: 5
2026-02-12 17:43:05,505 - graph_builder.node_inserter - INFO - Inserting 5 Asset nodes in batches of 100
2026-02-12 17:43:05,505 - graph_builder.node_inserter - INFO - Processing batch 1/1 (5 nodes)
2026-02-12 17:43:05,539 - graph_builder.node_inserter - INFO - Batch insertion complete: 5 succeeded, 0 failed
2026-02-12 17:43:05,544 - graph_builder.graph_builder - INFO - Total Asset nodes in database after insertion: 5
2026-02-12 17:43:05,544 - __main__ - INFO - 
Inserting host nodes...
2026-02-12 17:43:05,544 - graph_builder.graph_builder - INFO - ============================================================
2026-02-12 17:43:05,544 - graph_builder.graph_builder - INFO - Inserting HOST nodes into Neo4j
2026-02-12 17:43:05,545 - graph_builder.graph_builder - INFO - ============================================================
2026-02-12 17:43:05,545 - graph_builder.node_inserter - INFO - Loading nodes from: extracted_data\host_nodes_20260212_130327.json
2026-02-12 17:43:05,545 - graph_builder.node_inserter - INFO - Loaded 5 nodes from JSON file
2026-02-12 17:43:05,548 - graph_builder.graph_builder - INFO - Existing Host nodes in database: 5
2026-02-12 17:43:05,549 - graph_builder.node_inserter - INFO - Inserting 5 Host nodes in batches of 100
2026-02-12 17:43:05,549 - graph_builder.node_inserter - INFO - Processing batch 1/1 (5 nodes)
2026-02-12 17:43:05,578 - graph_builder.node_inserter - INFO - Batch insertion complete: 5 succeeded, 0 failed
2026-02-12 17:43:05,581 - graph_builder.graph_builder - INFO - Total Host nodes in database after insertion: 5
2026-02-12 17:43:05,581 - __main__ - INFO - 
Inserting software nodes...
2026-02-12 17:43:05,581 - graph_builder.graph_builder - INFO - ============================================================
2026-02-12 17:43:05,582 - graph_builder.graph_builder - INFO - Inserting SOFTWARE nodes into Neo4j
2026-02-12 17:43:05,582 - graph_builder.graph_builder - INFO - ============================================================
2026-02-12 17:43:05,582 - graph_builder.node_inserter - INFO - Loading nodes from: extracted_data\software_nodes_20260212_141701.json
2026-02-12 17:43:05,585 - graph_builder.node_inserter - INFO - Loaded 723 nodes from JSON file
2026-02-12 17:43:05,590 - graph_builder.graph_builder - INFO - Existing Software nodes in database: 716
2026-02-12 17:43:05,591 - graph_builder.node_inserter - INFO - Inserting 723 Software nodes in batches of 100
2026-02-12 17:43:05,591 - graph_builder.node_inserter - INFO - Processing batch 1/8 (100 nodes)
2026-02-12 17:43:06,131 - graph_builder.node_inserter - INFO - Processing batch 2/8 (100 nodes)
2026-02-12 17:43:06,737 - graph_builder.node_inserter - INFO - Processing batch 3/8 (100 nodes)
2026-02-12 17:43:07,236 - graph_builder.node_inserter - INFO - Processing batch 4/8 (100 nodes)
2026-02-12 17:43:07,656 - graph_builder.node_inserter - INFO - Processing batch 5/8 (100 nodes)
2026-02-12 17:43:08,133 - graph_builder.node_inserter - INFO - Processing batch 6/8 (100 nodes)
2026-02-12 17:43:08,553 - graph_builder.node_inserter - INFO - Processing batch 7/8 (100 nodes)
2026-02-12 17:43:08,953 - graph_builder.node_inserter - INFO - Processing batch 8/8 (23 nodes)
2026-02-12 17:43:09,051 - graph_builder.node_inserter - INFO - Batch insertion complete: 723 succeeded, 0 failed
2026-02-12 17:43:09,053 - graph_builder.graph_builder - INFO - Total Software nodes in database after insertion: 716
2026-02-12 17:43:09,053 - __main__ - INFO - 
Inserting vulnerability nodes...
2026-02-12 17:43:09,053 - graph_builder.graph_builder - INFO - ============================================================
2026-02-12 17:43:09,053 - graph_builder.graph_builder - INFO - Inserting VULNERABILITY nodes into Neo4j
2026-02-12 17:43:09,054 - graph_builder.graph_builder - INFO - ============================================================
2026-02-12 17:43:09,054 - graph_builder.node_inserter - INFO - Loading nodes from: extracted_data\vulnerability_nodes_20260212_144747.json
2026-02-12 17:43:09,055 - graph_builder.node_inserter - INFO - Loaded 53 nodes from JSON file
2026-02-12 17:43:09,057 - graph_builder.graph_builder - INFO - Existing Vulnerability nodes in database: 40
2026-02-12 17:43:09,057 - graph_builder.node_inserter - INFO - Inserting 53 Vulnerability nodes in batches of 100
2026-02-12 17:43:09,057 - graph_builder.node_inserter - INFO - Processing batch 1/1 (53 nodes)
2026-02-12 17:43:09,285 - graph_builder.node_inserter - INFO - Batch insertion complete: 53 succeeded, 0 failed
2026-02-12 17:43:09,287 - graph_builder.graph_builder - INFO - Total Vulnerability nodes in database after insertion: 40
2026-02-12 17:43:09,288 - __main__ - INFO - 
Inserting assetgroup nodes...
2026-02-12 17:43:09,288 - graph_builder.graph_builder - INFO - ============================================================
2026-02-12 17:43:09,288 - graph_builder.graph_builder - INFO - Inserting ASSETGROUP nodes into Neo4j
2026-02-12 17:43:09,288 - graph_builder.graph_builder - INFO - ============================================================
2026-02-12 17:43:09,288 - graph_builder.node_inserter - INFO - Loading nodes from: extracted_data\assetgroup_nodes_20260212_150847.json
2026-02-12 17:43:09,289 - graph_builder.node_inserter - INFO - Loaded 1 nodes from JSON file
2026-02-12 17:43:09,290 - graph_builder.graph_builder - INFO - Existing AssetGroup nodes in database: 1
2026-02-12 17:43:09,291 - graph_builder.node_inserter - INFO - Inserting 1 AssetGroup nodes in batches of 100
2026-02-12 17:43:09,291 - graph_builder.node_inserter - INFO - Processing batch 1/1 (1 nodes)
2026-02-12 17:43:09,296 - graph_builder.node_inserter - INFO - Batch insertion complete: 1 succeeded, 0 failed
2026-02-12 17:43:09,298 - graph_builder.graph_builder - INFO - Total AssetGroup nodes in database after insertion: 1
2026-02-12 17:43:09,298 - __main__ - INFO - 
Inserting hardware nodes...
2026-02-12 17:43:09,299 - graph_builder.graph_builder - INFO - ============================================================
2026-02-12 17:43:09,299 - graph_builder.graph_builder - INFO - Inserting HARDWARE nodes into Neo4j
2026-02-12 17:43:09,299 - graph_builder.graph_builder - INFO - ============================================================
2026-02-12 17:43:09,299 - graph_builder.node_inserter - INFO - Loading nodes from: extracted_data\hardware_nodes_20260212_152416.json
2026-02-12 17:43:09,299 - graph_builder.node_inserter - INFO - Loaded 5 nodes from JSON file
2026-02-12 17:43:09,301 - graph_builder.graph_builder - INFO - Existing Hardware nodes in database: 5
2026-02-12 17:43:09,302 - graph_builder.node_inserter - INFO - Inserting 5 Hardware nodes in batches of 100
2026-02-12 17:43:09,302 - graph_builder.node_inserter - INFO - Processing batch 1/1 (5 nodes)
2026-02-12 17:43:09,339 - graph_builder.node_inserter - INFO - Batch insertion complete: 5 succeeded, 0 failed
2026-02-12 17:43:09,342 - graph_builder.graph_builder - INFO - Total Hardware nodes in database after insertion: 5
2026-02-12 17:43:09,342 - __main__ - INFO - 
Creating relationships...
2026-02-12 17:43:09,342 - graph_builder.graph_builder - INFO - ============================================================
2026-02-12 17:43:09,342 - graph_builder.graph_builder - INFO - Creating Relationships
2026-02-12 17:43:09,342 - graph_builder.graph_builder - INFO - ============================================================
2026-02-12 17:43:09,342 - graph_builder.relationship_manager - INFO - Creating relationship 'asset_to_host': Asset-[:IS_HOST]->Host
2026-02-12 17:43:09,347 - graph_builder.relationship_manager - INFO - Created 5 IS_HOST relationships from Asset to Host
2026-02-12 17:43:09,347 - graph_builder.relationship_manager - INFO - Creating relationship 'host_to_software': Host-[:RUNS]->Software
2026-02-12 17:43:09,358 - graph_builder.relationship_manager - INFO - Created 716 RUNS relationships from Host to Software
2026-02-12 17:43:09,358 - graph_builder.relationship_manager - INFO - Creating relationship 'asset_to_software': Asset-[:RUNS_SOFTWARE]->Software
2026-02-12 17:43:09,373 - graph_builder.relationship_manager - INFO - Created 716 RUNS_SOFTWARE relationships from Asset to Software
2026-02-12 17:43:09,374 - graph_builder.relationship_manager - INFO - Creating relationship 'software_to_vulnerability': Software-[:HAS_VULNERABILITY]->Vulnerability
2026-02-12 17:43:09,381 - graph_builder.relationship_manager - INFO - Created 40 HAS_VULNERABILITY relationships from Software to Vulnerability
2026-02-12 17:43:09,381 - graph_builder.relationship_manager - INFO - Creating relationship 'vulnerability_to_asset': Vulnerability-[:AFFECTS]->Asset
2026-02-12 17:43:09,385 - graph_builder.relationship_manager - INFO - Created 40 AFFECTS relationships from Vulnerability to Asset
2026-02-12 17:43:09,386 - graph_builder.relationship_manager - INFO - Creating relationship 'asset_to_assetgroup': Asset-[:LOCATED_IN]->AssetGroup
2026-02-12 17:43:09,389 - graph_builder.relationship_manager - INFO - Prepared 0 relationships to create from source data
2026-02-12 17:43:09,389 - graph_builder.relationship_manager - WARNING - No matching values found in source data
2026-02-12 17:43:09,390 - graph_builder.relationship_manager - INFO - Creating relationship 'asset_to_hardware': Asset-[:HAS_HARDWARE]->Hardware
2026-02-12 17:43:09,395 - graph_builder.relationship_manager - INFO - Created 5 HAS_HARDWARE relationships from Asset to Hardware
2026-02-12 17:43:09,396 - graph_builder.graph_builder - INFO - asset_to_host: 5 relationships created
2026-02-12 17:43:09,396 - graph_builder.graph_builder - INFO - host_to_software: 716 relationships created
2026-02-12 17:43:09,396 - graph_builder.graph_builder - INFO - asset_to_software: 716 relationships created
2026-02-12 17:43:09,396 - graph_builder.graph_builder - INFO - software_to_vulnerability: 40 relationships created
2026-02-12 17:43:09,396 - graph_builder.graph_builder - INFO - vulnerability_to_asset: 40 relationships created
2026-02-12 17:43:09,397 - graph_builder.graph_builder - INFO - asset_to_assetgroup: 0 relationships created
2026-02-12 17:43:09,397 - graph_builder.graph_builder - INFO - asset_to_hardware: 5 relationships created
2026-02-12 17:43:09,398 - graph_builder.neo4j_connection - INFO - Neo4j connection closed
2026-02-12 17:43:09,398 - __main__ - INFO - Graph building process completed successfully
2026-02-12 17:45:04,609 - __main__ - INFO - ============================================================
2026-02-12 17:45:04,609 - __main__ - INFO - Neo4j Graph Builder
2026-02-12 17:45:04,610 - __main__ - INFO - ============================================================
2026-02-12 17:45:04,610 - __main__ - INFO - Using latest asset nodes file: extracted_data\asset_nodes_20260212_151155.json
2026-02-12 17:45:04,611 - __main__ - INFO - Using latest host nodes file: extracted_data\host_nodes_20260212_130327.json
2026-02-12 17:45:04,612 - __main__ - INFO - Using latest software nodes file: extracted_data\software_nodes_20260212_141701.json
2026-02-12 17:45:04,613 - __main__ - INFO - Using latest vulnerability nodes file: extracted_data\vulnerability_nodes_20260212_144747.json
2026-02-12 17:45:04,613 - __main__ - INFO - Using latest assetgroup nodes file: extracted_data\assetgroup_nodes_20260212_150847.json
2026-02-12 17:45:04,614 - __main__ - INFO - Using latest hardware nodes file: extracted_data\hardware_nodes_20260212_152416.json
2026-02-12 17:45:04,614 - __main__ - INFO - 
Initializing graph builder...
2026-02-12 17:45:04,618 - graph_builder.neo4j_connection - INFO - Loaded Neo4j configuration from neo4j_config.yaml
2026-02-12 17:45:04,618 - graph_builder.neo4j_connection - INFO - Connecting to Neo4j at bolt://localhost:7687 with username: neo4j
2026-02-12 17:45:06,693 - graph_builder.neo4j_connection - INFO - Neo4j connection test successful
2026-02-12 17:45:06,694 - graph_builder.neo4j_connection - INFO - Successfully connected to Neo4j at bolt://localhost:7687
2026-02-12 17:45:06,862 - graph_builder.constraints_manager - INFO - Loaded graph configuration from graph_config.yaml
2026-02-12 17:45:06,979 - graph_builder.relationship_manager - INFO - Loaded graph configuration from graph_config.yaml
2026-02-12 17:45:06,990 - graph_builder.source_data_loader - INFO - Loaded paths configuration from paths_config.yaml
2026-02-12 17:45:06,991 - __main__ - INFO - 
Setting up constraints...
2026-02-12 17:45:06,991 - graph_builder.graph_builder - INFO - ============================================================
2026-02-12 17:45:06,991 - graph_builder.graph_builder - INFO - Setting up Neo4j constraints and indexes
2026-02-12 17:45:06,991 - graph_builder.graph_builder - INFO - ============================================================
2026-02-12 17:45:06,991 - graph_builder.constraints_manager - INFO - Creating constraints for node type: asset
2026-02-12 17:45:07,001 - graph_builder.constraints_manager - INFO - Created UNIQUE constraint 'unique_asset_id' on Asset(asset_id)
2026-02-12 17:45:07,002 - graph_builder.constraints_manager - INFO - Creating constraints for node type: host
2026-02-12 17:45:07,007 - graph_builder.constraints_manager - INFO - Created composite UNIQUE constraint 'unique_host_composite' on Host(agent_id, os_name)
2026-02-12 17:45:07,007 - graph_builder.constraints_manager - INFO - Creating constraints for node type: software
2026-02-12 17:45:07,011 - graph_builder.constraints_manager - INFO - Created composite UNIQUE constraint 'unique_software_composite' on Software(agent_id, name, version)
2026-02-12 17:45:07,012 - graph_builder.constraints_manager - INFO - Creating constraints for node type: vulnerability
2026-02-12 17:45:07,020 - graph_builder.constraints_manager - INFO - Created UNIQUE constraint 'unique_cve_id' on Vulnerability(cve_id)
2026-02-12 17:45:07,020 - graph_builder.constraints_manager - INFO - Creating constraints for node type: assetgroup
2026-02-12 17:45:07,026 - graph_builder.constraints_manager - INFO - Created UNIQUE constraint 'unique_assetgroup_name' on AssetGroup(name)
2026-02-12 17:45:07,026 - graph_builder.constraints_manager - INFO - Creating constraints for node type: hardware
2026-02-12 17:45:07,034 - graph_builder.constraints_manager - INFO - Created composite UNIQUE constraint 'unique_hardware_composite' on Hardware(agent_id, name)
2026-02-12 17:45:07,035 - graph_builder.graph_builder - INFO - asset: 1/1 constraints created successfully
2026-02-12 17:45:07,035 - graph_builder.graph_builder - INFO - host: 1/1 constraints created successfully
2026-02-12 17:45:07,035 - graph_builder.graph_builder - INFO - software: 1/1 constraints created successfully
2026-02-12 17:45:07,036 - graph_builder.graph_builder - INFO - vulnerability: 1/1 constraints created successfully
2026-02-12 17:45:07,036 - graph_builder.graph_builder - INFO - assetgroup: 1/1 constraints created successfully
2026-02-12 17:45:07,036 - graph_builder.graph_builder - INFO - hardware: 1/1 constraints created successfully
2026-02-12 17:45:07,036 - __main__ - INFO - 
Inserting asset nodes...
2026-02-12 17:45:07,037 - graph_builder.graph_builder - INFO - ============================================================
2026-02-12 17:45:07,037 - graph_builder.graph_builder - INFO - Inserting ASSET nodes into Neo4j
2026-02-12 17:45:07,037 - graph_builder.graph_builder - INFO - ============================================================
2026-02-12 17:45:07,037 - graph_builder.node_inserter - INFO - Loading nodes from: extracted_data\asset_nodes_20260212_151155.json
2026-02-12 17:45:07,038 - graph_builder.node_inserter - INFO - Loaded 5 nodes from JSON file
2026-02-12 17:45:07,060 - graph_builder.graph_builder - INFO - Existing Asset nodes in database: 5
2026-02-12 17:45:07,060 - graph_builder.node_inserter - INFO - Inserting 5 Asset nodes in batches of 100
2026-02-12 17:45:07,060 - graph_builder.node_inserter - INFO - Processing batch 1/1 (5 nodes)
2026-02-12 17:45:07,103 - graph_builder.node_inserter - INFO - Batch insertion complete: 5 succeeded, 0 failed
2026-02-12 17:45:07,106 - graph_builder.graph_builder - INFO - Total Asset nodes in database after insertion: 5
2026-02-12 17:45:07,106 - __main__ - INFO - 
Inserting host nodes...
2026-02-12 17:45:07,106 - graph_builder.graph_builder - INFO - ============================================================
2026-02-12 17:45:07,107 - graph_builder.graph_builder - INFO - Inserting HOST nodes into Neo4j
2026-02-12 17:45:07,107 - graph_builder.graph_builder - INFO - ============================================================
2026-02-12 17:45:07,107 - graph_builder.node_inserter - INFO - Loading nodes from: extracted_data\host_nodes_20260212_130327.json
2026-02-12 17:45:07,108 - graph_builder.node_inserter - INFO - Loaded 5 nodes from JSON file
2026-02-12 17:45:07,138 - graph_builder.graph_builder - INFO - Existing Host nodes in database: 5
2026-02-12 17:45:07,138 - graph_builder.node_inserter - INFO - Inserting 5 Host nodes in batches of 100
2026-02-12 17:45:07,138 - graph_builder.node_inserter - INFO - Processing batch 1/1 (5 nodes)
2026-02-12 17:45:07,197 - graph_builder.node_inserter - INFO - Batch insertion complete: 5 succeeded, 0 failed
2026-02-12 17:45:07,206 - graph_builder.graph_builder - INFO - Total Host nodes in database after insertion: 5
2026-02-12 17:45:07,207 - __main__ - INFO - 
Inserting software nodes...
2026-02-12 17:45:07,207 - graph_builder.graph_builder - INFO - ============================================================
2026-02-12 17:45:07,207 - graph_builder.graph_builder - INFO - Inserting SOFTWARE nodes into Neo4j
2026-02-12 17:45:07,207 - graph_builder.graph_builder - INFO - ============================================================
2026-02-12 17:45:07,207 - graph_builder.node_inserter - INFO - Loading nodes from: extracted_data\software_nodes_20260212_141701.json
2026-02-12 17:45:07,210 - graph_builder.node_inserter - INFO - Loaded 723 nodes from JSON file
2026-02-12 17:45:07,228 - graph_builder.graph_builder - INFO - Existing Software nodes in database: 716
2026-02-12 17:45:07,229 - graph_builder.node_inserter - INFO - Inserting 723 Software nodes in batches of 100
2026-02-12 17:45:07,229 - graph_builder.node_inserter - INFO - Processing batch 1/8 (100 nodes)
2026-02-12 17:45:07,887 - graph_builder.node_inserter - INFO - Processing batch 2/8 (100 nodes)
2026-02-12 17:45:08,487 - graph_builder.node_inserter - INFO - Processing batch 3/8 (100 nodes)
2026-02-12 17:45:08,837 - graph_builder.node_inserter - INFO - Processing batch 4/8 (100 nodes)
2026-02-12 17:45:09,204 - graph_builder.node_inserter - INFO - Processing batch 5/8 (100 nodes)
2026-02-12 17:45:09,560 - graph_builder.node_inserter - INFO - Processing batch 6/8 (100 nodes)
2026-02-12 17:45:09,937 - graph_builder.node_inserter - INFO - Processing batch 7/8 (100 nodes)
2026-02-12 17:45:10,427 - graph_builder.node_inserter - INFO - Processing batch 8/8 (23 nodes)
2026-02-12 17:45:10,505 - graph_builder.node_inserter - INFO - Batch insertion complete: 723 succeeded, 0 failed
2026-02-12 17:45:10,507 - graph_builder.graph_builder - INFO - Total Software nodes in database after insertion: 716
2026-02-12 17:45:10,507 - __main__ - INFO - 
Inserting vulnerability nodes...
2026-02-12 17:45:10,507 - graph_builder.graph_builder - INFO - ============================================================
2026-02-12 17:45:10,507 - graph_builder.graph_builder - INFO - Inserting VULNERABILITY nodes into Neo4j
2026-02-12 17:45:10,507 - graph_builder.graph_builder - INFO - ============================================================
2026-02-12 17:45:10,508 - graph_builder.node_inserter - INFO - Loading nodes from: extracted_data\vulnerability_nodes_20260212_144747.json
2026-02-12 17:45:10,509 - graph_builder.node_inserter - INFO - Loaded 53 nodes from JSON file
2026-02-12 17:45:10,520 - graph_builder.graph_builder - INFO - Existing Vulnerability nodes in database: 40
2026-02-12 17:45:10,520 - graph_builder.node_inserter - INFO - Inserting 53 Vulnerability nodes in batches of 100
2026-02-12 17:45:10,521 - graph_builder.node_inserter - INFO - Processing batch 1/1 (53 nodes)
2026-02-12 17:45:10,720 - graph_builder.node_inserter - INFO - Batch insertion complete: 53 succeeded, 0 failed
2026-02-12 17:45:10,723 - graph_builder.graph_builder - INFO - Total Vulnerability nodes in database after insertion: 40
2026-02-12 17:45:10,723 - __main__ - INFO - 
Inserting assetgroup nodes...
2026-02-12 17:45:10,723 - graph_builder.graph_builder - INFO - ============================================================
2026-02-12 17:45:10,723 - graph_builder.graph_builder - INFO - Inserting ASSETGROUP nodes into Neo4j
2026-02-12 17:45:10,723 - graph_builder.graph_builder - INFO - ============================================================
2026-02-12 17:45:10,723 - graph_builder.node_inserter - INFO - Loading nodes from: extracted_data\assetgroup_nodes_20260212_150847.json
2026-02-12 17:45:10,724 - graph_builder.node_inserter - INFO - Loaded 1 nodes from JSON file
2026-02-12 17:45:10,738 - graph_builder.graph_builder - INFO - Existing AssetGroup nodes in database: 1
2026-02-12 17:45:10,738 - graph_builder.node_inserter - INFO - Inserting 1 AssetGroup nodes in batches of 100
2026-02-12 17:45:10,738 - graph_builder.node_inserter - INFO - Processing batch 1/1 (1 nodes)
2026-02-12 17:45:10,742 - graph_builder.node_inserter - INFO - Batch insertion complete: 1 succeeded, 0 failed
2026-02-12 17:45:10,744 - graph_builder.graph_builder - INFO - Total AssetGroup nodes in database after insertion: 1
2026-02-12 17:45:10,744 - __main__ - INFO - 
Inserting hardware nodes...
2026-02-12 17:45:10,744 - graph_builder.graph_builder - INFO - ============================================================
2026-02-12 17:45:10,745 - graph_builder.graph_builder - INFO - Inserting HARDWARE nodes into Neo4j
2026-02-12 17:45:10,745 - graph_builder.graph_builder - INFO - ============================================================
2026-02-12 17:45:10,745 - graph_builder.node_inserter - INFO - Loading nodes from: extracted_data\hardware_nodes_20260212_152416.json
2026-02-12 17:45:10,745 - graph_builder.node_inserter - INFO - Loaded 5 nodes from JSON file
2026-02-12 17:45:10,757 - graph_builder.graph_builder - INFO - Existing Hardware nodes in database: 5
2026-02-12 17:45:10,757 - graph_builder.node_inserter - INFO - Inserting 5 Hardware nodes in batches of 100
2026-02-12 17:45:10,757 - graph_builder.node_inserter - INFO - Processing batch 1/1 (5 nodes)
2026-02-12 17:45:10,776 - graph_builder.node_inserter - INFO - Batch insertion complete: 5 succeeded, 0 failed
2026-02-12 17:45:10,777 - graph_builder.graph_builder - INFO - Total Hardware nodes in database after insertion: 5
2026-02-12 17:45:10,777 - __main__ - INFO - 
Creating relationships...
2026-02-12 17:45:10,777 - graph_builder.graph_builder - INFO - ============================================================
2026-02-12 17:45:10,778 - graph_builder.graph_builder - INFO - Creating Relationships
2026-02-12 17:45:10,778 - graph_builder.graph_builder - INFO - ============================================================
2026-02-12 17:45:10,778 - graph_builder.relationship_manager - INFO - Creating relationship 'asset_to_host': Asset-[:IS_HOST]->Host
2026-02-12 17:45:10,781 - graph_builder.relationship_manager - INFO - Created 5 IS_HOST relationships from Asset to Host
2026-02-12 17:45:10,781 - graph_builder.relationship_manager - INFO - Creating relationship 'host_to_software': Host-[:RUNS]->Software
2026-02-12 17:45:10,792 - graph_builder.relationship_manager - INFO - Created 716 RUNS relationships from Host to Software
2026-02-12 17:45:10,792 - graph_builder.relationship_manager - INFO - Creating relationship 'asset_to_software': Asset-[:RUNS_SOFTWARE]->Software
2026-02-12 17:45:10,805 - graph_builder.relationship_manager - INFO - Created 716 RUNS_SOFTWARE relationships from Asset to Software
2026-02-12 17:45:10,805 - graph_builder.relationship_manager - INFO - Creating relationship 'software_to_vulnerability': Software-[:HAS_VULNERABILITY]->Vulnerability
2026-02-12 17:45:10,810 - graph_builder.relationship_manager - INFO - Created 40 HAS_VULNERABILITY relationships from Software to Vulnerability
2026-02-12 17:45:10,810 - graph_builder.relationship_manager - INFO - Creating relationship 'vulnerability_to_asset': Vulnerability-[:AFFECTS]->Asset
2026-02-12 17:45:10,814 - graph_builder.relationship_manager - INFO - Created 40 AFFECTS relationships from Vulnerability to Asset
2026-02-12 17:45:10,814 - graph_builder.relationship_manager - INFO - Creating relationship 'asset_to_assetgroup': Asset-[:LOCATED_IN]->AssetGroup
2026-02-12 17:45:10,816 - graph_builder.relationship_manager - INFO - Prepared 0 relationships to create from source data
2026-02-12 17:45:10,817 - graph_builder.relationship_manager - WARNING - No matching values found in source data
2026-02-12 17:45:10,817 - graph_builder.relationship_manager - INFO - Creating relationship 'asset_to_hardware': Asset-[:HAS_HARDWARE]->Hardware
2026-02-12 17:45:10,822 - graph_builder.relationship_manager - INFO - Created 5 HAS_HARDWARE relationships from Asset to Hardware
2026-02-12 17:45:10,822 - graph_builder.graph_builder - INFO - asset_to_host: 5 relationships created
2026-02-12 17:45:10,822 - graph_builder.graph_builder - INFO - host_to_software: 716 relationships created
2026-02-12 17:45:10,822 - graph_builder.graph_builder - INFO - asset_to_software: 716 relationships created
2026-02-12 17:45:10,823 - graph_builder.graph_builder - INFO - software_to_vulnerability: 40 relationships created
2026-02-12 17:45:10,823 - graph_builder.graph_builder - INFO - vulnerability_to_asset: 40 relationships created
2026-02-12 17:45:10,823 - graph_builder.graph_builder - INFO - asset_to_assetgroup: 0 relationships created
2026-02-12 17:45:10,823 - graph_builder.graph_builder - INFO - asset_to_hardware: 5 relationships created
2026-02-12 17:45:10,823 - graph_builder.neo4j_connection - INFO - Neo4j connection closed
2026-02-12 17:45:10,823 - __main__ - INFO - Graph building process completed successfully
2026-02-12 17:45:39,885 - __main__ - INFO - ============================================================
2026-02-12 17:45:39,885 - __main__ - INFO - Neo4j Graph Builder
2026-02-12 17:45:39,885 - __main__ - INFO - ============================================================
2026-02-12 17:45:39,886 - __main__ - INFO - Using latest asset nodes file: extracted_data\asset_nodes_20260212_151155.json
2026-02-12 17:45:39,887 - __main__ - INFO - Using latest host nodes file: extracted_data\host_nodes_20260212_130327.json
2026-02-12 17:45:39,887 - __main__ - INFO - Using latest software nodes file: extracted_data\software_nodes_20260212_141701.json
2026-02-12 17:45:39,888 - __main__ - INFO - Using latest vulnerability nodes file: extracted_data\vulnerability_nodes_20260212_144747.json
2026-02-12 17:45:39,888 - __main__ - INFO - Using latest assetgroup nodes file: extracted_data\assetgroup_nodes_20260212_150847.json
2026-02-12 17:45:39,889 - __main__ - INFO - Using latest hardware nodes file: extracted_data\hardware_nodes_20260212_152416.json
2026-02-12 17:45:39,889 - __main__ - INFO - 
Initializing graph builder...
2026-02-12 17:45:39,893 - graph_builder.neo4j_connection - INFO - Loaded Neo4j configuration from neo4j_config.yaml
2026-02-12 17:45:39,893 - graph_builder.neo4j_connection - INFO - Connecting to Neo4j at bolt://localhost:7687 with username: neo4j
2026-02-12 17:45:41,989 - graph_builder.neo4j_connection - INFO - Neo4j connection test successful
2026-02-12 17:45:41,989 - graph_builder.neo4j_connection - INFO - Successfully connected to Neo4j at bolt://localhost:7687
2026-02-12 17:45:42,050 - graph_builder.constraints_manager - INFO - Loaded graph configuration from graph_config.yaml
2026-02-12 17:45:42,117 - graph_builder.relationship_manager - INFO - Loaded graph configuration from graph_config.yaml
2026-02-12 17:45:42,123 - graph_builder.source_data_loader - INFO - Loaded paths configuration from paths_config.yaml
2026-02-12 17:45:42,123 - __main__ - INFO - 
Setting up constraints...
2026-02-12 17:45:42,123 - graph_builder.graph_builder - INFO - ============================================================
2026-02-12 17:45:42,124 - graph_builder.graph_builder - INFO - Setting up Neo4j constraints and indexes
2026-02-12 17:45:42,124 - graph_builder.graph_builder - INFO - ============================================================
2026-02-12 17:45:42,124 - graph_builder.constraints_manager - INFO - Creating constraints for node type: asset
2026-02-12 17:45:42,131 - graph_builder.constraints_manager - INFO - Created UNIQUE constraint 'unique_asset_id' on Asset(asset_id)
2026-02-12 17:45:42,131 - graph_builder.constraints_manager - INFO - Creating constraints for node type: host
2026-02-12 17:45:42,135 - graph_builder.constraints_manager - INFO - Created composite UNIQUE constraint 'unique_host_composite' on Host(agent_id, os_name)
2026-02-12 17:45:42,135 - graph_builder.constraints_manager - INFO - Creating constraints for node type: software
2026-02-12 17:45:42,138 - graph_builder.constraints_manager - INFO - Created composite UNIQUE constraint 'unique_software_composite' on Software(agent_id, name, version)
2026-02-12 17:45:42,138 - graph_builder.constraints_manager - INFO - Creating constraints for node type: vulnerability
2026-02-12 17:45:42,143 - graph_builder.constraints_manager - INFO - Created UNIQUE constraint 'unique_cve_id' on Vulnerability(cve_id)
2026-02-12 17:45:42,143 - graph_builder.constraints_manager - INFO - Creating constraints for node type: assetgroup
2026-02-12 17:45:42,148 - graph_builder.constraints_manager - INFO - Created UNIQUE constraint 'unique_assetgroup_name' on AssetGroup(name)
2026-02-12 17:45:42,148 - graph_builder.constraints_manager - INFO - Creating constraints for node type: hardware
2026-02-12 17:45:42,151 - graph_builder.constraints_manager - INFO - Created composite UNIQUE constraint 'unique_hardware_composite' on Hardware(agent_id, name)
2026-02-12 17:45:42,151 - graph_builder.graph_builder - INFO - asset: 1/1 constraints created successfully
2026-02-12 17:45:42,151 - graph_builder.graph_builder - INFO - host: 1/1 constraints created successfully
2026-02-12 17:45:42,151 - graph_builder.graph_builder - INFO - software: 1/1 constraints created successfully
2026-02-12 17:45:42,151 - graph_builder.graph_builder - INFO - vulnerability: 1/1 constraints created successfully
2026-02-12 17:45:42,151 - graph_builder.graph_builder - INFO - assetgroup: 1/1 constraints created successfully
2026-02-12 17:45:42,151 - graph_builder.graph_builder - INFO - hardware: 1/1 constraints created successfully
2026-02-12 17:45:42,151 - __main__ - INFO - 
Inserting asset nodes...
2026-02-12 17:45:42,152 - graph_builder.graph_builder - INFO - ============================================================
2026-02-12 17:45:42,152 - graph_builder.graph_builder - INFO - Inserting ASSET nodes into Neo4j
2026-02-12 17:45:42,152 - graph_builder.graph_builder - INFO - ============================================================
2026-02-12 17:45:42,152 - graph_builder.node_inserter - INFO - Loading nodes from: extracted_data\asset_nodes_20260212_151155.json
2026-02-12 17:45:42,153 - graph_builder.node_inserter - INFO - Loaded 5 nodes from JSON file
2026-02-12 17:45:42,155 - graph_builder.graph_builder - INFO - Existing Asset nodes in database: 5
2026-02-12 17:45:42,155 - graph_builder.node_inserter - INFO - Inserting 5 Asset nodes in batches of 100
2026-02-12 17:45:42,155 - graph_builder.node_inserter - INFO - Processing batch 1/1 (5 nodes)
2026-02-12 17:45:42,190 - graph_builder.node_inserter - INFO - Batch insertion complete: 5 succeeded, 0 failed
2026-02-12 17:45:42,194 - graph_builder.graph_builder - INFO - Total Asset nodes in database after insertion: 5
2026-02-12 17:45:42,195 - __main__ - INFO - 
Inserting host nodes...
2026-02-12 17:45:42,195 - graph_builder.graph_builder - INFO - ============================================================
2026-02-12 17:45:42,195 - graph_builder.graph_builder - INFO - Inserting HOST nodes into Neo4j
2026-02-12 17:45:42,195 - graph_builder.graph_builder - INFO - ============================================================
2026-02-12 17:45:42,195 - graph_builder.node_inserter - INFO - Loading nodes from: extracted_data\host_nodes_20260212_130327.json
2026-02-12 17:45:42,196 - graph_builder.node_inserter - INFO - Loaded 5 nodes from JSON file
2026-02-12 17:45:42,199 - graph_builder.graph_builder - INFO - Existing Host nodes in database: 5
2026-02-12 17:45:42,199 - graph_builder.node_inserter - INFO - Inserting 5 Host nodes in batches of 100
2026-02-12 17:45:42,199 - graph_builder.node_inserter - INFO - Processing batch 1/1 (5 nodes)
2026-02-12 17:45:42,224 - graph_builder.node_inserter - INFO - Batch insertion complete: 5 succeeded, 0 failed
2026-02-12 17:45:42,231 - graph_builder.graph_builder - INFO - Total Host nodes in database after insertion: 5
2026-02-12 17:45:42,231 - __main__ - INFO - 
Inserting software nodes...
2026-02-12 17:45:42,232 - graph_builder.graph_builder - INFO - ============================================================
2026-02-12 17:45:42,232 - graph_builder.graph_builder - INFO - Inserting SOFTWARE nodes into Neo4j
2026-02-12 17:45:42,232 - graph_builder.graph_builder - INFO - ============================================================
2026-02-12 17:45:42,232 - graph_builder.node_inserter - INFO - Loading nodes from: extracted_data\software_nodes_20260212_141701.json
2026-02-12 17:45:42,235 - graph_builder.node_inserter - INFO - Loaded 723 nodes from JSON file
2026-02-12 17:45:42,238 - graph_builder.graph_builder - INFO - Existing Software nodes in database: 716
2026-02-12 17:45:42,238 - graph_builder.node_inserter - INFO - Inserting 723 Software nodes in batches of 100
2026-02-12 17:45:42,238 - graph_builder.node_inserter - INFO - Processing batch 1/8 (100 nodes)
2026-02-12 17:45:42,694 - graph_builder.node_inserter - INFO - Processing batch 2/8 (100 nodes)
2026-02-12 17:45:43,258 - graph_builder.node_inserter - INFO - Processing batch 3/8 (100 nodes)
2026-02-12 17:45:43,672 - graph_builder.node_inserter - INFO - Processing batch 4/8 (100 nodes)
2026-02-12 17:45:44,023 - graph_builder.node_inserter - INFO - Processing batch 5/8 (100 nodes)
2026-02-12 17:45:44,373 - graph_builder.node_inserter - INFO - Processing batch 6/8 (100 nodes)
2026-02-12 17:45:44,728 - graph_builder.node_inserter - INFO - Processing batch 7/8 (100 nodes)
2026-02-12 17:45:45,084 - graph_builder.node_inserter - INFO - Processing batch 8/8 (23 nodes)
2026-02-12 17:45:45,166 - graph_builder.node_inserter - INFO - Batch insertion complete: 723 succeeded, 0 failed
2026-02-12 17:45:45,168 - graph_builder.graph_builder - INFO - Total Software nodes in database after insertion: 716
2026-02-12 17:45:45,168 - __main__ - INFO - 
Inserting vulnerability nodes...
2026-02-12 17:45:45,168 - graph_builder.graph_builder - INFO - ============================================================
2026-02-12 17:45:45,168 - graph_builder.graph_builder - INFO - Inserting VULNERABILITY nodes into Neo4j
2026-02-12 17:45:45,169 - graph_builder.graph_builder - INFO - ============================================================
2026-02-12 17:45:45,169 - graph_builder.node_inserter - INFO - Loading nodes from: extracted_data\vulnerability_nodes_20260212_144747.json
2026-02-12 17:45:45,170 - graph_builder.node_inserter - INFO - Loaded 53 nodes from JSON file
2026-02-12 17:45:45,173 - graph_builder.graph_builder - INFO - Existing Vulnerability nodes in database: 40
2026-02-12 17:45:45,173 - graph_builder.node_inserter - INFO - Inserting 53 Vulnerability nodes in batches of 100
2026-02-12 17:45:45,173 - graph_builder.node_inserter - INFO - Processing batch 1/1 (53 nodes)
2026-02-12 17:45:45,391 - graph_builder.node_inserter - INFO - Batch insertion complete: 53 succeeded, 0 failed
2026-02-12 17:45:45,392 - graph_builder.graph_builder - INFO - Total Vulnerability nodes in database after insertion: 40
2026-02-12 17:45:45,393 - __main__ - INFO - 
Inserting assetgroup nodes...
2026-02-12 17:45:45,393 - graph_builder.graph_builder - INFO - ============================================================
2026-02-12 17:45:45,393 - graph_builder.graph_builder - INFO - Inserting ASSETGROUP nodes into Neo4j
2026-02-12 17:45:45,393 - graph_builder.graph_builder - INFO - ============================================================
2026-02-12 17:45:45,393 - graph_builder.node_inserter - INFO - Loading nodes from: extracted_data\assetgroup_nodes_20260212_150847.json
2026-02-12 17:45:45,394 - graph_builder.node_inserter - INFO - Loaded 1 nodes from JSON file
2026-02-12 17:45:45,396 - graph_builder.graph_builder - INFO - Existing AssetGroup nodes in database: 1
2026-02-12 17:45:45,397 - graph_builder.node_inserter - INFO - Inserting 1 AssetGroup nodes in batches of 100
2026-02-12 17:45:45,397 - graph_builder.node_inserter - INFO - Processing batch 1/1 (1 nodes)
2026-02-12 17:45:45,402 - graph_builder.node_inserter - INFO - Batch insertion complete: 1 succeeded, 0 failed
2026-02-12 17:45:45,403 - graph_builder.graph_builder - INFO - Total AssetGroup nodes in database after insertion: 1
2026-02-12 17:45:45,404 - __main__ - INFO - 
Inserting hardware nodes...
2026-02-12 17:45:45,404 - graph_builder.graph_builder - INFO - ============================================================
2026-02-12 17:45:45,404 - graph_builder.graph_builder - INFO - Inserting HARDWARE nodes into Neo4j
2026-02-12 17:45:45,404 - graph_builder.graph_builder - INFO - ============================================================
2026-02-12 17:45:45,404 - graph_builder.node_inserter - INFO - Loading nodes from: extracted_data\hardware_nodes_20260212_152416.json
2026-02-12 17:45:45,405 - graph_builder.node_inserter - INFO - Loaded 5 nodes from JSON file
2026-02-12 17:45:45,407 - graph_builder.graph_builder - INFO - Existing Hardware nodes in database: 5
2026-02-12 17:45:45,407 - graph_builder.node_inserter - INFO - Inserting 5 Hardware nodes in batches of 100
2026-02-12 17:45:45,407 - graph_builder.node_inserter - INFO - Processing batch 1/1 (5 nodes)
2026-02-12 17:45:45,427 - graph_builder.node_inserter - INFO - Batch insertion complete: 5 succeeded, 0 failed
2026-02-12 17:45:45,429 - graph_builder.graph_builder - INFO - Total Hardware nodes in database after insertion: 5
2026-02-12 17:45:45,429 - __main__ - INFO - 
Creating relationships...
2026-02-12 17:45:45,429 - graph_builder.graph_builder - INFO - ============================================================
2026-02-12 17:45:45,429 - graph_builder.graph_builder - INFO - Creating Relationships
2026-02-12 17:45:45,429 - graph_builder.graph_builder - INFO - ============================================================
2026-02-12 17:45:45,430 - graph_builder.relationship_manager - INFO - Creating relationship 'asset_to_host': Asset-[:IS_HOST]->Host
2026-02-12 17:45:45,435 - graph_builder.relationship_manager - INFO - Created 5 IS_HOST relationships from Asset to Host
2026-02-12 17:45:45,435 - graph_builder.relationship_manager - INFO - Creating relationship 'host_to_software': Host-[:RUNS]->Software
2026-02-12 17:45:45,443 - graph_builder.relationship_manager - INFO - Created 716 RUNS relationships from Host to Software
2026-02-12 17:45:45,443 - graph_builder.relationship_manager - INFO - Creating relationship 'asset_to_software': Asset-[:RUNS_SOFTWARE]->Software
2026-02-12 17:45:45,454 - graph_builder.relationship_manager - INFO - Created 716 RUNS_SOFTWARE relationships from Asset to Software
2026-02-12 17:45:45,454 - graph_builder.relationship_manager - INFO - Creating relationship 'software_to_vulnerability': Software-[:HAS_VULNERABILITY]->Vulnerability
2026-02-12 17:45:45,458 - graph_builder.relationship_manager - INFO - Created 40 HAS_VULNERABILITY relationships from Software to Vulnerability
2026-02-12 17:45:45,459 - graph_builder.relationship_manager - INFO - Creating relationship 'vulnerability_to_asset': Vulnerability-[:AFFECTS]->Asset
2026-02-12 17:45:45,464 - graph_builder.relationship_manager - INFO - Created 40 AFFECTS relationships from Vulnerability to Asset
2026-02-12 17:45:45,464 - graph_builder.relationship_manager - INFO - Creating relationship 'asset_to_assetgroup': Asset-[:LOCATED_IN]->AssetGroup
2026-02-12 17:45:45,468 - graph_builder.relationship_manager - INFO - Prepared 0 relationships to create from source data
2026-02-12 17:45:45,468 - graph_builder.relationship_manager - WARNING - No matching values found in source data
2026-02-12 17:45:45,469 - graph_builder.relationship_manager - INFO - Creating relationship 'asset_to_hardware': Asset-[:HAS_HARDWARE]->Hardware
2026-02-12 17:45:45,472 - graph_builder.relationship_manager - INFO - Created 5 HAS_HARDWARE relationships from Asset to Hardware
2026-02-12 17:45:45,472 - graph_builder.graph_builder - INFO - asset_to_host: 5 relationships created
2026-02-12 17:45:45,472 - graph_builder.graph_builder - INFO - host_to_software: 716 relationships created
2026-02-12 17:45:45,472 - graph_builder.graph_builder - INFO - asset_to_software: 716 relationships created
2026-02-12 17:45:45,472 - graph_builder.graph_builder - INFO - software_to_vulnerability: 40 relationships created
2026-02-12 17:45:45,473 - graph_builder.graph_builder - INFO - vulnerability_to_asset: 40 relationships created
2026-02-12 17:45:45,473 - graph_builder.graph_builder - INFO - asset_to_assetgroup: 0 relationships created
2026-02-12 17:45:45,473 - graph_builder.graph_builder - INFO - asset_to_hardware: 5 relationships created
2026-02-12 17:45:45,474 - graph_builder.neo4j_connection - INFO - Neo4j connection closed
2026-02-12 17:45:45,474 - __main__ - INFO - Graph building process completed successfully
2026-02-12 17:46:43,987 - __main__ - INFO - ============================================================
2026-02-12 17:46:43,987 - __main__ - INFO - Neo4j Graph Builder
2026-02-12 17:46:43,987 - __main__ - INFO - ============================================================
2026-02-12 17:46:43,988 - __main__ - INFO - Using latest asset nodes file: extracted_data\asset_nodes_20260212_151155.json
2026-02-12 17:46:43,989 - __main__ - INFO - Using latest host nodes file: extracted_data\host_nodes_20260212_130327.json
2026-02-12 17:46:43,990 - __main__ - INFO - Using latest software nodes file: extracted_data\software_nodes_20260212_141701.json
2026-02-12 17:46:43,991 - __main__ - INFO - Using latest vulnerability nodes file: extracted_data\vulnerability_nodes_20260212_144747.json
2026-02-12 17:46:43,991 - __main__ - INFO - Using latest assetgroup nodes file: extracted_data\assetgroup_nodes_20260212_150847.json
2026-02-12 17:46:43,992 - __main__ - INFO - Using latest hardware nodes file: extracted_data\hardware_nodes_20260212_152416.json
2026-02-12 17:46:43,992 - __main__ - INFO - 
Initializing graph builder...
2026-02-12 17:46:43,996 - graph_builder.neo4j_connection - INFO - Loaded Neo4j configuration from neo4j_config.yaml
2026-02-12 17:46:43,996 - graph_builder.neo4j_connection - INFO - Connecting to Neo4j at bolt://localhost:7687 with username: neo4j
2026-02-12 17:46:46,063 - graph_builder.neo4j_connection - INFO - Neo4j connection test successful
2026-02-12 17:46:46,063 - graph_builder.neo4j_connection - INFO - Successfully connected to Neo4j at bolt://localhost:7687
2026-02-12 17:46:46,123 - graph_builder.constraints_manager - INFO - Loaded graph configuration from graph_config.yaml
2026-02-12 17:46:46,177 - graph_builder.relationship_manager - INFO - Loaded graph configuration from graph_config.yaml
2026-02-12 17:46:46,185 - graph_builder.source_data_loader - INFO - Loaded paths configuration from paths_config.yaml
2026-02-12 17:46:46,185 - __main__ - INFO - 
Setting up constraints...
2026-02-12 17:46:46,186 - graph_builder.graph_builder - INFO - ============================================================
2026-02-12 17:46:46,186 - graph_builder.graph_builder - INFO - Setting up Neo4j constraints and indexes
2026-02-12 17:46:46,186 - graph_builder.graph_builder - INFO - ============================================================
2026-02-12 17:46:46,186 - graph_builder.constraints_manager - INFO - Creating constraints for node type: asset
2026-02-12 17:46:46,190 - graph_builder.constraints_manager - INFO - Created UNIQUE constraint 'unique_asset_id' on Asset(asset_id)
2026-02-12 17:46:46,191 - graph_builder.constraints_manager - INFO - Creating constraints for node type: host
2026-02-12 17:46:46,194 - graph_builder.constraints_manager - INFO - Created composite UNIQUE constraint 'unique_host_composite' on Host(agent_id, os_name)
2026-02-12 17:46:46,195 - graph_builder.constraints_manager - INFO - Creating constraints for node type: software
2026-02-12 17:46:46,198 - graph_builder.constraints_manager - INFO - Created composite UNIQUE constraint 'unique_software_composite' on Software(agent_id, name, version)
2026-02-12 17:46:46,199 - graph_builder.constraints_manager - INFO - Creating constraints for node type: vulnerability
2026-02-12 17:46:46,204 - graph_builder.constraints_manager - INFO - Created UNIQUE constraint 'unique_cve_id' on Vulnerability(cve_id)
2026-02-12 17:46:46,204 - graph_builder.constraints_manager - INFO - Creating constraints for node type: assetgroup
2026-02-12 17:46:46,208 - graph_builder.constraints_manager - INFO - Created UNIQUE constraint 'unique_assetgroup_name' on AssetGroup(name)
2026-02-12 17:46:46,208 - graph_builder.constraints_manager - INFO - Creating constraints for node type: hardware
2026-02-12 17:46:46,212 - graph_builder.constraints_manager - INFO - Created composite UNIQUE constraint 'unique_hardware_composite' on Hardware(agent_id, name)
2026-02-12 17:46:46,212 - graph_builder.graph_builder - INFO - asset: 1/1 constraints created successfully
2026-02-12 17:46:46,212 - graph_builder.graph_builder - INFO - host: 1/1 constraints created successfully
2026-02-12 17:46:46,212 - graph_builder.graph_builder - INFO - software: 1/1 constraints created successfully
2026-02-12 17:46:46,212 - graph_builder.graph_builder - INFO - vulnerability: 1/1 constraints created successfully
2026-02-12 17:46:46,212 - graph_builder.graph_builder - INFO - assetgroup: 1/1 constraints created successfully
2026-02-12 17:46:46,212 - graph_builder.graph_builder - INFO - hardware: 1/1 constraints created successfully
2026-02-12 17:46:46,212 - __main__ - INFO - 
Inserting asset nodes...
2026-02-12 17:46:46,213 - graph_builder.graph_builder - INFO - ============================================================
2026-02-12 17:46:46,213 - graph_builder.graph_builder - INFO - Inserting ASSET nodes into Neo4j
2026-02-12 17:46:46,213 - graph_builder.graph_builder - INFO - ============================================================
2026-02-12 17:46:46,213 - graph_builder.node_inserter - INFO - Loading nodes from: extracted_data\asset_nodes_20260212_151155.json
2026-02-12 17:46:46,214 - graph_builder.node_inserter - INFO - Loaded 5 nodes from JSON file
2026-02-12 17:46:46,219 - graph_builder.graph_builder - INFO - Existing Asset nodes in database: 5
2026-02-12 17:46:46,220 - graph_builder.node_inserter - INFO - Inserting 5 Asset nodes in batches of 100
2026-02-12 17:46:46,220 - graph_builder.node_inserter - INFO - Processing batch 1/1 (5 nodes)
2026-02-12 17:46:46,258 - graph_builder.node_inserter - INFO - Batch insertion complete: 5 succeeded, 0 failed
2026-02-12 17:46:46,260 - graph_builder.graph_builder - INFO - Total Asset nodes in database after insertion: 5
2026-02-12 17:46:46,260 - __main__ - INFO - 
Inserting host nodes...
2026-02-12 17:46:46,260 - graph_builder.graph_builder - INFO - ============================================================
2026-02-12 17:46:46,260 - graph_builder.graph_builder - INFO - Inserting HOST nodes into Neo4j
2026-02-12 17:46:46,261 - graph_builder.graph_builder - INFO - ============================================================
2026-02-12 17:46:46,261 - graph_builder.node_inserter - INFO - Loading nodes from: extracted_data\host_nodes_20260212_130327.json
2026-02-12 17:46:46,261 - graph_builder.node_inserter - INFO - Loaded 5 nodes from JSON file
2026-02-12 17:46:46,264 - graph_builder.graph_builder - INFO - Existing Host nodes in database: 5
2026-02-12 17:46:46,264 - graph_builder.node_inserter - INFO - Inserting 5 Host nodes in batches of 100
2026-02-12 17:46:46,264 - graph_builder.node_inserter - INFO - Processing batch 1/1 (5 nodes)
2026-02-12 17:46:46,292 - graph_builder.node_inserter - INFO - Batch insertion complete: 5 succeeded, 0 failed
2026-02-12 17:46:46,295 - graph_builder.graph_builder - INFO - Total Host nodes in database after insertion: 5
2026-02-12 17:46:46,295 - __main__ - INFO - 
Inserting software nodes...
2026-02-12 17:46:46,295 - graph_builder.graph_builder - INFO - ============================================================
2026-02-12 17:46:46,295 - graph_builder.graph_builder - INFO - Inserting SOFTWARE nodes into Neo4j
2026-02-12 17:46:46,295 - graph_builder.graph_builder - INFO - ============================================================
2026-02-12 17:46:46,296 - graph_builder.node_inserter - INFO - Loading nodes from: extracted_data\software_nodes_20260212_141701.json
2026-02-12 17:46:46,299 - graph_builder.node_inserter - INFO - Loaded 723 nodes from JSON file
2026-02-12 17:46:46,303 - graph_builder.graph_builder - INFO - Existing Software nodes in database: 716
2026-02-12 17:46:46,304 - graph_builder.node_inserter - INFO - Inserting 723 Software nodes in batches of 100
2026-02-12 17:46:46,304 - graph_builder.node_inserter - INFO - Processing batch 1/8 (100 nodes)
2026-02-12 17:46:46,789 - graph_builder.node_inserter - INFO - Processing batch 2/8 (100 nodes)
2026-02-12 17:46:47,328 - graph_builder.node_inserter - INFO - Processing batch 3/8 (100 nodes)
2026-02-12 17:46:47,695 - graph_builder.node_inserter - INFO - Processing batch 4/8 (100 nodes)
2026-02-12 17:46:48,062 - graph_builder.node_inserter - INFO - Processing batch 5/8 (100 nodes)
2026-02-12 17:46:48,439 - graph_builder.node_inserter - INFO - Processing batch 6/8 (100 nodes)
2026-02-12 17:46:48,802 - graph_builder.node_inserter - INFO - Processing batch 7/8 (100 nodes)
2026-02-12 17:46:49,168 - graph_builder.node_inserter - INFO - Processing batch 8/8 (23 nodes)
2026-02-12 17:46:49,256 - graph_builder.node_inserter - INFO - Batch insertion complete: 723 succeeded, 0 failed
2026-02-12 17:46:49,258 - graph_builder.graph_builder - INFO - Total Software nodes in database after insertion: 716
2026-02-12 17:46:49,258 - __main__ - INFO - 
Inserting vulnerability nodes...
2026-02-12 17:46:49,258 - graph_builder.graph_builder - INFO - ============================================================
2026-02-12 17:46:49,258 - graph_builder.graph_builder - INFO - Inserting VULNERABILITY nodes into Neo4j
2026-02-12 17:46:49,259 - graph_builder.graph_builder - INFO - ============================================================
2026-02-12 17:46:49,259 - graph_builder.node_inserter - INFO - Loading nodes from: extracted_data\vulnerability_nodes_20260212_144747.json
2026-02-12 17:46:49,260 - graph_builder.node_inserter - INFO - Loaded 53 nodes from JSON file
2026-02-12 17:46:49,262 - graph_builder.graph_builder - INFO - Existing Vulnerability nodes in database: 40
2026-02-12 17:46:49,262 - graph_builder.node_inserter - INFO - Inserting 53 Vulnerability nodes in batches of 100
2026-02-12 17:46:49,262 - graph_builder.node_inserter - INFO - Processing batch 1/1 (53 nodes)
2026-02-12 17:46:49,477 - graph_builder.node_inserter - INFO - Batch insertion complete: 53 succeeded, 0 failed
2026-02-12 17:46:49,479 - graph_builder.graph_builder - INFO - Total Vulnerability nodes in database after insertion: 40
2026-02-12 17:46:49,479 - __main__ - INFO - 
Inserting assetgroup nodes...
2026-02-12 17:46:49,479 - graph_builder.graph_builder - INFO - ============================================================
2026-02-12 17:46:49,479 - graph_builder.graph_builder - INFO - Inserting ASSETGROUP nodes into Neo4j
2026-02-12 17:46:49,480 - graph_builder.graph_builder - INFO - ============================================================
2026-02-12 17:46:49,480 - graph_builder.node_inserter - INFO - Loading nodes from: extracted_data\assetgroup_nodes_20260212_150847.json
2026-02-12 17:46:49,480 - graph_builder.node_inserter - INFO - Loaded 1 nodes from JSON file
2026-02-12 17:46:49,482 - graph_builder.graph_builder - INFO - Existing AssetGroup nodes in database: 1
2026-02-12 17:46:49,482 - graph_builder.node_inserter - INFO - Inserting 1 AssetGroup nodes in batches of 100
2026-02-12 17:46:49,482 - graph_builder.node_inserter - INFO - Processing batch 1/1 (1 nodes)
2026-02-12 17:46:49,486 - graph_builder.node_inserter - INFO - Batch insertion complete: 1 succeeded, 0 failed
2026-02-12 17:46:49,489 - graph_builder.graph_builder - INFO - Total AssetGroup nodes in database after insertion: 1
2026-02-12 17:46:49,489 - __main__ - INFO - 
Inserting hardware nodes...
2026-02-12 17:46:49,489 - graph_builder.graph_builder - INFO - ============================================================
2026-02-12 17:46:49,489 - graph_builder.graph_builder - INFO - Inserting HARDWARE nodes into Neo4j
2026-02-12 17:46:49,489 - graph_builder.graph_builder - INFO - ============================================================
2026-02-12 17:46:49,489 - graph_builder.node_inserter - INFO - Loading nodes from: extracted_data\hardware_nodes_20260212_152416.json
2026-02-12 17:46:49,490 - graph_builder.node_inserter - INFO - Loaded 5 nodes from JSON file
2026-02-12 17:46:49,492 - graph_builder.graph_builder - INFO - Existing Hardware nodes in database: 5
2026-02-12 17:46:49,492 - graph_builder.node_inserter - INFO - Inserting 5 Hardware nodes in batches of 100
2026-02-12 17:46:49,492 - graph_builder.node_inserter - INFO - Processing batch 1/1 (5 nodes)
2026-02-12 17:46:49,511 - graph_builder.node_inserter - INFO - Batch insertion complete: 5 succeeded, 0 failed
2026-02-12 17:46:49,513 - graph_builder.graph_builder - INFO - Total Hardware nodes in database after insertion: 5
2026-02-12 17:46:49,513 - __main__ - INFO - 
Creating relationships...
2026-02-12 17:46:49,513 - graph_builder.graph_builder - INFO - ============================================================
2026-02-12 17:46:49,513 - graph_builder.graph_builder - INFO - Creating Relationships
2026-02-12 17:46:49,513 - graph_builder.graph_builder - INFO - ============================================================
2026-02-12 17:46:49,514 - graph_builder.relationship_manager - INFO - Creating relationship 'asset_to_host': Asset-[:IS_HOST]->Host
2026-02-12 17:46:49,516 - graph_builder.relationship_manager - INFO - Created 5 IS_HOST relationships from Asset to Host
2026-02-12 17:46:49,517 - graph_builder.relationship_manager - INFO - Creating relationship 'host_to_software': Host-[:RUNS]->Software
2026-02-12 17:46:49,525 - graph_builder.relationship_manager - INFO - Created 716 RUNS relationships from Host to Software
2026-02-12 17:46:49,525 - graph_builder.relationship_manager - INFO - Creating relationship 'asset_to_software': Asset-[:RUNS_SOFTWARE]->Software
2026-02-12 17:46:49,536 - graph_builder.relationship_manager - INFO - Created 716 RUNS_SOFTWARE relationships from Asset to Software
2026-02-12 17:46:49,536 - graph_builder.relationship_manager - INFO - Creating relationship 'software_to_vulnerability': Software-[:HAS_VULNERABILITY]->Vulnerability
2026-02-12 17:46:49,541 - graph_builder.relationship_manager - INFO - Created 40 HAS_VULNERABILITY relationships from Software to Vulnerability
2026-02-12 17:46:49,542 - graph_builder.relationship_manager - INFO - Creating relationship 'vulnerability_to_asset': Vulnerability-[:AFFECTS]->Asset
2026-02-12 17:46:49,545 - graph_builder.relationship_manager - INFO - Created 40 AFFECTS relationships from Vulnerability to Asset
2026-02-12 17:46:49,545 - graph_builder.relationship_manager - INFO - Creating relationship 'asset_to_assetgroup': Asset-[:LOCATED_IN]->AssetGroup
2026-02-12 17:46:49,549 - graph_builder.relationship_manager - INFO - Prepared 0 relationships to create from source data
2026-02-12 17:46:49,549 - graph_builder.relationship_manager - WARNING - No matching values found in source data
2026-02-12 17:46:49,549 - graph_builder.relationship_manager - INFO - Creating relationship 'asset_to_hardware': Asset-[:HAS_HARDWARE]->Hardware
2026-02-12 17:46:49,552 - graph_builder.relationship_manager - INFO - Created 5 HAS_HARDWARE relationships from Asset to Hardware
2026-02-12 17:46:49,553 - graph_builder.graph_builder - INFO - asset_to_host: 5 relationships created
2026-02-12 17:46:49,553 - graph_builder.graph_builder - INFO - host_to_software: 716 relationships created
2026-02-12 17:46:49,553 - graph_builder.graph_builder - INFO - asset_to_software: 716 relationships created
2026-02-12 17:46:49,553 - graph_builder.graph_builder - INFO - software_to_vulnerability: 40 relationships created
2026-02-12 17:46:49,553 - graph_builder.graph_builder - INFO - vulnerability_to_asset: 40 relationships created
2026-02-12 17:46:49,554 - graph_builder.graph_builder - INFO - asset_to_assetgroup: 0 relationships created
2026-02-12 17:46:49,554 - graph_builder.graph_builder - INFO - asset_to_hardware: 5 relationships created
2026-02-12 17:46:49,555 - graph_builder.neo4j_connection - INFO - Neo4j connection closed
2026-02-12 17:46:49,555 - __main__ - INFO - Graph building process completed successfully
2026-02-12 17:47:36,710 - __main__ - INFO - ============================================================
2026-02-12 17:47:36,711 - __main__ - INFO - Neo4j Graph Builder
2026-02-12 17:47:36,711 - __main__ - INFO - ============================================================
2026-02-12 17:47:36,712 - __main__ - INFO - Using latest asset nodes file: extracted_data\asset_nodes_20260212_151155.json
2026-02-12 17:47:36,712 - __main__ - INFO - Using latest host nodes file: extracted_data\host_nodes_20260212_130327.json
2026-02-12 17:47:36,713 - __main__ - INFO - Using latest software nodes file: extracted_data\software_nodes_20260212_141701.json
2026-02-12 17:47:36,714 - __main__ - INFO - Using latest vulnerability nodes file: extracted_data\vulnerability_nodes_20260212_144747.json
2026-02-12 17:47:36,714 - __main__ - INFO - Using latest assetgroup nodes file: extracted_data\assetgroup_nodes_20260212_150847.json
2026-02-12 17:47:36,715 - __main__ - INFO - Using latest hardware nodes file: extracted_data\hardware_nodes_20260212_152416.json
2026-02-12 17:47:36,715 - __main__ - INFO - 
Initializing graph builder...
2026-02-12 17:47:36,718 - graph_builder.neo4j_connection - INFO - Loaded Neo4j configuration from neo4j_config.yaml
2026-02-12 17:47:36,718 - graph_builder.neo4j_connection - INFO - Connecting to Neo4j at bolt://localhost:7687 with username: neo4j
2026-02-12 17:47:38,812 - graph_builder.neo4j_connection - INFO - Neo4j connection test successful
2026-02-12 17:47:38,813 - graph_builder.neo4j_connection - INFO - Successfully connected to Neo4j at bolt://localhost:7687
2026-02-12 17:47:38,872 - graph_builder.constraints_manager - INFO - Loaded graph configuration from graph_config.yaml
2026-02-12 17:47:38,935 - graph_builder.relationship_manager - INFO - Loaded graph configuration from graph_config.yaml
2026-02-12 17:47:38,941 - graph_builder.source_data_loader - INFO - Loaded paths configuration from paths_config.yaml
2026-02-12 17:47:38,942 - __main__ - INFO - 
Setting up constraints...
2026-02-12 17:47:38,942 - graph_builder.graph_builder - INFO - ============================================================
2026-02-12 17:47:38,942 - graph_builder.graph_builder - INFO - Setting up Neo4j constraints and indexes
2026-02-12 17:47:38,942 - graph_builder.graph_builder - INFO - ============================================================
2026-02-12 17:47:38,943 - graph_builder.constraints_manager - INFO - Creating constraints for node type: asset
2026-02-12 17:47:38,950 - graph_builder.constraints_manager - INFO - Created UNIQUE constraint 'unique_asset_id' on Asset(asset_id)
2026-02-12 17:47:38,950 - graph_builder.constraints_manager - INFO - Creating constraints for node type: host
2026-02-12 17:47:38,954 - graph_builder.constraints_manager - INFO - Created composite UNIQUE constraint 'unique_host_composite' on Host(agent_id, os_name)
2026-02-12 17:47:38,954 - graph_builder.constraints_manager - INFO - Creating constraints for node type: software
2026-02-12 17:47:38,957 - graph_builder.constraints_manager - INFO - Created composite UNIQUE constraint 'unique_software_composite' on Software(agent_id, name, version)
2026-02-12 17:47:38,957 - graph_builder.constraints_manager - INFO - Creating constraints for node type: vulnerability
2026-02-12 17:47:38,960 - graph_builder.constraints_manager - INFO - Created UNIQUE constraint 'unique_cve_id' on Vulnerability(cve_id)
2026-02-12 17:47:38,960 - graph_builder.constraints_manager - INFO - Creating constraints for node type: assetgroup
2026-02-12 17:47:38,964 - graph_builder.constraints_manager - INFO - Created UNIQUE constraint 'unique_assetgroup_name' on AssetGroup(name)
2026-02-12 17:47:38,965 - graph_builder.constraints_manager - INFO - Creating constraints for node type: hardware
2026-02-12 17:47:38,969 - graph_builder.constraints_manager - INFO - Created composite UNIQUE constraint 'unique_hardware_composite' on Hardware(agent_id, name)
2026-02-12 17:47:38,969 - graph_builder.graph_builder - INFO - asset: 1/1 constraints created successfully
2026-02-12 17:47:38,969 - graph_builder.graph_builder - INFO - host: 1/1 constraints created successfully
2026-02-12 17:47:38,969 - graph_builder.graph_builder - INFO - software: 1/1 constraints created successfully
2026-02-12 17:47:38,969 - graph_builder.graph_builder - INFO - vulnerability: 1/1 constraints created successfully
2026-02-12 17:47:38,970 - graph_builder.graph_builder - INFO - assetgroup: 1/1 constraints created successfully
2026-02-12 17:47:38,970 - graph_builder.graph_builder - INFO - hardware: 1/1 constraints created successfully
2026-02-12 17:47:38,970 - __main__ - INFO - 
Inserting asset nodes...
2026-02-12 17:47:38,970 - graph_builder.graph_builder - INFO - ============================================================
2026-02-12 17:47:38,970 - graph_builder.graph_builder - INFO - Inserting ASSET nodes into Neo4j
2026-02-12 17:47:38,970 - graph_builder.graph_builder - INFO - ============================================================
2026-02-12 17:47:38,970 - graph_builder.node_inserter - INFO - Loading nodes from: extracted_data\asset_nodes_20260212_151155.json
2026-02-12 17:47:38,971 - graph_builder.node_inserter - INFO - Loaded 5 nodes from JSON file
2026-02-12 17:47:38,974 - graph_builder.graph_builder - INFO - Existing Asset nodes in database: 5
2026-02-12 17:47:38,974 - graph_builder.node_inserter - INFO - Inserting 5 Asset nodes in batches of 100
2026-02-12 17:47:38,974 - graph_builder.node_inserter - INFO - Processing batch 1/1 (5 nodes)
2026-02-12 17:47:39,010 - graph_builder.node_inserter - INFO - Batch insertion complete: 5 succeeded, 0 failed
2026-02-12 17:47:39,016 - graph_builder.graph_builder - INFO - Total Asset nodes in database after insertion: 5
2026-02-12 17:47:39,016 - __main__ - INFO - 
Inserting host nodes...
2026-02-12 17:47:39,016 - graph_builder.graph_builder - INFO - ============================================================
2026-02-12 17:47:39,017 - graph_builder.graph_builder - INFO - Inserting HOST nodes into Neo4j
2026-02-12 17:47:39,017 - graph_builder.graph_builder - INFO - ============================================================
2026-02-12 17:47:39,017 - graph_builder.node_inserter - INFO - Loading nodes from: extracted_data\host_nodes_20260212_130327.json
2026-02-12 17:47:39,018 - graph_builder.node_inserter - INFO - Loaded 5 nodes from JSON file
2026-02-12 17:47:39,020 - graph_builder.graph_builder - INFO - Existing Host nodes in database: 5
2026-02-12 17:47:39,020 - graph_builder.node_inserter - INFO - Inserting 5 Host nodes in batches of 100
2026-02-12 17:47:39,021 - graph_builder.node_inserter - INFO - Processing batch 1/1 (5 nodes)
2026-02-12 17:47:39,044 - graph_builder.node_inserter - INFO - Batch insertion complete: 5 succeeded, 0 failed
2026-02-12 17:47:39,049 - graph_builder.graph_builder - INFO - Total Host nodes in database after insertion: 5
2026-02-12 17:47:39,049 - __main__ - INFO - 
Inserting software nodes...
2026-02-12 17:47:39,049 - graph_builder.graph_builder - INFO - ============================================================
2026-02-12 17:47:39,049 - graph_builder.graph_builder - INFO - Inserting SOFTWARE nodes into Neo4j
2026-02-12 17:47:39,049 - graph_builder.graph_builder - INFO - ============================================================
2026-02-12 17:47:39,050 - graph_builder.node_inserter - INFO - Loading nodes from: extracted_data\software_nodes_20260212_141701.json
2026-02-12 17:47:39,052 - graph_builder.node_inserter - INFO - Loaded 723 nodes from JSON file
2026-02-12 17:47:39,056 - graph_builder.graph_builder - INFO - Existing Software nodes in database: 716
2026-02-12 17:47:39,056 - graph_builder.node_inserter - INFO - Inserting 723 Software nodes in batches of 100
2026-02-12 17:47:39,056 - graph_builder.node_inserter - INFO - Processing batch 1/8 (100 nodes)
2026-02-12 17:47:39,498 - graph_builder.node_inserter - INFO - Processing batch 2/8 (100 nodes)
2026-02-12 17:47:40,010 - graph_builder.node_inserter - INFO - Processing batch 3/8 (100 nodes)
2026-02-12 17:47:40,590 - graph_builder.node_inserter - INFO - Processing batch 4/8 (100 nodes)
2026-02-12 17:47:41,156 - graph_builder.node_inserter - INFO - Processing batch 5/8 (100 nodes)
2026-02-12 17:47:41,519 - graph_builder.node_inserter - INFO - Processing batch 6/8 (100 nodes)
2026-02-12 17:47:41,876 - graph_builder.node_inserter - INFO - Processing batch 7/8 (100 nodes)
2026-02-12 17:47:42,230 - graph_builder.node_inserter - INFO - Processing batch 8/8 (23 nodes)
2026-02-12 17:47:42,312 - graph_builder.node_inserter - INFO - Batch insertion complete: 723 succeeded, 0 failed
2026-02-12 17:47:42,314 - graph_builder.graph_builder - INFO - Total Software nodes in database after insertion: 716
2026-02-12 17:47:42,314 - __main__ - INFO - 
Inserting vulnerability nodes...
2026-02-12 17:47:42,315 - graph_builder.graph_builder - INFO - ============================================================
2026-02-12 17:47:42,315 - graph_builder.graph_builder - INFO - Inserting VULNERABILITY nodes into Neo4j
2026-02-12 17:47:42,315 - graph_builder.graph_builder - INFO - ============================================================
2026-02-12 17:47:42,316 - graph_builder.node_inserter - INFO - Loading nodes from: extracted_data\vulnerability_nodes_20260212_144747.json
2026-02-12 17:47:42,317 - graph_builder.node_inserter - INFO - Loaded 53 nodes from JSON file
2026-02-12 17:47:42,320 - graph_builder.graph_builder - INFO - Existing Vulnerability nodes in database: 40
2026-02-12 17:47:42,320 - graph_builder.node_inserter - INFO - Inserting 53 Vulnerability nodes in batches of 100
2026-02-12 17:47:42,321 - graph_builder.node_inserter - INFO - Processing batch 1/1 (53 nodes)
2026-02-12 17:47:42,523 - graph_builder.node_inserter - INFO - Batch insertion complete: 53 succeeded, 0 failed
2026-02-12 17:47:42,525 - graph_builder.graph_builder - INFO - Total Vulnerability nodes in database after insertion: 40
2026-02-12 17:47:42,525 - __main__ - INFO - 
Inserting assetgroup nodes...
2026-02-12 17:47:42,525 - graph_builder.graph_builder - INFO - ============================================================
2026-02-12 17:47:42,525 - graph_builder.graph_builder - INFO - Inserting ASSETGROUP nodes into Neo4j
2026-02-12 17:47:42,525 - graph_builder.graph_builder - INFO - ============================================================
2026-02-12 17:47:42,525 - graph_builder.node_inserter - INFO - Loading nodes from: extracted_data\assetgroup_nodes_20260212_150847.json
2026-02-12 17:47:42,526 - graph_builder.node_inserter - INFO - Loaded 1 nodes from JSON file
2026-02-12 17:47:42,528 - graph_builder.graph_builder - INFO - Existing AssetGroup nodes in database: 1
2026-02-12 17:47:42,528 - graph_builder.node_inserter - INFO - Inserting 1 AssetGroup nodes in batches of 100
2026-02-12 17:47:42,528 - graph_builder.node_inserter - INFO - Processing batch 1/1 (1 nodes)
2026-02-12 17:47:42,531 - graph_builder.node_inserter - INFO - Batch insertion complete: 1 succeeded, 0 failed
2026-02-12 17:47:42,534 - graph_builder.graph_builder - INFO - Total AssetGroup nodes in database after insertion: 1
2026-02-12 17:47:42,534 - __main__ - INFO - 
Inserting hardware nodes...
2026-02-12 17:47:42,534 - graph_builder.graph_builder - INFO - ============================================================
2026-02-12 17:47:42,534 - graph_builder.graph_builder - INFO - Inserting HARDWARE nodes into Neo4j
2026-02-12 17:47:42,534 - graph_builder.graph_builder - INFO - ============================================================
2026-02-12 17:47:42,535 - graph_builder.node_inserter - INFO - Loading nodes from: extracted_data\hardware_nodes_20260212_152416.json
2026-02-12 17:47:42,535 - graph_builder.node_inserter - INFO - Loaded 5 nodes from JSON file
2026-02-12 17:47:42,537 - graph_builder.graph_builder - INFO - Existing Hardware nodes in database: 5
2026-02-12 17:47:42,538 - graph_builder.node_inserter - INFO - Inserting 5 Hardware nodes in batches of 100
2026-02-12 17:47:42,538 - graph_builder.node_inserter - INFO - Processing batch 1/1 (5 nodes)
2026-02-12 17:47:42,556 - graph_builder.node_inserter - INFO - Batch insertion complete: 5 succeeded, 0 failed
2026-02-12 17:47:42,558 - graph_builder.graph_builder - INFO - Total Hardware nodes in database after insertion: 5
2026-02-12 17:47:42,558 - __main__ - INFO - 
Creating relationships...
2026-02-12 17:47:42,558 - graph_builder.graph_builder - INFO - ============================================================
2026-02-12 17:47:42,558 - graph_builder.graph_builder - INFO - Creating Relationships
2026-02-12 17:47:42,558 - graph_builder.graph_builder - INFO - ============================================================
2026-02-12 17:47:42,558 - graph_builder.relationship_manager - INFO - Creating relationship 'asset_to_host': Asset-[:IS_HOST]->Host
2026-02-12 17:47:42,562 - graph_builder.relationship_manager - INFO - Created 5 IS_HOST relationships from Asset to Host
2026-02-12 17:47:42,563 - graph_builder.relationship_manager - INFO - Creating relationship 'host_to_software': Host-[:RUNS]->Software
2026-02-12 17:47:42,571 - graph_builder.relationship_manager - INFO - Created 716 RUNS relationships from Host to Software
2026-02-12 17:47:42,572 - graph_builder.relationship_manager - INFO - Creating relationship 'asset_to_software': Asset-[:RUNS_SOFTWARE]->Software
2026-02-12 17:47:42,581 - graph_builder.relationship_manager - INFO - Created 716 RUNS_SOFTWARE relationships from Asset to Software
2026-02-12 17:47:42,581 - graph_builder.relationship_manager - INFO - Creating relationship 'software_to_vulnerability': Software-[:HAS_VULNERABILITY]->Vulnerability
2026-02-12 17:47:42,587 - graph_builder.relationship_manager - INFO - Created 40 HAS_VULNERABILITY relationships from Software to Vulnerability
2026-02-12 17:47:42,587 - graph_builder.relationship_manager - INFO - Creating relationship 'vulnerability_to_asset': Vulnerability-[:AFFECTS]->Asset
2026-02-12 17:47:42,591 - graph_builder.relationship_manager - INFO - Created 40 AFFECTS relationships from Vulnerability to Asset
2026-02-12 17:47:42,591 - graph_builder.relationship_manager - INFO - Creating relationship 'asset_to_assetgroup': Asset-[:LOCATED_IN]->AssetGroup
2026-02-12 17:47:42,595 - graph_builder.relationship_manager - INFO - Prepared 0 relationships to create from source data
2026-02-12 17:47:42,595 - graph_builder.relationship_manager - WARNING - No matching values found in source data
2026-02-12 17:47:42,595 - graph_builder.relationship_manager - INFO - Creating relationship 'asset_to_hardware': Asset-[:HAS_HARDWARE]->Hardware
2026-02-12 17:47:42,598 - graph_builder.relationship_manager - INFO - Created 5 HAS_HARDWARE relationships from Asset to Hardware
2026-02-12 17:47:42,598 - graph_builder.graph_builder - INFO - asset_to_host: 5 relationships created
2026-02-12 17:47:42,598 - graph_builder.graph_builder - INFO - host_to_software: 716 relationships created
2026-02-12 17:47:42,598 - graph_builder.graph_builder - INFO - asset_to_software: 716 relationships created
2026-02-12 17:47:42,599 - graph_builder.graph_builder - INFO - software_to_vulnerability: 40 relationships created
2026-02-12 17:47:42,599 - graph_builder.graph_builder - INFO - vulnerability_to_asset: 40 relationships created
2026-02-12 17:47:42,599 - graph_builder.graph_builder - INFO - asset_to_assetgroup: 0 relationships created
2026-02-12 17:47:42,599 - graph_builder.graph_builder - INFO - asset_to_hardware: 5 relationships created
2026-02-12 17:47:42,599 - graph_builder.neo4j_connection - INFO - Neo4j connection closed
2026-02-12 17:47:42,600 - __main__ - INFO - Graph building process completed successfully
2026-02-12 17:48:36,198 - __main__ - INFO - ============================================================
2026-02-12 17:48:36,198 - __main__ - INFO - Neo4j Graph Builder
2026-02-12 17:48:36,198 - __main__ - INFO - ============================================================
2026-02-12 17:48:36,199 - __main__ - INFO - Using latest asset nodes file: extracted_data\asset_nodes_20260212_151155.json
2026-02-12 17:48:36,200 - __main__ - INFO - Using latest host nodes file: extracted_data\host_nodes_20260212_130327.json
2026-02-12 17:48:36,200 - __main__ - INFO - Using latest software nodes file: extracted_data\software_nodes_20260212_141701.json
2026-02-12 17:48:36,201 - __main__ - INFO - Using latest vulnerability nodes file: extracted_data\vulnerability_nodes_20260212_144747.json
2026-02-12 17:48:36,202 - __main__ - INFO - Using latest assetgroup nodes file: extracted_data\assetgroup_nodes_20260212_150847.json
2026-02-12 17:48:36,202 - __main__ - INFO - Using latest hardware nodes file: extracted_data\hardware_nodes_20260212_152416.json
2026-02-12 17:48:36,202 - __main__ - INFO - 
Initializing graph builder...
2026-02-12 17:48:36,206 - graph_builder.neo4j_connection - INFO - Loaded Neo4j configuration from neo4j_config.yaml
2026-02-12 17:48:36,206 - graph_builder.neo4j_connection - INFO - Connecting to Neo4j at bolt://localhost:7687 with username: neo4j
2026-02-12 17:48:38,280 - graph_builder.neo4j_connection - INFO - Neo4j connection test successful
2026-02-12 17:48:38,280 - graph_builder.neo4j_connection - INFO - Successfully connected to Neo4j at bolt://localhost:7687
2026-02-12 17:48:38,343 - graph_builder.constraints_manager - INFO - Loaded graph configuration from graph_config.yaml
2026-02-12 17:48:38,401 - graph_builder.relationship_manager - INFO - Loaded graph configuration from graph_config.yaml
2026-02-12 17:48:38,407 - graph_builder.source_data_loader - INFO - Loaded paths configuration from paths_config.yaml
2026-02-12 17:48:38,407 - __main__ - INFO - 
Setting up constraints...
2026-02-12 17:48:38,407 - graph_builder.graph_builder - INFO - ============================================================
2026-02-12 17:48:38,408 - graph_builder.graph_builder - INFO - Setting up Neo4j constraints and indexes
2026-02-12 17:48:38,408 - graph_builder.graph_builder - INFO - ============================================================
2026-02-12 17:48:38,408 - graph_builder.constraints_manager - INFO - Creating constraints for node type: asset
2026-02-12 17:48:38,490 - graph_builder.constraints_manager - INFO - Created UNIQUE constraint 'unique_asset_id' on Asset(asset_id)
2026-02-12 17:48:38,491 - graph_builder.constraints_manager - INFO - Creating constraints for node type: host
2026-02-12 17:48:38,504 - graph_builder.constraints_manager - INFO - Created composite UNIQUE constraint 'unique_host_composite' on Host(agent_id, os_name)
2026-02-12 17:48:38,504 - graph_builder.constraints_manager - INFO - Creating constraints for node type: software
2026-02-12 17:48:38,523 - graph_builder.constraints_manager - INFO - Created composite UNIQUE constraint 'unique_software_composite' on Software(agent_id, name, version)
2026-02-12 17:48:38,523 - graph_builder.constraints_manager - INFO - Creating constraints for node type: vulnerability
2026-02-12 17:48:38,531 - graph_builder.constraints_manager - INFO - Created UNIQUE constraint 'unique_cve_id' on Vulnerability(cve_id)
2026-02-12 17:48:38,532 - graph_builder.constraints_manager - INFO - Creating constraints for node type: assetgroup
2026-02-12 17:48:38,538 - graph_builder.constraints_manager - INFO - Created UNIQUE constraint 'unique_assetgroup_name' on AssetGroup(name)
2026-02-12 17:48:38,538 - graph_builder.constraints_manager - INFO - Creating constraints for node type: hardware
2026-02-12 17:48:38,542 - graph_builder.constraints_manager - INFO - Created composite UNIQUE constraint 'unique_hardware_composite' on Hardware(agent_id, name)
2026-02-12 17:48:38,543 - graph_builder.graph_builder - INFO - asset: 1/1 constraints created successfully
2026-02-12 17:48:38,543 - graph_builder.graph_builder - INFO - host: 1/1 constraints created successfully
2026-02-12 17:48:38,543 - graph_builder.graph_builder - INFO - software: 1/1 constraints created successfully
2026-02-12 17:48:38,543 - graph_builder.graph_builder - INFO - vulnerability: 1/1 constraints created successfully
2026-02-12 17:48:38,544 - graph_builder.graph_builder - INFO - assetgroup: 1/1 constraints created successfully
2026-02-12 17:48:38,544 - graph_builder.graph_builder - INFO - hardware: 1/1 constraints created successfully
2026-02-12 17:48:38,544 - __main__ - INFO - 
Inserting asset nodes...
2026-02-12 17:48:38,544 - graph_builder.graph_builder - INFO - ============================================================
2026-02-12 17:48:38,544 - graph_builder.graph_builder - INFO - Inserting ASSET nodes into Neo4j
2026-02-12 17:48:38,544 - graph_builder.graph_builder - INFO - ============================================================
2026-02-12 17:48:38,545 - graph_builder.node_inserter - INFO - Loading nodes from: extracted_data\asset_nodes_20260212_151155.json
2026-02-12 17:48:38,546 - graph_builder.node_inserter - INFO - Loaded 5 nodes from JSON file
2026-02-12 17:48:38,553 - graph_builder.graph_builder - INFO - Existing Asset nodes in database: 5
2026-02-12 17:48:38,553 - graph_builder.node_inserter - INFO - Inserting 5 Asset nodes in batches of 100
2026-02-12 17:48:38,554 - graph_builder.node_inserter - INFO - Processing batch 1/1 (5 nodes)
2026-02-12 17:48:38,604 - graph_builder.node_inserter - INFO - Batch insertion complete: 5 succeeded, 0 failed
2026-02-12 17:48:38,608 - graph_builder.graph_builder - INFO - Total Asset nodes in database after insertion: 5
2026-02-12 17:48:38,608 - __main__ - INFO - 
Inserting host nodes...
2026-02-12 17:48:38,608 - graph_builder.graph_builder - INFO - ============================================================
2026-02-12 17:48:38,608 - graph_builder.graph_builder - INFO - Inserting HOST nodes into Neo4j
2026-02-12 17:48:38,609 - graph_builder.graph_builder - INFO - ============================================================
2026-02-12 17:48:38,609 - graph_builder.node_inserter - INFO - Loading nodes from: extracted_data\host_nodes_20260212_130327.json
2026-02-12 17:48:38,610 - graph_builder.node_inserter - INFO - Loaded 5 nodes from JSON file
2026-02-12 17:48:38,616 - graph_builder.graph_builder - INFO - Existing Host nodes in database: 5
2026-02-12 17:48:38,616 - graph_builder.node_inserter - INFO - Inserting 5 Host nodes in batches of 100
2026-02-12 17:48:38,617 - graph_builder.node_inserter - INFO - Processing batch 1/1 (5 nodes)
2026-02-12 17:48:38,654 - graph_builder.node_inserter - INFO - Batch insertion complete: 5 succeeded, 0 failed
2026-02-12 17:48:38,657 - graph_builder.graph_builder - INFO - Total Host nodes in database after insertion: 5
2026-02-12 17:48:38,657 - __main__ - INFO - 
Inserting software nodes...
2026-02-12 17:48:38,657 - graph_builder.graph_builder - INFO - ============================================================
2026-02-12 17:48:38,658 - graph_builder.graph_builder - INFO - Inserting SOFTWARE nodes into Neo4j
2026-02-12 17:48:38,658 - graph_builder.graph_builder - INFO - ============================================================
2026-02-12 17:48:38,658 - graph_builder.node_inserter - INFO - Loading nodes from: extracted_data\software_nodes_20260212_141701.json
2026-02-12 17:48:38,665 - graph_builder.node_inserter - INFO - Loaded 723 nodes from JSON file
2026-02-12 17:48:38,668 - graph_builder.graph_builder - INFO - Existing Software nodes in database: 716
2026-02-12 17:48:38,669 - graph_builder.node_inserter - INFO - Inserting 723 Software nodes in batches of 100
2026-02-12 17:48:38,669 - graph_builder.node_inserter - INFO - Processing batch 1/8 (100 nodes)
2026-02-12 17:48:39,258 - graph_builder.node_inserter - INFO - Processing batch 2/8 (100 nodes)
2026-02-12 17:48:39,822 - graph_builder.node_inserter - INFO - Processing batch 3/8 (100 nodes)
2026-02-12 17:48:40,218 - graph_builder.node_inserter - INFO - Processing batch 4/8 (100 nodes)
2026-02-12 17:48:40,589 - graph_builder.node_inserter - INFO - Processing batch 5/8 (100 nodes)
2026-02-12 17:48:40,943 - graph_builder.node_inserter - INFO - Processing batch 6/8 (100 nodes)
2026-02-12 17:48:41,303 - graph_builder.node_inserter - INFO - Processing batch 7/8 (100 nodes)
2026-02-12 17:48:41,677 - graph_builder.node_inserter - INFO - Processing batch 8/8 (23 nodes)
2026-02-12 17:48:41,759 - graph_builder.node_inserter - INFO - Batch insertion complete: 723 succeeded, 0 failed
2026-02-12 17:48:41,761 - graph_builder.graph_builder - INFO - Total Software nodes in database after insertion: 716
2026-02-12 17:48:41,761 - __main__ - INFO - 
Inserting vulnerability nodes...
2026-02-12 17:48:41,761 - graph_builder.graph_builder - INFO - ============================================================
2026-02-12 17:48:41,761 - graph_builder.graph_builder - INFO - Inserting VULNERABILITY nodes into Neo4j
2026-02-12 17:48:41,761 - graph_builder.graph_builder - INFO - ============================================================
2026-02-12 17:48:41,761 - graph_builder.node_inserter - INFO - Loading nodes from: extracted_data\vulnerability_nodes_20260212_144747.json
2026-02-12 17:48:41,763 - graph_builder.node_inserter - INFO - Loaded 53 nodes from JSON file
2026-02-12 17:48:41,765 - graph_builder.graph_builder - INFO - Existing Vulnerability nodes in database: 40
2026-02-12 17:48:41,765 - graph_builder.node_inserter - INFO - Inserting 53 Vulnerability nodes in batches of 100
2026-02-12 17:48:41,765 - graph_builder.node_inserter - INFO - Processing batch 1/1 (53 nodes)
2026-02-12 17:48:41,970 - graph_builder.node_inserter - INFO - Batch insertion complete: 53 succeeded, 0 failed
2026-02-12 17:48:41,972 - graph_builder.graph_builder - INFO - Total Vulnerability nodes in database after insertion: 40
2026-02-12 17:48:41,972 - __main__ - INFO - 
Inserting assetgroup nodes...
2026-02-12 17:48:41,972 - graph_builder.graph_builder - INFO - ============================================================
2026-02-12 17:48:41,973 - graph_builder.graph_builder - INFO - Inserting ASSETGROUP nodes into Neo4j
2026-02-12 17:48:41,973 - graph_builder.graph_builder - INFO - ============================================================
2026-02-12 17:48:41,973 - graph_builder.node_inserter - INFO - Loading nodes from: extracted_data\assetgroup_nodes_20260212_150847.json
2026-02-12 17:48:41,974 - graph_builder.node_inserter - INFO - Loaded 1 nodes from JSON file
2026-02-12 17:48:41,976 - graph_builder.graph_builder - INFO - Existing AssetGroup nodes in database: 1
2026-02-12 17:48:41,976 - graph_builder.node_inserter - INFO - Inserting 1 AssetGroup nodes in batches of 100
2026-02-12 17:48:41,977 - graph_builder.node_inserter - INFO - Processing batch 1/1 (1 nodes)
2026-02-12 17:48:41,981 - graph_builder.node_inserter - INFO - Batch insertion complete: 1 succeeded, 0 failed
2026-02-12 17:48:41,984 - graph_builder.graph_builder - INFO - Total AssetGroup nodes in database after insertion: 1
2026-02-12 17:48:41,985 - __main__ - INFO - 
Inserting hardware nodes...
2026-02-12 17:48:41,985 - graph_builder.graph_builder - INFO - ============================================================
2026-02-12 17:48:41,985 - graph_builder.graph_builder - INFO - Inserting HARDWARE nodes into Neo4j
2026-02-12 17:48:41,985 - graph_builder.graph_builder - INFO - ============================================================
2026-02-12 17:48:41,985 - graph_builder.node_inserter - INFO - Loading nodes from: extracted_data\hardware_nodes_20260212_152416.json
2026-02-12 17:48:41,986 - graph_builder.node_inserter - INFO - Loaded 5 nodes from JSON file
2026-02-12 17:48:41,987 - graph_builder.graph_builder - INFO - Existing Hardware nodes in database: 5
2026-02-12 17:48:41,988 - graph_builder.node_inserter - INFO - Inserting 5 Hardware nodes in batches of 100
2026-02-12 17:48:41,988 - graph_builder.node_inserter - INFO - Processing batch 1/1 (5 nodes)
2026-02-12 17:48:42,008 - graph_builder.node_inserter - INFO - Batch insertion complete: 5 succeeded, 0 failed
2026-02-12 17:48:42,010 - graph_builder.graph_builder - INFO - Total Hardware nodes in database after insertion: 5
2026-02-12 17:48:42,010 - __main__ - INFO - 
Creating relationships...
2026-02-12 17:48:42,010 - graph_builder.graph_builder - INFO - ============================================================
2026-02-12 17:48:42,010 - graph_builder.graph_builder - INFO - Creating Relationships
2026-02-12 17:48:42,010 - graph_builder.graph_builder - INFO - ============================================================
2026-02-12 17:48:42,010 - graph_builder.relationship_manager - INFO - Creating relationship 'asset_to_host': Asset-[:IS_HOST]->Host
2026-02-12 17:48:42,014 - graph_builder.relationship_manager - INFO - Created 5 IS_HOST relationships from Asset to Host
2026-02-12 17:48:42,015 - graph_builder.relationship_manager - INFO - Creating relationship 'host_to_software': Host-[:RUNS]->Software
2026-02-12 17:48:42,023 - graph_builder.relationship_manager - INFO - Created 716 RUNS relationships from Host to Software
2026-02-12 17:48:42,023 - graph_builder.relationship_manager - INFO - Creating relationship 'asset_to_software': Asset-[:RUNS_SOFTWARE]->Software
2026-02-12 17:48:42,033 - graph_builder.relationship_manager - INFO - Created 716 RUNS_SOFTWARE relationships from Asset to Software
2026-02-12 17:48:42,033 - graph_builder.relationship_manager - INFO - Creating relationship 'software_to_vulnerability': Software-[:HAS_VULNERABILITY]->Vulnerability
2026-02-12 17:48:42,037 - graph_builder.relationship_manager - INFO - Created 40 HAS_VULNERABILITY relationships from Software to Vulnerability
2026-02-12 17:48:42,038 - graph_builder.relationship_manager - INFO - Creating relationship 'vulnerability_to_asset': Vulnerability-[:AFFECTS]->Asset
2026-02-12 17:48:42,042 - graph_builder.relationship_manager - INFO - Created 40 AFFECTS relationships from Vulnerability to Asset
2026-02-12 17:48:42,042 - graph_builder.relationship_manager - INFO - Creating relationship 'asset_to_assetgroup': Asset-[:LOCATED_IN]->AssetGroup
2026-02-12 17:48:42,045 - graph_builder.relationship_manager - INFO - Looking for agent IDs in source data: ['000', '001', '002', '003', '004']
2026-02-12 17:48:42,045 - graph_builder.relationship_manager - INFO - Source data items: 4
2026-02-12 17:48:42,045 - graph_builder.relationship_manager - INFO - Prepared 0 relationships to create from source data
2026-02-12 17:48:42,045 - graph_builder.relationship_manager - WARNING - No matching values found in source data
2026-02-12 17:48:42,045 - graph_builder.relationship_manager - INFO - Creating relationship 'asset_to_hardware': Asset-[:HAS_HARDWARE]->Hardware
2026-02-12 17:48:42,050 - graph_builder.relationship_manager - INFO - Created 5 HAS_HARDWARE relationships from Asset to Hardware
2026-02-12 17:48:42,050 - graph_builder.graph_builder - INFO - asset_to_host: 5 relationships created
2026-02-12 17:48:42,050 - graph_builder.graph_builder - INFO - host_to_software: 716 relationships created
2026-02-12 17:48:42,050 - graph_builder.graph_builder - INFO - asset_to_software: 716 relationships created
2026-02-12 17:48:42,050 - graph_builder.graph_builder - INFO - software_to_vulnerability: 40 relationships created
2026-02-12 17:48:42,051 - graph_builder.graph_builder - INFO - vulnerability_to_asset: 40 relationships created
2026-02-12 17:48:42,051 - graph_builder.graph_builder - INFO - asset_to_assetgroup: 0 relationships created
2026-02-12 17:48:42,051 - graph_builder.graph_builder - INFO - asset_to_hardware: 5 relationships created
2026-02-12 17:48:42,051 - graph_builder.neo4j_connection - INFO - Neo4j connection closed
2026-02-12 17:48:42,051 - __main__ - INFO - Graph building process completed successfully
2026-02-12 17:49:09,462 - __main__ - INFO - ============================================================
2026-02-12 17:49:09,462 - __main__ - INFO - Neo4j Graph Builder
2026-02-12 17:49:09,462 - __main__ - INFO - ============================================================
2026-02-12 17:49:09,463 - __main__ - INFO - Using latest asset nodes file: extracted_data\asset_nodes_20260212_151155.json
2026-02-12 17:49:09,464 - __main__ - INFO - Using latest host nodes file: extracted_data\host_nodes_20260212_130327.json
2026-02-12 17:49:09,465 - __main__ - INFO - Using latest software nodes file: extracted_data\software_nodes_20260212_141701.json
2026-02-12 17:49:09,465 - __main__ - INFO - Using latest vulnerability nodes file: extracted_data\vulnerability_nodes_20260212_144747.json
2026-02-12 17:49:09,466 - __main__ - INFO - Using latest assetgroup nodes file: extracted_data\assetgroup_nodes_20260212_150847.json
2026-02-12 17:49:09,467 - __main__ - INFO - Using latest hardware nodes file: extracted_data\hardware_nodes_20260212_152416.json
2026-02-12 17:49:09,467 - __main__ - INFO - 
Initializing graph builder...
2026-02-12 17:49:09,471 - graph_builder.neo4j_connection - INFO - Loaded Neo4j configuration from neo4j_config.yaml
2026-02-12 17:49:09,471 - graph_builder.neo4j_connection - INFO - Connecting to Neo4j at bolt://localhost:7687 with username: neo4j
2026-02-12 17:49:11,563 - graph_builder.neo4j_connection - INFO - Neo4j connection test successful
2026-02-12 17:49:11,563 - graph_builder.neo4j_connection - INFO - Successfully connected to Neo4j at bolt://localhost:7687
2026-02-12 17:49:11,657 - graph_builder.constraints_manager - INFO - Loaded graph configuration from graph_config.yaml
2026-02-12 17:49:11,756 - graph_builder.relationship_manager - INFO - Loaded graph configuration from graph_config.yaml
2026-02-12 17:49:11,774 - graph_builder.source_data_loader - INFO - Loaded paths configuration from paths_config.yaml
2026-02-12 17:49:11,775 - __main__ - INFO - 
Setting up constraints...
2026-02-12 17:49:11,775 - graph_builder.graph_builder - INFO - ============================================================
2026-02-12 17:49:11,776 - graph_builder.graph_builder - INFO - Setting up Neo4j constraints and indexes
2026-02-12 17:49:11,776 - graph_builder.graph_builder - INFO - ============================================================
2026-02-12 17:49:11,777 - graph_builder.constraints_manager - INFO - Creating constraints for node type: asset
2026-02-12 17:49:11,784 - graph_builder.constraints_manager - INFO - Created UNIQUE constraint 'unique_asset_id' on Asset(asset_id)
2026-02-12 17:49:11,785 - graph_builder.constraints_manager - INFO - Creating constraints for node type: host
2026-02-12 17:49:11,790 - graph_builder.constraints_manager - INFO - Created composite UNIQUE constraint 'unique_host_composite' on Host(agent_id, os_name)
2026-02-12 17:49:11,790 - graph_builder.constraints_manager - INFO - Creating constraints for node type: software
2026-02-12 17:49:11,794 - graph_builder.constraints_manager - INFO - Created composite UNIQUE constraint 'unique_software_composite' on Software(agent_id, name, version)
2026-02-12 17:49:11,795 - graph_builder.constraints_manager - INFO - Creating constraints for node type: vulnerability
2026-02-12 17:49:11,798 - graph_builder.constraints_manager - INFO - Created UNIQUE constraint 'unique_cve_id' on Vulnerability(cve_id)
2026-02-12 17:49:11,799 - graph_builder.constraints_manager - INFO - Creating constraints for node type: assetgroup
2026-02-12 17:49:11,804 - graph_builder.constraints_manager - INFO - Created UNIQUE constraint 'unique_assetgroup_name' on AssetGroup(name)
2026-02-12 17:49:11,804 - graph_builder.constraints_manager - INFO - Creating constraints for node type: hardware
2026-02-12 17:49:11,808 - graph_builder.constraints_manager - INFO - Created composite UNIQUE constraint 'unique_hardware_composite' on Hardware(agent_id, name)
2026-02-12 17:49:11,809 - graph_builder.graph_builder - INFO - asset: 1/1 constraints created successfully
2026-02-12 17:49:11,809 - graph_builder.graph_builder - INFO - host: 1/1 constraints created successfully
2026-02-12 17:49:11,809 - graph_builder.graph_builder - INFO - software: 1/1 constraints created successfully
2026-02-12 17:49:11,809 - graph_builder.graph_builder - INFO - vulnerability: 1/1 constraints created successfully
2026-02-12 17:49:11,809 - graph_builder.graph_builder - INFO - assetgroup: 1/1 constraints created successfully
2026-02-12 17:49:11,809 - graph_builder.graph_builder - INFO - hardware: 1/1 constraints created successfully
2026-02-12 17:49:11,810 - __main__ - INFO - 
Inserting asset nodes...
2026-02-12 17:49:11,810 - graph_builder.graph_builder - INFO - ============================================================
2026-02-12 17:49:11,810 - graph_builder.graph_builder - INFO - Inserting ASSET nodes into Neo4j
2026-02-12 17:49:11,810 - graph_builder.graph_builder - INFO - ============================================================
2026-02-12 17:49:11,810 - graph_builder.node_inserter - INFO - Loading nodes from: extracted_data\asset_nodes_20260212_151155.json
2026-02-12 17:49:11,811 - graph_builder.node_inserter - INFO - Loaded 5 nodes from JSON file
2026-02-12 17:49:11,814 - graph_builder.graph_builder - INFO - Existing Asset nodes in database: 5
2026-02-12 17:49:11,814 - graph_builder.node_inserter - INFO - Inserting 5 Asset nodes in batches of 100
2026-02-12 17:49:11,814 - graph_builder.node_inserter - INFO - Processing batch 1/1 (5 nodes)
2026-02-12 17:49:11,851 - graph_builder.node_inserter - INFO - Batch insertion complete: 5 succeeded, 0 failed
2026-02-12 17:49:11,853 - graph_builder.graph_builder - INFO - Total Asset nodes in database after insertion: 5
2026-02-12 17:49:11,853 - __main__ - INFO - 
Inserting host nodes...
2026-02-12 17:49:11,854 - graph_builder.graph_builder - INFO - ============================================================
2026-02-12 17:49:11,854 - graph_builder.graph_builder - INFO - Inserting HOST nodes into Neo4j
2026-02-12 17:49:11,854 - graph_builder.graph_builder - INFO - ============================================================
2026-02-12 17:49:11,854 - graph_builder.node_inserter - INFO - Loading nodes from: extracted_data\host_nodes_20260212_130327.json
2026-02-12 17:49:11,855 - graph_builder.node_inserter - INFO - Loaded 5 nodes from JSON file
2026-02-12 17:49:11,857 - graph_builder.graph_builder - INFO - Existing Host nodes in database: 5
2026-02-12 17:49:11,857 - graph_builder.node_inserter - INFO - Inserting 5 Host nodes in batches of 100
2026-02-12 17:49:11,857 - graph_builder.node_inserter - INFO - Processing batch 1/1 (5 nodes)
2026-02-12 17:49:11,882 - graph_builder.node_inserter - INFO - Batch insertion complete: 5 succeeded, 0 failed
2026-02-12 17:49:11,885 - graph_builder.graph_builder - INFO - Total Host nodes in database after insertion: 5
2026-02-12 17:49:11,886 - __main__ - INFO - 
Inserting software nodes...
2026-02-12 17:49:11,886 - graph_builder.graph_builder - INFO - ============================================================
2026-02-12 17:49:11,886 - graph_builder.graph_builder - INFO - Inserting SOFTWARE nodes into Neo4j
2026-02-12 17:49:11,886 - graph_builder.graph_builder - INFO - ============================================================
2026-02-12 17:49:11,886 - graph_builder.node_inserter - INFO - Loading nodes from: extracted_data\software_nodes_20260212_141701.json
2026-02-12 17:49:11,890 - graph_builder.node_inserter - INFO - Loaded 723 nodes from JSON file
2026-02-12 17:49:11,893 - graph_builder.graph_builder - INFO - Existing Software nodes in database: 716
2026-02-12 17:49:11,894 - graph_builder.node_inserter - INFO - Inserting 723 Software nodes in batches of 100
2026-02-12 17:49:11,894 - graph_builder.node_inserter - INFO - Processing batch 1/8 (100 nodes)
2026-02-12 17:49:12,289 - graph_builder.node_inserter - INFO - Processing batch 2/8 (100 nodes)
2026-02-12 17:49:12,725 - graph_builder.node_inserter - INFO - Processing batch 3/8 (100 nodes)
2026-02-12 17:49:13,112 - graph_builder.node_inserter - INFO - Processing batch 4/8 (100 nodes)
2026-02-12 17:49:13,624 - graph_builder.node_inserter - INFO - Processing batch 5/8 (100 nodes)
2026-02-12 17:49:14,010 - graph_builder.node_inserter - INFO - Processing batch 6/8 (100 nodes)
2026-02-12 17:49:14,399 - graph_builder.node_inserter - INFO - Processing batch 7/8 (100 nodes)
2026-02-12 17:49:14,769 - graph_builder.node_inserter - INFO - Processing batch 8/8 (23 nodes)
2026-02-12 17:49:14,858 - graph_builder.node_inserter - INFO - Batch insertion complete: 723 succeeded, 0 failed
2026-02-12 17:49:14,860 - graph_builder.graph_builder - INFO - Total Software nodes in database after insertion: 716
2026-02-12 17:49:14,860 - __main__ - INFO - 
Inserting vulnerability nodes...
2026-02-12 17:49:14,860 - graph_builder.graph_builder - INFO - ============================================================
2026-02-12 17:49:14,860 - graph_builder.graph_builder - INFO - Inserting VULNERABILITY nodes into Neo4j
2026-02-12 17:49:14,860 - graph_builder.graph_builder - INFO - ============================================================
2026-02-12 17:49:14,861 - graph_builder.node_inserter - INFO - Loading nodes from: extracted_data\vulnerability_nodes_20260212_144747.json
2026-02-12 17:49:14,862 - graph_builder.node_inserter - INFO - Loaded 53 nodes from JSON file
2026-02-12 17:49:14,863 - graph_builder.graph_builder - INFO - Existing Vulnerability nodes in database: 40
2026-02-12 17:49:14,864 - graph_builder.node_inserter - INFO - Inserting 53 Vulnerability nodes in batches of 100
2026-02-12 17:49:14,864 - graph_builder.node_inserter - INFO - Processing batch 1/1 (53 nodes)
2026-02-12 17:49:15,129 - graph_builder.node_inserter - INFO - Batch insertion complete: 53 succeeded, 0 failed
2026-02-12 17:49:15,131 - graph_builder.graph_builder - INFO - Total Vulnerability nodes in database after insertion: 40
2026-02-12 17:49:15,131 - __main__ - INFO - 
Inserting assetgroup nodes...
2026-02-12 17:49:15,132 - graph_builder.graph_builder - INFO - ============================================================
2026-02-12 17:49:15,132 - graph_builder.graph_builder - INFO - Inserting ASSETGROUP nodes into Neo4j
2026-02-12 17:49:15,132 - graph_builder.graph_builder - INFO - ============================================================
2026-02-12 17:49:15,132 - graph_builder.node_inserter - INFO - Loading nodes from: extracted_data\assetgroup_nodes_20260212_150847.json
2026-02-12 17:49:15,133 - graph_builder.node_inserter - INFO - Loaded 1 nodes from JSON file
2026-02-12 17:49:15,135 - graph_builder.graph_builder - INFO - Existing AssetGroup nodes in database: 1
2026-02-12 17:49:15,135 - graph_builder.node_inserter - INFO - Inserting 1 AssetGroup nodes in batches of 100
2026-02-12 17:49:15,135 - graph_builder.node_inserter - INFO - Processing batch 1/1 (1 nodes)
2026-02-12 17:49:15,170 - graph_builder.node_inserter - INFO - Batch insertion complete: 1 succeeded, 0 failed
2026-02-12 17:49:15,174 - graph_builder.graph_builder - INFO - Total AssetGroup nodes in database after insertion: 1
2026-02-12 17:49:15,174 - __main__ - INFO - 
Inserting hardware nodes...
2026-02-12 17:49:15,174 - graph_builder.graph_builder - INFO - ============================================================
2026-02-12 17:49:15,175 - graph_builder.graph_builder - INFO - Inserting HARDWARE nodes into Neo4j
2026-02-12 17:49:15,175 - graph_builder.graph_builder - INFO - ============================================================
2026-02-12 17:49:15,175 - graph_builder.node_inserter - INFO - Loading nodes from: extracted_data\hardware_nodes_20260212_152416.json
2026-02-12 17:49:15,175 - graph_builder.node_inserter - INFO - Loaded 5 nodes from JSON file
2026-02-12 17:49:15,178 - graph_builder.graph_builder - INFO - Existing Hardware nodes in database: 5
2026-02-12 17:49:15,178 - graph_builder.node_inserter - INFO - Inserting 5 Hardware nodes in batches of 100
2026-02-12 17:49:15,178 - graph_builder.node_inserter - INFO - Processing batch 1/1 (5 nodes)
2026-02-12 17:49:15,202 - graph_builder.node_inserter - INFO - Batch insertion complete: 5 succeeded, 0 failed
2026-02-12 17:49:15,205 - graph_builder.graph_builder - INFO - Total Hardware nodes in database after insertion: 5
2026-02-12 17:49:15,206 - __main__ - INFO - 
Creating relationships...
2026-02-12 17:49:15,206 - graph_builder.graph_builder - INFO - ============================================================
2026-02-12 17:49:15,206 - graph_builder.graph_builder - INFO - Creating Relationships
2026-02-12 17:49:15,206 - graph_builder.graph_builder - INFO - ============================================================
2026-02-12 17:49:15,207 - graph_builder.relationship_manager - INFO - Creating relationship 'asset_to_host': Asset-[:IS_HOST]->Host
2026-02-12 17:49:15,235 - graph_builder.relationship_manager - INFO - Created 5 IS_HOST relationships from Asset to Host
2026-02-12 17:49:15,235 - graph_builder.relationship_manager - INFO - Creating relationship 'host_to_software': Host-[:RUNS]->Software
2026-02-12 17:49:15,265 - graph_builder.relationship_manager - INFO - Created 716 RUNS relationships from Host to Software
2026-02-12 17:49:15,265 - graph_builder.relationship_manager - INFO - Creating relationship 'asset_to_software': Asset-[:RUNS_SOFTWARE]->Software
2026-02-12 17:49:15,293 - graph_builder.relationship_manager - INFO - Created 716 RUNS_SOFTWARE relationships from Asset to Software
2026-02-12 17:49:15,293 - graph_builder.relationship_manager - INFO - Creating relationship 'software_to_vulnerability': Software-[:HAS_VULNERABILITY]->Vulnerability
2026-02-12 17:49:15,315 - graph_builder.relationship_manager - INFO - Created 40 HAS_VULNERABILITY relationships from Software to Vulnerability
2026-02-12 17:49:15,316 - graph_builder.relationship_manager - INFO - Creating relationship 'vulnerability_to_asset': Vulnerability-[:AFFECTS]->Asset
2026-02-12 17:49:15,348 - graph_builder.relationship_manager - INFO - Created 40 AFFECTS relationships from Vulnerability to Asset
2026-02-12 17:49:15,348 - graph_builder.relationship_manager - INFO - Creating relationship 'asset_to_assetgroup': Asset-[:LOCATED_IN]->AssetGroup
2026-02-12 17:49:15,352 - graph_builder.relationship_manager - INFO - Looking for agent IDs in source data: ['000', '001', '002', '003', '004']
2026-02-12 17:49:15,352 - graph_builder.relationship_manager - INFO - Source data items: 4
2026-02-12 17:49:15,352 - graph_builder.relationship_manager - INFO - Prepared 0 relationships to create from source data
2026-02-12 17:49:15,352 - graph_builder.relationship_manager - WARNING - No matching values found in source data
2026-02-12 17:49:15,352 - graph_builder.relationship_manager - INFO - Creating relationship 'asset_to_hardware': Asset-[:HAS_HARDWARE]->Hardware
2026-02-12 17:49:15,375 - graph_builder.relationship_manager - INFO - Created 5 HAS_HARDWARE relationships from Asset to Hardware
2026-02-12 17:49:15,375 - graph_builder.graph_builder - INFO - asset_to_host: 5 relationships created
2026-02-12 17:49:15,375 - graph_builder.graph_builder - INFO - host_to_software: 716 relationships created
2026-02-12 17:49:15,376 - graph_builder.graph_builder - INFO - asset_to_software: 716 relationships created
2026-02-12 17:49:15,376 - graph_builder.graph_builder - INFO - software_to_vulnerability: 40 relationships created
2026-02-12 17:49:15,376 - graph_builder.graph_builder - INFO - vulnerability_to_asset: 40 relationships created
2026-02-12 17:49:15,376 - graph_builder.graph_builder - INFO - asset_to_assetgroup: 0 relationships created
2026-02-12 17:49:15,376 - graph_builder.graph_builder - INFO - asset_to_hardware: 5 relationships created
2026-02-12 17:49:15,377 - graph_builder.neo4j_connection - INFO - Neo4j connection closed
2026-02-12 17:49:15,378 - __main__ - INFO - Graph building process completed successfully
2026-02-12 17:51:38,789 - __main__ - INFO - ============================================================
2026-02-12 17:51:38,789 - __main__ - INFO - Neo4j Graph Builder
2026-02-12 17:51:38,790 - __main__ - INFO - ============================================================
2026-02-12 17:51:38,790 - __main__ - INFO - Using latest asset nodes file: extracted_data\asset_nodes_20260212_151155.json
2026-02-12 17:51:38,791 - __main__ - INFO - Using latest host nodes file: extracted_data\host_nodes_20260212_130327.json
2026-02-12 17:51:38,792 - __main__ - INFO - Using latest software nodes file: extracted_data\software_nodes_20260212_141701.json
2026-02-12 17:51:38,793 - __main__ - INFO - Using latest vulnerability nodes file: extracted_data\vulnerability_nodes_20260212_144747.json
2026-02-12 17:51:38,794 - __main__ - INFO - Using latest assetgroup nodes file: extracted_data\assetgroup_nodes_20260212_150847.json
2026-02-12 17:51:38,794 - __main__ - INFO - Using latest hardware nodes file: extracted_data\hardware_nodes_20260212_152416.json
2026-02-12 17:51:38,795 - __main__ - INFO - 
Initializing graph builder...
2026-02-12 17:51:38,798 - graph_builder.neo4j_connection - INFO - Loaded Neo4j configuration from neo4j_config.yaml
2026-02-12 17:51:38,798 - graph_builder.neo4j_connection - INFO - Connecting to Neo4j at bolt://localhost:7687 with username: neo4j
2026-02-12 17:51:40,861 - graph_builder.neo4j_connection - INFO - Neo4j connection test successful
2026-02-12 17:51:40,862 - graph_builder.neo4j_connection - INFO - Successfully connected to Neo4j at bolt://localhost:7687
2026-02-12 17:51:40,923 - graph_builder.constraints_manager - INFO - Loaded graph configuration from graph_config.yaml
2026-02-12 17:51:40,989 - graph_builder.relationship_manager - INFO - Loaded graph configuration from graph_config.yaml
2026-02-12 17:51:40,995 - graph_builder.source_data_loader - INFO - Loaded paths configuration from paths_config.yaml
2026-02-12 17:51:40,996 - __main__ - INFO - 
Setting up constraints...
2026-02-12 17:51:40,996 - graph_builder.graph_builder - INFO - ============================================================
2026-02-12 17:51:40,996 - graph_builder.graph_builder - INFO - Setting up Neo4j constraints and indexes
2026-02-12 17:51:40,996 - graph_builder.graph_builder - INFO - ============================================================
2026-02-12 17:51:40,996 - graph_builder.constraints_manager - INFO - Creating constraints for node type: asset
2026-02-12 17:51:41,002 - graph_builder.constraints_manager - INFO - Created UNIQUE constraint 'unique_asset_id' on Asset(asset_id)
2026-02-12 17:51:41,003 - graph_builder.constraints_manager - INFO - Creating constraints for node type: host
2026-02-12 17:51:41,008 - graph_builder.constraints_manager - INFO - Created composite UNIQUE constraint 'unique_host_composite' on Host(agent_id, os_name)
2026-02-12 17:51:41,009 - graph_builder.constraints_manager - INFO - Creating constraints for node type: software
2026-02-12 17:51:41,013 - graph_builder.constraints_manager - INFO - Created composite UNIQUE constraint 'unique_software_composite' on Software(agent_id, name, version)
2026-02-12 17:51:41,013 - graph_builder.constraints_manager - INFO - Creating constraints for node type: vulnerability
2026-02-12 17:51:41,017 - graph_builder.constraints_manager - INFO - Created UNIQUE constraint 'unique_cve_id' on Vulnerability(cve_id)
2026-02-12 17:51:41,018 - graph_builder.constraints_manager - INFO - Creating constraints for node type: assetgroup
2026-02-12 17:51:41,022 - graph_builder.constraints_manager - INFO - Created UNIQUE constraint 'unique_assetgroup_name' on AssetGroup(name)
2026-02-12 17:51:41,022 - graph_builder.constraints_manager - INFO - Creating constraints for node type: hardware
2026-02-12 17:51:41,026 - graph_builder.constraints_manager - INFO - Created composite UNIQUE constraint 'unique_hardware_composite' on Hardware(agent_id, name)
2026-02-12 17:51:41,026 - graph_builder.graph_builder - INFO - asset: 1/1 constraints created successfully
2026-02-12 17:51:41,027 - graph_builder.graph_builder - INFO - host: 1/1 constraints created successfully
2026-02-12 17:51:41,027 - graph_builder.graph_builder - INFO - software: 1/1 constraints created successfully
2026-02-12 17:51:41,027 - graph_builder.graph_builder - INFO - vulnerability: 1/1 constraints created successfully
2026-02-12 17:51:41,027 - graph_builder.graph_builder - INFO - assetgroup: 1/1 constraints created successfully
2026-02-12 17:51:41,027 - graph_builder.graph_builder - INFO - hardware: 1/1 constraints created successfully
2026-02-12 17:51:41,027 - __main__ - INFO - 
Inserting asset nodes...
2026-02-12 17:51:41,027 - graph_builder.graph_builder - INFO - ============================================================
2026-02-12 17:51:41,027 - graph_builder.graph_builder - INFO - Inserting ASSET nodes into Neo4j
2026-02-12 17:51:41,028 - graph_builder.graph_builder - INFO - ============================================================
2026-02-12 17:51:41,028 - graph_builder.node_inserter - INFO - Loading nodes from: extracted_data\asset_nodes_20260212_151155.json
2026-02-12 17:51:41,028 - graph_builder.node_inserter - INFO - Loaded 5 nodes from JSON file
2026-02-12 17:51:41,031 - graph_builder.graph_builder - INFO - Existing Asset nodes in database: 5
2026-02-12 17:51:41,031 - graph_builder.node_inserter - INFO - Inserting 5 Asset nodes in batches of 100
2026-02-12 17:51:41,032 - graph_builder.node_inserter - INFO - Processing batch 1/1 (5 nodes)
2026-02-12 17:51:41,055 - graph_builder.node_inserter - INFO - Batch insertion complete: 5 succeeded, 0 failed
2026-02-12 17:51:41,057 - graph_builder.graph_builder - INFO - Total Asset nodes in database after insertion: 5
2026-02-12 17:51:41,057 - __main__ - INFO - 
Inserting host nodes...
2026-02-12 17:51:41,057 - graph_builder.graph_builder - INFO - ============================================================
2026-02-12 17:51:41,057 - graph_builder.graph_builder - INFO - Inserting HOST nodes into Neo4j
2026-02-12 17:51:41,058 - graph_builder.graph_builder - INFO - ============================================================
2026-02-12 17:51:41,058 - graph_builder.node_inserter - INFO - Loading nodes from: extracted_data\host_nodes_20260212_130327.json
2026-02-12 17:51:41,058 - graph_builder.node_inserter - INFO - Loaded 5 nodes from JSON file
2026-02-12 17:51:41,061 - graph_builder.graph_builder - INFO - Existing Host nodes in database: 5
2026-02-12 17:51:41,061 - graph_builder.node_inserter - INFO - Inserting 5 Host nodes in batches of 100
2026-02-12 17:51:41,061 - graph_builder.node_inserter - INFO - Processing batch 1/1 (5 nodes)
2026-02-12 17:51:41,082 - graph_builder.node_inserter - INFO - Batch insertion complete: 5 succeeded, 0 failed
2026-02-12 17:51:41,085 - graph_builder.graph_builder - INFO - Total Host nodes in database after insertion: 5
2026-02-12 17:51:41,085 - __main__ - INFO - 
Inserting software nodes...
2026-02-12 17:51:41,085 - graph_builder.graph_builder - INFO - ============================================================
2026-02-12 17:51:41,086 - graph_builder.graph_builder - INFO - Inserting SOFTWARE nodes into Neo4j
2026-02-12 17:51:41,086 - graph_builder.graph_builder - INFO - ============================================================
2026-02-12 17:51:41,086 - graph_builder.node_inserter - INFO - Loading nodes from: extracted_data\software_nodes_20260212_141701.json
2026-02-12 17:51:41,089 - graph_builder.node_inserter - INFO - Loaded 723 nodes from JSON file
2026-02-12 17:51:41,092 - graph_builder.graph_builder - INFO - Existing Software nodes in database: 716
2026-02-12 17:51:41,092 - graph_builder.node_inserter - INFO - Inserting 723 Software nodes in batches of 100
2026-02-12 17:51:41,092 - graph_builder.node_inserter - INFO - Processing batch 1/8 (100 nodes)
2026-02-12 17:51:41,491 - graph_builder.node_inserter - INFO - Processing batch 2/8 (100 nodes)
2026-02-12 17:51:41,926 - graph_builder.node_inserter - INFO - Processing batch 3/8 (100 nodes)
2026-02-12 17:51:42,330 - graph_builder.node_inserter - INFO - Processing batch 4/8 (100 nodes)
2026-02-12 17:51:42,726 - graph_builder.node_inserter - INFO - Processing batch 5/8 (100 nodes)
2026-02-12 17:51:43,123 - graph_builder.node_inserter - INFO - Processing batch 6/8 (100 nodes)
2026-02-12 17:51:43,517 - graph_builder.node_inserter - INFO - Processing batch 7/8 (100 nodes)
2026-02-12 17:51:43,914 - graph_builder.node_inserter - INFO - Processing batch 8/8 (23 nodes)
2026-02-12 17:51:44,001 - graph_builder.node_inserter - INFO - Batch insertion complete: 723 succeeded, 0 failed
2026-02-12 17:51:44,004 - graph_builder.graph_builder - INFO - Total Software nodes in database after insertion: 716
2026-02-12 17:51:44,004 - __main__ - INFO - 
Inserting vulnerability nodes...
2026-02-12 17:51:44,004 - graph_builder.graph_builder - INFO - ============================================================
2026-02-12 17:51:44,004 - graph_builder.graph_builder - INFO - Inserting VULNERABILITY nodes into Neo4j
2026-02-12 17:51:44,004 - graph_builder.graph_builder - INFO - ============================================================
2026-02-12 17:51:44,004 - graph_builder.node_inserter - INFO - Loading nodes from: extracted_data\vulnerability_nodes_20260212_144747.json
2026-02-12 17:51:44,006 - graph_builder.node_inserter - INFO - Loaded 53 nodes from JSON file
2026-02-12 17:51:44,008 - graph_builder.graph_builder - INFO - Existing Vulnerability nodes in database: 40
2026-02-12 17:51:44,008 - graph_builder.node_inserter - INFO - Inserting 53 Vulnerability nodes in batches of 100
2026-02-12 17:51:44,008 - graph_builder.node_inserter - INFO - Processing batch 1/1 (53 nodes)
2026-02-12 17:51:44,236 - graph_builder.node_inserter - INFO - Batch insertion complete: 53 succeeded, 0 failed
2026-02-12 17:51:44,239 - graph_builder.graph_builder - INFO - Total Vulnerability nodes in database after insertion: 40
2026-02-12 17:51:44,239 - __main__ - INFO - 
Inserting assetgroup nodes...
2026-02-12 17:51:44,239 - graph_builder.graph_builder - INFO - ============================================================
2026-02-12 17:51:44,239 - graph_builder.graph_builder - INFO - Inserting ASSETGROUP nodes into Neo4j
2026-02-12 17:51:44,240 - graph_builder.graph_builder - INFO - ============================================================
2026-02-12 17:51:44,240 - graph_builder.node_inserter - INFO - Loading nodes from: extracted_data\assetgroup_nodes_20260212_150847.json
2026-02-12 17:51:44,241 - graph_builder.node_inserter - INFO - Loaded 1 nodes from JSON file
2026-02-12 17:51:44,243 - graph_builder.graph_builder - INFO - Existing AssetGroup nodes in database: 1
2026-02-12 17:51:44,244 - graph_builder.node_inserter - INFO - Inserting 1 AssetGroup nodes in batches of 100
2026-02-12 17:51:44,244 - graph_builder.node_inserter - INFO - Processing batch 1/1 (1 nodes)
2026-02-12 17:51:44,248 - graph_builder.node_inserter - INFO - Batch insertion complete: 1 succeeded, 0 failed
2026-02-12 17:51:44,250 - graph_builder.graph_builder - INFO - Total AssetGroup nodes in database after insertion: 1
2026-02-12 17:51:44,251 - __main__ - INFO - 
Inserting hardware nodes...
2026-02-12 17:51:44,251 - graph_builder.graph_builder - INFO - ============================================================
2026-02-12 17:51:44,251 - graph_builder.graph_builder - INFO - Inserting HARDWARE nodes into Neo4j
2026-02-12 17:51:44,251 - graph_builder.graph_builder - INFO - ============================================================
2026-02-12 17:51:44,252 - graph_builder.node_inserter - INFO - Loading nodes from: extracted_data\hardware_nodes_20260212_152416.json
2026-02-12 17:51:44,252 - graph_builder.node_inserter - INFO - Loaded 5 nodes from JSON file
2026-02-12 17:51:44,255 - graph_builder.graph_builder - INFO - Existing Hardware nodes in database: 5
2026-02-12 17:51:44,255 - graph_builder.node_inserter - INFO - Inserting 5 Hardware nodes in batches of 100
2026-02-12 17:51:44,255 - graph_builder.node_inserter - INFO - Processing batch 1/1 (5 nodes)
2026-02-12 17:51:44,279 - graph_builder.node_inserter - INFO - Batch insertion complete: 5 succeeded, 0 failed
2026-02-12 17:51:44,282 - graph_builder.graph_builder - INFO - Total Hardware nodes in database after insertion: 5
2026-02-12 17:51:44,282 - __main__ - INFO - 
Creating relationships...
2026-02-12 17:51:44,282 - graph_builder.graph_builder - INFO - ============================================================
2026-02-12 17:51:44,282 - graph_builder.graph_builder - INFO - Creating Relationships
2026-02-12 17:51:44,282 - graph_builder.graph_builder - INFO - ============================================================
2026-02-12 17:51:44,282 - graph_builder.relationship_manager - INFO - Creating relationship 'asset_to_host': Asset-[:IS_HOST]->Host
2026-02-12 17:51:44,286 - graph_builder.relationship_manager - INFO - Created 5 IS_HOST relationships from Asset to Host
2026-02-12 17:51:44,287 - graph_builder.relationship_manager - INFO - Creating relationship 'host_to_software': Host-[:RUNS]->Software
2026-02-12 17:51:44,294 - graph_builder.relationship_manager - INFO - Created 716 RUNS relationships from Host to Software
2026-02-12 17:51:44,294 - graph_builder.relationship_manager - INFO - Creating relationship 'asset_to_software': Asset-[:RUNS_SOFTWARE]->Software
2026-02-12 17:51:44,305 - graph_builder.relationship_manager - INFO - Created 716 RUNS_SOFTWARE relationships from Asset to Software
2026-02-12 17:51:44,305 - graph_builder.relationship_manager - INFO - Creating relationship 'software_to_vulnerability': Software-[:HAS_VULNERABILITY]->Vulnerability
2026-02-12 17:51:44,309 - graph_builder.relationship_manager - INFO - Created 40 HAS_VULNERABILITY relationships from Software to Vulnerability
2026-02-12 17:51:44,310 - graph_builder.relationship_manager - INFO - Creating relationship 'vulnerability_to_asset': Vulnerability-[:AFFECTS]->Asset
2026-02-12 17:51:44,314 - graph_builder.relationship_manager - INFO - Created 40 AFFECTS relationships from Vulnerability to Asset
2026-02-12 17:51:44,315 - graph_builder.relationship_manager - INFO - Creating relationship 'asset_to_assetgroup': Asset-[:LOCATED_IN]->AssetGroup
2026-02-12 17:51:44,329 - graph_builder.relationship_manager - INFO - Looking for agent IDs in source data: ['000', '001', '002', '003', '004']
2026-02-12 17:51:44,329 - graph_builder.relationship_manager - INFO - Source data items: 4
2026-02-12 17:51:44,329 - graph_builder.relationship_manager - INFO - Skipping non-dict item: <class 'list'>
2026-02-12 17:51:44,329 - graph_builder.relationship_manager - INFO - Skipping non-dict item: <class 'list'>
2026-02-12 17:51:44,330 - graph_builder.relationship_manager - INFO - Skipping non-dict item: <class 'list'>
2026-02-12 17:51:44,330 - graph_builder.relationship_manager - INFO - Skipping non-dict item: <class 'list'>
2026-02-12 17:51:44,330 - graph_builder.relationship_manager - INFO - Prepared 0 relationships to create from source data
2026-02-12 17:51:44,330 - graph_builder.relationship_manager - WARNING - No matching values found in source data
2026-02-12 17:51:44,330 - graph_builder.relationship_manager - INFO - Creating relationship 'asset_to_hardware': Asset-[:HAS_HARDWARE]->Hardware
2026-02-12 17:51:44,333 - graph_builder.relationship_manager - INFO - Created 5 HAS_HARDWARE relationships from Asset to Hardware
2026-02-12 17:51:44,334 - graph_builder.graph_builder - INFO - asset_to_host: 5 relationships created
2026-02-12 17:51:44,334 - graph_builder.graph_builder - INFO - host_to_software: 716 relationships created
2026-02-12 17:51:44,335 - graph_builder.graph_builder - INFO - asset_to_software: 716 relationships created
2026-02-12 17:51:44,335 - graph_builder.graph_builder - INFO - software_to_vulnerability: 40 relationships created
2026-02-12 17:51:44,335 - graph_builder.graph_builder - INFO - vulnerability_to_asset: 40 relationships created
2026-02-12 17:51:44,335 - graph_builder.graph_builder - INFO - asset_to_assetgroup: 0 relationships created
2026-02-12 17:51:44,336 - graph_builder.graph_builder - INFO - asset_to_hardware: 5 relationships created
2026-02-12 17:51:44,336 - graph_builder.neo4j_connection - INFO - Neo4j connection closed
2026-02-12 17:51:44,336 - __main__ - INFO - Graph building process completed successfully
2026-02-12 18:05:08,676 - __main__ - INFO - ============================================================
2026-02-12 18:05:08,677 - __main__ - INFO - Neo4j Graph Builder
2026-02-12 18:05:08,677 - __main__ - INFO - ============================================================
2026-02-12 18:05:08,678 - __main__ - INFO - Using latest asset nodes file: extracted_data\asset_nodes_20260212_151155.json
2026-02-12 18:05:08,679 - __main__ - INFO - Using latest host nodes file: extracted_data\host_nodes_20260212_130327.json
2026-02-12 18:05:08,680 - __main__ - INFO - Using latest software nodes file: extracted_data\software_nodes_20260212_141701.json
2026-02-12 18:05:08,680 - __main__ - INFO - Using latest vulnerability nodes file: extracted_data\vulnerability_nodes_20260212_144747.json
2026-02-12 18:05:08,681 - __main__ - INFO - Using latest assetgroup nodes file: extracted_data\assetgroup_nodes_20260212_150847.json
2026-02-12 18:05:08,681 - __main__ - INFO - Using latest hardware nodes file: extracted_data\hardware_nodes_20260212_152416.json
2026-02-12 18:05:08,681 - __main__ - INFO - 
Initializing graph builder...
2026-02-12 18:05:08,682 - graph_builder.neo4j_connection - ERROR - Neo4j config file not found: neo4j_config.yaml
2026-02-12 18:05:08,682 - __main__ - ERROR - Error during graph building: [Errno 2] No such file or directory: 'neo4j_config.yaml'
Traceback (most recent call last):
  File "C:\Users\sgade\OneDrive\Desktop\orbit_node\scripts\build_graph.py", line 100, in main
    builder = GraphBuilder(
        neo4j_config_path="neo4j_config.yaml",
        graph_config_path="graph_config.yaml"
    )
  File "C:\Users\sgade\OneDrive\Desktop\orbit_node\graph_builder\graph_builder.py", line 28, in __init__
    self.neo4j_conn = Neo4jConnection(neo4j_config_path)
                      ~~~~~~~~~~~~~~~^^^^^^^^^^^^^^^^^^^
  File "C:\Users\sgade\OneDrive\Desktop\orbit_node\graph_builder\neo4j_connection.py", line 19, in __init__
    self.config = self._load_config(config_path)
                  ~~~~~~~~~~~~~~~~~^^^^^^^^^^^^^
  File "C:\Users\sgade\OneDrive\Desktop\orbit_node\graph_builder\neo4j_connection.py", line 26, in _load_config
    with open(config_path, 'r') as f:
         ~~~~^^^^^^^^^^^^^^^^^^
FileNotFoundError: [Errno 2] No such file or directory: 'neo4j_config.yaml'
2026-02-12 18:05:51,653 - __main__ - INFO - ============================================================
2026-02-12 18:05:51,653 - __main__ - INFO - Neo4j Graph Builder
2026-02-12 18:05:51,653 - __main__ - INFO - ============================================================
2026-02-12 18:05:51,654 - __main__ - INFO - Using latest asset nodes file: extracted_data\asset_nodes_20260212_151155.json
2026-02-12 18:05:51,655 - __main__ - INFO - Using latest host nodes file: extracted_data\host_nodes_20260212_130327.json
2026-02-12 18:05:51,656 - __main__ - INFO - Using latest software nodes file: extracted_data\software_nodes_20260212_141701.json
2026-02-12 18:05:51,658 - __main__ - INFO - Using latest vulnerability nodes file: extracted_data\vulnerability_nodes_20260212_144747.json
2026-02-12 18:05:51,658 - __main__ - INFO - Using latest assetgroup nodes file: extracted_data\assetgroup_nodes_20260212_150847.json
2026-02-12 18:05:51,659 - __main__ - INFO - Using latest hardware nodes file: extracted_data\hardware_nodes_20260212_152416.json
2026-02-12 18:05:51,659 - __main__ - INFO - 
Initializing graph builder...
2026-02-12 18:05:51,660 - graph_builder.neo4j_connection - ERROR - Neo4j config file not found: neo4j_config.yaml
2026-02-12 18:05:51,660 - __main__ - ERROR - Error during graph building: [Errno 2] No such file or directory: 'neo4j_config.yaml'
Traceback (most recent call last):
  File "C:\Users\sgade\OneDrive\Desktop\orbit_node\scripts\build_graph.py", line 100, in main
    builder = GraphBuilder(
        neo4j_config_path="neo4j_config.yaml",
        graph_config_path="graph_config.yaml"
    )
  File "C:\Users\sgade\OneDrive\Desktop\orbit_node\graph_builder\graph_builder.py", line 28, in __init__
    self.neo4j_conn = Neo4jConnection(neo4j_config_path)
                      ~~~~~~~~~~~~~~~^^^^^^^^^^^^^^^^^^^
  File "C:\Users\sgade\OneDrive\Desktop\orbit_node\graph_builder\neo4j_connection.py", line 19, in __init__
    self.config = self._load_config(config_path)
                  ~~~~~~~~~~~~~~~~~^^^^^^^^^^^^^
  File "C:\Users\sgade\OneDrive\Desktop\orbit_node\graph_builder\neo4j_connection.py", line 26, in _load_config
    with open(config_path, 'r') as f:
         ~~~~^^^^^^^^^^^^^^^^^^
FileNotFoundError: [Errno 2] No such file or directory: 'neo4j_config.yaml'
2026-02-12 18:06:39,428 - __main__ - INFO - ============================================================
2026-02-12 18:06:39,428 - __main__ - INFO - Neo4j Graph Builder
2026-02-12 18:06:39,428 - __main__ - INFO - ============================================================
2026-02-12 18:06:39,430 - __main__ - INFO - Using latest asset nodes file: extracted_data\asset_nodes_20260212_151155.json
2026-02-12 18:06:39,431 - __main__ - INFO - Using latest host nodes file: extracted_data\host_nodes_20260212_130327.json
2026-02-12 18:06:39,432 - __main__ - INFO - Using latest software nodes file: extracted_data\software_nodes_20260212_141701.json
2026-02-12 18:06:39,432 - __main__ - INFO - Using latest vulnerability nodes file: extracted_data\vulnerability_nodes_20260212_144747.json
2026-02-12 18:06:39,433 - __main__ - INFO - Using latest assetgroup nodes file: extracted_data\assetgroup_nodes_20260212_150847.json
2026-02-12 18:06:39,433 - __main__ - INFO - Using latest hardware nodes file: extracted_data\hardware_nodes_20260212_152416.json
2026-02-12 18:06:39,434 - __main__ - INFO - 
Initializing graph builder...
2026-02-12 18:06:39,434 - graph_builder.neo4j_connection - ERROR - Neo4j config file not found: neo4j_config.yaml
2026-02-12 18:06:39,434 - __main__ - ERROR - Error during graph building: [Errno 2] No such file or directory: 'neo4j_config.yaml'
Traceback (most recent call last):
  File "C:\Users\sgade\OneDrive\Desktop\orbit_node\scripts\build_graph.py", line 100, in main
    builder = GraphBuilder(
        neo4j_config_path="neo4j_config.yaml",
        graph_config_path="graph_config.yaml"
    )
  File "C:\Users\sgade\OneDrive\Desktop\orbit_node\graph_builder\graph_builder.py", line 28, in __init__
    self.neo4j_conn = Neo4jConnection(neo4j_config_path)
                      ~~~~~~~~~~~~~~~^^^^^^^^^^^^^^^^^^^
  File "C:\Users\sgade\OneDrive\Desktop\orbit_node\graph_builder\neo4j_connection.py", line 19, in __init__
    self.config = self._load_config(config_path)
                  ~~~~~~~~~~~~~~~~~^^^^^^^^^^^^^
  File "C:\Users\sgade\OneDrive\Desktop\orbit_node\graph_builder\neo4j_connection.py", line 26, in _load_config
    with open(config_path, 'r') as f:
         ~~~~^^^^^^^^^^^^^^^^^^
FileNotFoundError: [Errno 2] No such file or directory: 'neo4j_config.yaml'
2026-02-12 18:07:37,317 - __main__ - INFO - ============================================================
2026-02-12 18:07:37,318 - __main__ - INFO - Neo4j Graph Builder
2026-02-12 18:07:37,318 - __main__ - INFO - ============================================================
2026-02-12 18:07:37,319 - __main__ - INFO - Using latest asset nodes file: extracted_data\asset_nodes_20260212_151155.json
2026-02-12 18:07:37,319 - __main__ - INFO - Using latest host nodes file: extracted_data\host_nodes_20260212_130327.json
2026-02-12 18:07:37,320 - __main__ - INFO - Using latest software nodes file: extracted_data\software_nodes_20260212_141701.json
2026-02-12 18:07:37,321 - __main__ - INFO - Using latest vulnerability nodes file: extracted_data\vulnerability_nodes_20260212_144747.json
2026-02-12 18:07:37,322 - __main__ - INFO - Using latest assetgroup nodes file: extracted_data\assetgroup_nodes_20260212_150847.json
2026-02-12 18:07:37,323 - __main__ - INFO - Using latest hardware nodes file: extracted_data\hardware_nodes_20260212_152416.json
2026-02-12 18:07:37,323 - __main__ - INFO - 
Initializing graph builder...
2026-02-12 18:07:37,327 - graph_builder.neo4j_connection - INFO - Loaded Neo4j configuration from C:\Users\sgade\OneDrive\Desktop\orbit_node\config\neo4j_config.yaml
2026-02-12 18:07:37,327 - graph_builder.neo4j_connection - INFO - Connecting to Neo4j at bolt://localhost:7687 with username: neo4j
2026-02-12 18:07:39,409 - graph_builder.neo4j_connection - INFO - Neo4j connection test successful
2026-02-12 18:07:39,409 - graph_builder.neo4j_connection - INFO - Successfully connected to Neo4j at bolt://localhost:7687
2026-02-12 18:07:39,410 - __main__ - ERROR - Error during graph building: name 'Path' is not defined
Traceback (most recent call last):
  File "C:\Users\sgade\OneDrive\Desktop\orbit_node\scripts\build_graph.py", line 104, in main
    builder = GraphBuilder(
        neo4j_config_path=str(config_dir / "neo4j_config.yaml"),
        graph_config_path=str(config_dir / "graph_config.yaml")
    )
  File "C:\Users\sgade\OneDrive\Desktop\orbit_node\graph_builder\graph_builder.py", line 29, in __init__
    self.constraints_manager = ConstraintsManager(self.neo4j_conn, graph_config_path)
                               ~~~~~~~~~~~~~~~~~~^^^^^^^^^^^^^^^^^^^^^^^^^^^^^^^^^^^^
  File "C:\Users\sgade\OneDrive\Desktop\orbit_node\graph_builder\constraints_manager.py", line 20, in __init__
    self.graph_config = self._load_graph_config(graph_config_path)
                        ~~~~~~~~~~~~~~~~~~~~~~~^^^^^^^^^^^^^^^^^^^
  File "C:\Users\sgade\OneDrive\Desktop\orbit_node\graph_builder\constraints_manager.py", line 26, in _load_graph_config
    config_file = Path(config_path)
                  ^^^^
NameError: name 'Path' is not defined
2026-02-12 18:08:07,331 - __main__ - INFO - ============================================================
2026-02-12 18:08:07,332 - __main__ - INFO - Neo4j Graph Builder
2026-02-12 18:08:07,332 - __main__ - INFO - ============================================================
2026-02-12 18:08:07,333 - __main__ - INFO - Using latest asset nodes file: extracted_data\asset_nodes_20260212_151155.json
2026-02-12 18:08:07,334 - __main__ - INFO - Using latest host nodes file: extracted_data\host_nodes_20260212_130327.json
2026-02-12 18:08:07,334 - __main__ - INFO - Using latest software nodes file: extracted_data\software_nodes_20260212_141701.json
2026-02-12 18:08:07,335 - __main__ - INFO - Using latest vulnerability nodes file: extracted_data\vulnerability_nodes_20260212_144747.json
2026-02-12 18:08:07,335 - __main__ - INFO - Using latest assetgroup nodes file: extracted_data\assetgroup_nodes_20260212_150847.json
2026-02-12 18:08:07,336 - __main__ - INFO - Using latest hardware nodes file: extracted_data\hardware_nodes_20260212_152416.json
2026-02-12 18:08:07,336 - __main__ - INFO - 
Initializing graph builder...
2026-02-12 18:08:07,336 - __main__ - ERROR - Error during graph building: name 'Path' is not defined
Traceback (most recent call last):
  File "C:\Users\sgade\OneDrive\Desktop\orbit_node\scripts\build_graph.py", line 104, in main
    builder = GraphBuilder(
        neo4j_config_path=str(config_dir / "neo4j_config.yaml"),
        graph_config_path=str(config_dir / "graph_config.yaml")
    )
  File "C:\Users\sgade\OneDrive\Desktop\orbit_node\graph_builder\graph_builder.py", line 28, in __init__
    self.neo4j_conn = Neo4jConnection(neo4j_config_path)
                      ~~~~~~~~~~~~~~~^^^^^^^^^^^^^^^^^^^
  File "C:\Users\sgade\OneDrive\Desktop\orbit_node\graph_builder\neo4j_connection.py", line 19, in __init__
    self.config = self._load_config(config_path)
                  ~~~~~~~~~~~~~~~~~^^^^^^^^^^^^^
  File "C:\Users\sgade\OneDrive\Desktop\orbit_node\graph_builder\neo4j_connection.py", line 27, in _load_config
    config_file = Path(config_path)
                  ^^^^
NameError: name 'Path' is not defined
2026-02-12 18:08:42,014 - __main__ - INFO - ============================================================
2026-02-12 18:08:42,015 - __main__ - INFO - Neo4j Graph Builder
2026-02-12 18:08:42,015 - __main__ - INFO - ============================================================
2026-02-12 18:08:42,016 - __main__ - INFO - Using latest asset nodes file: extracted_data\asset_nodes_20260212_151155.json
2026-02-12 18:08:42,017 - __main__ - INFO - Using latest host nodes file: extracted_data\host_nodes_20260212_130327.json
2026-02-12 18:08:42,018 - __main__ - INFO - Using latest software nodes file: extracted_data\software_nodes_20260212_141701.json
2026-02-12 18:08:42,019 - __main__ - INFO - Using latest vulnerability nodes file: extracted_data\vulnerability_nodes_20260212_144747.json
2026-02-12 18:08:42,021 - __main__ - INFO - Using latest assetgroup nodes file: extracted_data\assetgroup_nodes_20260212_150847.json
2026-02-12 18:08:42,022 - __main__ - INFO - Using latest hardware nodes file: extracted_data\hardware_nodes_20260212_152416.json
2026-02-12 18:08:42,022 - __main__ - INFO - 
Initializing graph builder...
2026-02-12 18:08:42,022 - __main__ - ERROR - Error during graph building: name 'Path' is not defined
Traceback (most recent call last):
  File "C:\Users\sgade\OneDrive\Desktop\orbit_node\scripts\build_graph.py", line 104, in main
    builder = GraphBuilder(
        neo4j_config_path=str(config_dir / "neo4j_config.yaml"),
        graph_config_path=str(config_dir / "graph_config.yaml")
    )
  File "C:\Users\sgade\OneDrive\Desktop\orbit_node\graph_builder\graph_builder.py", line 28, in __init__
    self.neo4j_conn = Neo4jConnection(neo4j_config_path)
                      ~~~~~~~~~~~~~~~^^^^^^^^^^^^^^^^^^^
  File "C:\Users\sgade\OneDrive\Desktop\orbit_node\graph_builder\neo4j_connection.py", line 19, in __init__
    self.config = self._load_config(config_path)
                  ~~~~~~~~~~~~~~~~~^^^^^^^^^^^^^
  File "C:\Users\sgade\OneDrive\Desktop\orbit_node\graph_builder\neo4j_connection.py", line 27, in _load_config
    config_file = Path(config_path)
                  ^^^^
NameError: name 'Path' is not defined
2026-02-12 18:09:28,533 - __main__ - INFO - ============================================================
2026-02-12 18:09:28,534 - __main__ - INFO - Neo4j Graph Builder
2026-02-12 18:09:28,534 - __main__ - INFO - ============================================================
2026-02-12 18:09:28,535 - __main__ - INFO - Using latest asset nodes file: extracted_data\asset_nodes_20260212_151155.json
2026-02-12 18:09:28,535 - __main__ - INFO - Using latest host nodes file: extracted_data\host_nodes_20260212_130327.json
2026-02-12 18:09:28,536 - __main__ - INFO - Using latest software nodes file: extracted_data\software_nodes_20260212_141701.json
2026-02-12 18:09:28,537 - __main__ - INFO - Using latest vulnerability nodes file: extracted_data\vulnerability_nodes_20260212_144747.json
2026-02-12 18:09:28,537 - __main__ - INFO - Using latest assetgroup nodes file: extracted_data\assetgroup_nodes_20260212_150847.json
2026-02-12 18:09:28,538 - __main__ - INFO - Using latest hardware nodes file: extracted_data\hardware_nodes_20260212_152416.json
2026-02-12 18:09:28,538 - __main__ - INFO - 
Initializing graph builder...
2026-02-12 18:09:28,538 - __main__ - ERROR - Error during graph building: name 'Path' is not defined
Traceback (most recent call last):
  File "C:\Users\sgade\OneDrive\Desktop\orbit_node\scripts\build_graph.py", line 104, in main
    builder = GraphBuilder(
        neo4j_config_path=str(config_dir / "neo4j_config.yaml"),
        graph_config_path=str(config_dir / "graph_config.yaml")
    )
  File "C:\Users\sgade\OneDrive\Desktop\orbit_node\graph_builder\graph_builder.py", line 28, in __init__
    self.neo4j_conn = Neo4jConnection(neo4j_config_path)
                      ~~~~~~~~~~~~~~~^^^^^^^^^^^^^^^^^^^
  File "C:\Users\sgade\OneDrive\Desktop\orbit_node\graph_builder\neo4j_connection.py", line 19, in __init__
    self.config = self._load_config(config_path)
                  ~~~~~~~~~~~~~~~~~^^^^^^^^^^^^^
  File "C:\Users\sgade\OneDrive\Desktop\orbit_node\graph_builder\neo4j_connection.py", line 27, in _load_config
    config_file = Path(config_path)
                  ^^^^
NameError: name 'Path' is not defined
2026-02-12 18:10:11,141 - __main__ - INFO - ============================================================
2026-02-12 18:10:11,141 - __main__ - INFO - Neo4j Graph Builder
2026-02-12 18:10:11,141 - __main__ - INFO - ============================================================
2026-02-12 18:10:11,142 - __main__ - INFO - Using latest asset nodes file: extracted_data\asset_nodes_20260212_151155.json
2026-02-12 18:10:11,144 - __main__ - INFO - Using latest host nodes file: extracted_data\host_nodes_20260212_130327.json
2026-02-12 18:10:11,145 - __main__ - INFO - Using latest software nodes file: extracted_data\software_nodes_20260212_141701.json
2026-02-12 18:10:11,146 - __main__ - INFO - Using latest vulnerability nodes file: extracted_data\vulnerability_nodes_20260212_144747.json
2026-02-12 18:10:11,147 - __main__ - INFO - Using latest assetgroup nodes file: extracted_data\assetgroup_nodes_20260212_150847.json
2026-02-12 18:10:11,147 - __main__ - INFO - Using latest hardware nodes file: extracted_data\hardware_nodes_20260212_152416.json
2026-02-12 18:10:11,148 - __main__ - INFO - 
Initializing graph builder...
2026-02-12 18:10:11,148 - __main__ - ERROR - Error during graph building: name 'Path' is not defined
Traceback (most recent call last):
  File "C:\Users\sgade\OneDrive\Desktop\orbit_node\scripts\build_graph.py", line 104, in main
    builder = GraphBuilder(
        neo4j_config_path=str(config_dir / "neo4j_config.yaml"),
        graph_config_path=str(config_dir / "graph_config.yaml")
    )
  File "C:\Users\sgade\OneDrive\Desktop\orbit_node\graph_builder\graph_builder.py", line 28, in __init__
    self.neo4j_conn = Neo4jConnection(neo4j_config_path)
                      ~~~~~~~~~~~~~~~^^^^^^^^^^^^^^^^^^^
  File "C:\Users\sgade\OneDrive\Desktop\orbit_node\graph_builder\neo4j_connection.py", line 19, in __init__
    self.config = self._load_config(config_path)
                  ~~~~~~~~~~~~~~~~~^^^^^^^^^^^^^
  File "C:\Users\sgade\OneDrive\Desktop\orbit_node\graph_builder\neo4j_connection.py", line 27, in _load_config
    config_file = Path(config_path)
                  ^^^^
NameError: name 'Path' is not defined
2026-02-12 18:10:32,564 - __main__ - INFO - ============================================================
2026-02-12 18:10:32,564 - __main__ - INFO - Neo4j Graph Builder
2026-02-12 18:10:32,565 - __main__ - INFO - ============================================================
2026-02-12 18:10:32,566 - __main__ - INFO - Using latest asset nodes file: extracted_data\asset_nodes_20260212_151155.json
2026-02-12 18:10:32,567 - __main__ - INFO - Using latest host nodes file: extracted_data\host_nodes_20260212_130327.json
2026-02-12 18:10:32,568 - __main__ - INFO - Using latest software nodes file: extracted_data\software_nodes_20260212_141701.json
2026-02-12 18:10:32,570 - __main__ - INFO - Using latest vulnerability nodes file: extracted_data\vulnerability_nodes_20260212_144747.json
2026-02-12 18:10:32,571 - __main__ - INFO - Using latest assetgroup nodes file: extracted_data\assetgroup_nodes_20260212_150847.json
2026-02-12 18:10:32,572 - __main__ - INFO - Using latest hardware nodes file: extracted_data\hardware_nodes_20260212_152416.json
2026-02-12 18:10:32,572 - __main__ - INFO - 
Initializing graph builder...
2026-02-12 18:10:32,572 - __main__ - ERROR - Error during graph building: name 'Path' is not defined
Traceback (most recent call last):
  File "C:\Users\sgade\OneDrive\Desktop\orbit_node\scripts\build_graph.py", line 104, in main
    builder = GraphBuilder(
        neo4j_config_path=str(config_dir / "neo4j_config.yaml"),
        graph_config_path=str(config_dir / "graph_config.yaml")
    )
  File "C:\Users\sgade\OneDrive\Desktop\orbit_node\graph_builder\graph_builder.py", line 28, in __init__
    self.neo4j_conn = Neo4jConnection(neo4j_config_path)
                      ~~~~~~~~~~~~~~~^^^^^^^^^^^^^^^^^^^
  File "C:\Users\sgade\OneDrive\Desktop\orbit_node\graph_builder\neo4j_connection.py", line 19, in __init__
    self.config = self._load_config(config_path)
                  ~~~~~~~~~~~~~~~~~^^^^^^^^^^^^^
  File "C:\Users\sgade\OneDrive\Desktop\orbit_node\graph_builder\neo4j_connection.py", line 27, in _load_config
    config_file = Path(config_path)
                  ^^^^
NameError: name 'Path' is not defined
2026-02-12 18:11:23,724 - __main__ - INFO - ============================================================
2026-02-12 18:11:23,725 - __main__ - INFO - Neo4j Graph Builder
2026-02-12 18:11:23,725 - __main__ - INFO - ============================================================
2026-02-12 18:11:23,726 - __main__ - INFO - Using latest asset nodes file: extracted_data\asset_nodes_20260212_151155.json
2026-02-12 18:11:23,727 - __main__ - INFO - Using latest host nodes file: extracted_data\host_nodes_20260212_130327.json
2026-02-12 18:11:23,728 - __main__ - INFO - Using latest software nodes file: extracted_data\software_nodes_20260212_141701.json
2026-02-12 18:11:23,728 - __main__ - INFO - Using latest vulnerability nodes file: extracted_data\vulnerability_nodes_20260212_144747.json
2026-02-12 18:11:23,729 - __main__ - INFO - Using latest assetgroup nodes file: extracted_data\assetgroup_nodes_20260212_150847.json
2026-02-12 18:11:23,730 - __main__ - INFO - Using latest hardware nodes file: extracted_data\hardware_nodes_20260212_152416.json
2026-02-12 18:11:23,730 - __main__ - INFO - 
Initializing graph builder...
2026-02-12 18:11:23,730 - __main__ - ERROR - Error during graph building: name 'Path' is not defined
Traceback (most recent call last):
  File "C:\Users\sgade\OneDrive\Desktop\orbit_node\scripts\build_graph.py", line 104, in main
    builder = GraphBuilder(
        neo4j_config_path=str(config_dir / "neo4j_config.yaml"),
        graph_config_path=str(config_dir / "graph_config.yaml")
    )
  File "C:\Users\sgade\OneDrive\Desktop\orbit_node\graph_builder\graph_builder.py", line 28, in __init__
    self.neo4j_conn = Neo4jConnection(neo4j_config_path)
                      ~~~~~~~~~~~~~~~^^^^^^^^^^^^^^^^^^^
  File "C:\Users\sgade\OneDrive\Desktop\orbit_node\graph_builder\neo4j_connection.py", line 19, in __init__
    self.config = self._load_config(config_path)
                  ~~~~~~~~~~~~~~~~~^^^^^^^^^^^^^
  File "C:\Users\sgade\OneDrive\Desktop\orbit_node\graph_builder\neo4j_connection.py", line 27, in _load_config
    config_file = Path(config_path)
                  ^^^^
NameError: name 'Path' is not defined
2026-02-12 18:11:43,012 - __main__ - INFO - ============================================================
2026-02-12 18:11:43,012 - __main__ - INFO - Neo4j Graph Builder
2026-02-12 18:11:43,012 - __main__ - INFO - ============================================================
2026-02-12 18:11:43,014 - __main__ - INFO - Using latest asset nodes file: extracted_data\asset_nodes_20260212_151155.json
2026-02-12 18:11:43,015 - __main__ - INFO - Using latest host nodes file: extracted_data\host_nodes_20260212_130327.json
2026-02-12 18:11:43,016 - __main__ - INFO - Using latest software nodes file: extracted_data\software_nodes_20260212_141701.json
2026-02-12 18:11:43,017 - __main__ - INFO - Using latest vulnerability nodes file: extracted_data\vulnerability_nodes_20260212_144747.json
2026-02-12 18:11:43,019 - __main__ - INFO - Using latest assetgroup nodes file: extracted_data\assetgroup_nodes_20260212_150847.json
2026-02-12 18:11:43,020 - __main__ - INFO - Using latest hardware nodes file: extracted_data\hardware_nodes_20260212_152416.json
2026-02-12 18:11:43,020 - __main__ - INFO - 
Initializing graph builder...
2026-02-12 18:11:43,029 - graph_builder.neo4j_connection - INFO - Loaded Neo4j configuration from C:\Users\sgade\OneDrive\Desktop\orbit_node\config\neo4j_config.yaml
2026-02-12 18:11:43,029 - graph_builder.neo4j_connection - INFO - Connecting to Neo4j at bolt://localhost:7687 with username: neo4j
2026-02-12 18:11:45,111 - graph_builder.neo4j_connection - INFO - Neo4j connection test successful
2026-02-12 18:11:45,111 - graph_builder.neo4j_connection - INFO - Successfully connected to Neo4j at bolt://localhost:7687
2026-02-12 18:11:45,178 - graph_builder.constraints_manager - INFO - Loaded graph configuration from C:\Users\sgade\OneDrive\Desktop\orbit_node\config\graph_config.yaml
2026-02-12 18:11:45,245 - graph_builder.relationship_manager - INFO - Loaded graph configuration from C:\Users\sgade\OneDrive\Desktop\orbit_node\config\graph_config.yaml
2026-02-12 18:11:45,253 - graph_builder.relationship_manager - INFO - Loaded paths configuration from config\paths_config.yaml
2026-02-12 18:11:45,253 - __main__ - INFO - 
Setting up constraints...
2026-02-12 18:11:45,253 - graph_builder.graph_builder - INFO - ============================================================
2026-02-12 18:11:45,253 - graph_builder.graph_builder - INFO - Setting up Neo4j constraints and indexes
2026-02-12 18:11:45,253 - graph_builder.graph_builder - INFO - ============================================================
2026-02-12 18:11:45,253 - graph_builder.constraints_manager - INFO - Creating constraints for node type: asset
2026-02-12 18:11:45,262 - graph_builder.constraints_manager - INFO - Created UNIQUE constraint 'unique_asset_id' on Asset(asset_id)
2026-02-12 18:11:45,263 - graph_builder.constraints_manager - INFO - Creating constraints for node type: host
2026-02-12 18:11:45,267 - graph_builder.constraints_manager - INFO - Created composite UNIQUE constraint 'unique_host_composite' on Host(agent_id, os_name)
2026-02-12 18:11:45,267 - graph_builder.constraints_manager - INFO - Creating constraints for node type: software
2026-02-12 18:11:45,270 - graph_builder.constraints_manager - INFO - Created composite UNIQUE constraint 'unique_software_composite' on Software(agent_id, name, version)
2026-02-12 18:11:45,270 - graph_builder.constraints_manager - INFO - Creating constraints for node type: vulnerability
2026-02-12 18:11:45,273 - graph_builder.constraints_manager - INFO - Created UNIQUE constraint 'unique_cve_id' on Vulnerability(cve_id)
2026-02-12 18:11:45,273 - graph_builder.constraints_manager - INFO - Creating constraints for node type: assetgroup
2026-02-12 18:11:45,281 - graph_builder.constraints_manager - INFO - Created UNIQUE constraint 'unique_assetgroup_name' on AssetGroup(name)
2026-02-12 18:11:45,281 - graph_builder.constraints_manager - INFO - Creating constraints for node type: hardware
2026-02-12 18:11:45,284 - graph_builder.constraints_manager - INFO - Created composite UNIQUE constraint 'unique_hardware_composite' on Hardware(agent_id, name)
2026-02-12 18:11:45,284 - graph_builder.graph_builder - INFO - asset: 1/1 constraints created successfully
2026-02-12 18:11:45,284 - graph_builder.graph_builder - INFO - host: 1/1 constraints created successfully
2026-02-12 18:11:45,284 - graph_builder.graph_builder - INFO - software: 1/1 constraints created successfully
2026-02-12 18:11:45,284 - graph_builder.graph_builder - INFO - vulnerability: 1/1 constraints created successfully
2026-02-12 18:11:45,284 - graph_builder.graph_builder - INFO - assetgroup: 1/1 constraints created successfully
2026-02-12 18:11:45,285 - graph_builder.graph_builder - INFO - hardware: 1/1 constraints created successfully
2026-02-12 18:11:45,285 - __main__ - INFO - 
Inserting asset nodes...
2026-02-12 18:11:45,285 - graph_builder.graph_builder - INFO - ============================================================
2026-02-12 18:11:45,285 - graph_builder.graph_builder - INFO - Inserting ASSET nodes into Neo4j
2026-02-12 18:11:45,285 - graph_builder.graph_builder - INFO - ============================================================
2026-02-12 18:11:45,285 - graph_builder.node_inserter - INFO - Loading nodes from: extracted_data\asset_nodes_20260212_151155.json
2026-02-12 18:11:45,286 - graph_builder.node_inserter - INFO - Loaded 5 nodes from JSON file
2026-02-12 18:11:45,289 - graph_builder.graph_builder - INFO - Existing Asset nodes in database: 5
2026-02-12 18:11:45,289 - graph_builder.node_inserter - INFO - Inserting 5 Asset nodes in batches of 100
2026-02-12 18:11:45,289 - graph_builder.node_inserter - INFO - Processing batch 1/1 (5 nodes)
2026-02-12 18:11:45,327 - graph_builder.node_inserter - INFO - Batch insertion complete: 5 succeeded, 0 failed
2026-02-12 18:11:45,331 - graph_builder.graph_builder - INFO - Total Asset nodes in database after insertion: 5
2026-02-12 18:11:45,331 - __main__ - INFO - 
Inserting host nodes...
2026-02-12 18:11:45,331 - graph_builder.graph_builder - INFO - ============================================================
2026-02-12 18:11:45,331 - graph_builder.graph_builder - INFO - Inserting HOST nodes into Neo4j
2026-02-12 18:11:45,331 - graph_builder.graph_builder - INFO - ============================================================
2026-02-12 18:11:45,332 - graph_builder.node_inserter - INFO - Loading nodes from: extracted_data\host_nodes_20260212_130327.json
2026-02-12 18:11:45,332 - graph_builder.node_inserter - INFO - Loaded 5 nodes from JSON file
2026-02-12 18:11:45,335 - graph_builder.graph_builder - INFO - Existing Host nodes in database: 5
2026-02-12 18:11:45,335 - graph_builder.node_inserter - INFO - Inserting 5 Host nodes in batches of 100
2026-02-12 18:11:45,335 - graph_builder.node_inserter - INFO - Processing batch 1/1 (5 nodes)
2026-02-12 18:11:45,358 - graph_builder.node_inserter - INFO - Batch insertion complete: 5 succeeded, 0 failed
2026-02-12 18:11:45,362 - graph_builder.graph_builder - INFO - Total Host nodes in database after insertion: 5
2026-02-12 18:11:45,362 - __main__ - INFO - 
Inserting software nodes...
2026-02-12 18:11:45,363 - graph_builder.graph_builder - INFO - ============================================================
2026-02-12 18:11:45,363 - graph_builder.graph_builder - INFO - Inserting SOFTWARE nodes into Neo4j
2026-02-12 18:11:45,363 - graph_builder.graph_builder - INFO - ============================================================
2026-02-12 18:11:45,363 - graph_builder.node_inserter - INFO - Loading nodes from: extracted_data\software_nodes_20260212_141701.json
2026-02-12 18:11:45,366 - graph_builder.node_inserter - INFO - Loaded 723 nodes from JSON file
2026-02-12 18:11:45,369 - graph_builder.graph_builder - INFO - Existing Software nodes in database: 716
2026-02-12 18:11:45,369 - graph_builder.node_inserter - INFO - Inserting 723 Software nodes in batches of 100
2026-02-12 18:11:45,369 - graph_builder.node_inserter - INFO - Processing batch 1/8 (100 nodes)
2026-02-12 18:11:45,843 - graph_builder.node_inserter - INFO - Processing batch 2/8 (100 nodes)
2026-02-12 18:11:46,402 - graph_builder.node_inserter - INFO - Processing batch 3/8 (100 nodes)
2026-02-12 18:11:46,813 - graph_builder.node_inserter - INFO - Processing batch 4/8 (100 nodes)
2026-02-12 18:11:47,173 - graph_builder.node_inserter - INFO - Processing batch 5/8 (100 nodes)
2026-02-12 18:11:47,525 - graph_builder.node_inserter - INFO - Processing batch 6/8 (100 nodes)
2026-02-12 18:11:47,878 - graph_builder.node_inserter - INFO - Processing batch 7/8 (100 nodes)
2026-02-12 18:11:48,241 - graph_builder.node_inserter - INFO - Processing batch 8/8 (23 nodes)
2026-02-12 18:11:48,320 - graph_builder.node_inserter - INFO - Batch insertion complete: 723 succeeded, 0 failed
2026-02-12 18:11:48,322 - graph_builder.graph_builder - INFO - Total Software nodes in database after insertion: 716
2026-02-12 18:11:48,322 - __main__ - INFO - 
Inserting vulnerability nodes...
2026-02-12 18:11:48,322 - graph_builder.graph_builder - INFO - ============================================================
2026-02-12 18:11:48,322 - graph_builder.graph_builder - INFO - Inserting VULNERABILITY nodes into Neo4j
2026-02-12 18:11:48,322 - graph_builder.graph_builder - INFO - ============================================================
2026-02-12 18:11:48,322 - graph_builder.node_inserter - INFO - Loading nodes from: extracted_data\vulnerability_nodes_20260212_144747.json
2026-02-12 18:11:48,323 - graph_builder.node_inserter - INFO - Loaded 53 nodes from JSON file
2026-02-12 18:11:48,325 - graph_builder.graph_builder - INFO - Existing Vulnerability nodes in database: 40
2026-02-12 18:11:48,326 - graph_builder.node_inserter - INFO - Inserting 53 Vulnerability nodes in batches of 100
2026-02-12 18:11:48,326 - graph_builder.node_inserter - INFO - Processing batch 1/1 (53 nodes)
2026-02-12 18:11:48,540 - graph_builder.node_inserter - INFO - Batch insertion complete: 53 succeeded, 0 failed
2026-02-12 18:11:48,542 - graph_builder.graph_builder - INFO - Total Vulnerability nodes in database after insertion: 40
2026-02-12 18:11:48,543 - __main__ - INFO - 
Inserting assetgroup nodes...
2026-02-12 18:11:48,543 - graph_builder.graph_builder - INFO - ============================================================
2026-02-12 18:11:48,543 - graph_builder.graph_builder - INFO - Inserting ASSETGROUP nodes into Neo4j
2026-02-12 18:11:48,543 - graph_builder.graph_builder - INFO - ============================================================
2026-02-12 18:11:48,543 - graph_builder.node_inserter - INFO - Loading nodes from: extracted_data\assetgroup_nodes_20260212_150847.json
2026-02-12 18:11:48,544 - graph_builder.node_inserter - INFO - Loaded 1 nodes from JSON file
2026-02-12 18:11:48,546 - graph_builder.graph_builder - INFO - Existing AssetGroup nodes in database: 1
2026-02-12 18:11:48,546 - graph_builder.node_inserter - INFO - Inserting 1 AssetGroup nodes in batches of 100
2026-02-12 18:11:48,546 - graph_builder.node_inserter - INFO - Processing batch 1/1 (1 nodes)
2026-02-12 18:11:48,551 - graph_builder.node_inserter - INFO - Batch insertion complete: 1 succeeded, 0 failed
2026-02-12 18:11:48,553 - graph_builder.graph_builder - INFO - Total AssetGroup nodes in database after insertion: 1
2026-02-12 18:11:48,554 - __main__ - INFO - 
Inserting hardware nodes...
2026-02-12 18:11:48,554 - graph_builder.graph_builder - INFO - ============================================================
2026-02-12 18:11:48,554 - graph_builder.graph_builder - INFO - Inserting HARDWARE nodes into Neo4j
2026-02-12 18:11:48,554 - graph_builder.graph_builder - INFO - ============================================================
2026-02-12 18:11:48,554 - graph_builder.node_inserter - INFO - Loading nodes from: extracted_data\hardware_nodes_20260212_152416.json
2026-02-12 18:11:48,555 - graph_builder.node_inserter - INFO - Loaded 5 nodes from JSON file
2026-02-12 18:11:48,557 - graph_builder.graph_builder - INFO - Existing Hardware nodes in database: 5
2026-02-12 18:11:48,557 - graph_builder.node_inserter - INFO - Inserting 5 Hardware nodes in batches of 100
2026-02-12 18:11:48,557 - graph_builder.node_inserter - INFO - Processing batch 1/1 (5 nodes)
2026-02-12 18:11:48,576 - graph_builder.node_inserter - INFO - Batch insertion complete: 5 succeeded, 0 failed
2026-02-12 18:11:48,578 - graph_builder.graph_builder - INFO - Total Hardware nodes in database after insertion: 5
2026-02-12 18:11:48,578 - __main__ - INFO - 
Creating relationships...
2026-02-12 18:11:48,579 - graph_builder.graph_builder - INFO - ============================================================
2026-02-12 18:11:48,579 - graph_builder.graph_builder - INFO - Creating Relationships
2026-02-12 18:11:48,579 - graph_builder.graph_builder - INFO - ============================================================
2026-02-12 18:11:48,580 - graph_builder.relationship_manager - INFO - Creating relationship 'asset_to_host': Asset-[:IS_HOST]->Host
2026-02-12 18:11:48,639 - graph_builder.relationship_manager - INFO - Prepared 0 relationships to create from source data
2026-02-12 18:11:48,639 - graph_builder.relationship_manager - WARNING - No matching values found in source data
2026-02-12 18:11:48,639 - graph_builder.relationship_manager - INFO - Creating relationship 'host_to_software': Host-[:RUNS]->Software
2026-02-12 18:11:48,664 - graph_builder.relationship_manager - WARNING - File not found: collected_data\20260210_201344\host\Syscollector_OS_Info_{agent_id}.json
2026-02-12 18:11:48,664 - graph_builder.relationship_manager - WARNING - No source data loaded for relationship creation
2026-02-12 18:11:48,665 - graph_builder.relationship_manager - INFO - Creating relationship 'asset_to_software': Asset-[:RUNS_SOFTWARE]->Software
2026-02-12 18:11:48,668 - graph_builder.relationship_manager - INFO - Prepared 0 relationships to create from source data
2026-02-12 18:11:48,668 - graph_builder.relationship_manager - WARNING - No matching values found in source data
2026-02-12 18:11:48,669 - graph_builder.relationship_manager - INFO - Creating relationship 'software_to_vulnerability': Software-[:HAS_VULNERABILITY]->Vulnerability
2026-02-12 18:11:49,227 - graph_builder.relationship_manager - INFO - Created 48 HAS_VULNERABILITY relationships from Software to Vulnerability using multi-field source data
2026-02-12 18:11:49,228 - graph_builder.relationship_manager - INFO - Creating relationship 'vulnerability_to_asset': Vulnerability-[:AFFECTS]->Asset
2026-02-12 18:11:49,275 - graph_builder.relationship_manager - WARNING - File not found: collected_data\20260210_201344\vulnerabilities\Vulnerabilities_{agent_id}.json
2026-02-12 18:11:49,275 - graph_builder.relationship_manager - WARNING - No source data loaded for relationship creation
2026-02-12 18:11:49,275 - graph_builder.relationship_manager - INFO - Creating relationship 'asset_to_assetgroup': Asset-[:LOCATED_IN]->AssetGroup
2026-02-12 18:11:49,278 - graph_builder.relationship_manager - INFO - Prepared 4 relationships to create from source data
2026-02-12 18:11:49,278 - graph_builder.relationship_manager - INFO - Creating 4 relationships using source data
2026-02-12 18:11:49,399 - graph_builder.relationship_manager - INFO - Created 4 LOCATED_IN relationships from Asset to AssetGroup using source data
2026-02-12 18:11:49,399 - graph_builder.relationship_manager - INFO - Creating relationship 'asset_to_hardware': Asset-[:HAS_HARDWARE]->Hardware
2026-02-12 18:11:49,404 - graph_builder.relationship_manager - INFO - Prepared 0 relationships to create from source data
2026-02-12 18:11:49,404 - graph_builder.relationship_manager - WARNING - No matching values found in source data
2026-02-12 18:11:49,404 - graph_builder.graph_builder - INFO - asset_to_host: 0 relationships created
2026-02-12 18:11:49,404 - graph_builder.graph_builder - INFO - host_to_software: 0 relationships created
2026-02-12 18:11:49,404 - graph_builder.graph_builder - INFO - asset_to_software: 0 relationships created
2026-02-12 18:11:49,404 - graph_builder.graph_builder - INFO - software_to_vulnerability: 48 relationships created
2026-02-12 18:11:49,405 - graph_builder.graph_builder - INFO - vulnerability_to_asset: 0 relationships created
2026-02-12 18:11:49,405 - graph_builder.graph_builder - INFO - asset_to_assetgroup: 4 relationships created
2026-02-12 18:11:49,405 - graph_builder.graph_builder - INFO - asset_to_hardware: 0 relationships created
2026-02-12 18:11:49,405 - graph_builder.neo4j_connection - INFO - Neo4j connection closed
2026-02-12 18:11:49,405 - __main__ - INFO - Graph building process completed successfully
2026-02-12 18:13:06,254 - __main__ - INFO - ============================================================
2026-02-12 18:13:06,254 - __main__ - INFO - Neo4j Graph Builder
2026-02-12 18:13:06,255 - __main__ - INFO - ============================================================
2026-02-12 18:13:06,257 - __main__ - INFO - Using latest asset nodes file: extracted_data\asset_nodes_20260212_151155.json
2026-02-12 18:13:06,258 - __main__ - INFO - Using latest host nodes file: extracted_data\host_nodes_20260212_130327.json
2026-02-12 18:13:06,259 - __main__ - INFO - Using latest software nodes file: extracted_data\software_nodes_20260212_141701.json
2026-02-12 18:13:06,260 - __main__ - INFO - Using latest vulnerability nodes file: extracted_data\vulnerability_nodes_20260212_144747.json
2026-02-12 18:13:06,261 - __main__ - INFO - Using latest assetgroup nodes file: extracted_data\assetgroup_nodes_20260212_150847.json
2026-02-12 18:13:06,262 - __main__ - INFO - Using latest hardware nodes file: extracted_data\hardware_nodes_20260212_152416.json
2026-02-12 18:13:06,262 - __main__ - INFO - 
Initializing graph builder...
2026-02-12 18:13:06,265 - graph_builder.neo4j_connection - INFO - Loaded Neo4j configuration from C:\Users\sgade\OneDrive\Desktop\orbit_node\config\neo4j_config.yaml
2026-02-12 18:13:06,266 - graph_builder.neo4j_connection - INFO - Connecting to Neo4j at bolt://localhost:7687 with username: neo4j
2026-02-12 18:13:08,354 - graph_builder.neo4j_connection - INFO - Neo4j connection test successful
2026-02-12 18:13:08,354 - graph_builder.neo4j_connection - INFO - Successfully connected to Neo4j at bolt://localhost:7687
2026-02-12 18:13:08,427 - graph_builder.constraints_manager - INFO - Loaded graph configuration from C:\Users\sgade\OneDrive\Desktop\orbit_node\config\graph_config.yaml
2026-02-12 18:13:08,504 - graph_builder.relationship_manager - INFO - Loaded graph configuration from C:\Users\sgade\OneDrive\Desktop\orbit_node\config\graph_config.yaml
2026-02-12 18:13:08,512 - graph_builder.relationship_manager - INFO - Loaded paths configuration from config\paths_config.yaml
2026-02-12 18:13:08,512 - __main__ - INFO - 
Setting up constraints...
2026-02-12 18:13:08,513 - graph_builder.graph_builder - INFO - ============================================================
2026-02-12 18:13:08,513 - graph_builder.graph_builder - INFO - Setting up Neo4j constraints and indexes
2026-02-12 18:13:08,513 - graph_builder.graph_builder - INFO - ============================================================
2026-02-12 18:13:08,513 - graph_builder.constraints_manager - INFO - Creating constraints for node type: asset
2026-02-12 18:13:08,518 - graph_builder.constraints_manager - INFO - Created UNIQUE constraint 'unique_asset_id' on Asset(asset_id)
2026-02-12 18:13:08,519 - graph_builder.constraints_manager - INFO - Creating constraints for node type: host
2026-02-12 18:13:08,521 - graph_builder.constraints_manager - INFO - Created composite UNIQUE constraint 'unique_host_composite' on Host(agent_id, os_name)
2026-02-12 18:13:08,522 - graph_builder.constraints_manager - INFO - Creating constraints for node type: software
2026-02-12 18:13:08,524 - graph_builder.constraints_manager - INFO - Created composite UNIQUE constraint 'unique_software_composite' on Software(agent_id, name, version)
2026-02-12 18:13:08,524 - graph_builder.constraints_manager - INFO - Creating constraints for node type: vulnerability
2026-02-12 18:13:08,530 - graph_builder.constraints_manager - INFO - Created UNIQUE constraint 'unique_cve_id' on Vulnerability(cve_id)
2026-02-12 18:13:08,530 - graph_builder.constraints_manager - INFO - Creating constraints for node type: assetgroup
2026-02-12 18:13:08,534 - graph_builder.constraints_manager - INFO - Created UNIQUE constraint 'unique_assetgroup_name' on AssetGroup(name)
2026-02-12 18:13:08,535 - graph_builder.constraints_manager - INFO - Creating constraints for node type: hardware
2026-02-12 18:13:08,538 - graph_builder.constraints_manager - INFO - Created composite UNIQUE constraint 'unique_hardware_composite' on Hardware(agent_id, name)
2026-02-12 18:13:08,538 - graph_builder.graph_builder - INFO - asset: 1/1 constraints created successfully
2026-02-12 18:13:08,538 - graph_builder.graph_builder - INFO - host: 1/1 constraints created successfully
2026-02-12 18:13:08,538 - graph_builder.graph_builder - INFO - software: 1/1 constraints created successfully
2026-02-12 18:13:08,538 - graph_builder.graph_builder - INFO - vulnerability: 1/1 constraints created successfully
2026-02-12 18:13:08,539 - graph_builder.graph_builder - INFO - assetgroup: 1/1 constraints created successfully
2026-02-12 18:13:08,539 - graph_builder.graph_builder - INFO - hardware: 1/1 constraints created successfully
2026-02-12 18:13:08,539 - __main__ - INFO - 
Inserting asset nodes...
2026-02-12 18:13:08,539 - graph_builder.graph_builder - INFO - ============================================================
2026-02-12 18:13:08,539 - graph_builder.graph_builder - INFO - Inserting ASSET nodes into Neo4j
2026-02-12 18:13:08,539 - graph_builder.graph_builder - INFO - ============================================================
2026-02-12 18:13:08,540 - graph_builder.node_inserter - INFO - Loading nodes from: extracted_data\asset_nodes_20260212_151155.json
2026-02-12 18:13:08,540 - graph_builder.node_inserter - INFO - Loaded 5 nodes from JSON file
2026-02-12 18:13:08,545 - graph_builder.graph_builder - INFO - Existing Asset nodes in database: 5
2026-02-12 18:13:08,546 - graph_builder.node_inserter - INFO - Inserting 5 Asset nodes in batches of 100
2026-02-12 18:13:08,546 - graph_builder.node_inserter - INFO - Processing batch 1/1 (5 nodes)
2026-02-12 18:13:08,585 - graph_builder.node_inserter - INFO - Batch insertion complete: 5 succeeded, 0 failed
2026-02-12 18:13:08,587 - graph_builder.graph_builder - INFO - Total Asset nodes in database after insertion: 5
2026-02-12 18:13:08,587 - __main__ - INFO - 
Inserting host nodes...
2026-02-12 18:13:08,587 - graph_builder.graph_builder - INFO - ============================================================
2026-02-12 18:13:08,588 - graph_builder.graph_builder - INFO - Inserting HOST nodes into Neo4j
2026-02-12 18:13:08,588 - graph_builder.graph_builder - INFO - ============================================================
2026-02-12 18:13:08,588 - graph_builder.node_inserter - INFO - Loading nodes from: extracted_data\host_nodes_20260212_130327.json
2026-02-12 18:13:08,589 - graph_builder.node_inserter - INFO - Loaded 5 nodes from JSON file
2026-02-12 18:13:08,592 - graph_builder.graph_builder - INFO - Existing Host nodes in database: 5
2026-02-12 18:13:08,592 - graph_builder.node_inserter - INFO - Inserting 5 Host nodes in batches of 100
2026-02-12 18:13:08,593 - graph_builder.node_inserter - INFO - Processing batch 1/1 (5 nodes)
2026-02-12 18:13:08,624 - graph_builder.node_inserter - INFO - Batch insertion complete: 5 succeeded, 0 failed
2026-02-12 18:13:08,629 - graph_builder.graph_builder - INFO - Total Host nodes in database after insertion: 5
2026-02-12 18:13:08,630 - __main__ - INFO - 
Inserting software nodes...
2026-02-12 18:13:08,630 - graph_builder.graph_builder - INFO - ============================================================
2026-02-12 18:13:08,630 - graph_builder.graph_builder - INFO - Inserting SOFTWARE nodes into Neo4j
2026-02-12 18:13:08,630 - graph_builder.graph_builder - INFO - ============================================================
2026-02-12 18:13:08,631 - graph_builder.node_inserter - INFO - Loading nodes from: extracted_data\software_nodes_20260212_141701.json
2026-02-12 18:13:08,635 - graph_builder.node_inserter - INFO - Loaded 723 nodes from JSON file
2026-02-12 18:13:08,639 - graph_builder.graph_builder - INFO - Existing Software nodes in database: 716
2026-02-12 18:13:08,639 - graph_builder.node_inserter - INFO - Inserting 723 Software nodes in batches of 100
2026-02-12 18:13:08,639 - graph_builder.node_inserter - INFO - Processing batch 1/8 (100 nodes)
2026-02-12 18:13:09,104 - graph_builder.node_inserter - INFO - Processing batch 2/8 (100 nodes)
2026-02-12 18:13:09,613 - graph_builder.node_inserter - INFO - Processing batch 3/8 (100 nodes)
2026-02-12 18:13:10,257 - graph_builder.node_inserter - INFO - Processing batch 4/8 (100 nodes)
2026-02-12 18:13:10,754 - graph_builder.node_inserter - INFO - Processing batch 5/8 (100 nodes)
2026-02-12 18:13:11,305 - graph_builder.node_inserter - INFO - Processing batch 6/8 (100 nodes)
2026-02-12 18:13:11,882 - graph_builder.node_inserter - INFO - Processing batch 7/8 (100 nodes)
2026-02-12 18:13:12,418 - graph_builder.node_inserter - INFO - Processing batch 8/8 (23 nodes)
2026-02-12 18:13:12,629 - graph_builder.node_inserter - INFO - Batch insertion complete: 723 succeeded, 0 failed
2026-02-12 18:13:12,632 - graph_builder.graph_builder - INFO - Total Software nodes in database after insertion: 716
2026-02-12 18:13:12,633 - __main__ - INFO - 
Inserting vulnerability nodes...
2026-02-12 18:13:12,633 - graph_builder.graph_builder - INFO - ============================================================
2026-02-12 18:13:12,633 - graph_builder.graph_builder - INFO - Inserting VULNERABILITY nodes into Neo4j
2026-02-12 18:13:12,633 - graph_builder.graph_builder - INFO - ============================================================
2026-02-12 18:13:12,633 - graph_builder.node_inserter - INFO - Loading nodes from: extracted_data\vulnerability_nodes_20260212_144747.json
2026-02-12 18:13:12,635 - graph_builder.node_inserter - INFO - Loaded 53 nodes from JSON file
2026-02-12 18:13:12,638 - graph_builder.graph_builder - INFO - Existing Vulnerability nodes in database: 40
2026-02-12 18:13:12,638 - graph_builder.node_inserter - INFO - Inserting 53 Vulnerability nodes in batches of 100
2026-02-12 18:13:12,638 - graph_builder.node_inserter - INFO - Processing batch 1/1 (53 nodes)
2026-02-12 18:13:13,108 - graph_builder.node_inserter - INFO - Batch insertion complete: 53 succeeded, 0 failed
2026-02-12 18:13:13,115 - graph_builder.graph_builder - INFO - Total Vulnerability nodes in database after insertion: 40
2026-02-12 18:13:13,116 - __main__ - INFO - 
Inserting assetgroup nodes...
2026-02-12 18:13:13,117 - graph_builder.graph_builder - INFO - ============================================================
2026-02-12 18:13:13,117 - graph_builder.graph_builder - INFO - Inserting ASSETGROUP nodes into Neo4j
2026-02-12 18:13:13,117 - graph_builder.graph_builder - INFO - ============================================================
2026-02-12 18:13:13,118 - graph_builder.node_inserter - INFO - Loading nodes from: extracted_data\assetgroup_nodes_20260212_150847.json
2026-02-12 18:13:13,119 - graph_builder.node_inserter - INFO - Loaded 1 nodes from JSON file
2026-02-12 18:13:13,124 - graph_builder.graph_builder - INFO - Existing AssetGroup nodes in database: 1
2026-02-12 18:13:13,125 - graph_builder.node_inserter - INFO - Inserting 1 AssetGroup nodes in batches of 100
2026-02-12 18:13:13,126 - graph_builder.node_inserter - INFO - Processing batch 1/1 (1 nodes)
2026-02-12 18:13:13,136 - graph_builder.node_inserter - INFO - Batch insertion complete: 1 succeeded, 0 failed
2026-02-12 18:13:13,141 - graph_builder.graph_builder - INFO - Total AssetGroup nodes in database after insertion: 1
2026-02-12 18:13:13,141 - __main__ - INFO - 
Inserting hardware nodes...
2026-02-12 18:13:13,142 - graph_builder.graph_builder - INFO - ============================================================
2026-02-12 18:13:13,142 - graph_builder.graph_builder - INFO - Inserting HARDWARE nodes into Neo4j
2026-02-12 18:13:13,143 - graph_builder.graph_builder - INFO - ============================================================
2026-02-12 18:13:13,144 - graph_builder.node_inserter - INFO - Loading nodes from: extracted_data\hardware_nodes_20260212_152416.json
2026-02-12 18:13:13,145 - graph_builder.node_inserter - INFO - Loaded 5 nodes from JSON file
2026-02-12 18:13:13,150 - graph_builder.graph_builder - INFO - Existing Hardware nodes in database: 5
2026-02-12 18:13:13,150 - graph_builder.node_inserter - INFO - Inserting 5 Hardware nodes in batches of 100
2026-02-12 18:13:13,151 - graph_builder.node_inserter - INFO - Processing batch 1/1 (5 nodes)
2026-02-12 18:13:13,196 - graph_builder.node_inserter - INFO - Batch insertion complete: 5 succeeded, 0 failed
2026-02-12 18:13:13,200 - graph_builder.graph_builder - INFO - Total Hardware nodes in database after insertion: 5
2026-02-12 18:13:13,201 - __main__ - INFO - 
Creating relationships...
2026-02-12 18:13:13,201 - graph_builder.graph_builder - INFO - ============================================================
2026-02-12 18:13:13,201 - graph_builder.graph_builder - INFO - Creating Relationships
2026-02-12 18:13:13,201 - graph_builder.graph_builder - INFO - ============================================================
2026-02-12 18:13:13,202 - graph_builder.relationship_manager - INFO - Creating relationship 'asset_to_host': Asset-[:IS_HOST]->Host
2026-02-12 18:13:13,208 - graph_builder.relationship_manager - INFO - Prepared 0 relationships to create from source data
2026-02-12 18:13:13,209 - graph_builder.relationship_manager - WARNING - No matching values found in source data
2026-02-12 18:13:13,209 - graph_builder.relationship_manager - INFO - Creating relationship 'host_to_software': Host-[:RUNS]->Software
2026-02-12 18:13:13,217 - graph_builder.relationship_manager - WARNING - File not found: collected_data\20260210_201344\host\Syscollector_OS_Info_{agent_id}.json
2026-02-12 18:13:13,218 - graph_builder.relationship_manager - WARNING - No source data loaded for relationship creation
2026-02-12 18:13:13,218 - graph_builder.relationship_manager - INFO - Creating relationship 'asset_to_software': Asset-[:RUNS_SOFTWARE]->Software
2026-02-12 18:13:13,225 - graph_builder.relationship_manager - INFO - Prepared 0 relationships to create from source data
2026-02-12 18:13:13,226 - graph_builder.relationship_manager - WARNING - No matching values found in source data
2026-02-12 18:13:13,226 - graph_builder.relationship_manager - INFO - Creating relationship 'software_to_vulnerability': Software-[:HAS_VULNERABILITY]->Vulnerability
2026-02-12 18:13:13,637 - graph_builder.relationship_manager - INFO - Created 48 HAS_VULNERABILITY relationships from Software to Vulnerability using multi-field source data
2026-02-12 18:13:13,638 - graph_builder.relationship_manager - INFO - Creating relationship 'vulnerability_to_asset': Vulnerability-[:AFFECTS]->Asset
2026-02-12 18:13:13,649 - graph_builder.relationship_manager - WARNING - File not found: collected_data\20260210_201344\vulnerabilities\Vulnerabilities_{agent_id}.json
2026-02-12 18:13:13,649 - graph_builder.relationship_manager - WARNING - No source data loaded for relationship creation
2026-02-12 18:13:13,649 - graph_builder.relationship_manager - INFO - Creating relationship 'asset_to_assetgroup': Asset-[:LOCATED_IN]->AssetGroup
2026-02-12 18:13:13,655 - graph_builder.relationship_manager - INFO - Prepared 4 relationships to create from source data
2026-02-12 18:13:13,655 - graph_builder.relationship_manager - INFO - Creating 4 relationships using source data
2026-02-12 18:13:13,666 - graph_builder.relationship_manager - INFO - Created 4 LOCATED_IN relationships from Asset to AssetGroup using source data
2026-02-12 18:13:13,666 - graph_builder.relationship_manager - INFO - Creating relationship 'asset_to_hardware': Asset-[:HAS_HARDWARE]->Hardware
2026-02-12 18:13:13,671 - graph_builder.relationship_manager - INFO - Prepared 0 relationships to create from source data
2026-02-12 18:13:13,671 - graph_builder.relationship_manager - WARNING - No matching values found in source data
2026-02-12 18:13:13,671 - graph_builder.graph_builder - INFO - asset_to_host: 0 relationships created
2026-02-12 18:13:13,671 - graph_builder.graph_builder - INFO - host_to_software: 0 relationships created
2026-02-12 18:13:13,671 - graph_builder.graph_builder - INFO - asset_to_software: 0 relationships created
2026-02-12 18:13:13,672 - graph_builder.graph_builder - INFO - software_to_vulnerability: 48 relationships created
2026-02-12 18:13:13,672 - graph_builder.graph_builder - INFO - vulnerability_to_asset: 0 relationships created
2026-02-12 18:13:13,672 - graph_builder.graph_builder - INFO - asset_to_assetgroup: 4 relationships created
2026-02-12 18:13:13,672 - graph_builder.graph_builder - INFO - asset_to_hardware: 0 relationships created
2026-02-12 18:13:13,673 - graph_builder.neo4j_connection - INFO - Neo4j connection closed
2026-02-12 18:13:13,673 - __main__ - INFO - Graph building process completed successfully
2026-02-12 18:13:54,583 - __main__ - INFO - ============================================================
2026-02-12 18:13:54,584 - __main__ - INFO - Neo4j Graph Builder
2026-02-12 18:13:54,584 - __main__ - INFO - ============================================================
2026-02-12 18:13:54,586 - __main__ - INFO - Using latest asset nodes file: extracted_data\asset_nodes_20260212_151155.json
2026-02-12 18:13:54,587 - __main__ - INFO - Using latest host nodes file: extracted_data\host_nodes_20260212_130327.json
2026-02-12 18:13:54,588 - __main__ - INFO - Using latest software nodes file: extracted_data\software_nodes_20260212_141701.json
2026-02-12 18:13:54,589 - __main__ - INFO - Using latest vulnerability nodes file: extracted_data\vulnerability_nodes_20260212_144747.json
2026-02-12 18:13:54,590 - __main__ - INFO - Using latest assetgroup nodes file: extracted_data\assetgroup_nodes_20260212_150847.json
2026-02-12 18:13:54,590 - __main__ - INFO - Using latest hardware nodes file: extracted_data\hardware_nodes_20260212_152416.json
2026-02-12 18:13:54,590 - __main__ - INFO - 
Initializing graph builder...
2026-02-12 18:13:54,593 - graph_builder.neo4j_connection - INFO - Loaded Neo4j configuration from C:\Users\sgade\OneDrive\Desktop\orbit_node\config\neo4j_config.yaml
2026-02-12 18:13:54,594 - graph_builder.neo4j_connection - INFO - Connecting to Neo4j at bolt://localhost:7687 with username: neo4j
2026-02-12 18:13:56,679 - graph_builder.neo4j_connection - INFO - Neo4j connection test successful
2026-02-12 18:13:56,679 - graph_builder.neo4j_connection - INFO - Successfully connected to Neo4j at bolt://localhost:7687
2026-02-12 18:13:56,740 - graph_builder.constraints_manager - INFO - Loaded graph configuration from C:\Users\sgade\OneDrive\Desktop\orbit_node\config\graph_config.yaml
2026-02-12 18:13:56,799 - graph_builder.relationship_manager - INFO - Loaded graph configuration from C:\Users\sgade\OneDrive\Desktop\orbit_node\config\graph_config.yaml
2026-02-12 18:13:56,804 - graph_builder.relationship_manager - INFO - Loaded paths configuration from config\paths_config.yaml
2026-02-12 18:13:56,805 - __main__ - INFO - 
Setting up constraints...
2026-02-12 18:13:56,805 - graph_builder.graph_builder - INFO - ============================================================
2026-02-12 18:13:56,806 - graph_builder.graph_builder - INFO - Setting up Neo4j constraints and indexes
2026-02-12 18:13:56,806 - graph_builder.graph_builder - INFO - ============================================================
2026-02-12 18:13:56,806 - graph_builder.constraints_manager - INFO - Creating constraints for node type: asset
2026-02-12 18:13:56,812 - graph_builder.constraints_manager - INFO - Created UNIQUE constraint 'unique_asset_id' on Asset(asset_id)
2026-02-12 18:13:56,812 - graph_builder.constraints_manager - INFO - Creating constraints for node type: host
2026-02-12 18:13:56,814 - graph_builder.constraints_manager - INFO - Created composite UNIQUE constraint 'unique_host_composite' on Host(agent_id, os_name)
2026-02-12 18:13:56,815 - graph_builder.constraints_manager - INFO - Creating constraints for node type: software
2026-02-12 18:13:56,817 - graph_builder.constraints_manager - INFO - Created composite UNIQUE constraint 'unique_software_composite' on Software(agent_id, name, version)
2026-02-12 18:13:56,817 - graph_builder.constraints_manager - INFO - Creating constraints for node type: vulnerability
2026-02-12 18:13:56,820 - graph_builder.constraints_manager - INFO - Created UNIQUE constraint 'unique_cve_id' on Vulnerability(cve_id)
2026-02-12 18:13:56,820 - graph_builder.constraints_manager - INFO - Creating constraints for node type: assetgroup
2026-02-12 18:13:56,825 - graph_builder.constraints_manager - INFO - Created UNIQUE constraint 'unique_assetgroup_name' on AssetGroup(name)
2026-02-12 18:13:56,825 - graph_builder.constraints_manager - INFO - Creating constraints for node type: hardware
2026-02-12 18:13:56,829 - graph_builder.constraints_manager - INFO - Created composite UNIQUE constraint 'unique_hardware_composite' on Hardware(agent_id, name)
2026-02-12 18:13:56,829 - graph_builder.graph_builder - INFO - asset: 1/1 constraints created successfully
2026-02-12 18:13:56,830 - graph_builder.graph_builder - INFO - host: 1/1 constraints created successfully
2026-02-12 18:13:56,830 - graph_builder.graph_builder - INFO - software: 1/1 constraints created successfully
2026-02-12 18:13:56,830 - graph_builder.graph_builder - INFO - vulnerability: 1/1 constraints created successfully
2026-02-12 18:13:56,830 - graph_builder.graph_builder - INFO - assetgroup: 1/1 constraints created successfully
2026-02-12 18:13:56,830 - graph_builder.graph_builder - INFO - hardware: 1/1 constraints created successfully
2026-02-12 18:13:56,830 - __main__ - INFO - 
Inserting asset nodes...
2026-02-12 18:13:56,830 - graph_builder.graph_builder - INFO - ============================================================
2026-02-12 18:13:56,830 - graph_builder.graph_builder - INFO - Inserting ASSET nodes into Neo4j
2026-02-12 18:13:56,830 - graph_builder.graph_builder - INFO - ============================================================
2026-02-12 18:13:56,831 - graph_builder.node_inserter - INFO - Loading nodes from: extracted_data\asset_nodes_20260212_151155.json
2026-02-12 18:13:56,831 - graph_builder.node_inserter - INFO - Loaded 5 nodes from JSON file
2026-02-12 18:13:56,835 - graph_builder.graph_builder - INFO - Existing Asset nodes in database: 5
2026-02-12 18:13:56,835 - graph_builder.node_inserter - INFO - Inserting 5 Asset nodes in batches of 100
2026-02-12 18:13:56,835 - graph_builder.node_inserter - INFO - Processing batch 1/1 (5 nodes)
2026-02-12 18:13:56,864 - graph_builder.node_inserter - INFO - Batch insertion complete: 5 succeeded, 0 failed
2026-02-12 18:13:56,867 - graph_builder.graph_builder - INFO - Total Asset nodes in database after insertion: 5
2026-02-12 18:13:56,867 - __main__ - INFO - 
Inserting host nodes...
2026-02-12 18:13:56,867 - graph_builder.graph_builder - INFO - ============================================================
2026-02-12 18:13:56,868 - graph_builder.graph_builder - INFO - Inserting HOST nodes into Neo4j
2026-02-12 18:13:56,868 - graph_builder.graph_builder - INFO - ============================================================
2026-02-12 18:13:56,868 - graph_builder.node_inserter - INFO - Loading nodes from: extracted_data\host_nodes_20260212_130327.json
2026-02-12 18:13:56,869 - graph_builder.node_inserter - INFO - Loaded 5 nodes from JSON file
2026-02-12 18:13:56,876 - graph_builder.graph_builder - INFO - Existing Host nodes in database: 5
2026-02-12 18:13:56,876 - graph_builder.node_inserter - INFO - Inserting 5 Host nodes in batches of 100
2026-02-12 18:13:56,877 - graph_builder.node_inserter - INFO - Processing batch 1/1 (5 nodes)
2026-02-12 18:13:56,899 - graph_builder.node_inserter - INFO - Batch insertion complete: 5 succeeded, 0 failed
2026-02-12 18:13:56,901 - graph_builder.graph_builder - INFO - Total Host nodes in database after insertion: 5
2026-02-12 18:13:56,901 - __main__ - INFO - 
Inserting software nodes...
2026-02-12 18:13:56,901 - graph_builder.graph_builder - INFO - ============================================================
2026-02-12 18:13:56,901 - graph_builder.graph_builder - INFO - Inserting SOFTWARE nodes into Neo4j
2026-02-12 18:13:56,901 - graph_builder.graph_builder - INFO - ============================================================
2026-02-12 18:13:56,902 - graph_builder.node_inserter - INFO - Loading nodes from: extracted_data\software_nodes_20260212_141701.json
2026-02-12 18:13:56,904 - graph_builder.node_inserter - INFO - Loaded 723 nodes from JSON file
2026-02-12 18:13:56,908 - graph_builder.graph_builder - INFO - Existing Software nodes in database: 716
2026-02-12 18:13:56,908 - graph_builder.node_inserter - INFO - Inserting 723 Software nodes in batches of 100
2026-02-12 18:13:56,909 - graph_builder.node_inserter - INFO - Processing batch 1/8 (100 nodes)
2026-02-12 18:13:57,363 - graph_builder.node_inserter - INFO - Processing batch 2/8 (100 nodes)
2026-02-12 18:13:57,787 - graph_builder.node_inserter - INFO - Processing batch 3/8 (100 nodes)
2026-02-12 18:13:58,151 - graph_builder.node_inserter - INFO - Processing batch 4/8 (100 nodes)
2026-02-12 18:13:58,505 - graph_builder.node_inserter - INFO - Processing batch 5/8 (100 nodes)
2026-02-12 18:13:58,856 - graph_builder.node_inserter - INFO - Processing batch 6/8 (100 nodes)
2026-02-12 18:13:59,214 - graph_builder.node_inserter - INFO - Processing batch 7/8 (100 nodes)
2026-02-12 18:13:59,570 - graph_builder.node_inserter - INFO - Processing batch 8/8 (23 nodes)
2026-02-12 18:13:59,652 - graph_builder.node_inserter - INFO - Batch insertion complete: 723 succeeded, 0 failed
2026-02-12 18:13:59,654 - graph_builder.graph_builder - INFO - Total Software nodes in database after insertion: 716
2026-02-12 18:13:59,654 - __main__ - INFO - 
Inserting vulnerability nodes...
2026-02-12 18:13:59,654 - graph_builder.graph_builder - INFO - ============================================================
2026-02-12 18:13:59,655 - graph_builder.graph_builder - INFO - Inserting VULNERABILITY nodes into Neo4j
2026-02-12 18:13:59,655 - graph_builder.graph_builder - INFO - ============================================================
2026-02-12 18:13:59,655 - graph_builder.node_inserter - INFO - Loading nodes from: extracted_data\vulnerability_nodes_20260212_144747.json
2026-02-12 18:13:59,656 - graph_builder.node_inserter - INFO - Loaded 53 nodes from JSON file
2026-02-12 18:13:59,658 - graph_builder.graph_builder - INFO - Existing Vulnerability nodes in database: 40
2026-02-12 18:13:59,658 - graph_builder.node_inserter - INFO - Inserting 53 Vulnerability nodes in batches of 100
2026-02-12 18:13:59,658 - graph_builder.node_inserter - INFO - Processing batch 1/1 (53 nodes)
2026-02-12 18:13:59,871 - graph_builder.node_inserter - INFO - Batch insertion complete: 53 succeeded, 0 failed
2026-02-12 18:13:59,873 - graph_builder.graph_builder - INFO - Total Vulnerability nodes in database after insertion: 40
2026-02-12 18:13:59,873 - __main__ - INFO - 
Inserting assetgroup nodes...
2026-02-12 18:13:59,874 - graph_builder.graph_builder - INFO - ============================================================
2026-02-12 18:13:59,874 - graph_builder.graph_builder - INFO - Inserting ASSETGROUP nodes into Neo4j
2026-02-12 18:13:59,874 - graph_builder.graph_builder - INFO - ============================================================
2026-02-12 18:13:59,874 - graph_builder.node_inserter - INFO - Loading nodes from: extracted_data\assetgroup_nodes_20260212_150847.json
2026-02-12 18:13:59,874 - graph_builder.node_inserter - INFO - Loaded 1 nodes from JSON file
2026-02-12 18:13:59,876 - graph_builder.graph_builder - INFO - Existing AssetGroup nodes in database: 1
2026-02-12 18:13:59,876 - graph_builder.node_inserter - INFO - Inserting 1 AssetGroup nodes in batches of 100
2026-02-12 18:13:59,877 - graph_builder.node_inserter - INFO - Processing batch 1/1 (1 nodes)
2026-02-12 18:13:59,881 - graph_builder.node_inserter - INFO - Batch insertion complete: 1 succeeded, 0 failed
2026-02-12 18:13:59,883 - graph_builder.graph_builder - INFO - Total AssetGroup nodes in database after insertion: 1
2026-02-12 18:13:59,883 - __main__ - INFO - 
Inserting hardware nodes...
2026-02-12 18:13:59,883 - graph_builder.graph_builder - INFO - ============================================================
2026-02-12 18:13:59,883 - graph_builder.graph_builder - INFO - Inserting HARDWARE nodes into Neo4j
2026-02-12 18:13:59,884 - graph_builder.graph_builder - INFO - ============================================================
2026-02-12 18:13:59,884 - graph_builder.node_inserter - INFO - Loading nodes from: extracted_data\hardware_nodes_20260212_152416.json
2026-02-12 18:13:59,884 - graph_builder.node_inserter - INFO - Loaded 5 nodes from JSON file
2026-02-12 18:13:59,886 - graph_builder.graph_builder - INFO - Existing Hardware nodes in database: 5
2026-02-12 18:13:59,886 - graph_builder.node_inserter - INFO - Inserting 5 Hardware nodes in batches of 100
2026-02-12 18:13:59,886 - graph_builder.node_inserter - INFO - Processing batch 1/1 (5 nodes)
2026-02-12 18:13:59,903 - graph_builder.node_inserter - INFO - Batch insertion complete: 5 succeeded, 0 failed
2026-02-12 18:13:59,904 - graph_builder.graph_builder - INFO - Total Hardware nodes in database after insertion: 5
2026-02-12 18:13:59,905 - __main__ - INFO - 
Creating relationships...
2026-02-12 18:13:59,905 - graph_builder.graph_builder - INFO - ============================================================
2026-02-12 18:13:59,905 - graph_builder.graph_builder - INFO - Creating Relationships
2026-02-12 18:13:59,905 - graph_builder.graph_builder - INFO - ============================================================
2026-02-12 18:13:59,905 - graph_builder.relationship_manager - INFO - Creating relationship 'asset_to_host': Asset-[:IS_HOST]->Host
2026-02-12 18:13:59,909 - graph_builder.relationship_manager - INFO - Created 5 IS_HOST relationships from Asset to Host
2026-02-12 18:13:59,909 - graph_builder.relationship_manager - INFO - Creating relationship 'host_to_software': Host-[:RUNS]->Software
2026-02-12 18:13:59,918 - graph_builder.relationship_manager - INFO - Created 716 RUNS relationships from Host to Software
2026-02-12 18:13:59,918 - graph_builder.relationship_manager - INFO - Creating relationship 'asset_to_software': Asset-[:RUNS_SOFTWARE]->Software
2026-02-12 18:13:59,929 - graph_builder.relationship_manager - INFO - Created 716 RUNS_SOFTWARE relationships from Asset to Software
2026-02-12 18:13:59,929 - graph_builder.relationship_manager - INFO - Creating relationship 'software_to_vulnerability': Software-[:HAS_VULNERABILITY]->Vulnerability
2026-02-12 18:14:00,099 - graph_builder.relationship_manager - INFO - Created 48 HAS_VULNERABILITY relationships from Software to Vulnerability using multi-field source data
2026-02-12 18:14:00,100 - graph_builder.relationship_manager - INFO - Creating relationship 'vulnerability_to_asset': Vulnerability-[:AFFECTS]->Asset
2026-02-12 18:14:00,104 - graph_builder.relationship_manager - INFO - Created 40 AFFECTS relationships from Vulnerability to Asset
2026-02-12 18:14:00,104 - graph_builder.relationship_manager - INFO - Creating relationship 'asset_to_assetgroup': Asset-[:LOCATED_IN]->AssetGroup
2026-02-12 18:14:00,108 - graph_builder.relationship_manager - INFO - Prepared 4 relationships to create from source data
2026-02-12 18:14:00,108 - graph_builder.relationship_manager - INFO - Creating 4 relationships using source data
2026-02-12 18:14:00,114 - graph_builder.relationship_manager - INFO - Created 4 LOCATED_IN relationships from Asset to AssetGroup using source data
2026-02-12 18:14:00,114 - graph_builder.relationship_manager - INFO - Creating relationship 'asset_to_hardware': Asset-[:HAS_HARDWARE]->Hardware
2026-02-12 18:14:00,117 - graph_builder.relationship_manager - INFO - Created 5 HAS_HARDWARE relationships from Asset to Hardware
2026-02-12 18:14:00,118 - graph_builder.graph_builder - INFO - asset_to_host: 5 relationships created
2026-02-12 18:14:00,118 - graph_builder.graph_builder - INFO - host_to_software: 716 relationships created
2026-02-12 18:14:00,118 - graph_builder.graph_builder - INFO - asset_to_software: 716 relationships created
2026-02-12 18:14:00,118 - graph_builder.graph_builder - INFO - software_to_vulnerability: 48 relationships created
2026-02-12 18:14:00,118 - graph_builder.graph_builder - INFO - vulnerability_to_asset: 40 relationships created
2026-02-12 18:14:00,118 - graph_builder.graph_builder - INFO - asset_to_assetgroup: 4 relationships created
2026-02-12 18:14:00,118 - graph_builder.graph_builder - INFO - asset_to_hardware: 5 relationships created
2026-02-12 18:14:00,119 - graph_builder.neo4j_connection - INFO - Neo4j connection closed
2026-02-12 18:14:00,119 - __main__ - INFO - Graph building process completed successfully
2026-02-12 19:09:12,748 - __main__ - INFO - ============================================================
2026-02-12 19:09:12,748 - __main__ - INFO - Neo4j Graph Builder
2026-02-12 19:09:12,748 - __main__ - INFO - ============================================================
2026-02-12 19:09:12,749 - __main__ - INFO - Using latest asset nodes file: extracted_data\asset_nodes_20260212_190856.json
2026-02-12 19:09:12,749 - __main__ - INFO - Using latest host nodes file: extracted_data\host_nodes_20260212_130327.json
2026-02-12 19:09:12,750 - __main__ - INFO - Using latest software nodes file: extracted_data\software_nodes_20260212_141701.json
2026-02-12 19:09:12,750 - __main__ - INFO - Using latest vulnerability nodes file: extracted_data\vulnerability_nodes_20260212_144747.json
2026-02-12 19:09:12,750 - __main__ - INFO - Using latest assetgroup nodes file: extracted_data\assetgroup_nodes_20260212_150847.json
2026-02-12 19:09:12,751 - __main__ - INFO - Using latest hardware nodes file: extracted_data\hardware_nodes_20260212_152416.json
2026-02-12 19:09:12,751 - __main__ - INFO - 
Initializing graph builder...
2026-02-12 19:09:12,753 - graph_builder.neo4j_connection - INFO - Loaded Neo4j configuration from C:\Users\sgade\OneDrive\Desktop\orbit_node\config\neo4j_config.yaml
2026-02-12 19:09:12,753 - graph_builder.neo4j_connection - INFO - Connecting to Neo4j at bolt://localhost:7687 with username: neo4j
2026-02-12 19:09:14,834 - graph_builder.neo4j_connection - INFO - Neo4j connection test successful
2026-02-12 19:09:14,834 - graph_builder.neo4j_connection - INFO - Successfully connected to Neo4j at bolt://localhost:7687
2026-02-12 19:09:14,876 - graph_builder.constraints_manager - INFO - Loaded graph configuration from C:\Users\sgade\OneDrive\Desktop\orbit_node\config\graph_config.yaml
2026-02-12 19:09:14,912 - graph_builder.relationship_manager - INFO - Loaded graph configuration from C:\Users\sgade\OneDrive\Desktop\orbit_node\config\graph_config.yaml
2026-02-12 19:09:14,916 - graph_builder.relationship_manager - INFO - Loaded paths configuration from config\paths_config.yaml
2026-02-12 19:09:14,916 - __main__ - INFO - 
Setting up constraints...
2026-02-12 19:09:14,916 - graph_builder.graph_builder - INFO - ============================================================
2026-02-12 19:09:14,916 - graph_builder.graph_builder - INFO - Setting up Neo4j constraints and indexes
2026-02-12 19:09:14,916 - graph_builder.graph_builder - INFO - ============================================================
2026-02-12 19:09:14,917 - graph_builder.constraints_manager - INFO - Creating constraints for node type: asset
2026-02-12 19:09:14,938 - graph_builder.constraints_manager - INFO - Created UNIQUE constraint 'unique_asset_id' on NJS_Asset(asset_id)
2026-02-12 19:09:14,938 - graph_builder.constraints_manager - INFO - Creating constraints for node type: host
2026-02-12 19:09:14,949 - graph_builder.constraints_manager - INFO - Created composite UNIQUE constraint 'unique_host_composite' on NJS_Host(agent_id, os_name)
2026-02-12 19:09:14,949 - graph_builder.constraints_manager - INFO - Creating constraints for node type: software
2026-02-12 19:09:14,959 - graph_builder.constraints_manager - INFO - Created composite UNIQUE constraint 'unique_software_composite' on NJS_Software(agent_id, name, version)
2026-02-12 19:09:14,959 - graph_builder.constraints_manager - INFO - Creating constraints for node type: vulnerability
2026-02-12 19:09:14,968 - graph_builder.constraints_manager - INFO - Created UNIQUE constraint 'unique_cve_id' on NJS_Vulnerability(cve_id)
2026-02-12 19:09:14,968 - graph_builder.constraints_manager - INFO - Creating constraints for node type: assetgroup
2026-02-12 19:09:14,977 - graph_builder.constraints_manager - INFO - Created UNIQUE constraint 'unique_assetgroup_name' on NJS_AssetGroup(name)
2026-02-12 19:09:14,977 - graph_builder.constraints_manager - INFO - Creating constraints for node type: hardware
2026-02-12 19:09:14,986 - graph_builder.constraints_manager - INFO - Created composite UNIQUE constraint 'unique_hardware_composite' on NJS_Hardware(agent_id, name)
2026-02-12 19:09:14,987 - graph_builder.graph_builder - INFO - asset: 1/1 constraints created successfully
2026-02-12 19:09:14,987 - graph_builder.graph_builder - INFO - host: 1/1 constraints created successfully
2026-02-12 19:09:14,987 - graph_builder.graph_builder - INFO - software: 1/1 constraints created successfully
2026-02-12 19:09:14,987 - graph_builder.graph_builder - INFO - vulnerability: 1/1 constraints created successfully
2026-02-12 19:09:14,987 - graph_builder.graph_builder - INFO - assetgroup: 1/1 constraints created successfully
2026-02-12 19:09:14,987 - graph_builder.graph_builder - INFO - hardware: 1/1 constraints created successfully
2026-02-12 19:09:14,987 - __main__ - INFO - 
Inserting asset nodes...
2026-02-12 19:09:14,987 - graph_builder.graph_builder - INFO - ============================================================
2026-02-12 19:09:14,987 - graph_builder.graph_builder - INFO - Inserting ASSET nodes into Neo4j
2026-02-12 19:09:14,987 - graph_builder.graph_builder - INFO - ============================================================
2026-02-12 19:09:14,988 - graph_builder.node_inserter - INFO - Loading nodes from: extracted_data\asset_nodes_20260212_190856.json
2026-02-12 19:09:14,988 - graph_builder.node_inserter - INFO - Loaded 5 nodes from JSON file
2026-02-12 19:09:15,024 - graph_builder.graph_builder - INFO - Existing NJS_Asset nodes in database: 0
2026-02-12 19:09:15,024 - graph_builder.node_inserter - INFO - Inserting 5 NJS_Asset nodes in batches of 100
2026-02-12 19:09:15,024 - graph_builder.node_inserter - INFO - Processing batch 1/1 (5 nodes)
2026-02-12 19:09:15,142 - graph_builder.node_inserter - INFO - Batch insertion complete: 5 succeeded, 0 failed
2026-02-12 19:09:15,144 - graph_builder.graph_builder - INFO - Total NJS_Asset nodes in database after insertion: 5
2026-02-12 19:09:15,145 - __main__ - INFO - 
Inserting host nodes...
2026-02-12 19:09:15,145 - graph_builder.graph_builder - INFO - ============================================================
2026-02-12 19:09:15,145 - graph_builder.graph_builder - INFO - Inserting HOST nodes into Neo4j
2026-02-12 19:09:15,145 - graph_builder.graph_builder - INFO - ============================================================
2026-02-12 19:09:15,145 - graph_builder.node_inserter - INFO - Loading nodes from: extracted_data\host_nodes_20260212_130327.json
2026-02-12 19:09:15,146 - graph_builder.node_inserter - INFO - Loaded 5 nodes from JSON file
2026-02-12 19:09:15,168 - graph_builder.graph_builder - INFO - Existing NJS_Host nodes in database: 0
2026-02-12 19:09:15,168 - graph_builder.node_inserter - INFO - Inserting 5 NJS_Host nodes in batches of 100
2026-02-12 19:09:15,168 - graph_builder.node_inserter - INFO - Processing batch 1/1 (5 nodes)
2026-02-12 19:09:15,282 - graph_builder.node_inserter - INFO - Batch insertion complete: 5 succeeded, 0 failed
2026-02-12 19:09:15,284 - graph_builder.graph_builder - INFO - Total NJS_Host nodes in database after insertion: 5
2026-02-12 19:09:15,284 - __main__ - INFO - 
Inserting software nodes...
2026-02-12 19:09:15,284 - graph_builder.graph_builder - INFO - ============================================================
2026-02-12 19:09:15,284 - graph_builder.graph_builder - INFO - Inserting SOFTWARE nodes into Neo4j
2026-02-12 19:09:15,284 - graph_builder.graph_builder - INFO - ============================================================
2026-02-12 19:09:15,284 - graph_builder.node_inserter - INFO - Loading nodes from: extracted_data\software_nodes_20260212_141701.json
2026-02-12 19:09:15,287 - graph_builder.node_inserter - INFO - Loaded 723 nodes from JSON file
2026-02-12 19:09:15,312 - graph_builder.graph_builder - INFO - Existing NJS_Software nodes in database: 0
2026-02-12 19:09:15,312 - graph_builder.node_inserter - INFO - Inserting 723 NJS_Software nodes in batches of 100
2026-02-12 19:09:15,312 - graph_builder.node_inserter - INFO - Processing batch 1/8 (100 nodes)
2026-02-12 19:09:15,864 - graph_builder.node_inserter - INFO - Processing batch 2/8 (100 nodes)
2026-02-12 19:09:16,720 - graph_builder.node_inserter - INFO - Processing batch 3/8 (100 nodes)
2026-02-12 19:09:17,249 - graph_builder.node_inserter - INFO - Processing batch 4/8 (100 nodes)
2026-02-12 19:09:17,736 - graph_builder.node_inserter - INFO - Processing batch 5/8 (100 nodes)
2026-02-12 19:09:18,095 - graph_builder.node_inserter - INFO - Processing batch 6/8 (100 nodes)
2026-02-12 19:09:18,663 - graph_builder.node_inserter - INFO - Processing batch 7/8 (100 nodes)
2026-02-12 19:09:19,098 - graph_builder.node_inserter - INFO - Processing batch 8/8 (23 nodes)
2026-02-12 19:09:19,209 - graph_builder.node_inserter - INFO - Batch insertion complete: 723 succeeded, 0 failed
2026-02-12 19:09:19,211 - graph_builder.graph_builder - INFO - Total NJS_Software nodes in database after insertion: 716
2026-02-12 19:09:19,211 - __main__ - INFO - 
Inserting vulnerability nodes...
2026-02-12 19:09:19,212 - graph_builder.graph_builder - INFO - ============================================================
2026-02-12 19:09:19,212 - graph_builder.graph_builder - INFO - Inserting VULNERABILITY nodes into Neo4j
2026-02-12 19:09:19,212 - graph_builder.graph_builder - INFO - ============================================================
2026-02-12 19:09:19,212 - graph_builder.node_inserter - INFO - Loading nodes from: extracted_data\vulnerability_nodes_20260212_144747.json
2026-02-12 19:09:19,214 - graph_builder.node_inserter - INFO - Loaded 53 nodes from JSON file
2026-02-12 19:09:19,244 - graph_builder.graph_builder - INFO - Existing NJS_Vulnerability nodes in database: 0
2026-02-12 19:09:19,244 - graph_builder.node_inserter - INFO - Inserting 53 NJS_Vulnerability nodes in batches of 100
2026-02-12 19:09:19,244 - graph_builder.node_inserter - INFO - Processing batch 1/1 (53 nodes)
2026-02-12 19:09:19,837 - graph_builder.node_inserter - INFO - Batch insertion complete: 53 succeeded, 0 failed
2026-02-12 19:09:19,838 - graph_builder.graph_builder - INFO - Total NJS_Vulnerability nodes in database after insertion: 40
2026-02-12 19:09:19,838 - __main__ - INFO - 
Inserting assetgroup nodes...
2026-02-12 19:09:19,838 - graph_builder.graph_builder - INFO - ============================================================
2026-02-12 19:09:19,838 - graph_builder.graph_builder - INFO - Inserting ASSETGROUP nodes into Neo4j
2026-02-12 19:09:19,838 - graph_builder.graph_builder - INFO - ============================================================
2026-02-12 19:09:19,838 - graph_builder.node_inserter - INFO - Loading nodes from: extracted_data\assetgroup_nodes_20260212_150847.json
2026-02-12 19:09:19,839 - graph_builder.node_inserter - INFO - Loaded 1 nodes from JSON file
2026-02-12 19:09:19,859 - graph_builder.graph_builder - INFO - Existing NJS_AssetGroup nodes in database: 0
2026-02-12 19:09:19,859 - graph_builder.node_inserter - INFO - Inserting 1 NJS_AssetGroup nodes in batches of 100
2026-02-12 19:09:19,859 - graph_builder.node_inserter - INFO - Processing batch 1/1 (1 nodes)
2026-02-12 19:09:19,893 - graph_builder.node_inserter - INFO - Batch insertion complete: 1 succeeded, 0 failed
2026-02-12 19:09:19,895 - graph_builder.graph_builder - INFO - Total NJS_AssetGroup nodes in database after insertion: 1
2026-02-12 19:09:19,895 - __main__ - INFO - 
Inserting hardware nodes...
2026-02-12 19:09:19,895 - graph_builder.graph_builder - INFO - ============================================================
2026-02-12 19:09:19,895 - graph_builder.graph_builder - INFO - Inserting HARDWARE nodes into Neo4j
2026-02-12 19:09:19,895 - graph_builder.graph_builder - INFO - ============================================================
2026-02-12 19:09:19,895 - graph_builder.node_inserter - INFO - Loading nodes from: extracted_data\hardware_nodes_20260212_152416.json
2026-02-12 19:09:19,896 - graph_builder.node_inserter - INFO - Loaded 5 nodes from JSON file
2026-02-12 19:09:19,917 - graph_builder.graph_builder - INFO - Existing NJS_Hardware nodes in database: 0
2026-02-12 19:09:19,917 - graph_builder.node_inserter - INFO - Inserting 5 NJS_Hardware nodes in batches of 100
2026-02-12 19:09:19,918 - graph_builder.node_inserter - INFO - Processing batch 1/1 (5 nodes)
2026-02-12 19:09:20,024 - graph_builder.node_inserter - INFO - Batch insertion complete: 5 succeeded, 0 failed
2026-02-12 19:09:20,026 - graph_builder.graph_builder - INFO - Total NJS_Hardware nodes in database after insertion: 5
2026-02-12 19:09:20,026 - __main__ - INFO - 
Creating relationships...
2026-02-12 19:09:20,026 - graph_builder.graph_builder - INFO - ============================================================
2026-02-12 19:09:20,026 - graph_builder.graph_builder - INFO - Creating Relationships
2026-02-12 19:09:20,026 - graph_builder.graph_builder - INFO - ============================================================
2026-02-12 19:09:20,026 - graph_builder.relationship_manager - INFO - Creating relationship 'asset_to_host': NJS_Asset-[:NJS_IS_HOST]->NJS_Host
2026-02-12 19:09:20,057 - graph_builder.relationship_manager - INFO - Prepared 5 relationships to create from source data
2026-02-12 19:09:20,057 - graph_builder.relationship_manager - INFO - Creating 5 relationships using source data
2026-02-12 19:09:20,208 - graph_builder.relationship_manager - INFO - Created 11 NJS_IS_HOST relationships from NJS_Asset to NJS_Host using source data
2026-02-12 19:09:20,208 - graph_builder.relationship_manager - INFO - Creating relationship 'host_to_software': NJS_Host-[:NJS_RUNS]->NJS_Software
2026-02-12 19:09:20,241 - graph_builder.relationship_manager - WARNING - No source data loaded for relationship creation
2026-02-12 19:09:20,242 - graph_builder.relationship_manager - INFO - Creating relationship 'asset_to_software': NJS_Asset-[:NJS_RUNS_SOFTWARE]->NJS_Software
2026-02-12 19:09:20,242 - graph_builder.relationship_manager - ERROR - Source configuration missing required fields
2026-02-12 19:09:20,242 - graph_builder.relationship_manager - INFO - Creating relationship 'software_to_vulnerability': NJS_Software-[:NJS_HAS_VULNERABILITY]->NJS_Vulnerability
2026-02-12 19:09:20,242 - graph_builder.relationship_manager - ERROR - Source configuration missing required fields or field count mismatch
2026-02-12 19:09:20,242 - graph_builder.relationship_manager - INFO - Creating relationship 'vulnerability_to_asset': NJS_Vulnerability-[:NJS_AFFECTS]->NJS_Asset
2026-02-12 19:09:20,275 - graph_builder.relationship_manager - WARNING - No source data loaded for relationship creation
2026-02-12 19:09:20,275 - graph_builder.relationship_manager - INFO - Creating relationship 'asset_to_assetgroup': NJS_Asset-[:NJS_LOCATED_IN]->NJS_AssetGroup
2026-02-12 19:09:20,278 - graph_builder.relationship_manager - INFO - Prepared 4 relationships to create from source data
2026-02-12 19:09:20,278 - graph_builder.relationship_manager - INFO - Creating 4 relationships using source data
2026-02-12 19:09:20,364 - graph_builder.relationship_manager - INFO - Created 4 NJS_LOCATED_IN relationships from NJS_Asset to NJS_AssetGroup using source data
2026-02-12 19:09:20,365 - graph_builder.relationship_manager - INFO - Creating relationship 'asset_to_hardware': NJS_Asset-[:NJS_HAS_HARDWARE]->NJS_Hardware
2026-02-12 19:09:20,369 - graph_builder.relationship_manager - INFO - Prepared 5 relationships to create from source data
2026-02-12 19:09:20,369 - graph_builder.relationship_manager - INFO - Creating 5 relationships using source data
2026-02-12 19:09:20,465 - graph_builder.relationship_manager - INFO - Created 11 NJS_HAS_HARDWARE relationships from NJS_Asset to NJS_Hardware using source data
2026-02-12 19:09:20,466 - graph_builder.graph_builder - INFO - asset_to_host: 11 relationships created
2026-02-12 19:09:20,466 - graph_builder.graph_builder - INFO - host_to_software: 0 relationships created
2026-02-12 19:09:20,466 - graph_builder.graph_builder - INFO - asset_to_software: 0 relationships created
2026-02-12 19:09:20,466 - graph_builder.graph_builder - INFO - software_to_vulnerability: 0 relationships created
2026-02-12 19:09:20,466 - graph_builder.graph_builder - INFO - vulnerability_to_asset: 0 relationships created
2026-02-12 19:09:20,466 - graph_builder.graph_builder - INFO - asset_to_assetgroup: 4 relationships created
2026-02-12 19:09:20,466 - graph_builder.graph_builder - INFO - asset_to_hardware: 11 relationships created
2026-02-12 19:09:20,466 - graph_builder.neo4j_connection - INFO - Neo4j connection closed
2026-02-12 19:09:20,466 - __main__ - INFO - Graph building process completed successfully
2026-02-12 19:15:40,833 - __main__ - INFO - ============================================================
2026-02-12 19:15:40,833 - __main__ - INFO - Neo4j Graph Builder
2026-02-12 19:15:40,833 - __main__ - INFO - ============================================================
2026-02-12 19:15:40,834 - __main__ - INFO - Using latest asset nodes file: extracted_data\asset_nodes_20260212_191531.json
2026-02-12 19:15:40,835 - __main__ - INFO - Using latest host nodes file: extracted_data\host_nodes_20260212_130327.json
2026-02-12 19:15:40,835 - __main__ - INFO - Using latest software nodes file: extracted_data\software_nodes_20260212_141701.json
2026-02-12 19:15:40,836 - __main__ - INFO - Using latest vulnerability nodes file: extracted_data\vulnerability_nodes_20260212_144747.json
2026-02-12 19:15:40,836 - __main__ - INFO - Using latest assetgroup nodes file: extracted_data\assetgroup_nodes_20260212_150847.json
2026-02-12 19:15:40,836 - __main__ - INFO - Using latest hardware nodes file: extracted_data\hardware_nodes_20260212_152416.json
2026-02-12 19:15:40,836 - __main__ - INFO - 
Initializing graph builder...
2026-02-12 19:15:40,839 - graph_builder.neo4j_connection - INFO - Loaded Neo4j configuration from C:\Users\sgade\OneDrive\Desktop\orbit_node\config\neo4j_config.yaml
2026-02-12 19:15:40,839 - graph_builder.neo4j_connection - INFO - Connecting to Neo4j at bolt://localhost:7687 with username: neo4j
2026-02-12 19:15:42,925 - graph_builder.neo4j_connection - INFO - Neo4j connection test successful
2026-02-12 19:15:42,925 - graph_builder.neo4j_connection - INFO - Successfully connected to Neo4j at bolt://localhost:7687
2026-02-12 19:15:42,959 - graph_builder.constraints_manager - INFO - Loaded graph configuration from C:\Users\sgade\OneDrive\Desktop\orbit_node\config\graph_config.yaml
2026-02-12 19:15:42,993 - graph_builder.relationship_manager - INFO - Loaded graph configuration from C:\Users\sgade\OneDrive\Desktop\orbit_node\config\graph_config.yaml
2026-02-12 19:15:42,996 - graph_builder.relationship_manager - INFO - Loaded paths configuration from config\paths_config.yaml
2026-02-12 19:15:42,996 - __main__ - INFO - 
Setting up constraints...
2026-02-12 19:15:42,996 - graph_builder.graph_builder - INFO - ============================================================
2026-02-12 19:15:42,996 - graph_builder.graph_builder - INFO - Setting up Neo4j constraints and indexes
2026-02-12 19:15:42,997 - graph_builder.graph_builder - INFO - ============================================================
2026-02-12 19:15:42,997 - graph_builder.constraints_manager - INFO - Creating constraints for node type: asset
2026-02-12 19:15:43,000 - graph_builder.constraints_manager - INFO - Created UNIQUE constraint 'unique_asset_id' on NJS_Asset(asset_id)
2026-02-12 19:15:43,000 - graph_builder.constraints_manager - INFO - Creating constraints for node type: host
2026-02-12 19:15:43,003 - graph_builder.constraints_manager - INFO - Created composite UNIQUE constraint 'unique_host_composite' on NJS_Host(agent_id, os_name)
2026-02-12 19:15:43,003 - graph_builder.constraints_manager - INFO - Creating constraints for node type: software
2026-02-12 19:15:43,169 - graph_builder.constraints_manager - ERROR - Failed to create UNIQUE constraint 'unique_software_name': {code: Neo.DatabaseError.Schema.ConstraintCreationFailed} {message: Unable to create Constraint( name='unique_software_name', type='NODE PROPERTY UNIQUENESS', schema=(:NJS_Software {name}) ):
Both Node(950) and Node(1377) have the label `NJS_Software` and property `name` = 'App Installer'. Note that only the first found violation is shown.}
2026-02-12 19:15:43,169 - graph_builder.constraints_manager - INFO - Creating constraints for node type: vulnerability
2026-02-12 19:15:43,178 - graph_builder.constraints_manager - INFO - Created UNIQUE constraint 'unique_cve_id' on NJS_Vulnerability(cve_id)
2026-02-12 19:15:43,179 - graph_builder.constraints_manager - INFO - Creating constraints for node type: assetgroup
2026-02-12 19:15:43,183 - graph_builder.constraints_manager - INFO - Created UNIQUE constraint 'unique_assetgroup_name' on NJS_AssetGroup(name)
2026-02-12 19:15:43,183 - graph_builder.constraints_manager - INFO - Creating constraints for node type: hardware
2026-02-12 19:15:43,188 - graph_builder.constraints_manager - INFO - Created composite UNIQUE constraint 'unique_hardware_composite' on NJS_Hardware(agent_id, name)
2026-02-12 19:15:43,188 - graph_builder.graph_builder - INFO - asset: 1/1 constraints created successfully
2026-02-12 19:15:43,188 - graph_builder.graph_builder - INFO - host: 1/1 constraints created successfully
2026-02-12 19:15:43,189 - graph_builder.graph_builder - INFO - software: 0/1 constraints created successfully
2026-02-12 19:15:43,189 - graph_builder.graph_builder - INFO - vulnerability: 1/1 constraints created successfully
2026-02-12 19:15:43,189 - graph_builder.graph_builder - INFO - assetgroup: 1/1 constraints created successfully
2026-02-12 19:15:43,189 - graph_builder.graph_builder - INFO - hardware: 1/1 constraints created successfully
2026-02-12 19:15:43,189 - __main__ - INFO - 
Inserting asset nodes...
2026-02-12 19:15:43,189 - graph_builder.graph_builder - INFO - ============================================================
2026-02-12 19:15:43,189 - graph_builder.graph_builder - INFO - Inserting ASSET nodes into Neo4j
2026-02-12 19:15:43,189 - graph_builder.graph_builder - INFO - ============================================================
2026-02-12 19:15:43,189 - graph_builder.node_inserter - INFO - Loading nodes from: extracted_data\asset_nodes_20260212_191531.json
2026-02-12 19:15:43,189 - graph_builder.node_inserter - INFO - Loaded 5 nodes from JSON file
2026-02-12 19:15:43,212 - graph_builder.graph_builder - INFO - Existing NJS_Asset nodes in database: 5
2026-02-12 19:15:43,212 - graph_builder.node_inserter - INFO - Inserting 5 NJS_Asset nodes in batches of 100
2026-02-12 19:15:43,213 - graph_builder.node_inserter - INFO - Processing batch 1/1 (5 nodes)
2026-02-12 19:15:43,278 - graph_builder.node_inserter - INFO - Batch insertion complete: 5 succeeded, 0 failed
2026-02-12 19:15:43,280 - graph_builder.graph_builder - INFO - Total NJS_Asset nodes in database after insertion: 5
2026-02-12 19:15:43,280 - __main__ - INFO - 
Inserting host nodes...
2026-02-12 19:15:43,280 - graph_builder.graph_builder - INFO - ============================================================
2026-02-12 19:15:43,280 - graph_builder.graph_builder - INFO - Inserting HOST nodes into Neo4j
2026-02-12 19:15:43,280 - graph_builder.graph_builder - INFO - ============================================================
2026-02-12 19:15:43,280 - graph_builder.node_inserter - INFO - Loading nodes from: extracted_data\host_nodes_20260212_130327.json
2026-02-12 19:15:43,281 - graph_builder.node_inserter - INFO - Loaded 5 nodes from JSON file
2026-02-12 19:15:43,295 - graph_builder.graph_builder - INFO - Existing NJS_Host nodes in database: 5
2026-02-12 19:15:43,295 - graph_builder.node_inserter - INFO - Inserting 5 NJS_Host nodes in batches of 100
2026-02-12 19:15:43,296 - graph_builder.node_inserter - INFO - Processing batch 1/1 (5 nodes)
2026-02-12 19:15:43,369 - graph_builder.node_inserter - INFO - Batch insertion complete: 5 succeeded, 0 failed
2026-02-12 19:15:43,371 - graph_builder.graph_builder - INFO - Total NJS_Host nodes in database after insertion: 5
2026-02-12 19:15:43,371 - __main__ - INFO - 
Inserting software nodes...
2026-02-12 19:15:43,371 - graph_builder.graph_builder - INFO - ============================================================
2026-02-12 19:15:43,372 - graph_builder.graph_builder - INFO - Inserting SOFTWARE nodes into Neo4j
2026-02-12 19:15:43,372 - graph_builder.graph_builder - INFO - ============================================================
2026-02-12 19:15:43,372 - graph_builder.node_inserter - INFO - Loading nodes from: extracted_data\software_nodes_20260212_141701.json
2026-02-12 19:15:43,374 - graph_builder.node_inserter - INFO - Loaded 723 nodes from JSON file
2026-02-12 19:15:43,388 - graph_builder.graph_builder - INFO - Existing NJS_Software nodes in database: 716
2026-02-12 19:15:43,388 - graph_builder.node_inserter - INFO - Inserting 723 NJS_Software nodes in batches of 100
2026-02-12 19:15:43,388 - graph_builder.node_inserter - INFO - Processing batch 1/8 (100 nodes)
2026-02-12 19:15:43,930 - graph_builder.node_inserter - INFO - Processing batch 2/8 (100 nodes)
2026-02-12 19:15:44,693 - graph_builder.node_inserter - INFO - Processing batch 3/8 (100 nodes)
2026-02-12 19:15:45,189 - graph_builder.node_inserter - INFO - Processing batch 4/8 (100 nodes)
2026-02-12 19:15:45,597 - graph_builder.node_inserter - INFO - Processing batch 5/8 (100 nodes)
2026-02-12 19:15:45,908 - graph_builder.node_inserter - INFO - Processing batch 6/8 (100 nodes)
2026-02-12 19:15:46,252 - graph_builder.node_inserter - INFO - Processing batch 7/8 (100 nodes)
2026-02-12 19:15:46,601 - graph_builder.node_inserter - INFO - Processing batch 8/8 (23 nodes)
2026-02-12 19:15:46,684 - graph_builder.node_inserter - INFO - Batch insertion complete: 723 succeeded, 0 failed
2026-02-12 19:15:46,685 - graph_builder.graph_builder - INFO - Total NJS_Software nodes in database after insertion: 716
2026-02-12 19:15:46,685 - __main__ - INFO - 
Inserting vulnerability nodes...
2026-02-12 19:15:46,686 - graph_builder.graph_builder - INFO - ============================================================
2026-02-12 19:15:46,686 - graph_builder.graph_builder - INFO - Inserting VULNERABILITY nodes into Neo4j
2026-02-12 19:15:46,686 - graph_builder.graph_builder - INFO - ============================================================
2026-02-12 19:15:46,686 - graph_builder.node_inserter - INFO - Loading nodes from: extracted_data\vulnerability_nodes_20260212_144747.json
2026-02-12 19:15:46,686 - graph_builder.node_inserter - INFO - Loaded 53 nodes from JSON file
2026-02-12 19:15:46,703 - graph_builder.graph_builder - INFO - Existing NJS_Vulnerability nodes in database: 40
2026-02-12 19:15:46,703 - graph_builder.node_inserter - INFO - Inserting 53 NJS_Vulnerability nodes in batches of 100
2026-02-12 19:15:46,703 - graph_builder.node_inserter - INFO - Processing batch 1/1 (53 nodes)
2026-02-12 19:15:47,115 - graph_builder.node_inserter - INFO - Batch insertion complete: 53 succeeded, 0 failed
2026-02-12 19:15:47,117 - graph_builder.graph_builder - INFO - Total NJS_Vulnerability nodes in database after insertion: 40
2026-02-12 19:15:47,117 - __main__ - INFO - 
Inserting assetgroup nodes...
2026-02-12 19:15:47,117 - graph_builder.graph_builder - INFO - ============================================================
2026-02-12 19:15:47,117 - graph_builder.graph_builder - INFO - Inserting ASSETGROUP nodes into Neo4j
2026-02-12 19:15:47,117 - graph_builder.graph_builder - INFO - ============================================================
2026-02-12 19:15:47,118 - graph_builder.node_inserter - INFO - Loading nodes from: extracted_data\assetgroup_nodes_20260212_150847.json
2026-02-12 19:15:47,118 - graph_builder.node_inserter - INFO - Loaded 1 nodes from JSON file
2026-02-12 19:15:47,134 - graph_builder.graph_builder - INFO - Existing NJS_AssetGroup nodes in database: 1
2026-02-12 19:15:47,134 - graph_builder.node_inserter - INFO - Inserting 1 NJS_AssetGroup nodes in batches of 100
2026-02-12 19:15:47,134 - graph_builder.node_inserter - INFO - Processing batch 1/1 (1 nodes)
2026-02-12 19:15:47,168 - graph_builder.node_inserter - INFO - Batch insertion complete: 1 succeeded, 0 failed
2026-02-12 19:15:47,170 - graph_builder.graph_builder - INFO - Total NJS_AssetGroup nodes in database after insertion: 1
2026-02-12 19:15:47,170 - __main__ - INFO - 
Inserting hardware nodes...
2026-02-12 19:15:47,171 - graph_builder.graph_builder - INFO - ============================================================
2026-02-12 19:15:47,171 - graph_builder.graph_builder - INFO - Inserting HARDWARE nodes into Neo4j
2026-02-12 19:15:47,171 - graph_builder.graph_builder - INFO - ============================================================
2026-02-12 19:15:47,171 - graph_builder.node_inserter - INFO - Loading nodes from: extracted_data\hardware_nodes_20260212_152416.json
2026-02-12 19:15:47,171 - graph_builder.node_inserter - INFO - Loaded 5 nodes from JSON file
2026-02-12 19:15:47,186 - graph_builder.graph_builder - INFO - Existing NJS_Hardware nodes in database: 5
2026-02-12 19:15:47,186 - graph_builder.node_inserter - INFO - Inserting 5 NJS_Hardware nodes in batches of 100
2026-02-12 19:15:47,187 - graph_builder.node_inserter - INFO - Processing batch 1/1 (5 nodes)
2026-02-12 19:15:47,388 - graph_builder.node_inserter - INFO - Batch insertion complete: 5 succeeded, 0 failed
2026-02-12 19:15:47,389 - graph_builder.graph_builder - INFO - Total NJS_Hardware nodes in database after insertion: 5
2026-02-12 19:15:47,389 - __main__ - INFO - 
Creating relationships...
2026-02-12 19:15:47,390 - graph_builder.graph_builder - INFO - ============================================================
2026-02-12 19:15:47,390 - graph_builder.graph_builder - INFO - Creating Relationships
2026-02-12 19:15:47,390 - graph_builder.graph_builder - INFO - ============================================================
2026-02-12 19:15:47,390 - graph_builder.relationship_manager - INFO - Creating relationship 'asset_to_host': NJS_Asset-[:NJS_IS_HOST]->NJS_Host
2026-02-12 19:15:47,419 - graph_builder.relationship_manager - INFO - Prepared 5 relationships to create from source data
2026-02-12 19:15:47,419 - graph_builder.relationship_manager - INFO - Creating 5 relationships using source data
2026-02-12 19:15:47,490 - graph_builder.relationship_manager - INFO - Created 11 NJS_IS_HOST relationships from NJS_Asset to NJS_Host using source data
2026-02-12 19:15:47,490 - graph_builder.relationship_manager - INFO - Creating relationship 'host_to_software': NJS_Host-[:NJS_RUNS]->NJS_Software
2026-02-12 19:15:47,516 - graph_builder.relationship_manager - WARNING - No source data loaded for relationship creation
2026-02-12 19:15:47,516 - graph_builder.relationship_manager - INFO - Creating relationship 'asset_to_software': NJS_Asset-[:NJS_RUNS_SOFTWARE]->NJS_Software
2026-02-12 19:15:47,524 - graph_builder.relationship_manager - INFO - Prepared 726 relationships to create from source data
2026-02-12 19:15:47,524 - graph_builder.relationship_manager - INFO - Creating 726 relationships using source data
2026-02-12 19:15:48,394 - graph_builder.relationship_manager - INFO - Created 1157 NJS_RUNS_SOFTWARE relationships from NJS_Asset to NJS_Software using source data
2026-02-12 19:15:48,395 - graph_builder.relationship_manager - INFO - Creating relationship 'software_to_vulnerability': NJS_Software-[:NJS_HAS_VULNERABILITY]->NJS_Vulnerability
2026-02-12 19:15:48,486 - graph_builder.relationship_manager - WARNING - No source data loaded for relationship creation
2026-02-12 19:15:48,487 - graph_builder.relationship_manager - INFO - Creating relationship 'vulnerability_to_asset': NJS_Vulnerability-[:NJS_AFFECTS]->NJS_Asset
2026-02-12 19:15:48,514 - graph_builder.relationship_manager - WARNING - No source data loaded for relationship creation
2026-02-12 19:15:48,514 - graph_builder.relationship_manager - INFO - Creating relationship 'asset_to_assetgroup': NJS_Asset-[:NJS_LOCATED_IN]->NJS_AssetGroup
2026-02-12 19:15:48,516 - graph_builder.relationship_manager - INFO - Prepared 4 relationships to create from source data
2026-02-12 19:15:48,516 - graph_builder.relationship_manager - INFO - Creating 4 relationships using source data
2026-02-12 19:15:48,581 - graph_builder.relationship_manager - INFO - Created 4 NJS_LOCATED_IN relationships from NJS_Asset to NJS_AssetGroup using source data
2026-02-12 19:15:48,581 - graph_builder.relationship_manager - INFO - Creating relationship 'asset_to_hardware': NJS_Asset-[:NJS_HAS_HARDWARE]->NJS_Hardware
2026-02-12 19:15:48,584 - graph_builder.relationship_manager - INFO - Prepared 5 relationships to create from source data
2026-02-12 19:15:48,584 - graph_builder.relationship_manager - INFO - Creating 5 relationships using source data
2026-02-12 19:15:48,645 - graph_builder.relationship_manager - INFO - Created 11 NJS_HAS_HARDWARE relationships from NJS_Asset to NJS_Hardware using source data
2026-02-12 19:15:48,645 - graph_builder.graph_builder - INFO - asset_to_host: 11 relationships created
2026-02-12 19:15:48,645 - graph_builder.graph_builder - INFO - host_to_software: 0 relationships created
2026-02-12 19:15:48,645 - graph_builder.graph_builder - INFO - asset_to_software: 1157 relationships created
2026-02-12 19:15:48,645 - graph_builder.graph_builder - INFO - software_to_vulnerability: 0 relationships created
2026-02-12 19:15:48,645 - graph_builder.graph_builder - INFO - vulnerability_to_asset: 0 relationships created
2026-02-12 19:15:48,645 - graph_builder.graph_builder - INFO - asset_to_assetgroup: 4 relationships created
2026-02-12 19:15:48,645 - graph_builder.graph_builder - INFO - asset_to_hardware: 11 relationships created
2026-02-12 19:15:48,646 - graph_builder.neo4j_connection - INFO - Neo4j connection closed
2026-02-12 19:15:48,646 - __main__ - INFO - Graph building process completed successfully
2026-02-12 19:16:03,002 - __main__ - INFO - ============================================================
2026-02-12 19:16:03,002 - __main__ - INFO - Neo4j Graph Builder
2026-02-12 19:16:03,003 - __main__ - INFO - ============================================================
2026-02-12 19:16:03,003 - __main__ - INFO - Using latest asset nodes file: extracted_data\asset_nodes_20260212_191531.json
2026-02-12 19:16:03,004 - __main__ - INFO - Using latest host nodes file: extracted_data\host_nodes_20260212_130327.json
2026-02-12 19:16:03,004 - __main__ - INFO - Using latest software nodes file: extracted_data\software_nodes_20260212_141701.json
2026-02-12 19:16:03,005 - __main__ - INFO - Using latest vulnerability nodes file: extracted_data\vulnerability_nodes_20260212_144747.json
2026-02-12 19:16:03,005 - __main__ - INFO - Using latest assetgroup nodes file: extracted_data\assetgroup_nodes_20260212_150847.json
2026-02-12 19:16:03,006 - __main__ - INFO - Using latest hardware nodes file: extracted_data\hardware_nodes_20260212_152416.json
2026-02-12 19:16:03,006 - __main__ - INFO - 
Initializing graph builder...
2026-02-12 19:16:03,008 - graph_builder.neo4j_connection - INFO - Loaded Neo4j configuration from C:\Users\sgade\OneDrive\Desktop\orbit_node\config\neo4j_config.yaml
2026-02-12 19:16:03,008 - graph_builder.neo4j_connection - INFO - Connecting to Neo4j at bolt://localhost:7687 with username: neo4j
2026-02-12 19:16:05,126 - graph_builder.neo4j_connection - INFO - Neo4j connection test successful
2026-02-12 19:16:05,127 - graph_builder.neo4j_connection - INFO - Successfully connected to Neo4j at bolt://localhost:7687
2026-02-12 19:16:05,163 - graph_builder.constraints_manager - INFO - Loaded graph configuration from C:\Users\sgade\OneDrive\Desktop\orbit_node\config\graph_config.yaml
2026-02-12 19:16:05,197 - graph_builder.relationship_manager - INFO - Loaded graph configuration from C:\Users\sgade\OneDrive\Desktop\orbit_node\config\graph_config.yaml
2026-02-12 19:16:05,201 - graph_builder.relationship_manager - INFO - Loaded paths configuration from config\paths_config.yaml
2026-02-12 19:16:05,201 - __main__ - INFO - 
Setting up constraints...
2026-02-12 19:16:05,201 - graph_builder.graph_builder - INFO - ============================================================
2026-02-12 19:16:05,201 - graph_builder.graph_builder - INFO - Setting up Neo4j constraints and indexes
2026-02-12 19:16:05,201 - graph_builder.graph_builder - INFO - ============================================================
2026-02-12 19:16:05,201 - graph_builder.constraints_manager - INFO - Creating constraints for node type: asset
2026-02-12 19:16:05,207 - graph_builder.constraints_manager - INFO - Created UNIQUE constraint 'unique_asset_id' on NJS_Asset(asset_id)
2026-02-12 19:16:05,207 - graph_builder.constraints_manager - INFO - Creating constraints for node type: host
2026-02-12 19:16:05,211 - graph_builder.constraints_manager - INFO - Created composite UNIQUE constraint 'unique_host_composite' on NJS_Host(agent_id, os_name)
2026-02-12 19:16:05,211 - graph_builder.constraints_manager - INFO - Creating constraints for node type: software
2026-02-12 19:16:05,287 - graph_builder.constraints_manager - ERROR - Failed to create UNIQUE constraint 'unique_software_name': {code: Neo.DatabaseError.Schema.ConstraintCreationFailed} {message: Unable to create Constraint( name='unique_software_name', type='NODE PROPERTY UNIQUENESS', schema=(:NJS_Software {name}) ):
Both Node(950) and Node(1377) have the label `NJS_Software` and property `name` = 'App Installer'. Note that only the first found violation is shown.}
2026-02-12 19:16:05,287 - graph_builder.constraints_manager - INFO - Creating constraints for node type: vulnerability
2026-02-12 19:16:05,294 - graph_builder.constraints_manager - INFO - Created UNIQUE constraint 'unique_cve_id' on NJS_Vulnerability(cve_id)
2026-02-12 19:16:05,294 - graph_builder.constraints_manager - INFO - Creating constraints for node type: assetgroup
2026-02-12 19:16:05,299 - graph_builder.constraints_manager - INFO - Created UNIQUE constraint 'unique_assetgroup_name' on NJS_AssetGroup(name)
2026-02-12 19:16:05,299 - graph_builder.constraints_manager - INFO - Creating constraints for node type: hardware
2026-02-12 19:16:05,305 - graph_builder.constraints_manager - INFO - Created composite UNIQUE constraint 'unique_hardware_composite' on NJS_Hardware(agent_id, name)
2026-02-12 19:16:05,305 - graph_builder.graph_builder - INFO - asset: 1/1 constraints created successfully
2026-02-12 19:16:05,305 - graph_builder.graph_builder - INFO - host: 1/1 constraints created successfully
2026-02-12 19:16:05,305 - graph_builder.graph_builder - INFO - software: 0/1 constraints created successfully
2026-02-12 19:16:05,305 - graph_builder.graph_builder - INFO - vulnerability: 1/1 constraints created successfully
2026-02-12 19:16:05,305 - graph_builder.graph_builder - INFO - assetgroup: 1/1 constraints created successfully
2026-02-12 19:16:05,305 - graph_builder.graph_builder - INFO - hardware: 1/1 constraints created successfully
2026-02-12 19:16:05,305 - __main__ - INFO - 
Inserting asset nodes...
2026-02-12 19:16:05,305 - graph_builder.graph_builder - INFO - ============================================================
2026-02-12 19:16:05,306 - graph_builder.graph_builder - INFO - Inserting ASSET nodes into Neo4j
2026-02-12 19:16:05,306 - graph_builder.graph_builder - INFO - ============================================================
2026-02-12 19:16:05,306 - graph_builder.node_inserter - INFO - Loading nodes from: extracted_data\asset_nodes_20260212_191531.json
2026-02-12 19:16:05,306 - graph_builder.node_inserter - INFO - Loaded 5 nodes from JSON file
2026-02-12 19:35:04,161 - __main__ - INFO - ============================================================
2026-02-12 19:35:04,162 - __main__ - INFO - Neo4j Graph Builder
2026-02-12 19:35:04,162 - __main__ - INFO - ============================================================
2026-02-12 19:35:04,163 - __main__ - INFO - Using latest asset nodes file: extracted_data\asset_nodes_20260212_191531.json
2026-02-12 19:35:04,164 - __main__ - INFO - Using latest host nodes file: extracted_data\host_nodes_20260212_130327.json
2026-02-12 19:35:04,164 - __main__ - INFO - Using latest software nodes file: extracted_data\software_nodes_20260212_141701.json
2026-02-12 19:35:04,165 - __main__ - INFO - Using latest vulnerability nodes file: extracted_data\vulnerability_nodes_20260212_144747.json
2026-02-12 19:35:04,165 - __main__ - INFO - Using latest assetgroup nodes file: extracted_data\assetgroup_nodes_20260212_150847.json
2026-02-12 19:35:04,165 - __main__ - INFO - Using latest hardware nodes file: extracted_data\hardware_nodes_20260212_152416.json
2026-02-12 19:35:04,166 - __main__ - INFO - 
Initializing graph builder...
2026-02-12 19:35:04,167 - graph_builder.neo4j_connection - INFO - Loaded Neo4j configuration from C:\Users\sgade\OneDrive\Desktop\orbit_node\config\neo4j_config.yaml
2026-02-12 19:35:04,168 - graph_builder.neo4j_connection - INFO - Connecting to Neo4j at bolt://localhost:7687 with username: neo4j
2026-02-12 19:35:06,277 - graph_builder.neo4j_connection - INFO - Neo4j connection test successful
2026-02-12 19:35:06,277 - graph_builder.neo4j_connection - INFO - Successfully connected to Neo4j at bolt://localhost:7687
2026-02-12 19:35:06,323 - graph_builder.constraints_manager - INFO - Loaded graph configuration from C:\Users\sgade\OneDrive\Desktop\orbit_node\config\graph_config.yaml
2026-02-12 19:35:06,385 - graph_builder.relationship_manager - INFO - Loaded graph configuration from C:\Users\sgade\OneDrive\Desktop\orbit_node\config\graph_config.yaml
2026-02-12 19:35:06,391 - graph_builder.relationship_manager - INFO - Loaded paths configuration from config\paths_config.yaml
2026-02-12 19:35:06,391 - __main__ - INFO - 
Setting up constraints...
2026-02-12 19:35:06,391 - graph_builder.graph_builder - INFO - ============================================================
2026-02-12 19:35:06,391 - graph_builder.graph_builder - INFO - Setting up Neo4j constraints and indexes
2026-02-12 19:35:06,391 - graph_builder.graph_builder - INFO - ============================================================
2026-02-12 19:35:06,391 - graph_builder.constraints_manager - INFO - Creating constraints for node type: asset
2026-02-12 19:35:06,542 - graph_builder.constraints_manager - INFO - Created UNIQUE constraint 'unique_asset_id' on NJS_Asset(asset_id)
2026-02-12 19:35:06,542 - graph_builder.constraints_manager - INFO - Creating constraints for node type: host
2026-02-12 19:35:06,565 - graph_builder.constraints_manager - INFO - Created composite UNIQUE constraint 'unique_host_composite' on NJS_Host(agent_id, os_name)
2026-02-12 19:35:06,565 - graph_builder.constraints_manager - INFO - Creating constraints for node type: software
2026-02-12 19:35:06,859 - graph_builder.constraints_manager - INFO - Created UNIQUE constraint 'unique_software_name' on NJS_Software(name)
2026-02-12 19:35:06,859 - graph_builder.constraints_manager - INFO - Creating constraints for node type: vulnerability
2026-02-12 19:35:06,880 - graph_builder.constraints_manager - INFO - Created UNIQUE constraint 'unique_cve_id' on NJS_Vulnerability(cve_id)
2026-02-12 19:35:06,880 - graph_builder.constraints_manager - INFO - Creating constraints for node type: assetgroup
2026-02-12 19:35:06,898 - graph_builder.constraints_manager - INFO - Created UNIQUE constraint 'unique_assetgroup_name' on NJS_AssetGroup(name)
2026-02-12 19:35:06,899 - graph_builder.constraints_manager - INFO - Creating constraints for node type: hardware
2026-02-12 19:35:06,918 - graph_builder.constraints_manager - INFO - Created composite UNIQUE constraint 'unique_hardware_composite' on NJS_Hardware(agent_id, name)
2026-02-12 19:35:06,918 - graph_builder.graph_builder - INFO - asset: 1/1 constraints created successfully
2026-02-12 19:35:06,918 - graph_builder.graph_builder - INFO - host: 1/1 constraints created successfully
2026-02-12 19:35:06,919 - graph_builder.graph_builder - INFO - software: 1/1 constraints created successfully
2026-02-12 19:35:06,919 - graph_builder.graph_builder - INFO - vulnerability: 1/1 constraints created successfully
2026-02-12 19:35:06,919 - graph_builder.graph_builder - INFO - assetgroup: 1/1 constraints created successfully
2026-02-12 19:35:06,919 - graph_builder.graph_builder - INFO - hardware: 1/1 constraints created successfully
2026-02-12 19:35:06,919 - __main__ - INFO - 
Inserting asset nodes...
2026-02-12 19:35:06,919 - graph_builder.graph_builder - INFO - ============================================================
2026-02-12 19:35:06,919 - graph_builder.graph_builder - INFO - Inserting ASSET nodes into Neo4j
2026-02-12 19:35:06,919 - graph_builder.graph_builder - INFO - ============================================================
2026-02-12 19:35:06,919 - graph_builder.node_inserter - INFO - Loading nodes from: extracted_data\asset_nodes_20260212_191531.json
2026-02-12 19:35:06,920 - graph_builder.node_inserter - INFO - Loaded 5 nodes from JSON file
2026-02-12 19:35:06,978 - graph_builder.graph_builder - INFO - Existing NJS_Asset nodes in database: 0
2026-02-12 19:35:06,978 - graph_builder.node_inserter - INFO - Inserting 5 NJS_Asset nodes in batches of 100
2026-02-12 19:35:06,978 - graph_builder.node_inserter - INFO - Processing batch 1/1 (5 nodes)
2026-02-12 19:35:07,593 - graph_builder.node_inserter - INFO - Batch insertion complete: 5 succeeded, 0 failed
2026-02-12 19:35:07,601 - graph_builder.graph_builder - INFO - Total NJS_Asset nodes in database after insertion: 5
2026-02-12 19:35:07,601 - __main__ - INFO - 
Inserting host nodes...
2026-02-12 19:35:07,601 - graph_builder.graph_builder - INFO - ============================================================
2026-02-12 19:35:07,601 - graph_builder.graph_builder - INFO - Inserting HOST nodes into Neo4j
2026-02-12 19:35:07,601 - graph_builder.graph_builder - INFO - ============================================================
2026-02-12 19:35:07,602 - graph_builder.node_inserter - INFO - Loading nodes from: extracted_data\host_nodes_20260212_130327.json
2026-02-12 19:35:07,602 - graph_builder.node_inserter - INFO - Loaded 5 nodes from JSON file
2026-02-12 19:35:07,659 - graph_builder.graph_builder - INFO - Existing NJS_Host nodes in database: 0
2026-02-12 19:35:07,659 - graph_builder.node_inserter - INFO - Inserting 5 NJS_Host nodes in batches of 100
2026-02-12 19:35:07,659 - graph_builder.node_inserter - INFO - Processing batch 1/1 (5 nodes)
2026-02-12 19:35:07,997 - graph_builder.node_inserter - INFO - Batch insertion complete: 5 succeeded, 0 failed
2026-02-12 19:35:08,005 - graph_builder.graph_builder - INFO - Total NJS_Host nodes in database after insertion: 5
2026-02-12 19:35:08,005 - __main__ - INFO - 
Inserting software nodes...
2026-02-12 19:35:08,005 - graph_builder.graph_builder - INFO - ============================================================
2026-02-12 19:35:08,005 - graph_builder.graph_builder - INFO - Inserting SOFTWARE nodes into Neo4j
2026-02-12 19:35:08,005 - graph_builder.graph_builder - INFO - ============================================================
2026-02-12 19:35:08,005 - graph_builder.node_inserter - INFO - Loading nodes from: extracted_data\software_nodes_20260212_141701.json
2026-02-12 19:35:08,008 - graph_builder.node_inserter - INFO - Loaded 723 nodes from JSON file
2026-02-12 19:35:08,063 - graph_builder.graph_builder - INFO - Existing NJS_Software nodes in database: 0
2026-02-12 19:35:08,063 - graph_builder.node_inserter - INFO - Inserting 723 NJS_Software nodes in batches of 100
2026-02-12 19:35:08,064 - graph_builder.node_inserter - INFO - Processing batch 1/8 (100 nodes)
2026-02-12 19:35:09,638 - graph_builder.node_inserter - INFO - Processing batch 2/8 (100 nodes)
2026-02-12 19:35:11,195 - graph_builder.node_inserter - INFO - Processing batch 3/8 (100 nodes)
2026-02-12 19:35:12,182 - graph_builder.node_inserter - INFO - Processing batch 4/8 (100 nodes)
2026-02-12 19:35:12,994 - graph_builder.node_inserter - INFO - Processing batch 5/8 (100 nodes)
2026-02-12 19:35:13,600 - graph_builder.node_inserter - INFO - Processing batch 6/8 (100 nodes)
2026-02-12 19:35:14,243 - graph_builder.node_inserter - INFO - Processing batch 7/8 (100 nodes)
2026-02-12 19:35:14,844 - graph_builder.node_inserter - INFO - Processing batch 8/8 (23 nodes)
2026-02-12 19:35:15,009 - graph_builder.node_inserter - INFO - Batch insertion complete: 723 succeeded, 0 failed
2026-02-12 19:35:15,013 - graph_builder.graph_builder - INFO - Total NJS_Software nodes in database after insertion: 580
2026-02-12 19:35:15,013 - __main__ - INFO - 
Inserting vulnerability nodes...
2026-02-12 19:35:15,013 - graph_builder.graph_builder - INFO - ============================================================
2026-02-12 19:35:15,013 - graph_builder.graph_builder - INFO - Inserting VULNERABILITY nodes into Neo4j
2026-02-12 19:35:15,013 - graph_builder.graph_builder - INFO - ============================================================
2026-02-12 19:35:15,013 - graph_builder.node_inserter - INFO - Loading nodes from: extracted_data\vulnerability_nodes_20260212_144747.json
2026-02-12 19:35:15,015 - graph_builder.node_inserter - INFO - Loaded 53 nodes from JSON file
2026-02-12 19:35:15,062 - graph_builder.graph_builder - INFO - Existing NJS_Vulnerability nodes in database: 0
2026-02-12 19:35:15,062 - graph_builder.node_inserter - INFO - Inserting 53 NJS_Vulnerability nodes in batches of 100
2026-02-12 19:35:15,062 - graph_builder.node_inserter - INFO - Processing batch 1/1 (53 nodes)
2026-02-12 19:35:16,186 - graph_builder.node_inserter - INFO - Batch insertion complete: 53 succeeded, 0 failed
2026-02-12 19:35:16,189 - graph_builder.graph_builder - INFO - Total NJS_Vulnerability nodes in database after insertion: 40
2026-02-12 19:35:16,190 - __main__ - INFO - 
Inserting assetgroup nodes...
2026-02-12 19:35:16,190 - graph_builder.graph_builder - INFO - ============================================================
2026-02-12 19:35:16,190 - graph_builder.graph_builder - INFO - Inserting ASSETGROUP nodes into Neo4j
2026-02-12 19:35:16,190 - graph_builder.graph_builder - INFO - ============================================================
2026-02-12 19:35:16,190 - graph_builder.node_inserter - INFO - Loading nodes from: extracted_data\assetgroup_nodes_20260212_150847.json
2026-02-12 19:35:16,190 - graph_builder.node_inserter - INFO - Loaded 1 nodes from JSON file
2026-02-12 19:35:16,230 - graph_builder.graph_builder - INFO - Existing NJS_AssetGroup nodes in database: 0
2026-02-12 19:35:16,230 - graph_builder.node_inserter - INFO - Inserting 1 NJS_AssetGroup nodes in batches of 100
2026-02-12 19:35:16,230 - graph_builder.node_inserter - INFO - Processing batch 1/1 (1 nodes)
2026-02-12 19:35:16,297 - graph_builder.node_inserter - INFO - Batch insertion complete: 1 succeeded, 0 failed
2026-02-12 19:35:16,300 - graph_builder.graph_builder - INFO - Total NJS_AssetGroup nodes in database after insertion: 1
2026-02-12 19:35:16,301 - __main__ - INFO - 
Inserting hardware nodes...
2026-02-12 19:35:16,301 - graph_builder.graph_builder - INFO - ============================================================
2026-02-12 19:35:16,301 - graph_builder.graph_builder - INFO - Inserting HARDWARE nodes into Neo4j
2026-02-12 19:35:16,301 - graph_builder.graph_builder - INFO - ============================================================
2026-02-12 19:35:16,301 - graph_builder.node_inserter - INFO - Loading nodes from: extracted_data\hardware_nodes_20260212_152416.json
2026-02-12 19:35:16,302 - graph_builder.node_inserter - INFO - Loaded 5 nodes from JSON file
2026-02-12 19:35:16,344 - graph_builder.graph_builder - INFO - Existing NJS_Hardware nodes in database: 0
2026-02-12 19:35:16,344 - graph_builder.node_inserter - INFO - Inserting 5 NJS_Hardware nodes in batches of 100
2026-02-12 19:35:16,344 - graph_builder.node_inserter - INFO - Processing batch 1/1 (5 nodes)
2026-02-12 19:35:16,516 - graph_builder.node_inserter - INFO - Batch insertion complete: 5 succeeded, 0 failed
2026-02-12 19:35:16,519 - graph_builder.graph_builder - INFO - Total NJS_Hardware nodes in database after insertion: 5
2026-02-12 19:35:16,519 - __main__ - INFO - 
Creating relationships...
2026-02-12 19:35:16,519 - graph_builder.graph_builder - INFO - ============================================================
2026-02-12 19:35:16,519 - graph_builder.graph_builder - INFO - Creating Relationships
2026-02-12 19:35:16,519 - graph_builder.graph_builder - INFO - ============================================================
2026-02-12 19:35:16,520 - graph_builder.relationship_manager - INFO - Creating relationship 'asset_to_host': NJS_Asset-[:NJS_IS_HOST]->NJS_Host
2026-02-12 19:35:16,561 - graph_builder.relationship_manager - INFO - Prepared 5 relationships to create from source data
2026-02-12 19:35:16,561 - graph_builder.relationship_manager - INFO - Creating 5 relationships using source data
2026-02-12 19:35:16,872 - graph_builder.relationship_manager - INFO - Created 11 NJS_IS_HOST relationships from NJS_Asset to NJS_Host using source data
2026-02-12 19:35:16,872 - graph_builder.relationship_manager - INFO - Creating relationship 'host_to_software': NJS_Host-[:NJS_RUNS]->NJS_Software
2026-02-12 19:35:16,911 - graph_builder.relationship_manager - WARNING - No source data loaded for relationship creation
2026-02-12 19:35:16,911 - graph_builder.relationship_manager - INFO - Creating relationship 'asset_to_software': NJS_Asset-[:NJS_RUNS_SOFTWARE]->NJS_Software
2026-02-12 19:35:16,921 - graph_builder.relationship_manager - INFO - Prepared 726 relationships to create from source data
2026-02-12 19:35:16,921 - graph_builder.relationship_manager - INFO - Creating 726 relationships using source data
2026-02-12 19:35:17,594 - graph_builder.relationship_manager - INFO - Created 723 NJS_RUNS_SOFTWARE relationships from NJS_Asset to NJS_Software using source data
2026-02-12 19:35:17,595 - graph_builder.relationship_manager - INFO - Creating relationship 'software_to_vulnerability': NJS_Software-[:NJS_HAS_VULNERABILITY]->NJS_Vulnerability
2026-02-12 19:35:17,711 - graph_builder.relationship_manager - WARNING - No source data loaded for relationship creation
2026-02-12 19:35:17,711 - graph_builder.relationship_manager - INFO - Creating relationship 'vulnerability_to_asset': NJS_Vulnerability-[:NJS_AFFECTS]->NJS_Asset
2026-02-12 19:35:17,759 - graph_builder.relationship_manager - WARNING - No source data loaded for relationship creation
2026-02-12 19:35:17,759 - graph_builder.relationship_manager - INFO - Creating relationship 'asset_to_assetgroup': NJS_Asset-[:NJS_LOCATED_IN]->NJS_AssetGroup
2026-02-12 19:35:17,765 - graph_builder.relationship_manager - INFO - Prepared 4 relationships to create from source data
2026-02-12 19:35:17,765 - graph_builder.relationship_manager - INFO - Creating 4 relationships using source data
2026-02-12 19:35:17,892 - graph_builder.relationship_manager - INFO - Created 4 NJS_LOCATED_IN relationships from NJS_Asset to NJS_AssetGroup using source data
2026-02-12 19:35:17,892 - graph_builder.relationship_manager - INFO - Creating relationship 'asset_to_hardware': NJS_Asset-[:NJS_HAS_HARDWARE]->NJS_Hardware
2026-02-12 19:35:17,899 - graph_builder.relationship_manager - INFO - Prepared 5 relationships to create from source data
2026-02-12 19:35:17,900 - graph_builder.relationship_manager - INFO - Creating 5 relationships using source data
2026-02-12 19:35:18,033 - graph_builder.relationship_manager - INFO - Created 11 NJS_HAS_HARDWARE relationships from NJS_Asset to NJS_Hardware using source data
2026-02-12 19:35:18,033 - graph_builder.graph_builder - INFO - asset_to_host: 11 relationships created
2026-02-12 19:35:18,034 - graph_builder.graph_builder - INFO - host_to_software: 0 relationships created
2026-02-12 19:35:18,034 - graph_builder.graph_builder - INFO - asset_to_software: 723 relationships created
2026-02-12 19:35:18,034 - graph_builder.graph_builder - INFO - software_to_vulnerability: 0 relationships created
2026-02-12 19:35:18,034 - graph_builder.graph_builder - INFO - vulnerability_to_asset: 0 relationships created
2026-02-12 19:35:18,034 - graph_builder.graph_builder - INFO - asset_to_assetgroup: 4 relationships created
2026-02-12 19:35:18,034 - graph_builder.graph_builder - INFO - asset_to_hardware: 11 relationships created
2026-02-12 19:35:18,034 - graph_builder.neo4j_connection - INFO - Neo4j connection closed
2026-02-12 19:35:18,034 - __main__ - INFO - Graph building process completed successfully
2026-02-12 19:45:18,595 - __main__ - INFO - ============================================================
2026-02-12 19:45:18,595 - __main__ - INFO - Neo4j Graph Builder
2026-02-12 19:45:18,595 - __main__ - INFO - ============================================================
2026-02-12 19:45:18,596 - __main__ - INFO - Using latest asset nodes file: extracted_data\asset_nodes_20260212_191531.json
2026-02-12 19:45:18,597 - __main__ - INFO - Using latest host nodes file: extracted_data\host_nodes_20260212_130327.json
2026-02-12 19:45:18,597 - __main__ - INFO - Using latest software nodes file: extracted_data\software_nodes_20260212_141701.json
2026-02-12 19:45:18,598 - __main__ - INFO - Using latest vulnerability nodes file: extracted_data\vulnerability_nodes_20260212_144747.json
2026-02-12 19:45:18,598 - __main__ - INFO - Using latest assetgroup nodes file: extracted_data\assetgroup_nodes_20260212_150847.json
2026-02-12 19:45:18,599 - __main__ - INFO - Using latest hardware nodes file: extracted_data\hardware_nodes_20260212_152416.json
2026-02-12 19:45:18,599 - __main__ - INFO - 
Initializing graph builder...
2026-02-12 19:45:18,601 - graph_builder.neo4j_connection - INFO - Loaded Neo4j configuration from C:\Users\sgade\OneDrive\Desktop\orbit_node\config\neo4j_config.yaml
2026-02-12 19:45:18,601 - graph_builder.neo4j_connection - INFO - Connecting to Neo4j at bolt://localhost:7687 with username: neo4j
2026-02-12 19:45:20,680 - graph_builder.neo4j_connection - INFO - Neo4j connection test successful
2026-02-12 19:45:20,680 - graph_builder.neo4j_connection - INFO - Successfully connected to Neo4j at bolt://localhost:7687
2026-02-12 19:45:20,716 - graph_builder.constraints_manager - INFO - Loaded graph configuration from C:\Users\sgade\OneDrive\Desktop\orbit_node\config\graph_config.yaml
2026-02-12 19:45:20,753 - graph_builder.relationship_manager - INFO - Loaded graph configuration from C:\Users\sgade\OneDrive\Desktop\orbit_node\config\graph_config.yaml
2026-02-12 19:45:20,757 - graph_builder.relationship_manager - INFO - Loaded paths configuration from config\paths_config.yaml
2026-02-12 19:45:20,757 - __main__ - INFO - 
Setting up constraints...
2026-02-12 19:45:20,757 - graph_builder.graph_builder - INFO - ============================================================
2026-02-12 19:45:20,757 - graph_builder.graph_builder - INFO - Setting up Neo4j constraints and indexes
2026-02-12 19:45:20,757 - graph_builder.graph_builder - INFO - ============================================================
2026-02-12 19:45:20,757 - graph_builder.constraints_manager - INFO - Creating constraints for node type: asset
2026-02-12 19:45:20,793 - graph_builder.constraints_manager - INFO - Created UNIQUE constraint 'unique_asset_id' on NJS_Asset(asset_id)
2026-02-12 19:45:20,793 - graph_builder.constraints_manager - INFO - Creating constraints for node type: host
2026-02-12 19:45:20,822 - graph_builder.constraints_manager - INFO - Created composite UNIQUE constraint 'unique_host_composite' on NJS_Host(agent_id, os_name)
2026-02-12 19:45:20,822 - graph_builder.constraints_manager - INFO - Creating constraints for node type: software
2026-02-12 19:45:20,851 - graph_builder.constraints_manager - INFO - Created UNIQUE constraint 'unique_software_name' on NJS_Software(name)
2026-02-12 19:45:20,851 - graph_builder.constraints_manager - INFO - Creating constraints for node type: vulnerability
2026-02-12 19:45:20,884 - graph_builder.constraints_manager - INFO - Created UNIQUE constraint 'unique_cve_id' on NJS_Vulnerability(cve_id)
2026-02-12 19:45:20,885 - graph_builder.constraints_manager - INFO - Creating constraints for node type: assetgroup
2026-02-12 19:45:20,916 - graph_builder.constraints_manager - INFO - Created UNIQUE constraint 'unique_assetgroup_name' on NJS_AssetGroup(name)
2026-02-12 19:45:20,917 - graph_builder.constraints_manager - INFO - Creating constraints for node type: hardware
2026-02-12 19:45:20,956 - graph_builder.constraints_manager - INFO - Created composite UNIQUE constraint 'unique_hardware_composite' on NJS_Hardware(agent_id, name)
2026-02-12 19:45:20,957 - graph_builder.graph_builder - INFO - asset: 1/1 constraints created successfully
2026-02-12 19:45:20,957 - graph_builder.graph_builder - INFO - host: 1/1 constraints created successfully
2026-02-12 19:45:20,957 - graph_builder.graph_builder - INFO - software: 1/1 constraints created successfully
2026-02-12 19:45:20,957 - graph_builder.graph_builder - INFO - vulnerability: 1/1 constraints created successfully
2026-02-12 19:45:20,957 - graph_builder.graph_builder - INFO - assetgroup: 1/1 constraints created successfully
2026-02-12 19:45:20,957 - graph_builder.graph_builder - INFO - hardware: 1/1 constraints created successfully
2026-02-12 19:45:20,957 - __main__ - INFO - 
Inserting asset nodes...
2026-02-12 19:45:20,957 - graph_builder.graph_builder - INFO - ============================================================
2026-02-12 19:45:20,958 - graph_builder.graph_builder - INFO - Inserting ASSET nodes into Neo4j
2026-02-12 19:45:20,958 - graph_builder.graph_builder - INFO - ============================================================
2026-02-12 19:45:20,958 - graph_builder.node_inserter - INFO - Loading nodes from: extracted_data\asset_nodes_20260212_191531.json
2026-02-12 19:45:20,958 - graph_builder.node_inserter - INFO - Loaded 5 nodes from JSON file
2026-02-12 19:45:20,982 - graph_builder.graph_builder - INFO - Existing NJS_Asset nodes in database: 0
2026-02-12 19:45:20,982 - graph_builder.node_inserter - INFO - Inserting 5 NJS_Asset nodes in batches of 100
2026-02-12 19:45:20,982 - graph_builder.node_inserter - INFO - Processing batch 1/1 (5 nodes)
2026-02-12 19:45:21,084 - graph_builder.node_inserter - INFO - Batch insertion complete: 5 succeeded, 0 failed
2026-02-12 19:45:21,087 - graph_builder.graph_builder - INFO - Total NJS_Asset nodes in database after insertion: 5
2026-02-12 19:45:21,088 - __main__ - INFO - 
Inserting host nodes...
2026-02-12 19:45:21,088 - graph_builder.graph_builder - INFO - ============================================================
2026-02-12 19:45:21,088 - graph_builder.graph_builder - INFO - Inserting HOST nodes into Neo4j
2026-02-12 19:45:21,088 - graph_builder.graph_builder - INFO - ============================================================
2026-02-12 19:45:21,088 - graph_builder.node_inserter - INFO - Loading nodes from: extracted_data\host_nodes_20260212_130327.json
2026-02-12 19:45:21,088 - graph_builder.node_inserter - INFO - Loaded 5 nodes from JSON file
2026-02-12 19:45:21,112 - graph_builder.graph_builder - INFO - Existing NJS_Host nodes in database: 0
2026-02-12 19:45:21,112 - graph_builder.node_inserter - INFO - Inserting 5 NJS_Host nodes in batches of 100
2026-02-12 19:45:21,112 - graph_builder.node_inserter - INFO - Processing batch 1/1 (5 nodes)
2026-02-12 19:45:21,255 - graph_builder.node_inserter - INFO - Batch insertion complete: 5 succeeded, 0 failed
2026-02-12 19:45:21,258 - graph_builder.graph_builder - INFO - Total NJS_Host nodes in database after insertion: 5
2026-02-12 19:45:21,258 - __main__ - INFO - 
Inserting software nodes...
2026-02-12 19:45:21,258 - graph_builder.graph_builder - INFO - ============================================================
2026-02-12 19:45:21,259 - graph_builder.graph_builder - INFO - Inserting SOFTWARE nodes into Neo4j
2026-02-12 19:45:21,259 - graph_builder.graph_builder - INFO - ============================================================
2026-02-12 19:45:21,259 - graph_builder.node_inserter - INFO - Loading nodes from: extracted_data\software_nodes_20260212_141701.json
2026-02-12 19:45:21,261 - graph_builder.node_inserter - INFO - Loaded 723 nodes from JSON file
2026-02-12 19:45:21,284 - graph_builder.graph_builder - INFO - Existing NJS_Software nodes in database: 0
2026-02-12 19:45:21,284 - graph_builder.node_inserter - INFO - Inserting 723 NJS_Software nodes in batches of 100
2026-02-12 19:45:21,284 - graph_builder.node_inserter - INFO - Processing batch 1/8 (100 nodes)
2026-02-12 19:45:22,064 - graph_builder.node_inserter - INFO - Processing batch 2/8 (100 nodes)
2026-02-12 19:45:22,959 - graph_builder.node_inserter - INFO - Processing batch 3/8 (100 nodes)
2026-02-12 19:45:23,821 - graph_builder.node_inserter - INFO - Processing batch 4/8 (100 nodes)
2026-02-12 19:45:24,625 - graph_builder.node_inserter - INFO - Processing batch 5/8 (100 nodes)
2026-02-12 19:45:25,246 - graph_builder.node_inserter - INFO - Processing batch 6/8 (100 nodes)
2026-02-12 19:45:25,819 - graph_builder.node_inserter - INFO - Processing batch 7/8 (100 nodes)
2026-02-12 19:45:26,336 - graph_builder.node_inserter - INFO - Processing batch 8/8 (23 nodes)
2026-02-12 19:45:26,479 - graph_builder.node_inserter - INFO - Batch insertion complete: 723 succeeded, 0 failed
2026-02-12 19:45:26,482 - graph_builder.graph_builder - INFO - Total NJS_Software nodes in database after insertion: 580
2026-02-12 19:45:26,482 - __main__ - INFO - 
Inserting vulnerability nodes...
2026-02-12 19:45:26,483 - graph_builder.graph_builder - INFO - ============================================================
2026-02-12 19:45:26,483 - graph_builder.graph_builder - INFO - Inserting VULNERABILITY nodes into Neo4j
2026-02-12 19:45:26,483 - graph_builder.graph_builder - INFO - ============================================================
2026-02-12 19:45:26,483 - graph_builder.node_inserter - INFO - Loading nodes from: extracted_data\vulnerability_nodes_20260212_144747.json
2026-02-12 19:45:26,484 - graph_builder.node_inserter - INFO - Loaded 53 nodes from JSON file
2026-02-12 19:45:26,506 - graph_builder.graph_builder - INFO - Existing NJS_Vulnerability nodes in database: 0
2026-02-12 19:45:26,507 - graph_builder.node_inserter - INFO - Inserting 53 NJS_Vulnerability nodes in batches of 100
2026-02-12 19:45:26,507 - graph_builder.node_inserter - INFO - Processing batch 1/1 (53 nodes)
2026-02-12 19:45:27,065 - graph_builder.node_inserter - INFO - Batch insertion complete: 53 succeeded, 0 failed
2026-02-12 19:45:27,068 - graph_builder.graph_builder - INFO - Total NJS_Vulnerability nodes in database after insertion: 40
2026-02-12 19:45:27,068 - __main__ - INFO - 
Inserting assetgroup nodes...
2026-02-12 19:45:27,069 - graph_builder.graph_builder - INFO - ============================================================
2026-02-12 19:45:27,069 - graph_builder.graph_builder - INFO - Inserting ASSETGROUP nodes into Neo4j
2026-02-12 19:45:27,069 - graph_builder.graph_builder - INFO - ============================================================
2026-02-12 19:45:27,069 - graph_builder.node_inserter - INFO - Loading nodes from: extracted_data\assetgroup_nodes_20260212_150847.json
2026-02-12 19:45:27,069 - graph_builder.node_inserter - INFO - Loaded 1 nodes from JSON file
2026-02-12 19:45:27,090 - graph_builder.graph_builder - INFO - Existing NJS_AssetGroup nodes in database: 0
2026-02-12 19:45:27,090 - graph_builder.node_inserter - INFO - Inserting 1 NJS_AssetGroup nodes in batches of 100
2026-02-12 19:45:27,090 - graph_builder.node_inserter - INFO - Processing batch 1/1 (1 nodes)
2026-02-12 19:45:27,130 - graph_builder.node_inserter - INFO - Batch insertion complete: 1 succeeded, 0 failed
2026-02-12 19:45:27,133 - graph_builder.graph_builder - INFO - Total NJS_AssetGroup nodes in database after insertion: 1
2026-02-12 19:45:27,133 - __main__ - INFO - 
Inserting hardware nodes...
2026-02-12 19:45:27,133 - graph_builder.graph_builder - INFO - ============================================================
2026-02-12 19:45:27,133 - graph_builder.graph_builder - INFO - Inserting HARDWARE nodes into Neo4j
2026-02-12 19:45:27,133 - graph_builder.graph_builder - INFO - ============================================================
2026-02-12 19:45:27,134 - graph_builder.node_inserter - INFO - Loading nodes from: extracted_data\hardware_nodes_20260212_152416.json
2026-02-12 19:45:27,134 - graph_builder.node_inserter - INFO - Loaded 5 nodes from JSON file
2026-02-12 19:45:27,155 - graph_builder.graph_builder - INFO - Existing NJS_Hardware nodes in database: 0
2026-02-12 19:45:27,155 - graph_builder.node_inserter - INFO - Inserting 5 NJS_Hardware nodes in batches of 100
2026-02-12 19:45:27,155 - graph_builder.node_inserter - INFO - Processing batch 1/1 (5 nodes)
2026-02-12 19:45:27,253 - graph_builder.node_inserter - INFO - Batch insertion complete: 5 succeeded, 0 failed
2026-02-12 19:45:27,256 - graph_builder.graph_builder - INFO - Total NJS_Hardware nodes in database after insertion: 5
2026-02-12 19:45:27,256 - __main__ - INFO - 
Creating relationships...
2026-02-12 19:45:27,256 - graph_builder.graph_builder - INFO - ============================================================
2026-02-12 19:45:27,256 - graph_builder.graph_builder - INFO - Creating Relationships
2026-02-12 19:45:27,256 - graph_builder.graph_builder - INFO - ============================================================
2026-02-12 19:45:27,257 - graph_builder.relationship_manager - INFO - Creating relationship 'asset_to_host': NJS_Asset-[:NJS_IS_HOST]->NJS_Host
2026-02-12 19:45:27,288 - graph_builder.relationship_manager - INFO - Prepared 5 relationships to create from source data
2026-02-12 19:45:27,288 - graph_builder.relationship_manager - INFO - Creating 5 relationships using source data
2026-02-12 19:45:27,375 - graph_builder.relationship_manager - INFO - Created 11 NJS_IS_HOST relationships from NJS_Asset to NJS_Host using source data
2026-02-12 19:45:27,375 - graph_builder.relationship_manager - INFO - Creating relationship 'host_to_software': NJS_Host-[:NJS_RUNS]->NJS_Software
2026-02-12 19:45:27,413 - graph_builder.relationship_manager - INFO - Prepared 726 relationships to create from source data
2026-02-12 19:45:27,413 - graph_builder.relationship_manager - INFO - Creating 726 relationships using source data
2026-02-12 19:45:27,744 - graph_builder.relationship_manager - INFO - Created 723 NJS_RUNS relationships from NJS_Host to NJS_Software using source data
2026-02-12 19:45:27,745 - graph_builder.relationship_manager - INFO - Creating relationship 'asset_to_software': NJS_Asset-[:NJS_RUNS_SOFTWARE]->NJS_Software
2026-02-12 19:45:27,756 - graph_builder.relationship_manager - INFO - Prepared 726 relationships to create from source data
2026-02-12 19:45:27,756 - graph_builder.relationship_manager - INFO - Creating 726 relationships using source data
2026-02-12 19:45:27,958 - graph_builder.relationship_manager - INFO - Created 723 NJS_RUNS_SOFTWARE relationships from NJS_Asset to NJS_Software using source data
2026-02-12 19:45:27,959 - graph_builder.relationship_manager - INFO - Creating relationship 'software_to_vulnerability': NJS_Software-[:NJS_HAS_VULNERABILITY]->NJS_Vulnerability
2026-02-12 19:45:28,069 - graph_builder.relationship_manager - INFO - Loading all agent files for 5 agents
2026-02-12 19:45:28,074 - graph_builder.relationship_manager - INFO - Prepared 53 relationships to create from source data
2026-02-12 19:45:28,074 - graph_builder.relationship_manager - INFO - Creating 53 relationships using source data
2026-02-12 19:45:28,174 - graph_builder.relationship_manager - INFO - Created 53 NJS_HAS_VULNERABILITY relationships from NJS_Software to NJS_Vulnerability using source data
2026-02-12 19:45:28,174 - graph_builder.relationship_manager - INFO - Creating relationship 'vulnerability_to_asset': NJS_Vulnerability-[:NJS_AFFECTS]->NJS_Asset
2026-02-12 19:45:28,215 - graph_builder.relationship_manager - INFO - Loading all agent files for 5 agents
2026-02-12 19:45:28,218 - graph_builder.relationship_manager - INFO - Prepared 53 relationships to create from source data
2026-02-12 19:45:28,218 - graph_builder.relationship_manager - INFO - Creating 53 relationships using source data
2026-02-12 19:45:28,338 - graph_builder.relationship_manager - INFO - Created 53 NJS_AFFECTS relationships from NJS_Vulnerability to NJS_Asset using source data
2026-02-12 19:45:28,338 - graph_builder.relationship_manager - INFO - Creating relationship 'asset_to_assetgroup': NJS_Asset-[:NJS_LOCATED_IN]->NJS_AssetGroup
2026-02-12 19:45:28,343 - graph_builder.relationship_manager - INFO - Prepared 4 relationships to create from source data
2026-02-12 19:45:28,343 - graph_builder.relationship_manager - INFO - Creating 4 relationships using source data
2026-02-12 19:45:28,436 - graph_builder.relationship_manager - INFO - Created 4 NJS_LOCATED_IN relationships from NJS_Asset to NJS_AssetGroup using source data
2026-02-12 19:45:28,436 - graph_builder.relationship_manager - INFO - Creating relationship 'asset_to_hardware': NJS_Asset-[:NJS_HAS_HARDWARE]->NJS_Hardware
2026-02-12 19:45:28,442 - graph_builder.relationship_manager - INFO - Prepared 5 relationships to create from source data
2026-02-12 19:45:28,442 - graph_builder.relationship_manager - INFO - Creating 5 relationships using source data
2026-02-12 19:45:28,530 - graph_builder.relationship_manager - INFO - Created 11 NJS_HAS_HARDWARE relationships from NJS_Asset to NJS_Hardware using source data
2026-02-12 19:45:28,530 - graph_builder.graph_builder - INFO - asset_to_host: 11 relationships created
2026-02-12 19:45:28,530 - graph_builder.graph_builder - INFO - host_to_software: 723 relationships created
2026-02-12 19:45:28,530 - graph_builder.graph_builder - INFO - asset_to_software: 723 relationships created
2026-02-12 19:45:28,530 - graph_builder.graph_builder - INFO - software_to_vulnerability: 53 relationships created
2026-02-12 19:45:28,530 - graph_builder.graph_builder - INFO - vulnerability_to_asset: 53 relationships created
2026-02-12 19:45:28,531 - graph_builder.graph_builder - INFO - asset_to_assetgroup: 4 relationships created
2026-02-12 19:45:28,531 - graph_builder.graph_builder - INFO - asset_to_hardware: 11 relationships created
2026-02-12 19:45:28,531 - graph_builder.neo4j_connection - INFO - Neo4j connection closed
2026-02-12 19:45:28,531 - __main__ - INFO - Graph building process completed successfully
2026-02-12 20:22:41,339 - __main__ - INFO - ============================================================
2026-02-12 20:22:41,339 - __main__ - INFO - Neo4j Graph Builder
2026-02-12 20:22:41,339 - __main__ - INFO - ============================================================
2026-02-12 20:22:41,340 - __main__ - INFO - Using latest asset nodes file: extracted_data\asset_nodes_20260212_202127.json
2026-02-12 20:22:41,340 - __main__ - INFO - Using latest host nodes file: extracted_data\host_nodes_20260212_202141.json
2026-02-12 20:22:41,341 - __main__ - INFO - Using latest software nodes file: extracted_data\software_nodes_20260212_202147.json
2026-02-12 20:22:41,341 - __main__ - INFO - Using latest vulnerability nodes file: extracted_data\vulnerability_nodes_20260212_202153.json
2026-02-12 20:22:41,342 - __main__ - INFO - Using latest assetgroup nodes file: extracted_data\assetgroup_nodes_20260212_202204.json
2026-02-12 20:22:41,342 - __main__ - INFO - Using latest hardware nodes file: extracted_data\hardware_nodes_20260212_202212.json
2026-02-12 20:22:41,342 - __main__ - INFO - 
Initializing graph builder...
2026-02-12 20:22:41,344 - graph_builder.neo4j_connection - INFO - Loaded Neo4j configuration from C:\Users\sgade\OneDrive\Desktop\orbit_node\config\neo4j_config.yaml
2026-02-12 20:22:41,345 - graph_builder.neo4j_connection - INFO - Connecting to Neo4j at bolt://localhost:7687 with username: neo4j
2026-02-12 20:22:43,411 - graph_builder.neo4j_connection - INFO - Neo4j connection test successful
2026-02-12 20:22:43,411 - graph_builder.neo4j_connection - INFO - Successfully connected to Neo4j at bolt://localhost:7687
2026-02-12 20:22:43,453 - graph_builder.constraints_manager - INFO - Loaded graph configuration from C:\Users\sgade\OneDrive\Desktop\orbit_node\config\graph_config.yaml
2026-02-12 20:22:43,493 - graph_builder.relationship_manager - INFO - Loaded graph configuration from C:\Users\sgade\OneDrive\Desktop\orbit_node\config\graph_config.yaml
2026-02-12 20:22:43,497 - graph_builder.relationship_manager - INFO - Loaded paths configuration from config\paths_config.yaml
2026-02-12 20:22:43,497 - __main__ - INFO - 
Setting up constraints...
2026-02-12 20:22:43,497 - graph_builder.graph_builder - INFO - ============================================================
2026-02-12 20:22:43,497 - graph_builder.graph_builder - INFO - Setting up Neo4j constraints and indexes
2026-02-12 20:22:43,497 - graph_builder.graph_builder - INFO - ============================================================
2026-02-12 20:22:43,497 - graph_builder.constraints_manager - INFO - Creating constraints for node type: asset
2026-02-12 20:22:43,505 - graph_builder.constraints_manager - INFO - Created UNIQUE constraint 'unique_asset_id' on NJS_Asset(asset_id)
2026-02-12 20:22:43,506 - graph_builder.constraints_manager - INFO - Creating constraints for node type: host
2026-02-12 20:22:43,511 - graph_builder.constraints_manager - INFO - Created composite UNIQUE constraint 'unique_host_composite' on NJS_Host(agent_id, os_name)
2026-02-12 20:22:43,512 - graph_builder.constraints_manager - INFO - Creating constraints for node type: software
2026-02-12 20:22:43,518 - graph_builder.constraints_manager - INFO - Created UNIQUE constraint 'unique_software_name' on NJS_Software(name)
2026-02-12 20:22:43,518 - graph_builder.constraints_manager - INFO - Creating constraints for node type: vulnerability
2026-02-12 20:22:43,523 - graph_builder.constraints_manager - INFO - Created UNIQUE constraint 'unique_cve_id' on NJS_Vulnerability(cve_id)
2026-02-12 20:22:43,523 - graph_builder.constraints_manager - INFO - Creating constraints for node type: assetgroup
2026-02-12 20:22:43,528 - graph_builder.constraints_manager - INFO - Created UNIQUE constraint 'unique_assetgroup_name' on NJS_AssetGroup(name)
2026-02-12 20:22:43,529 - graph_builder.constraints_manager - INFO - Creating constraints for node type: hardware
2026-02-12 20:22:43,535 - graph_builder.constraints_manager - INFO - Created composite UNIQUE constraint 'unique_hardware_composite' on NJS_Hardware(agent_id, name)
2026-02-12 20:22:43,535 - graph_builder.graph_builder - INFO - asset: 1/1 constraints created successfully
2026-02-12 20:22:43,535 - graph_builder.graph_builder - INFO - host: 1/1 constraints created successfully
2026-02-12 20:22:43,535 - graph_builder.graph_builder - INFO - software: 1/1 constraints created successfully
2026-02-12 20:22:43,535 - graph_builder.graph_builder - INFO - vulnerability: 1/1 constraints created successfully
2026-02-12 20:22:43,535 - graph_builder.graph_builder - INFO - assetgroup: 1/1 constraints created successfully
2026-02-12 20:22:43,535 - graph_builder.graph_builder - INFO - hardware: 1/1 constraints created successfully
2026-02-12 20:22:43,535 - __main__ - INFO - 
Inserting asset nodes...
2026-02-12 20:22:43,535 - graph_builder.graph_builder - INFO - ============================================================
2026-02-12 20:22:43,536 - graph_builder.graph_builder - INFO - Inserting ASSET nodes into Neo4j
2026-02-12 20:22:43,536 - graph_builder.graph_builder - INFO - ============================================================
2026-02-12 20:22:43,536 - graph_builder.node_inserter - INFO - Loading nodes from: extracted_data\asset_nodes_20260212_202127.json
2026-02-12 20:22:43,536 - graph_builder.node_inserter - INFO - Loaded 5 nodes from JSON file
2026-02-12 20:22:43,555 - graph_builder.graph_builder - INFO - Existing NJS_Asset nodes in database: 0
2026-02-12 20:22:43,555 - graph_builder.node_inserter - INFO - Inserting 5 NJS_Asset nodes in batches of 100
2026-02-12 20:22:43,555 - graph_builder.node_inserter - INFO - Processing batch 1/1 (5 nodes)
2026-02-12 20:22:43,686 - graph_builder.node_inserter - INFO - Batch insertion complete: 5 succeeded, 0 failed
2026-02-12 20:22:43,688 - graph_builder.graph_builder - INFO - Total NJS_Asset nodes in database after insertion: 5
2026-02-12 20:22:43,689 - __main__ - INFO - 
Inserting host nodes...
2026-02-12 20:22:43,689 - graph_builder.graph_builder - INFO - ============================================================
2026-02-12 20:22:43,689 - graph_builder.graph_builder - INFO - Inserting HOST nodes into Neo4j
2026-02-12 20:22:43,689 - graph_builder.graph_builder - INFO - ============================================================
2026-02-12 20:22:43,689 - graph_builder.node_inserter - INFO - Loading nodes from: extracted_data\host_nodes_20260212_202141.json
2026-02-12 20:22:43,689 - graph_builder.node_inserter - INFO - Loaded 5 nodes from JSON file
2026-02-12 20:22:43,709 - graph_builder.graph_builder - INFO - Existing NJS_Host nodes in database: 0
2026-02-12 20:22:43,709 - graph_builder.node_inserter - INFO - Inserting 5 NJS_Host nodes in batches of 100
2026-02-12 20:22:43,709 - graph_builder.node_inserter - INFO - Processing batch 1/1 (5 nodes)
2026-02-12 20:22:43,840 - graph_builder.node_inserter - INFO - Batch insertion complete: 5 succeeded, 0 failed
2026-02-12 20:22:43,842 - graph_builder.graph_builder - INFO - Total NJS_Host nodes in database after insertion: 5
2026-02-12 20:22:43,843 - __main__ - INFO - 
Inserting software nodes...
2026-02-12 20:22:43,843 - graph_builder.graph_builder - INFO - ============================================================
2026-02-12 20:22:43,843 - graph_builder.graph_builder - INFO - Inserting SOFTWARE nodes into Neo4j
2026-02-12 20:22:43,843 - graph_builder.graph_builder - INFO - ============================================================
2026-02-12 20:22:43,843 - graph_builder.node_inserter - INFO - Loading nodes from: extracted_data\software_nodes_20260212_202147.json
2026-02-12 20:22:43,845 - graph_builder.node_inserter - INFO - Loaded 726 nodes from JSON file
2026-02-12 20:22:43,862 - graph_builder.graph_builder - INFO - Existing NJS_Software nodes in database: 0
2026-02-12 20:22:43,862 - graph_builder.node_inserter - INFO - Inserting 726 NJS_Software nodes in batches of 100
2026-02-12 20:22:43,862 - graph_builder.node_inserter - INFO - Processing batch 1/8 (100 nodes)
2026-02-12 20:22:44,469 - graph_builder.node_inserter - INFO - Processing batch 2/8 (100 nodes)
2026-02-12 20:22:45,228 - graph_builder.node_inserter - INFO - Processing batch 3/8 (100 nodes)
2026-02-12 20:22:45,866 - graph_builder.node_inserter - INFO - Processing batch 4/8 (100 nodes)
2026-02-12 20:22:46,462 - graph_builder.node_inserter - INFO - Processing batch 5/8 (100 nodes)
2026-02-12 20:22:47,083 - graph_builder.node_inserter - INFO - Processing batch 6/8 (100 nodes)
2026-02-12 20:22:47,663 - graph_builder.node_inserter - INFO - Processing batch 7/8 (100 nodes)
2026-02-12 20:22:48,184 - graph_builder.node_inserter - INFO - Processing batch 8/8 (26 nodes)
2026-02-12 20:22:48,333 - graph_builder.node_inserter - INFO - Batch insertion complete: 726 succeeded, 0 failed
2026-02-12 20:22:48,336 - graph_builder.graph_builder - INFO - Total NJS_Software nodes in database after insertion: 583
2026-02-12 20:22:48,337 - __main__ - INFO - 
Inserting vulnerability nodes...
2026-02-12 20:22:48,337 - graph_builder.graph_builder - INFO - ============================================================
2026-02-12 20:22:48,337 - graph_builder.graph_builder - INFO - Inserting VULNERABILITY nodes into Neo4j
2026-02-12 20:22:48,337 - graph_builder.graph_builder - INFO - ============================================================
2026-02-12 20:22:48,337 - graph_builder.node_inserter - INFO - Loading nodes from: extracted_data\vulnerability_nodes_20260212_202153.json
2026-02-12 20:22:48,338 - graph_builder.node_inserter - INFO - Loaded 53 nodes from JSON file
2026-02-12 20:22:48,361 - graph_builder.graph_builder - INFO - Existing NJS_Vulnerability nodes in database: 0
2026-02-12 20:22:48,361 - graph_builder.node_inserter - INFO - Inserting 53 NJS_Vulnerability nodes in batches of 100
2026-02-12 20:22:48,362 - graph_builder.node_inserter - INFO - Processing batch 1/1 (53 nodes)
2026-02-12 20:22:48,887 - graph_builder.node_inserter - INFO - Batch insertion complete: 53 succeeded, 0 failed
2026-02-12 20:22:48,890 - graph_builder.graph_builder - INFO - Total NJS_Vulnerability nodes in database after insertion: 40
2026-02-12 20:22:48,890 - __main__ - INFO - 
Inserting assetgroup nodes...
2026-02-12 20:22:48,890 - graph_builder.graph_builder - INFO - ============================================================
2026-02-12 20:22:48,890 - graph_builder.graph_builder - INFO - Inserting ASSETGROUP nodes into Neo4j
2026-02-12 20:22:48,890 - graph_builder.graph_builder - INFO - ============================================================
2026-02-12 20:22:48,890 - graph_builder.node_inserter - INFO - Loading nodes from: extracted_data\assetgroup_nodes_20260212_202204.json
2026-02-12 20:22:48,891 - graph_builder.node_inserter - INFO - Loaded 1 nodes from JSON file
2026-02-12 20:22:48,916 - graph_builder.graph_builder - INFO - Existing NJS_AssetGroup nodes in database: 0
2026-02-12 20:22:48,916 - graph_builder.node_inserter - INFO - Inserting 1 NJS_AssetGroup nodes in batches of 100
2026-02-12 20:22:48,916 - graph_builder.node_inserter - INFO - Processing batch 1/1 (1 nodes)
2026-02-12 20:22:48,971 - graph_builder.node_inserter - INFO - Batch insertion complete: 1 succeeded, 0 failed
2026-02-12 20:22:48,974 - graph_builder.graph_builder - INFO - Total NJS_AssetGroup nodes in database after insertion: 1
2026-02-12 20:22:48,974 - __main__ - INFO - 
Inserting hardware nodes...
2026-02-12 20:22:48,975 - graph_builder.graph_builder - INFO - ============================================================
2026-02-12 20:22:48,975 - graph_builder.graph_builder - INFO - Inserting HARDWARE nodes into Neo4j
2026-02-12 20:22:48,975 - graph_builder.graph_builder - INFO - ============================================================
2026-02-12 20:22:48,975 - graph_builder.node_inserter - INFO - Loading nodes from: extracted_data\hardware_nodes_20260212_202212.json
2026-02-12 20:22:48,975 - graph_builder.node_inserter - INFO - Loaded 5 nodes from JSON file
2026-02-12 20:22:48,998 - graph_builder.graph_builder - INFO - Existing NJS_Hardware nodes in database: 0
2026-02-12 20:22:48,998 - graph_builder.node_inserter - INFO - Inserting 5 NJS_Hardware nodes in batches of 100
2026-02-12 20:22:48,998 - graph_builder.node_inserter - INFO - Processing batch 1/1 (5 nodes)
2026-02-12 20:22:49,150 - graph_builder.node_inserter - INFO - Batch insertion complete: 5 succeeded, 0 failed
2026-02-12 20:22:49,152 - graph_builder.graph_builder - INFO - Total NJS_Hardware nodes in database after insertion: 5
2026-02-12 20:22:49,153 - __main__ - INFO - 
Creating relationships...
2026-02-12 20:22:49,153 - graph_builder.graph_builder - INFO - ============================================================
2026-02-12 20:22:49,153 - graph_builder.graph_builder - INFO - Creating Relationships
2026-02-12 20:22:49,153 - graph_builder.graph_builder - INFO - ============================================================
2026-02-12 20:22:49,153 - graph_builder.relationship_manager - INFO - Creating relationship 'asset_to_host': NJS_Asset-[:NJS_HAS_OS]->NJS_Host
2026-02-12 20:22:49,177 - graph_builder.relationship_manager - INFO - Prepared 5 relationships to create from source data
2026-02-12 20:22:49,178 - graph_builder.relationship_manager - INFO - Creating 5 relationships using source data
2026-02-12 20:22:49,287 - graph_builder.relationship_manager - INFO - Created 11 NJS_HAS_OS relationships from NJS_Asset to NJS_Host using source data
2026-02-12 20:22:49,287 - graph_builder.relationship_manager - INFO - Creating relationship 'host_to_software': NJS_Host-[:NJS_INSTALLED_ON]->NJS_Software
2026-02-12 20:22:49,308 - graph_builder.relationship_manager - INFO - Prepared 726 relationships to create from source data
2026-02-12 20:22:49,308 - graph_builder.relationship_manager - INFO - Creating 726 relationships using source data
2026-02-12 20:22:49,522 - graph_builder.relationship_manager - INFO - Created 726 NJS_INSTALLED_ON relationships from NJS_Host to NJS_Software using source data
2026-02-12 20:22:49,523 - graph_builder.relationship_manager - INFO - Creating relationship 'asset_to_software': NJS_Asset-[:NJS_HAS_SOFTWARE]->NJS_Software
2026-02-12 20:22:49,533 - graph_builder.relationship_manager - INFO - Prepared 726 relationships to create from source data
2026-02-12 20:22:49,533 - graph_builder.relationship_manager - INFO - Creating 726 relationships using source data
2026-02-12 20:22:49,689 - graph_builder.relationship_manager - INFO - Created 726 NJS_HAS_SOFTWARE relationships from NJS_Asset to NJS_Software using source data
2026-02-12 20:22:49,690 - graph_builder.relationship_manager - INFO - Creating relationship 'software_to_vulnerability': NJS_Software-[:NJS_VULNERABLE_TO]->NJS_Vulnerability
2026-02-12 20:22:49,772 - graph_builder.relationship_manager - INFO - Loading all agent files for 5 agents
2026-02-12 20:22:49,774 - graph_builder.relationship_manager - INFO - Prepared 53 relationships to create from source data
2026-02-12 20:22:49,775 - graph_builder.relationship_manager - INFO - Creating 53 relationships using source data
2026-02-12 20:22:49,878 - graph_builder.relationship_manager - INFO - Created 53 NJS_VULNERABLE_TO relationships from NJS_Software to NJS_Vulnerability using source data
2026-02-12 20:22:49,878 - graph_builder.relationship_manager - INFO - Creating relationship 'asset_to_vulnerability': NJS_Asset-[:NJS_AFFECTED_BY]->NJS_Vulnerability
2026-02-12 20:22:49,887 - graph_builder.relationship_manager - INFO - Loading all agent files for 5 agents
2026-02-12 20:22:49,891 - graph_builder.relationship_manager - INFO - Prepared 0 relationships to create from source data
2026-02-12 20:22:49,891 - graph_builder.relationship_manager - WARNING - No matching values found in source data
2026-02-12 20:22:49,891 - graph_builder.relationship_manager - INFO - Creating relationship 'asset_to_assetgroup': NJS_Asset-[:NJS_BELONGS_TO]->NJS_AssetGroup
2026-02-12 20:22:49,895 - graph_builder.relationship_manager - INFO - Prepared 4 relationships to create from source data
2026-02-12 20:22:49,895 - graph_builder.relationship_manager - INFO - Creating 4 relationships using source data
2026-02-12 20:22:49,998 - graph_builder.relationship_manager - INFO - Created 4 NJS_BELONGS_TO relationships from NJS_Asset to NJS_AssetGroup using source data
2026-02-12 20:22:49,998 - graph_builder.relationship_manager - INFO - Creating relationship 'asset_to_hardware': NJS_Asset-[:NJS_HAS_HARDWARE]->NJS_Hardware
2026-02-12 20:22:50,003 - graph_builder.relationship_manager - INFO - Prepared 5 relationships to create from source data
2026-02-12 20:22:50,003 - graph_builder.relationship_manager - INFO - Creating 5 relationships using source data
2026-02-12 20:22:50,098 - graph_builder.relationship_manager - INFO - Created 11 NJS_HAS_HARDWARE relationships from NJS_Asset to NJS_Hardware using source data
2026-02-12 20:22:50,098 - graph_builder.graph_builder - INFO - asset_to_host: 11 relationships created
2026-02-12 20:22:50,099 - graph_builder.graph_builder - INFO - host_to_software: 726 relationships created
2026-02-12 20:22:50,099 - graph_builder.graph_builder - INFO - asset_to_software: 726 relationships created
2026-02-12 20:22:50,099 - graph_builder.graph_builder - INFO - software_to_vulnerability: 53 relationships created
2026-02-12 20:22:50,099 - graph_builder.graph_builder - INFO - asset_to_vulnerability: 0 relationships created
2026-02-12 20:22:50,099 - graph_builder.graph_builder - INFO - asset_to_assetgroup: 4 relationships created
2026-02-12 20:22:50,099 - graph_builder.graph_builder - INFO - asset_to_hardware: 11 relationships created
2026-02-12 20:22:50,100 - graph_builder.neo4j_connection - INFO - Neo4j connection closed
2026-02-12 20:22:50,100 - __main__ - INFO - Graph building process completed successfully
2026-02-12 20:23:10,216 - __main__ - INFO - ============================================================
2026-02-12 20:23:10,216 - __main__ - INFO - Neo4j Graph Builder
2026-02-12 20:23:10,216 - __main__ - INFO - ============================================================
2026-02-12 20:23:10,217 - __main__ - INFO - Using latest asset nodes file: extracted_data\asset_nodes_20260212_202127.json
2026-02-12 20:23:10,217 - __main__ - INFO - Using latest host nodes file: extracted_data\host_nodes_20260212_202141.json
2026-02-12 20:23:10,218 - __main__ - INFO - Using latest software nodes file: extracted_data\software_nodes_20260212_202147.json
2026-02-12 20:23:10,218 - __main__ - INFO - Using latest vulnerability nodes file: extracted_data\vulnerability_nodes_20260212_202153.json
2026-02-12 20:23:10,219 - __main__ - INFO - Using latest assetgroup nodes file: extracted_data\assetgroup_nodes_20260212_202204.json
2026-02-12 20:23:10,219 - __main__ - INFO - Using latest hardware nodes file: extracted_data\hardware_nodes_20260212_202212.json
2026-02-12 20:23:10,219 - __main__ - INFO - 
Initializing graph builder...
2026-02-12 20:23:10,221 - graph_builder.neo4j_connection - INFO - Loaded Neo4j configuration from C:\Users\sgade\OneDrive\Desktop\orbit_node\config\neo4j_config.yaml
2026-02-12 20:23:10,221 - graph_builder.neo4j_connection - INFO - Connecting to Neo4j at bolt://localhost:7687 with username: neo4j
2026-02-12 20:23:12,305 - graph_builder.neo4j_connection - INFO - Neo4j connection test successful
2026-02-12 20:23:12,306 - graph_builder.neo4j_connection - INFO - Successfully connected to Neo4j at bolt://localhost:7687
2026-02-12 20:23:12,347 - graph_builder.constraints_manager - INFO - Loaded graph configuration from C:\Users\sgade\OneDrive\Desktop\orbit_node\config\graph_config.yaml
2026-02-12 20:23:12,388 - graph_builder.relationship_manager - INFO - Loaded graph configuration from C:\Users\sgade\OneDrive\Desktop\orbit_node\config\graph_config.yaml
2026-02-12 20:23:12,392 - graph_builder.relationship_manager - INFO - Loaded paths configuration from config\paths_config.yaml
2026-02-12 20:23:12,392 - __main__ - INFO - 
Setting up constraints...
2026-02-12 20:23:12,392 - graph_builder.graph_builder - INFO - ============================================================
2026-02-12 20:23:12,392 - graph_builder.graph_builder - INFO - Setting up Neo4j constraints and indexes
2026-02-12 20:23:12,393 - graph_builder.graph_builder - INFO - ============================================================
2026-02-12 20:23:12,393 - graph_builder.constraints_manager - INFO - Creating constraints for node type: asset
2026-02-12 20:23:12,397 - graph_builder.constraints_manager - INFO - Created UNIQUE constraint 'unique_asset_id' on NJS_Asset(asset_id)
2026-02-12 20:23:12,397 - graph_builder.constraints_manager - INFO - Creating constraints for node type: host
2026-02-12 20:23:12,401 - graph_builder.constraints_manager - INFO - Created composite UNIQUE constraint 'unique_host_composite' on NJS_Host(agent_id, os_name)
2026-02-12 20:23:12,401 - graph_builder.constraints_manager - INFO - Creating constraints for node type: software
2026-02-12 20:23:12,405 - graph_builder.constraints_manager - INFO - Created UNIQUE constraint 'unique_software_name' on NJS_Software(name)
2026-02-12 20:23:12,405 - graph_builder.constraints_manager - INFO - Creating constraints for node type: vulnerability
2026-02-12 20:23:12,408 - graph_builder.constraints_manager - INFO - Created UNIQUE constraint 'unique_cve_id' on NJS_Vulnerability(cve_id)
2026-02-12 20:23:12,408 - graph_builder.constraints_manager - INFO - Creating constraints for node type: assetgroup
2026-02-12 20:23:12,411 - graph_builder.constraints_manager - INFO - Created UNIQUE constraint 'unique_assetgroup_name' on NJS_AssetGroup(name)
2026-02-12 20:23:12,411 - graph_builder.constraints_manager - INFO - Creating constraints for node type: hardware
2026-02-12 20:23:12,416 - graph_builder.constraints_manager - INFO - Created composite UNIQUE constraint 'unique_hardware_composite' on NJS_Hardware(agent_id, name)
2026-02-12 20:23:12,416 - graph_builder.graph_builder - INFO - asset: 1/1 constraints created successfully
2026-02-12 20:23:12,417 - graph_builder.graph_builder - INFO - host: 1/1 constraints created successfully
2026-02-12 20:23:12,417 - graph_builder.graph_builder - INFO - software: 1/1 constraints created successfully
2026-02-12 20:23:12,417 - graph_builder.graph_builder - INFO - vulnerability: 1/1 constraints created successfully
2026-02-12 20:23:12,417 - graph_builder.graph_builder - INFO - assetgroup: 1/1 constraints created successfully
2026-02-12 20:23:12,417 - graph_builder.graph_builder - INFO - hardware: 1/1 constraints created successfully
2026-02-12 20:23:12,417 - __main__ - INFO - 
Inserting asset nodes...
2026-02-12 20:23:12,417 - graph_builder.graph_builder - INFO - ============================================================
2026-02-12 20:23:12,417 - graph_builder.graph_builder - INFO - Inserting ASSET nodes into Neo4j
2026-02-12 20:23:12,417 - graph_builder.graph_builder - INFO - ============================================================
2026-02-12 20:23:12,417 - graph_builder.node_inserter - INFO - Loading nodes from: extracted_data\asset_nodes_20260212_202127.json
2026-02-12 20:23:12,418 - graph_builder.node_inserter - INFO - Loaded 5 nodes from JSON file
2026-02-12 20:23:12,430 - graph_builder.graph_builder - INFO - Existing NJS_Asset nodes in database: 5
2026-02-12 20:23:12,430 - graph_builder.node_inserter - INFO - Inserting 5 NJS_Asset nodes in batches of 100
2026-02-12 20:23:12,431 - graph_builder.node_inserter - INFO - Processing batch 1/1 (5 nodes)
2026-02-12 20:23:12,511 - graph_builder.node_inserter - INFO - Batch insertion complete: 5 succeeded, 0 failed
2026-02-12 20:23:12,514 - graph_builder.graph_builder - INFO - Total NJS_Asset nodes in database after insertion: 5
2026-02-12 20:23:12,514 - __main__ - INFO - 
Inserting host nodes...
2026-02-12 20:23:12,514 - graph_builder.graph_builder - INFO - ============================================================
2026-02-12 20:23:12,515 - graph_builder.graph_builder - INFO - Inserting HOST nodes into Neo4j
2026-02-12 20:23:12,515 - graph_builder.graph_builder - INFO - ============================================================
2026-02-12 20:23:12,515 - graph_builder.node_inserter - INFO - Loading nodes from: extracted_data\host_nodes_20260212_202141.json
2026-02-12 20:23:12,515 - graph_builder.node_inserter - INFO - Loaded 5 nodes from JSON file
2026-02-12 20:23:12,526 - graph_builder.graph_builder - INFO - Existing NJS_Host nodes in database: 5
2026-02-12 20:23:12,526 - graph_builder.node_inserter - INFO - Inserting 5 NJS_Host nodes in batches of 100
2026-02-12 20:23:12,526 - graph_builder.node_inserter - INFO - Processing batch 1/1 (5 nodes)
2026-02-12 20:23:12,640 - graph_builder.node_inserter - INFO - Batch insertion complete: 5 succeeded, 0 failed
2026-02-12 20:23:12,643 - graph_builder.graph_builder - INFO - Total NJS_Host nodes in database after insertion: 5
2026-02-12 20:23:12,643 - __main__ - INFO - 
Inserting software nodes...
2026-02-12 20:23:12,643 - graph_builder.graph_builder - INFO - ============================================================
2026-02-12 20:23:12,643 - graph_builder.graph_builder - INFO - Inserting SOFTWARE nodes into Neo4j
2026-02-12 20:23:12,644 - graph_builder.graph_builder - INFO - ============================================================
2026-02-12 20:23:12,644 - graph_builder.node_inserter - INFO - Loading nodes from: extracted_data\software_nodes_20260212_202147.json
2026-02-12 20:23:12,646 - graph_builder.node_inserter - INFO - Loaded 726 nodes from JSON file
2026-02-12 20:23:12,657 - graph_builder.graph_builder - INFO - Existing NJS_Software nodes in database: 583
2026-02-12 20:23:12,657 - graph_builder.node_inserter - INFO - Inserting 726 NJS_Software nodes in batches of 100
2026-02-12 20:23:12,657 - graph_builder.node_inserter - INFO - Processing batch 1/8 (100 nodes)
2026-02-12 20:23:13,115 - graph_builder.node_inserter - INFO - Processing batch 2/8 (100 nodes)
2026-02-12 20:23:13,716 - graph_builder.node_inserter - INFO - Processing batch 3/8 (100 nodes)
2026-02-12 20:23:14,255 - graph_builder.node_inserter - INFO - Processing batch 4/8 (100 nodes)
2026-02-12 20:23:14,745 - graph_builder.node_inserter - INFO - Processing batch 5/8 (100 nodes)
2026-02-12 20:23:15,143 - graph_builder.node_inserter - INFO - Processing batch 6/8 (100 nodes)
2026-02-12 20:23:15,586 - graph_builder.node_inserter - INFO - Processing batch 7/8 (100 nodes)
2026-02-12 20:23:15,986 - graph_builder.node_inserter - INFO - Processing batch 8/8 (26 nodes)
2026-02-12 20:23:16,089 - graph_builder.node_inserter - INFO - Batch insertion complete: 726 succeeded, 0 failed
2026-02-12 20:23:16,091 - graph_builder.graph_builder - INFO - Total NJS_Software nodes in database after insertion: 583
2026-02-12 20:23:16,091 - __main__ - INFO - 
Inserting vulnerability nodes...
2026-02-12 20:23:16,091 - graph_builder.graph_builder - INFO - ============================================================
2026-02-12 20:23:16,091 - graph_builder.graph_builder - INFO - Inserting VULNERABILITY nodes into Neo4j
2026-02-12 20:23:16,091 - graph_builder.graph_builder - INFO - ============================================================
2026-02-12 20:23:16,092 - graph_builder.node_inserter - INFO - Loading nodes from: extracted_data\vulnerability_nodes_20260212_202153.json
2026-02-12 20:23:16,093 - graph_builder.node_inserter - INFO - Loaded 53 nodes from JSON file
2026-02-12 20:23:16,101 - graph_builder.graph_builder - INFO - Existing NJS_Vulnerability nodes in database: 40
2026-02-12 20:23:16,102 - graph_builder.node_inserter - INFO - Inserting 53 NJS_Vulnerability nodes in batches of 100
2026-02-12 20:23:16,102 - graph_builder.node_inserter - INFO - Processing batch 1/1 (53 nodes)
2026-02-12 20:23:16,435 - graph_builder.node_inserter - INFO - Batch insertion complete: 53 succeeded, 0 failed
2026-02-12 20:23:16,438 - graph_builder.graph_builder - INFO - Total NJS_Vulnerability nodes in database after insertion: 40
2026-02-12 20:23:16,438 - __main__ - INFO - 
Inserting assetgroup nodes...
2026-02-12 20:23:16,438 - graph_builder.graph_builder - INFO - ============================================================
2026-02-12 20:23:16,438 - graph_builder.graph_builder - INFO - Inserting ASSETGROUP nodes into Neo4j
2026-02-12 20:23:16,438 - graph_builder.graph_builder - INFO - ============================================================
2026-02-12 20:23:16,438 - graph_builder.node_inserter - INFO - Loading nodes from: extracted_data\assetgroup_nodes_20260212_202204.json
2026-02-12 20:23:16,439 - graph_builder.node_inserter - INFO - Loaded 1 nodes from JSON file
2026-02-12 20:23:16,442 - graph_builder.graph_builder - INFO - Existing NJS_AssetGroup nodes in database: 1
2026-02-12 20:23:16,442 - graph_builder.node_inserter - INFO - Inserting 1 NJS_AssetGroup nodes in batches of 100
2026-02-12 20:23:16,442 - graph_builder.node_inserter - INFO - Processing batch 1/1 (1 nodes)
2026-02-12 20:23:16,480 - graph_builder.node_inserter - INFO - Batch insertion complete: 1 succeeded, 0 failed
2026-02-12 20:23:16,484 - graph_builder.graph_builder - INFO - Total NJS_AssetGroup nodes in database after insertion: 1
2026-02-12 20:23:16,484 - __main__ - INFO - 
Inserting hardware nodes...
2026-02-12 20:23:16,484 - graph_builder.graph_builder - INFO - ============================================================
2026-02-12 20:23:16,484 - graph_builder.graph_builder - INFO - Inserting HARDWARE nodes into Neo4j
2026-02-12 20:23:16,484 - graph_builder.graph_builder - INFO - ============================================================
2026-02-12 20:23:16,484 - graph_builder.node_inserter - INFO - Loading nodes from: extracted_data\hardware_nodes_20260212_202212.json
2026-02-12 20:23:16,484 - graph_builder.node_inserter - INFO - Loaded 5 nodes from JSON file
2026-02-12 20:23:16,487 - graph_builder.graph_builder - INFO - Existing NJS_Hardware nodes in database: 5
2026-02-12 20:23:16,487 - graph_builder.node_inserter - INFO - Inserting 5 NJS_Hardware nodes in batches of 100
2026-02-12 20:23:16,487 - graph_builder.node_inserter - INFO - Processing batch 1/1 (5 nodes)
2026-02-12 20:23:16,587 - graph_builder.node_inserter - INFO - Batch insertion complete: 5 succeeded, 0 failed
2026-02-12 20:23:16,589 - graph_builder.graph_builder - INFO - Total NJS_Hardware nodes in database after insertion: 5
2026-02-12 20:23:16,590 - __main__ - INFO - 
Creating relationships...
2026-02-12 20:23:16,590 - graph_builder.graph_builder - INFO - ============================================================
2026-02-12 20:23:16,590 - graph_builder.graph_builder - INFO - Creating Relationships
2026-02-12 20:23:16,590 - graph_builder.graph_builder - INFO - ============================================================
2026-02-12 20:23:16,590 - graph_builder.relationship_manager - INFO - Creating relationship 'asset_to_host': NJS_Asset-[:NJS_HAS_OS]->NJS_Host
2026-02-12 20:23:16,594 - graph_builder.relationship_manager - INFO - Prepared 5 relationships to create from source data
2026-02-12 20:23:16,594 - graph_builder.relationship_manager - INFO - Creating 5 relationships using source data
2026-02-12 20:23:16,601 - graph_builder.relationship_manager - INFO - Created 11 NJS_HAS_OS relationships from NJS_Asset to NJS_Host using source data
2026-02-12 20:23:16,601 - graph_builder.relationship_manager - INFO - Creating relationship 'host_to_software': NJS_Host-[:NJS_INSTALLED_ON]->NJS_Software
2026-02-12 20:23:16,611 - graph_builder.relationship_manager - INFO - Prepared 726 relationships to create from source data
2026-02-12 20:23:16,611 - graph_builder.relationship_manager - INFO - Creating 726 relationships using source data
2026-02-12 20:23:16,688 - graph_builder.relationship_manager - INFO - Created 726 NJS_INSTALLED_ON relationships from NJS_Host to NJS_Software using source data
2026-02-12 20:23:16,689 - graph_builder.relationship_manager - INFO - Creating relationship 'asset_to_software': NJS_Asset-[:NJS_HAS_SOFTWARE]->NJS_Software
2026-02-12 20:23:16,698 - graph_builder.relationship_manager - INFO - Prepared 726 relationships to create from source data
2026-02-12 20:23:16,698 - graph_builder.relationship_manager - INFO - Creating 726 relationships using source data
2026-02-12 20:23:16,754 - graph_builder.relationship_manager - INFO - Created 726 NJS_HAS_SOFTWARE relationships from NJS_Asset to NJS_Software using source data
2026-02-12 20:23:16,755 - graph_builder.relationship_manager - INFO - Creating relationship 'software_to_vulnerability': NJS_Software-[:NJS_VULNERABLE_TO]->NJS_Vulnerability
2026-02-12 20:23:16,791 - graph_builder.relationship_manager - INFO - Loading all agent files for 5 agents
2026-02-12 20:23:16,794 - graph_builder.relationship_manager - INFO - Prepared 53 relationships to create from source data
2026-02-12 20:23:16,795 - graph_builder.relationship_manager - INFO - Creating 53 relationships using source data
2026-02-12 20:23:16,874 - graph_builder.relationship_manager - INFO - Created 53 NJS_VULNERABLE_TO relationships from NJS_Software to NJS_Vulnerability using source data
2026-02-12 20:23:16,875 - graph_builder.relationship_manager - INFO - Creating relationship 'asset_to_vulnerability': NJS_Asset-[:NJS_AFFECTED_BY]->NJS_Vulnerability
2026-02-12 20:23:16,882 - graph_builder.relationship_manager - INFO - Loading all agent files for 5 agents
2026-02-12 20:23:16,884 - graph_builder.relationship_manager - INFO - Prepared 0 relationships to create from source data
2026-02-12 20:23:16,884 - graph_builder.relationship_manager - WARNING - No matching values found in source data
2026-02-12 20:23:16,885 - graph_builder.relationship_manager - INFO - Creating relationship 'asset_to_assetgroup': NJS_Asset-[:NJS_BELONGS_TO]->NJS_AssetGroup
2026-02-12 20:23:16,889 - graph_builder.relationship_manager - INFO - Prepared 4 relationships to create from source data
2026-02-12 20:23:16,889 - graph_builder.relationship_manager - INFO - Creating 4 relationships using source data
2026-02-12 20:23:16,968 - graph_builder.relationship_manager - INFO - Created 4 NJS_BELONGS_TO relationships from NJS_Asset to NJS_AssetGroup using source data
2026-02-12 20:23:16,968 - graph_builder.relationship_manager - INFO - Creating relationship 'asset_to_hardware': NJS_Asset-[:NJS_HAS_HARDWARE]->NJS_Hardware
2026-02-12 20:23:16,973 - graph_builder.relationship_manager - INFO - Prepared 5 relationships to create from source data
2026-02-12 20:23:16,973 - graph_builder.relationship_manager - INFO - Creating 5 relationships using source data
2026-02-12 20:23:16,979 - graph_builder.relationship_manager - INFO - Created 11 NJS_HAS_HARDWARE relationships from NJS_Asset to NJS_Hardware using source data
2026-02-12 20:23:16,979 - graph_builder.graph_builder - INFO - asset_to_host: 11 relationships created
2026-02-12 20:23:16,979 - graph_builder.graph_builder - INFO - host_to_software: 726 relationships created
2026-02-12 20:23:16,980 - graph_builder.graph_builder - INFO - asset_to_software: 726 relationships created
2026-02-12 20:23:16,980 - graph_builder.graph_builder - INFO - software_to_vulnerability: 53 relationships created
2026-02-12 20:23:16,980 - graph_builder.graph_builder - INFO - asset_to_vulnerability: 0 relationships created
2026-02-12 20:23:16,980 - graph_builder.graph_builder - INFO - asset_to_assetgroup: 4 relationships created
2026-02-12 20:23:16,980 - graph_builder.graph_builder - INFO - asset_to_hardware: 11 relationships created
2026-02-12 20:23:16,980 - graph_builder.neo4j_connection - INFO - Neo4j connection closed
2026-02-12 20:23:16,980 - __main__ - INFO - Graph building process completed successfully
2026-02-12 20:23:58,644 - __main__ - INFO - ============================================================
2026-02-12 20:23:58,645 - __main__ - INFO - Neo4j Graph Builder
2026-02-12 20:23:58,645 - __main__ - INFO - ============================================================
2026-02-12 20:23:58,646 - __main__ - INFO - Using latest asset nodes file: extracted_data\asset_nodes_20260212_202127.json
2026-02-12 20:23:58,646 - __main__ - INFO - Using latest host nodes file: extracted_data\host_nodes_20260212_202141.json
2026-02-12 20:23:58,647 - __main__ - INFO - Using latest software nodes file: extracted_data\software_nodes_20260212_202147.json
2026-02-12 20:23:58,647 - __main__ - INFO - Using latest vulnerability nodes file: extracted_data\vulnerability_nodes_20260212_202153.json
2026-02-12 20:23:58,648 - __main__ - INFO - Using latest assetgroup nodes file: extracted_data\assetgroup_nodes_20260212_202204.json
2026-02-12 20:23:58,648 - __main__ - INFO - Using latest hardware nodes file: extracted_data\hardware_nodes_20260212_202212.json
2026-02-12 20:23:58,648 - __main__ - INFO - 
Initializing graph builder...
2026-02-12 20:23:58,650 - graph_builder.neo4j_connection - INFO - Loaded Neo4j configuration from C:\Users\sgade\OneDrive\Desktop\orbit_node\config\neo4j_config.yaml
2026-02-12 20:23:58,651 - graph_builder.neo4j_connection - INFO - Connecting to Neo4j at bolt://localhost:7687 with username: neo4j
2026-02-12 20:24:00,721 - graph_builder.neo4j_connection - INFO - Neo4j connection test successful
2026-02-12 20:24:00,721 - graph_builder.neo4j_connection - INFO - Successfully connected to Neo4j at bolt://localhost:7687
2026-02-12 20:24:00,762 - graph_builder.constraints_manager - INFO - Loaded graph configuration from C:\Users\sgade\OneDrive\Desktop\orbit_node\config\graph_config.yaml
2026-02-12 20:24:00,801 - graph_builder.relationship_manager - INFO - Loaded graph configuration from C:\Users\sgade\OneDrive\Desktop\orbit_node\config\graph_config.yaml
2026-02-12 20:24:00,805 - graph_builder.relationship_manager - INFO - Loaded paths configuration from config\paths_config.yaml
2026-02-12 20:24:00,805 - __main__ - INFO - 
Setting up constraints...
2026-02-12 20:24:00,805 - graph_builder.graph_builder - INFO - ============================================================
2026-02-12 20:24:00,805 - graph_builder.graph_builder - INFO - Setting up Neo4j constraints and indexes
2026-02-12 20:24:00,805 - graph_builder.graph_builder - INFO - ============================================================
2026-02-12 20:24:00,805 - graph_builder.constraints_manager - INFO - Creating constraints for node type: asset
2026-02-12 20:24:00,809 - graph_builder.constraints_manager - INFO - Created UNIQUE constraint 'unique_asset_id' on NJS_Asset(asset_id)
2026-02-12 20:24:00,809 - graph_builder.constraints_manager - INFO - Creating constraints for node type: host
2026-02-12 20:24:00,813 - graph_builder.constraints_manager - INFO - Created composite UNIQUE constraint 'unique_host_composite' on NJS_Host(agent_id, os_name)
2026-02-12 20:24:00,813 - graph_builder.constraints_manager - INFO - Creating constraints for node type: software
2026-02-12 20:24:00,816 - graph_builder.constraints_manager - INFO - Created UNIQUE constraint 'unique_software_name' on NJS_Software(name)
2026-02-12 20:24:00,816 - graph_builder.constraints_manager - INFO - Creating constraints for node type: vulnerability
2026-02-12 20:24:00,819 - graph_builder.constraints_manager - INFO - Created UNIQUE constraint 'unique_cve_id' on NJS_Vulnerability(cve_id)
2026-02-12 20:24:00,819 - graph_builder.constraints_manager - INFO - Creating constraints for node type: assetgroup
2026-02-12 20:24:00,822 - graph_builder.constraints_manager - INFO - Created UNIQUE constraint 'unique_assetgroup_name' on NJS_AssetGroup(name)
2026-02-12 20:24:00,822 - graph_builder.constraints_manager - INFO - Creating constraints for node type: hardware
2026-02-12 20:24:00,825 - graph_builder.constraints_manager - INFO - Created composite UNIQUE constraint 'unique_hardware_composite' on NJS_Hardware(agent_id, name)
2026-02-12 20:24:00,825 - graph_builder.graph_builder - INFO - asset: 1/1 constraints created successfully
2026-02-12 20:24:00,825 - graph_builder.graph_builder - INFO - host: 1/1 constraints created successfully
2026-02-12 20:24:00,825 - graph_builder.graph_builder - INFO - software: 1/1 constraints created successfully
2026-02-12 20:24:00,825 - graph_builder.graph_builder - INFO - vulnerability: 1/1 constraints created successfully
2026-02-12 20:24:00,826 - graph_builder.graph_builder - INFO - assetgroup: 1/1 constraints created successfully
2026-02-12 20:24:00,826 - graph_builder.graph_builder - INFO - hardware: 1/1 constraints created successfully
2026-02-12 20:24:00,826 - __main__ - INFO - 
Inserting asset nodes...
2026-02-12 20:24:00,826 - graph_builder.graph_builder - INFO - ============================================================
2026-02-12 20:24:00,826 - graph_builder.graph_builder - INFO - Inserting ASSET nodes into Neo4j
2026-02-12 20:24:00,826 - graph_builder.graph_builder - INFO - ============================================================
2026-02-12 20:24:00,826 - graph_builder.node_inserter - INFO - Loading nodes from: extracted_data\asset_nodes_20260212_202127.json
2026-02-12 20:24:00,827 - graph_builder.node_inserter - INFO - Loaded 5 nodes from JSON file
2026-02-12 20:24:00,830 - graph_builder.graph_builder - INFO - Existing NJS_Asset nodes in database: 5
2026-02-12 20:24:00,830 - graph_builder.node_inserter - INFO - Inserting 5 NJS_Asset nodes in batches of 100
2026-02-12 20:24:00,831 - graph_builder.node_inserter - INFO - Processing batch 1/1 (5 nodes)
2026-02-12 20:24:00,855 - graph_builder.node_inserter - INFO - Batch insertion complete: 5 succeeded, 0 failed
2026-02-12 20:24:00,857 - graph_builder.graph_builder - INFO - Total NJS_Asset nodes in database after insertion: 5
2026-02-12 20:24:00,857 - __main__ - INFO - 
Inserting host nodes...
2026-02-12 20:24:00,857 - graph_builder.graph_builder - INFO - ============================================================
2026-02-12 20:24:00,857 - graph_builder.graph_builder - INFO - Inserting HOST nodes into Neo4j
2026-02-12 20:24:00,857 - graph_builder.graph_builder - INFO - ============================================================
2026-02-12 20:24:00,858 - graph_builder.node_inserter - INFO - Loading nodes from: extracted_data\host_nodes_20260212_202141.json
2026-02-12 20:24:00,858 - graph_builder.node_inserter - INFO - Loaded 5 nodes from JSON file
2026-02-12 20:24:00,860 - graph_builder.graph_builder - INFO - Existing NJS_Host nodes in database: 5
2026-02-12 20:24:00,860 - graph_builder.node_inserter - INFO - Inserting 5 NJS_Host nodes in batches of 100
2026-02-12 20:24:00,860 - graph_builder.node_inserter - INFO - Processing batch 1/1 (5 nodes)
2026-02-12 20:24:00,881 - graph_builder.node_inserter - INFO - Batch insertion complete: 5 succeeded, 0 failed
2026-02-12 20:24:00,883 - graph_builder.graph_builder - INFO - Total NJS_Host nodes in database after insertion: 5
2026-02-12 20:24:00,884 - __main__ - INFO - 
Inserting software nodes...
2026-02-12 20:24:00,884 - graph_builder.graph_builder - INFO - ============================================================
2026-02-12 20:24:00,884 - graph_builder.graph_builder - INFO - Inserting SOFTWARE nodes into Neo4j
2026-02-12 20:24:00,884 - graph_builder.graph_builder - INFO - ============================================================
2026-02-12 20:24:00,884 - graph_builder.node_inserter - INFO - Loading nodes from: extracted_data\software_nodes_20260212_202147.json
2026-02-12 20:24:00,886 - graph_builder.node_inserter - INFO - Loaded 726 nodes from JSON file
2026-02-12 20:24:00,888 - graph_builder.graph_builder - INFO - Existing NJS_Software nodes in database: 583
2026-02-12 20:24:00,888 - graph_builder.node_inserter - INFO - Inserting 726 NJS_Software nodes in batches of 100
2026-02-12 20:24:00,888 - graph_builder.node_inserter - INFO - Processing batch 1/8 (100 nodes)
2026-02-12 20:24:01,261 - graph_builder.node_inserter - INFO - Processing batch 2/8 (100 nodes)
2026-02-12 20:24:01,638 - graph_builder.node_inserter - INFO - Processing batch 3/8 (100 nodes)
2026-02-12 20:24:01,982 - graph_builder.node_inserter - INFO - Processing batch 4/8 (100 nodes)
2026-02-12 20:24:02,339 - graph_builder.node_inserter - INFO - Processing batch 5/8 (100 nodes)
2026-02-12 20:24:02,722 - graph_builder.node_inserter - INFO - Processing batch 6/8 (100 nodes)
2026-02-12 20:24:03,128 - graph_builder.node_inserter - INFO - Processing batch 7/8 (100 nodes)
2026-02-12 20:24:03,541 - graph_builder.node_inserter - INFO - Processing batch 8/8 (26 nodes)
2026-02-12 20:24:03,651 - graph_builder.node_inserter - INFO - Batch insertion complete: 726 succeeded, 0 failed
2026-02-12 20:24:03,654 - graph_builder.graph_builder - INFO - Total NJS_Software nodes in database after insertion: 583
2026-02-12 20:24:03,654 - __main__ - INFO - 
Inserting vulnerability nodes...
2026-02-12 20:24:03,654 - graph_builder.graph_builder - INFO - ============================================================
2026-02-12 20:24:03,654 - graph_builder.graph_builder - INFO - Inserting VULNERABILITY nodes into Neo4j
2026-02-12 20:24:03,654 - graph_builder.graph_builder - INFO - ============================================================
2026-02-12 20:24:03,654 - graph_builder.node_inserter - INFO - Loading nodes from: extracted_data\vulnerability_nodes_20260212_202153.json
2026-02-12 20:24:03,655 - graph_builder.node_inserter - INFO - Loaded 53 nodes from JSON file
2026-02-12 20:24:03,658 - graph_builder.graph_builder - INFO - Existing NJS_Vulnerability nodes in database: 40
2026-02-12 20:24:03,658 - graph_builder.node_inserter - INFO - Inserting 53 NJS_Vulnerability nodes in batches of 100
2026-02-12 20:24:03,658 - graph_builder.node_inserter - INFO - Processing batch 1/1 (53 nodes)
2026-02-12 20:24:03,902 - graph_builder.node_inserter - INFO - Batch insertion complete: 53 succeeded, 0 failed
2026-02-12 20:24:03,904 - graph_builder.graph_builder - INFO - Total NJS_Vulnerability nodes in database after insertion: 40
2026-02-12 20:24:03,904 - __main__ - INFO - 
Inserting assetgroup nodes...
2026-02-12 20:24:03,904 - graph_builder.graph_builder - INFO - ============================================================
2026-02-12 20:24:03,904 - graph_builder.graph_builder - INFO - Inserting ASSETGROUP nodes into Neo4j
2026-02-12 20:24:03,904 - graph_builder.graph_builder - INFO - ============================================================
2026-02-12 20:24:03,905 - graph_builder.node_inserter - INFO - Loading nodes from: extracted_data\assetgroup_nodes_20260212_202204.json
2026-02-12 20:24:03,905 - graph_builder.node_inserter - INFO - Loaded 1 nodes from JSON file
2026-02-12 20:24:03,907 - graph_builder.graph_builder - INFO - Existing NJS_AssetGroup nodes in database: 1
2026-02-12 20:24:03,907 - graph_builder.node_inserter - INFO - Inserting 1 NJS_AssetGroup nodes in batches of 100
2026-02-12 20:24:03,907 - graph_builder.node_inserter - INFO - Processing batch 1/1 (1 nodes)
2026-02-12 20:24:03,912 - graph_builder.node_inserter - INFO - Batch insertion complete: 1 succeeded, 0 failed
2026-02-12 20:24:03,914 - graph_builder.graph_builder - INFO - Total NJS_AssetGroup nodes in database after insertion: 1
2026-02-12 20:24:03,915 - __main__ - INFO - 
Inserting hardware nodes...
2026-02-12 20:24:03,915 - graph_builder.graph_builder - INFO - ============================================================
2026-02-12 20:24:03,915 - graph_builder.graph_builder - INFO - Inserting HARDWARE nodes into Neo4j
2026-02-12 20:24:03,915 - graph_builder.graph_builder - INFO - ============================================================
2026-02-12 20:24:03,915 - graph_builder.node_inserter - INFO - Loading nodes from: extracted_data\hardware_nodes_20260212_202212.json
2026-02-12 20:24:03,915 - graph_builder.node_inserter - INFO - Loaded 5 nodes from JSON file
2026-02-12 20:24:03,917 - graph_builder.graph_builder - INFO - Existing NJS_Hardware nodes in database: 5
2026-02-12 20:24:03,917 - graph_builder.node_inserter - INFO - Inserting 5 NJS_Hardware nodes in batches of 100
2026-02-12 20:24:03,917 - graph_builder.node_inserter - INFO - Processing batch 1/1 (5 nodes)
2026-02-12 20:24:03,940 - graph_builder.node_inserter - INFO - Batch insertion complete: 5 succeeded, 0 failed
2026-02-12 20:24:03,942 - graph_builder.graph_builder - INFO - Total NJS_Hardware nodes in database after insertion: 5
2026-02-12 20:24:03,942 - __main__ - INFO - 
Creating relationships...
2026-02-12 20:24:03,942 - graph_builder.graph_builder - INFO - ============================================================
2026-02-12 20:24:03,942 - graph_builder.graph_builder - INFO - Creating Relationships
2026-02-12 20:24:03,943 - graph_builder.graph_builder - INFO - ============================================================
2026-02-12 20:24:03,943 - graph_builder.relationship_manager - INFO - Creating relationship 'asset_to_host': NJS_Asset-[:NJS_HAS_OS]->NJS_Host
2026-02-12 20:24:03,959 - graph_builder.relationship_manager - INFO - Prepared 5 relationships to create from source data
2026-02-12 20:24:03,959 - graph_builder.relationship_manager - INFO - Creating 5 relationships using source data
2026-02-12 20:24:03,964 - graph_builder.relationship_manager - INFO - Created 11 NJS_HAS_OS relationships from NJS_Asset to NJS_Host using source data
2026-02-12 20:24:03,964 - graph_builder.relationship_manager - INFO - Creating relationship 'host_to_software': NJS_Host-[:NJS_INSTALLED_ON]->NJS_Software
2026-02-12 20:24:03,972 - graph_builder.relationship_manager - INFO - Prepared 726 relationships to create from source data
2026-02-12 20:24:03,972 - graph_builder.relationship_manager - INFO - Creating 726 relationships using source data
2026-02-12 20:24:04,032 - graph_builder.relationship_manager - INFO - Created 726 NJS_INSTALLED_ON relationships from NJS_Host to NJS_Software using source data
2026-02-12 20:24:04,033 - graph_builder.relationship_manager - INFO - Creating relationship 'asset_to_software': NJS_Asset-[:NJS_HAS_SOFTWARE]->NJS_Software
2026-02-12 20:24:04,043 - graph_builder.relationship_manager - INFO - Prepared 726 relationships to create from source data
2026-02-12 20:24:04,043 - graph_builder.relationship_manager - INFO - Creating 726 relationships using source data
2026-02-12 20:24:04,080 - graph_builder.relationship_manager - INFO - Created 726 NJS_HAS_SOFTWARE relationships from NJS_Asset to NJS_Software using source data
2026-02-12 20:24:04,080 - graph_builder.relationship_manager - INFO - Creating relationship 'software_to_vulnerability': NJS_Software-[:NJS_VULNERABLE_TO]->NJS_Vulnerability
2026-02-12 20:24:04,111 - graph_builder.relationship_manager - INFO - Loading all agent files for 5 agents
2026-02-12 20:24:04,113 - graph_builder.relationship_manager - INFO - Prepared 53 relationships to create from source data
2026-02-12 20:24:04,114 - graph_builder.relationship_manager - INFO - Creating 53 relationships using source data
2026-02-12 20:24:04,121 - graph_builder.relationship_manager - INFO - Created 53 NJS_VULNERABLE_TO relationships from NJS_Software to NJS_Vulnerability using source data
2026-02-12 20:24:04,122 - graph_builder.relationship_manager - INFO - Creating relationship 'asset_to_vulnerability': NJS_Asset-[:NJS_AFFECTED_BY]->NJS_Vulnerability
2026-02-12 20:24:04,127 - graph_builder.relationship_manager - INFO - Loading all agent files for 5 agents
2026-02-12 20:24:04,130 - graph_builder.relationship_manager - INFO - Prepared 53 relationships to create from source data
2026-02-12 20:24:04,130 - graph_builder.relationship_manager - INFO - Creating 53 relationships using source data
2026-02-12 20:24:04,215 - graph_builder.relationship_manager - INFO - Created 53 NJS_AFFECTED_BY relationships from NJS_Asset to NJS_Vulnerability using source data
2026-02-12 20:24:04,215 - graph_builder.relationship_manager - INFO - Creating relationship 'asset_to_assetgroup': NJS_Asset-[:NJS_BELONGS_TO]->NJS_AssetGroup
2026-02-12 20:24:04,218 - graph_builder.relationship_manager - INFO - Prepared 4 relationships to create from source data
2026-02-12 20:24:04,219 - graph_builder.relationship_manager - INFO - Creating 4 relationships using source data
2026-02-12 20:24:04,223 - graph_builder.relationship_manager - INFO - Created 4 NJS_BELONGS_TO relationships from NJS_Asset to NJS_AssetGroup using source data
2026-02-12 20:24:04,223 - graph_builder.relationship_manager - INFO - Creating relationship 'asset_to_hardware': NJS_Asset-[:NJS_HAS_HARDWARE]->NJS_Hardware
2026-02-12 20:24:04,228 - graph_builder.relationship_manager - INFO - Prepared 5 relationships to create from source data
2026-02-12 20:24:04,228 - graph_builder.relationship_manager - INFO - Creating 5 relationships using source data
2026-02-12 20:24:04,233 - graph_builder.relationship_manager - INFO - Created 11 NJS_HAS_HARDWARE relationships from NJS_Asset to NJS_Hardware using source data
2026-02-12 20:24:04,234 - graph_builder.graph_builder - INFO - asset_to_host: 11 relationships created
2026-02-12 20:24:04,234 - graph_builder.graph_builder - INFO - host_to_software: 726 relationships created
2026-02-12 20:24:04,234 - graph_builder.graph_builder - INFO - asset_to_software: 726 relationships created
2026-02-12 20:24:04,234 - graph_builder.graph_builder - INFO - software_to_vulnerability: 53 relationships created
2026-02-12 20:24:04,234 - graph_builder.graph_builder - INFO - asset_to_vulnerability: 53 relationships created
2026-02-12 20:24:04,234 - graph_builder.graph_builder - INFO - asset_to_assetgroup: 4 relationships created
2026-02-12 20:24:04,235 - graph_builder.graph_builder - INFO - asset_to_hardware: 11 relationships created
2026-02-12 20:24:04,235 - graph_builder.neo4j_connection - INFO - Neo4j connection closed
2026-02-12 20:24:04,235 - __main__ - INFO - Graph building process completed successfully
2026-02-13 09:50:34,669 - __main__ - INFO - ============================================================
2026-02-13 09:50:34,669 - __main__ - INFO - Neo4j Graph Builder
2026-02-13 09:50:34,669 - __main__ - INFO - ============================================================
2026-02-13 09:50:34,670 - __main__ - ERROR - Error during graph building: name 'datetime' is not defined
Traceback (most recent call last):
  File "C:\Users\sgade\OneDrive\Desktop\orbit_node\scripts\build_graph.py", line 94, in main
    asset_json_file = find_latest_nodes("asset")
  File "C:\Users\sgade\OneDrive\Desktop\orbit_node\scripts\build_graph.py", line 60, in find_latest_nodes
    latest_folder = find_latest_extraction_folder()
  File "C:\Users\sgade\OneDrive\Desktop\orbit_node\scripts\build_graph.py", line 43, in find_latest_extraction_folder
    datetime.strptime(item.name, "%Y%m%d_%H%M%S")
    ^^^^^^^^
NameError: name 'datetime' is not defined. Did you forget to import 'datetime'?
2026-02-13 09:50:51,496 - __main__ - INFO - ============================================================
2026-02-13 09:50:51,496 - __main__ - INFO - Neo4j Graph Builder
2026-02-13 09:50:51,496 - __main__ - INFO - ============================================================
2026-02-13 09:50:51,498 - __main__ - INFO - Using latest extraction folder: extracted_data\20260213_094958
2026-02-13 09:50:51,499 - __main__ - INFO - Using latest asset nodes file: extracted_data\20260213_094958\asset_nodes_20260213_094958.json
2026-02-13 09:50:51,500 - __main__ - INFO - Using latest extraction folder: extracted_data\20260213_094958
2026-02-13 09:50:51,500 - __main__ - INFO - Using latest host nodes file: extracted_data\20260213_094958\host_nodes_20260213_095013.json
2026-02-13 09:50:51,502 - __main__ - INFO - Using latest extraction folder: extracted_data\20260213_094958
2026-02-13 09:50:51,502 - __main__ - WARNING - Software nodes file not found: No software_nodes_*.json files found in extracted_data\20260213_094958
2026-02-13 09:50:51,502 - __main__ - INFO - Skipping software nodes. Run extract_nodes.py software to extract software nodes
2026-02-13 09:50:51,504 - __main__ - INFO - Using latest extraction folder: extracted_data\20260213_094958
2026-02-13 09:50:51,504 - __main__ - WARNING - Vulnerability nodes file not found: No vulnerability_nodes_*.json files found in extracted_data\20260213_094958
2026-02-13 09:50:51,504 - __main__ - INFO - Skipping vulnerability nodes. Run extract_nodes.py vulnerability to extract vulnerability nodes
2026-02-13 09:50:51,505 - __main__ - INFO - Using latest extraction folder: extracted_data\20260213_094958
2026-02-13 09:50:51,506 - __main__ - WARNING - AssetGroup nodes file not found: No assetgroup_nodes_*.json files found in extracted_data\20260213_094958
2026-02-13 09:50:51,507 - __main__ - INFO - Skipping assetgroup nodes. Run extract_nodes.py assetgroup to extract assetgroup nodes
2026-02-13 09:50:51,509 - __main__ - INFO - Using latest extraction folder: extracted_data\20260213_094958
2026-02-13 09:50:51,509 - __main__ - WARNING - Hardware nodes file not found: No hardware_nodes_*.json files found in extracted_data\20260213_094958
2026-02-13 09:50:51,510 - __main__ - INFO - Skipping hardware nodes. Run extract_nodes.py hardware to extract hardware nodes
2026-02-13 09:50:51,510 - __main__ - INFO - 
Initializing graph builder...
2026-02-13 09:50:51,513 - graph_builder.neo4j_connection - INFO - Loaded Neo4j configuration from C:\Users\sgade\OneDrive\Desktop\orbit_node\config\neo4j_config.yaml
2026-02-13 09:50:51,513 - graph_builder.neo4j_connection - INFO - Connecting to Neo4j at bolt://localhost:7687 with username: neo4j
2026-02-13 09:50:53,579 - graph_builder.neo4j_connection - INFO - Neo4j connection test successful
2026-02-13 09:50:53,580 - graph_builder.neo4j_connection - INFO - Successfully connected to Neo4j at bolt://localhost:7687
2026-02-13 09:50:53,672 - graph_builder.constraints_manager - INFO - Loaded graph configuration from C:\Users\sgade\OneDrive\Desktop\orbit_node\config\graph_config.yaml
2026-02-13 09:50:53,770 - graph_builder.relationship_manager - INFO - Loaded graph configuration from C:\Users\sgade\OneDrive\Desktop\orbit_node\config\graph_config.yaml
2026-02-13 09:50:53,777 - graph_builder.relationship_manager - INFO - Loaded paths configuration from config\paths_config.yaml
2026-02-13 09:50:53,777 - __main__ - INFO - 
Setting up constraints...
2026-02-13 09:50:53,777 - graph_builder.graph_builder - INFO - ============================================================
2026-02-13 09:50:53,777 - graph_builder.graph_builder - INFO - Setting up Neo4j constraints and indexes
2026-02-13 09:50:53,778 - graph_builder.graph_builder - INFO - ============================================================
2026-02-13 09:50:53,778 - graph_builder.constraints_manager - INFO - Creating constraints for node type: asset
2026-02-13 09:50:53,787 - graph_builder.constraints_manager - INFO - Created UNIQUE constraint 'unique_asset_id' on NJS_Asset(asset_id)
2026-02-13 09:50:53,787 - graph_builder.constraints_manager - INFO - Creating constraints for node type: host
2026-02-13 09:50:53,791 - graph_builder.constraints_manager - INFO - Created composite UNIQUE constraint 'unique_host_composite' on NJS_Host(agent_id, os_name)
2026-02-13 09:50:53,792 - graph_builder.constraints_manager - INFO - Creating constraints for node type: software
2026-02-13 09:50:53,798 - graph_builder.constraints_manager - INFO - Created UNIQUE constraint 'unique_software_name' on NJS_Software(name)
2026-02-13 09:50:53,799 - graph_builder.constraints_manager - INFO - Creating constraints for node type: vulnerability
2026-02-13 09:50:53,806 - graph_builder.constraints_manager - INFO - Created UNIQUE constraint 'unique_cve_id' on NJS_Vulnerability(cve_id)
