2026-02-12 13:02:46,614 - __main__ - INFO - ============================================================
2026-02-12 13:02:46,615 - __main__ - INFO - HOST Node Extraction Started
2026-02-12 13:02:46,615 - __main__ - INFO - ============================================================
2026-02-12 13:02:46,634 - __main__ - INFO - Loaded graph_config.yaml
2026-02-12 13:02:46,651 - __main__ - INFO - Loaded paths_config.yaml
2026-02-12 13:02:46,655 - __main__ - INFO - Loaded neo4j_config.yaml
2026-02-12 13:02:46,655 - __main__ - INFO - 
Extracting host nodes from collected data...
2026-02-12 13:02:46,659 - __main__ - WARNING - Could not get agent IDs automatically: maximum recursion depth exceeded
2026-02-12 13:02:46,659 - __main__ - INFO - Successfully extracted 0 asset nodes
2026-02-12 13:02:46,659 - __main__ - WARNING - Could not get agent IDs automatically: File source configuration not found for node type 'asset'
2026-02-12 13:02:46,659 - __main__ - INFO - Successfully extracted 0 asset nodes
2026-02-12 13:02:46,659 - __main__ - WARNING - Could not get agent IDs automatically: File source configuration not found for node type 'asset'
2026-02-12 13:02:46,659 - __main__ - INFO - Successfully extracted 0 asset nodes
2026-02-12 13:02:46,659 - __main__ - WARNING - Could not get agent IDs automatically: File source configuration not found for node type 'asset'
2026-02-12 13:02:46,659 - __main__ - INFO - Successfully extracted 0 asset nodes
2026-02-12 13:02:46,660 - __main__ - WARNING - Could not get agent IDs automatically: File source configuration not found for node type 'asset'
2026-02-12 13:02:46,660 - __main__ - INFO - Successfully extracted 0 asset nodes
2026-02-12 13:02:46,660 - __main__ - WARNING - Could not get agent IDs automatically: File source configuration not found for node type 'asset'
2026-02-12 13:02:46,660 - __main__ - INFO - Successfully extracted 0 asset nodes
2026-02-12 13:02:46,660 - __main__ - WARNING - Could not get agent IDs automatically: File source configuration not found for node type 'asset'
2026-02-12 13:02:46,660 - __main__ - INFO - Successfully extracted 0 asset nodes
2026-02-12 13:02:46,660 - __main__ - WARNING - Could not get agent IDs automatically: File source configuration not found for node type 'asset'
2026-02-12 13:02:46,661 - __main__ - INFO - Successfully extracted 0 asset nodes
2026-02-12 13:02:46,661 - __main__ - WARNING - Could not get agent IDs automatically: File source configuration not found for node type 'asset'
2026-02-12 13:02:46,661 - __main__ - INFO - Successfully extracted 0 asset nodes
2026-02-12 13:02:46,661 - __main__ - WARNING - Could not get agent IDs automatically: File source configuration not found for node type 'asset'
2026-02-12 13:02:46,662 - __main__ - INFO - Successfully extracted 0 asset nodes
2026-02-12 13:02:46,662 - __main__ - WARNING - Could not get agent IDs automatically: File source configuration not found for node type 'asset'
2026-02-12 13:02:46,662 - __main__ - INFO - Successfully extracted 0 asset nodes
2026-02-12 13:02:46,662 - __main__ - WARNING - Could not get agent IDs automatically: File source configuration not found for node type 'asset'
2026-02-12 13:02:46,662 - __main__ - INFO - Successfully extracted 0 asset nodes
2026-02-12 13:02:46,662 - __main__ - WARNING - Could not get agent IDs automatically: File source configuration not found for node type 'asset'
2026-02-12 13:02:46,662 - __main__ - INFO - Successfully extracted 0 asset nodes
2026-02-12 13:02:46,663 - __main__ - WARNING - Could not get agent IDs automatically: File source configuration not found for node type 'asset'
2026-02-12 13:02:46,663 - __main__ - INFO - Successfully extracted 0 asset nodes
2026-02-12 13:02:46,663 - __main__ - WARNING - Could not get agent IDs automatically: File source configuration not found for node type 'asset'
2026-02-12 13:02:46,663 - __main__ - INFO - Successfully extracted 0 asset nodes
2026-02-12 13:02:46,663 - __main__ - WARNING - Could not get agent IDs automatically: File source configuration not found for node type 'asset'
2026-02-12 13:02:46,663 - __main__ - INFO - Successfully extracted 0 asset nodes
2026-02-12 13:02:46,663 - __main__ - WARNING - Could not get agent IDs automatically: File source configuration not found for node type 'asset'
2026-02-12 13:02:46,664 - __main__ - INFO - Successfully extracted 0 asset nodes
2026-02-12 13:02:46,664 - __main__ - WARNING - Could not get agent IDs automatically: File source configuration not found for node type 'asset'
2026-02-12 13:02:46,664 - __main__ - INFO - Successfully extracted 0 asset nodes
2026-02-12 13:02:46,664 - __main__ - WARNING - Could not get agent IDs automatically: File source configuration not found for node type 'asset'
2026-02-12 13:02:46,664 - __main__ - INFO - Successfully extracted 0 asset nodes
2026-02-12 13:02:46,664 - __main__ - WARNING - Could not get agent IDs automatically: File source configuration not found for node type 'asset'
2026-02-12 13:02:46,664 - __main__ - INFO - Successfully extracted 0 asset nodes
2026-02-12 13:02:46,665 - __main__ - WARNING - Could not get agent IDs automatically: File source configuration not found for node type 'asset'
2026-02-12 13:02:46,665 - __main__ - INFO - Successfully extracted 0 asset nodes
2026-02-12 13:02:46,665 - __main__ - WARNING - Could not get agent IDs automatically: File source configuration not found for node type 'asset'
2026-02-12 13:02:46,665 - __main__ - INFO - Successfully extracted 0 asset nodes
2026-02-12 13:02:46,665 - __main__ - WARNING - Could not get agent IDs automatically: File source configuration not found for node type 'asset'
2026-02-12 13:02:46,665 - __main__ - INFO - Successfully extracted 0 asset nodes
2026-02-12 13:02:46,665 - __main__ - WARNING - Could not get agent IDs automatically: File source configuration not found for node type 'asset'
2026-02-12 13:02:46,665 - __main__ - INFO - Successfully extracted 0 asset nodes
2026-02-12 13:02:46,666 - __main__ - WARNING - Could not get agent IDs automatically: File source configuration not found for node type 'asset'
2026-02-12 13:02:46,666 - __main__ - INFO - Successfully extracted 0 asset nodes
2026-02-12 13:02:46,666 - __main__ - WARNING - Could not get agent IDs automatically: File source configuration not found for node type 'asset'
2026-02-12 13:02:46,666 - __main__ - INFO - Successfully extracted 0 asset nodes
2026-02-12 13:02:46,666 - __main__ - WARNING - Could not get agent IDs automatically: File source configuration not found for node type 'asset'
2026-02-12 13:02:46,666 - __main__ - INFO - Successfully extracted 0 asset nodes
2026-02-12 13:02:46,667 - __main__ - WARNING - Could not get agent IDs automatically: File source configuration not found for node type 'asset'
2026-02-12 13:02:46,667 - __main__ - INFO - Successfully extracted 0 asset nodes
2026-02-12 13:02:46,667 - __main__ - WARNING - Could not get agent IDs automatically: File source configuration not found for node type 'asset'
2026-02-12 13:02:46,667 - __main__ - INFO - Successfully extracted 0 asset nodes
2026-02-12 13:02:46,667 - __main__ - WARNING - Could not get agent IDs automatically: File source configuration not found for node type 'asset'
2026-02-12 13:02:46,667 - __main__ - INFO - Successfully extracted 0 asset nodes
2026-02-12 13:02:46,668 - __main__ - WARNING - Could not get agent IDs automatically: File source configuration not found for node type 'asset'
2026-02-12 13:02:46,668 - __main__ - INFO - Successfully extracted 0 asset nodes
2026-02-12 13:02:46,668 - __main__ - WARNING - Could not get agent IDs automatically: File source configuration not found for node type 'asset'
2026-02-12 13:02:46,668 - __main__ - INFO - Successfully extracted 0 asset nodes
2026-02-12 13:02:46,668 - __main__ - WARNING - Could not get agent IDs automatically: File source configuration not found for node type 'asset'
2026-02-12 13:02:46,668 - __main__ - INFO - Successfully extracted 0 asset nodes
2026-02-12 13:02:46,668 - __main__ - WARNING - Could not get agent IDs automatically: File source configuration not found for node type 'asset'
2026-02-12 13:02:46,669 - __main__ - INFO - Successfully extracted 0 asset nodes
2026-02-12 13:02:46,669 - __main__ - WARNING - Could not get agent IDs automatically: File source configuration not found for node type 'asset'
2026-02-12 13:02:46,669 - __main__ - INFO - Successfully extracted 0 asset nodes
2026-02-12 13:02:46,669 - __main__ - WARNING - Could not get agent IDs automatically: File source configuration not found for node type 'asset'
2026-02-12 13:02:46,669 - __main__ - INFO - Successfully extracted 0 asset nodes
2026-02-12 13:02:46,669 - __main__ - WARNING - Could not get agent IDs automatically: File source configuration not found for node type 'asset'
2026-02-12 13:02:46,670 - __main__ - INFO - Successfully extracted 0 asset nodes
2026-02-12 13:02:46,670 - __main__ - WARNING - Could not get agent IDs automatically: File source configuration not found for node type 'asset'
2026-02-12 13:02:46,670 - __main__ - INFO - Successfully extracted 0 asset nodes
2026-02-12 13:02:46,670 - __main__ - WARNING - Could not get agent IDs automatically: File source configuration not found for node type 'asset'
2026-02-12 13:02:46,670 - __main__ - INFO - Successfully extracted 0 asset nodes
2026-02-12 13:02:46,670 - __main__ - WARNING - Could not get agent IDs automatically: File source configuration not found for node type 'asset'
2026-02-12 13:02:46,670 - __main__ - INFO - Successfully extracted 0 asset nodes
2026-02-12 13:02:46,671 - __main__ - WARNING - Could not get agent IDs automatically: File source configuration not found for node type 'asset'
2026-02-12 13:02:46,671 - __main__ - INFO - Successfully extracted 0 asset nodes
2026-02-12 13:02:46,671 - __main__ - WARNING - Could not get agent IDs automatically: File source configuration not found for node type 'asset'
2026-02-12 13:02:46,671 - __main__ - INFO - Successfully extracted 0 asset nodes
2026-02-12 13:02:46,671 - __main__ - WARNING - Could not get agent IDs automatically: File source configuration not found for node type 'asset'
2026-02-12 13:02:46,671 - __main__ - INFO - Successfully extracted 0 asset nodes
2026-02-12 13:02:46,671 - __main__ - WARNING - Could not get agent IDs automatically: File source configuration not found for node type 'asset'
2026-02-12 13:02:46,672 - __main__ - INFO - Successfully extracted 0 asset nodes
2026-02-12 13:02:46,672 - __main__ - WARNING - Could not get agent IDs automatically: File source configuration not found for node type 'asset'
2026-02-12 13:02:46,672 - __main__ - INFO - Successfully extracted 0 asset nodes
2026-02-12 13:02:46,672 - __main__ - WARNING - Could not get agent IDs automatically: File source configuration not found for node type 'asset'
2026-02-12 13:02:46,672 - __main__ - INFO - Successfully extracted 0 asset nodes
2026-02-12 13:02:46,672 - __main__ - WARNING - Could not get agent IDs automatically: File source configuration not found for node type 'asset'
2026-02-12 13:02:46,672 - __main__ - INFO - Successfully extracted 0 asset nodes
2026-02-12 13:02:46,673 - __main__ - WARNING - Could not get agent IDs automatically: File source configuration not found for node type 'asset'
2026-02-12 13:02:46,673 - __main__ - INFO - Successfully extracted 0 asset nodes
2026-02-12 13:02:46,673 - __main__ - WARNING - Could not get agent IDs automatically: File source configuration not found for node type 'asset'
2026-02-12 13:02:46,673 - __main__ - INFO - Successfully extracted 0 asset nodes
2026-02-12 13:02:46,673 - __main__ - WARNING - Could not get agent IDs automatically: File source configuration not found for node type 'asset'
2026-02-12 13:02:46,673 - __main__ - INFO - Successfully extracted 0 asset nodes
2026-02-12 13:02:46,673 - __main__ - WARNING - Could not get agent IDs automatically: File source configuration not found for node type 'asset'
2026-02-12 13:02:46,674 - __main__ - INFO - Successfully extracted 0 asset nodes
2026-02-12 13:02:46,674 - __main__ - WARNING - Could not get agent IDs automatically: File source configuration not found for node type 'asset'
2026-02-12 13:02:46,674 - __main__ - INFO - Successfully extracted 0 asset nodes
2026-02-12 13:02:46,674 - __main__ - WARNING - Could not get agent IDs automatically: File source configuration not found for node type 'asset'
2026-02-12 13:02:46,674 - __main__ - INFO - Successfully extracted 0 asset nodes
2026-02-12 13:02:46,674 - __main__ - WARNING - Could not get agent IDs automatically: File source configuration not found for node type 'asset'
2026-02-12 13:02:46,674 - __main__ - INFO - Successfully extracted 0 asset nodes
2026-02-12 13:02:46,675 - __main__ - WARNING - Could not get agent IDs automatically: File source configuration not found for node type 'asset'
2026-02-12 13:02:46,675 - __main__ - INFO - Successfully extracted 0 asset nodes
2026-02-12 13:02:46,675 - __main__ - WARNING - Could not get agent IDs automatically: File source configuration not found for node type 'asset'
2026-02-12 13:02:46,675 - __main__ - INFO - Successfully extracted 0 asset nodes
2026-02-12 13:02:46,676 - __main__ - WARNING - Could not get agent IDs automatically: File source configuration not found for node type 'asset'
2026-02-12 13:02:46,676 - __main__ - INFO - Successfully extracted 0 asset nodes
2026-02-12 13:02:46,676 - __main__ - WARNING - Could not get agent IDs automatically: File source configuration not found for node type 'asset'
2026-02-12 13:02:46,677 - __main__ - INFO - Successfully extracted 0 asset nodes
2026-02-12 13:02:46,677 - __main__ - WARNING - Could not get agent IDs automatically: File source configuration not found for node type 'asset'
2026-02-12 13:02:46,677 - __main__ - INFO - Successfully extracted 0 asset nodes
2026-02-12 13:02:46,677 - __main__ - WARNING - Could not get agent IDs automatically: File source configuration not found for node type 'asset'
2026-02-12 13:02:46,678 - __main__ - INFO - Successfully extracted 0 asset nodes
2026-02-12 13:02:46,678 - __main__ - WARNING - Could not get agent IDs automatically: File source configuration not found for node type 'asset'
2026-02-12 13:02:46,678 - __main__ - INFO - Successfully extracted 0 asset nodes
2026-02-12 13:02:46,678 - __main__ - WARNING - Could not get agent IDs automatically: File source configuration not found for node type 'asset'
2026-02-12 13:02:46,678 - __main__ - INFO - Successfully extracted 0 asset nodes
2026-02-12 13:02:46,678 - __main__ - WARNING - Could not get agent IDs automatically: File source configuration not found for node type 'asset'
2026-02-12 13:02:46,678 - __main__ - INFO - Successfully extracted 0 asset nodes
2026-02-12 13:02:46,678 - __main__ - WARNING - Could not get agent IDs automatically: File source configuration not found for node type 'asset'
2026-02-12 13:02:46,678 - __main__ - INFO - Successfully extracted 0 asset nodes
2026-02-12 13:02:46,679 - __main__ - WARNING - Could not get agent IDs automatically: File source configuration not found for node type 'asset'
2026-02-12 13:02:46,679 - __main__ - INFO - Successfully extracted 0 asset nodes
2026-02-12 13:02:46,679 - __main__ - WARNING - Could not get agent IDs automatically: File source configuration not found for node type 'asset'
2026-02-12 13:02:46,679 - __main__ - INFO - Successfully extracted 0 asset nodes
2026-02-12 13:02:46,679 - __main__ - WARNING - Could not get agent IDs automatically: File source configuration not found for node type 'asset'
2026-02-12 13:02:46,679 - __main__ - INFO - Successfully extracted 0 asset nodes
2026-02-12 13:02:46,679 - __main__ - WARNING - Could not get agent IDs automatically: File source configuration not found for node type 'asset'
2026-02-12 13:02:46,679 - __main__ - INFO - Successfully extracted 0 asset nodes
2026-02-12 13:02:46,679 - __main__ - WARNING - Could not get agent IDs automatically: File source configuration not found for node type 'asset'
2026-02-12 13:02:46,680 - __main__ - INFO - Successfully extracted 0 asset nodes
2026-02-12 13:02:46,680 - __main__ - WARNING - Could not get agent IDs automatically: File source configuration not found for node type 'asset'
2026-02-12 13:02:46,680 - __main__ - INFO - Successfully extracted 0 asset nodes
2026-02-12 13:02:46,680 - __main__ - WARNING - Could not get agent IDs automatically: File source configuration not found for node type 'asset'
2026-02-12 13:02:46,680 - __main__ - INFO - Successfully extracted 0 asset nodes
2026-02-12 13:02:46,681 - __main__ - WARNING - Could not get agent IDs automatically: File source configuration not found for node type 'asset'
2026-02-12 13:02:46,681 - __main__ - INFO - Successfully extracted 0 asset nodes
2026-02-12 13:02:46,681 - __main__ - WARNING - Could not get agent IDs automatically: File source configuration not found for node type 'asset'
2026-02-12 13:02:46,681 - __main__ - INFO - Successfully extracted 0 asset nodes
2026-02-12 13:02:46,681 - __main__ - WARNING - Could not get agent IDs automatically: File source configuration not found for node type 'asset'
2026-02-12 13:02:46,682 - __main__ - INFO - Successfully extracted 0 asset nodes
2026-02-12 13:02:46,682 - __main__ - WARNING - Could not get agent IDs automatically: File source configuration not found for node type 'asset'
2026-02-12 13:02:46,682 - __main__ - INFO - Successfully extracted 0 asset nodes
2026-02-12 13:02:46,682 - __main__ - WARNING - Could not get agent IDs automatically: File source configuration not found for node type 'asset'
2026-02-12 13:02:46,682 - __main__ - INFO - Successfully extracted 0 asset nodes
2026-02-12 13:02:46,682 - __main__ - WARNING - Could not get agent IDs automatically: File source configuration not found for node type 'asset'
2026-02-12 13:02:46,682 - __main__ - INFO - Successfully extracted 0 asset nodes
2026-02-12 13:02:46,683 - __main__ - WARNING - Could not get agent IDs automatically: File source configuration not found for node type 'asset'
2026-02-12 13:02:46,683 - __main__ - INFO - Successfully extracted 0 asset nodes
2026-02-12 13:02:46,683 - __main__ - WARNING - Could not get agent IDs automatically: File source configuration not found for node type 'asset'
2026-02-12 13:02:46,683 - __main__ - INFO - Successfully extracted 0 asset nodes
2026-02-12 13:02:46,683 - __main__ - WARNING - Could not get agent IDs automatically: File source configuration not found for node type 'asset'
2026-02-12 13:02:46,684 - __main__ - INFO - Successfully extracted 0 asset nodes
2026-02-12 13:02:46,684 - __main__ - WARNING - Could not get agent IDs automatically: File source configuration not found for node type 'asset'
2026-02-12 13:02:46,684 - __main__ - INFO - Successfully extracted 0 asset nodes
2026-02-12 13:02:46,684 - __main__ - WARNING - Could not get agent IDs automatically: File source configuration not found for node type 'asset'
2026-02-12 13:02:46,684 - __main__ - INFO - Successfully extracted 0 asset nodes
2026-02-12 13:02:46,685 - __main__ - WARNING - Could not get agent IDs automatically: File source configuration not found for node type 'asset'
2026-02-12 13:02:46,685 - __main__ - INFO - Successfully extracted 0 asset nodes
2026-02-12 13:02:46,685 - __main__ - WARNING - Could not get agent IDs automatically: File source configuration not found for node type 'asset'
2026-02-12 13:02:46,685 - __main__ - INFO - Successfully extracted 0 asset nodes
2026-02-12 13:02:46,685 - __main__ - WARNING - Could not get agent IDs automatically: File source configuration not found for node type 'asset'
2026-02-12 13:02:46,685 - __main__ - INFO - Successfully extracted 0 asset nodes
2026-02-12 13:02:46,686 - __main__ - WARNING - Could not get agent IDs automatically: File source configuration not found for node type 'asset'
2026-02-12 13:02:46,686 - __main__ - INFO - Successfully extracted 0 asset nodes
2026-02-12 13:02:46,686 - __main__ - WARNING - Could not get agent IDs automatically: File source configuration not found for node type 'asset'
2026-02-12 13:02:46,686 - __main__ - INFO - Successfully extracted 0 asset nodes
2026-02-12 13:02:46,686 - __main__ - WARNING - Could not get agent IDs automatically: File source configuration not found for node type 'asset'
2026-02-12 13:02:46,687 - __main__ - INFO - Successfully extracted 0 asset nodes
2026-02-12 13:02:46,687 - __main__ - WARNING - Could not get agent IDs automatically: File source configuration not found for node type 'asset'
2026-02-12 13:02:46,687 - __main__ - INFO - Successfully extracted 0 asset nodes
2026-02-12 13:02:46,687 - __main__ - WARNING - Could not get agent IDs automatically: File source configuration not found for node type 'asset'
2026-02-12 13:02:46,687 - __main__ - INFO - Successfully extracted 0 asset nodes
2026-02-12 13:02:46,687 - __main__ - WARNING - Could not get agent IDs automatically: File source configuration not found for node type 'asset'
2026-02-12 13:02:46,687 - __main__ - INFO - Successfully extracted 0 asset nodes
2026-02-12 13:02:46,687 - __main__ - WARNING - Could not get agent IDs automatically: File source configuration not found for node type 'asset'
2026-02-12 13:02:46,687 - __main__ - INFO - Successfully extracted 0 asset nodes
2026-02-12 13:02:46,687 - __main__ - WARNING - Could not get agent IDs automatically: File source configuration not found for node type 'asset'
2026-02-12 13:02:46,688 - __main__ - INFO - Successfully extracted 0 asset nodes
2026-02-12 13:02:46,688 - __main__ - WARNING - Could not get agent IDs automatically: File source configuration not found for node type 'asset'
2026-02-12 13:02:46,688 - __main__ - INFO - Successfully extracted 0 asset nodes
2026-02-12 13:02:46,688 - __main__ - WARNING - Could not get agent IDs automatically: File source configuration not found for node type 'asset'
2026-02-12 13:02:46,688 - __main__ - INFO - Successfully extracted 0 asset nodes
2026-02-12 13:02:46,688 - __main__ - WARNING - Could not get agent IDs automatically: File source configuration not found for node type 'asset'
2026-02-12 13:02:46,688 - __main__ - INFO - Successfully extracted 0 asset nodes
2026-02-12 13:02:46,688 - __main__ - WARNING - Could not get agent IDs automatically: File source configuration not found for node type 'asset'
2026-02-12 13:02:46,688 - __main__ - INFO - Successfully extracted 0 asset nodes
2026-02-12 13:02:46,688 - __main__ - WARNING - Could not get agent IDs automatically: File source configuration not found for node type 'asset'
2026-02-12 13:02:46,688 - __main__ - INFO - Successfully extracted 0 asset nodes
2026-02-12 13:02:46,688 - __main__ - WARNING - Could not get agent IDs automatically: File source configuration not found for node type 'asset'
2026-02-12 13:02:46,688 - __main__ - INFO - Successfully extracted 0 asset nodes
2026-02-12 13:02:46,689 - __main__ - WARNING - Could not get agent IDs automatically: File source configuration not found for node type 'asset'
2026-02-12 13:02:46,689 - __main__ - INFO - Successfully extracted 0 asset nodes
2026-02-12 13:02:46,689 - __main__ - WARNING - Could not get agent IDs automatically: File source configuration not found for node type 'asset'
2026-02-12 13:02:46,689 - __main__ - INFO - Successfully extracted 0 asset nodes
2026-02-12 13:02:46,689 - __main__ - WARNING - Could not get agent IDs automatically: File source configuration not found for node type 'asset'
2026-02-12 13:02:46,689 - __main__ - INFO - Successfully extracted 0 asset nodes
2026-02-12 13:02:46,689 - __main__ - WARNING - Could not get agent IDs automatically: File source configuration not found for node type 'asset'
2026-02-12 13:02:46,689 - __main__ - INFO - Successfully extracted 0 asset nodes
2026-02-12 13:02:46,689 - __main__ - WARNING - Could not get agent IDs automatically: File source configuration not found for node type 'asset'
2026-02-12 13:02:46,689 - __main__ - INFO - Successfully extracted 0 asset nodes
2026-02-12 13:02:46,689 - __main__ - WARNING - Could not get agent IDs automatically: File source configuration not found for node type 'asset'
2026-02-12 13:02:46,689 - __main__ - INFO - Successfully extracted 0 asset nodes
2026-02-12 13:02:46,690 - __main__ - WARNING - Could not get agent IDs automatically: File source configuration not found for node type 'asset'
2026-02-12 13:02:46,690 - __main__ - INFO - Successfully extracted 0 asset nodes
2026-02-12 13:02:46,690 - __main__ - WARNING - Could not get agent IDs automatically: File source configuration not found for node type 'asset'
2026-02-12 13:02:46,690 - __main__ - INFO - Successfully extracted 0 asset nodes
2026-02-12 13:02:46,690 - __main__ - WARNING - Could not get agent IDs automatically: File source configuration not found for node type 'asset'
2026-02-12 13:02:46,690 - __main__ - INFO - Successfully extracted 0 asset nodes
2026-02-12 13:02:46,690 - __main__ - WARNING - Could not get agent IDs automatically: File source configuration not found for node type 'asset'
2026-02-12 13:02:46,690 - __main__ - INFO - Successfully extracted 0 asset nodes
2026-02-12 13:02:46,690 - __main__ - WARNING - Could not get agent IDs automatically: File source configuration not found for node type 'asset'
2026-02-12 13:02:46,690 - __main__ - INFO - Successfully extracted 0 asset nodes
2026-02-12 13:02:46,690 - __main__ - WARNING - Could not get agent IDs automatically: File source configuration not found for node type 'asset'
2026-02-12 13:02:46,690 - __main__ - INFO - Successfully extracted 0 asset nodes
2026-02-12 13:02:46,690 - __main__ - WARNING - Could not get agent IDs automatically: File source configuration not found for node type 'asset'
2026-02-12 13:02:46,691 - __main__ - INFO - Successfully extracted 0 asset nodes
2026-02-12 13:02:46,691 - __main__ - WARNING - Could not get agent IDs automatically: File source configuration not found for node type 'asset'
2026-02-12 13:02:46,691 - __main__ - INFO - Successfully extracted 0 asset nodes
2026-02-12 13:02:46,691 - __main__ - WARNING - Could not get agent IDs automatically: File source configuration not found for node type 'asset'
2026-02-12 13:02:46,691 - __main__ - INFO - Successfully extracted 0 asset nodes
2026-02-12 13:02:46,691 - __main__ - WARNING - Could not get agent IDs automatically: File source configuration not found for node type 'asset'
2026-02-12 13:02:46,691 - __main__ - INFO - Successfully extracted 0 asset nodes
2026-02-12 13:02:46,691 - __main__ - WARNING - Could not get agent IDs automatically: File source configuration not found for node type 'asset'
2026-02-12 13:02:46,691 - __main__ - INFO - Successfully extracted 0 asset nodes
2026-02-12 13:02:46,691 - __main__ - WARNING - Could not get agent IDs automatically: File source configuration not found for node type 'asset'
2026-02-12 13:02:46,691 - __main__ - INFO - Successfully extracted 0 asset nodes
2026-02-12 13:02:46,691 - __main__ - WARNING - Could not get agent IDs automatically: File source configuration not found for node type 'asset'
2026-02-12 13:02:46,692 - __main__ - INFO - Successfully extracted 0 asset nodes
2026-02-12 13:02:46,692 - __main__ - WARNING - Could not get agent IDs automatically: File source configuration not found for node type 'asset'
2026-02-12 13:02:46,692 - __main__ - INFO - Successfully extracted 0 asset nodes
2026-02-12 13:02:46,692 - __main__ - WARNING - Could not get agent IDs automatically: File source configuration not found for node type 'asset'
2026-02-12 13:02:46,692 - __main__ - INFO - Successfully extracted 0 asset nodes
2026-02-12 13:02:46,692 - __main__ - WARNING - Could not get agent IDs automatically: File source configuration not found for node type 'asset'
2026-02-12 13:02:46,692 - __main__ - INFO - Successfully extracted 0 asset nodes
2026-02-12 13:02:46,692 - __main__ - WARNING - Could not get agent IDs automatically: File source configuration not found for node type 'asset'
2026-02-12 13:02:46,692 - __main__ - INFO - Successfully extracted 0 asset nodes
2026-02-12 13:02:46,692 - __main__ - WARNING - Could not get agent IDs automatically: File source configuration not found for node type 'asset'
2026-02-12 13:02:46,692 - __main__ - INFO - Successfully extracted 0 asset nodes
2026-02-12 13:02:46,692 - __main__ - WARNING - Could not get agent IDs automatically: File source configuration not found for node type 'asset'
2026-02-12 13:02:46,692 - __main__ - INFO - Successfully extracted 0 asset nodes
2026-02-12 13:02:46,693 - __main__ - WARNING - Could not get agent IDs automatically: File source configuration not found for node type 'asset'
2026-02-12 13:02:46,693 - __main__ - INFO - Successfully extracted 0 asset nodes
2026-02-12 13:02:46,693 - __main__ - WARNING - Could not get agent IDs automatically: File source configuration not found for node type 'asset'
2026-02-12 13:02:46,693 - __main__ - INFO - Successfully extracted 0 asset nodes
2026-02-12 13:02:46,693 - __main__ - WARNING - Could not get agent IDs automatically: File source configuration not found for node type 'asset'
2026-02-12 13:02:46,693 - __main__ - INFO - Successfully extracted 0 asset nodes
2026-02-12 13:02:46,693 - __main__ - WARNING - Could not get agent IDs automatically: File source configuration not found for node type 'asset'
2026-02-12 13:02:46,693 - __main__ - INFO - Successfully extracted 0 asset nodes
2026-02-12 13:02:46,693 - __main__ - WARNING - Could not get agent IDs automatically: File source configuration not found for node type 'asset'
2026-02-12 13:02:46,693 - __main__ - INFO - Successfully extracted 0 asset nodes
2026-02-12 13:02:46,693 - __main__ - WARNING - Could not get agent IDs automatically: File source configuration not found for node type 'asset'
2026-02-12 13:02:46,694 - __main__ - INFO - Successfully extracted 0 asset nodes
2026-02-12 13:02:46,694 - __main__ - WARNING - Could not get agent IDs automatically: File source configuration not found for node type 'asset'
2026-02-12 13:02:46,694 - __main__ - INFO - Successfully extracted 0 asset nodes
2026-02-12 13:02:46,694 - __main__ - WARNING - Could not get agent IDs automatically: File source configuration not found for node type 'asset'
2026-02-12 13:02:46,694 - __main__ - INFO - Successfully extracted 0 asset nodes
2026-02-12 13:02:46,694 - __main__ - WARNING - Could not get agent IDs automatically: File source configuration not found for node type 'asset'
2026-02-12 13:02:46,694 - __main__ - INFO - Successfully extracted 0 asset nodes
2026-02-12 13:02:46,695 - __main__ - WARNING - Could not get agent IDs automatically: File source configuration not found for node type 'asset'
2026-02-12 13:02:46,695 - __main__ - INFO - Successfully extracted 0 asset nodes
2026-02-12 13:02:46,695 - __main__ - WARNING - Could not get agent IDs automatically: File source configuration not found for node type 'asset'
2026-02-12 13:02:46,696 - __main__ - INFO - Successfully extracted 0 asset nodes
2026-02-12 13:02:46,696 - __main__ - WARNING - Could not get agent IDs automatically: File source configuration not found for node type 'asset'
2026-02-12 13:02:46,696 - __main__ - INFO - Successfully extracted 0 asset nodes
2026-02-12 13:02:46,697 - __main__ - WARNING - Could not get agent IDs automatically: File source configuration not found for node type 'asset'
2026-02-12 13:02:46,697 - __main__ - INFO - Successfully extracted 0 asset nodes
2026-02-12 13:02:46,698 - __main__ - WARNING - Could not get agent IDs automatically: File source configuration not found for node type 'asset'
2026-02-12 13:02:46,698 - __main__ - INFO - Successfully extracted 0 asset nodes
2026-02-12 13:02:46,698 - __main__ - WARNING - Could not get agent IDs automatically: File source configuration not found for node type 'asset'
2026-02-12 13:02:46,698 - __main__ - INFO - Successfully extracted 0 asset nodes
2026-02-12 13:02:46,698 - __main__ - WARNING - Could not get agent IDs automatically: File source configuration not found for node type 'asset'
2026-02-12 13:02:46,698 - __main__ - INFO - Successfully extracted 0 asset nodes
2026-02-12 13:02:46,699 - __main__ - WARNING - Could not get agent IDs automatically: File source configuration not found for node type 'asset'
2026-02-12 13:02:46,699 - __main__ - INFO - Successfully extracted 0 asset nodes
2026-02-12 13:02:46,699 - __main__ - WARNING - Could not get agent IDs automatically: File source configuration not found for node type 'asset'
2026-02-12 13:02:46,699 - __main__ - INFO - Successfully extracted 0 asset nodes
2026-02-12 13:02:46,700 - __main__ - WARNING - Could not get agent IDs automatically: File source configuration not found for node type 'asset'
2026-02-12 13:02:46,701 - __main__ - INFO - Successfully extracted 0 asset nodes
2026-02-12 13:02:46,701 - __main__ - WARNING - Could not get agent IDs automatically: File source configuration not found for node type 'asset'
2026-02-12 13:02:46,701 - __main__ - INFO - Successfully extracted 0 asset nodes
2026-02-12 13:02:46,701 - __main__ - WARNING - Could not get agent IDs automatically: File source configuration not found for node type 'asset'
2026-02-12 13:02:46,701 - __main__ - INFO - Successfully extracted 0 asset nodes
2026-02-12 13:02:46,701 - __main__ - WARNING - Could not get agent IDs automatically: File source configuration not found for node type 'asset'
2026-02-12 13:02:46,701 - __main__ - INFO - Successfully extracted 0 asset nodes
2026-02-12 13:02:46,701 - __main__ - WARNING - Could not get agent IDs automatically: File source configuration not found for node type 'asset'
2026-02-12 13:02:46,701 - __main__ - INFO - Successfully extracted 0 asset nodes
2026-02-12 13:02:46,702 - __main__ - WARNING - Could not get agent IDs automatically: File source configuration not found for node type 'asset'
2026-02-12 13:02:46,702 - __main__ - INFO - Successfully extracted 0 asset nodes
2026-02-12 13:02:46,702 - __main__ - WARNING - Could not get agent IDs automatically: File source configuration not found for node type 'asset'
2026-02-12 13:02:46,702 - __main__ - INFO - Successfully extracted 0 asset nodes
2026-02-12 13:02:46,703 - __main__ - WARNING - Could not get agent IDs automatically: File source configuration not found for node type 'asset'
2026-02-12 13:02:46,703 - __main__ - INFO - Successfully extracted 0 asset nodes
2026-02-12 13:02:46,703 - __main__ - WARNING - Could not get agent IDs automatically: File source configuration not found for node type 'asset'
2026-02-12 13:02:46,704 - __main__ - INFO - Successfully extracted 0 asset nodes
2026-02-12 13:02:46,704 - __main__ - WARNING - Could not get agent IDs automatically: File source configuration not found for node type 'asset'
2026-02-12 13:02:46,704 - __main__ - INFO - Successfully extracted 0 asset nodes
2026-02-12 13:02:46,704 - __main__ - WARNING - Could not get agent IDs automatically: File source configuration not found for node type 'asset'
2026-02-12 13:02:46,704 - __main__ - INFO - Successfully extracted 0 asset nodes
2026-02-12 13:02:46,705 - __main__ - WARNING - Could not get agent IDs automatically: File source configuration not found for node type 'asset'
2026-02-12 13:02:46,705 - __main__ - INFO - Successfully extracted 0 asset nodes
2026-02-12 13:02:46,705 - __main__ - WARNING - Could not get agent IDs automatically: File source configuration not found for node type 'asset'
2026-02-12 13:02:46,706 - __main__ - INFO - Successfully extracted 0 asset nodes
2026-02-12 13:02:46,706 - __main__ - WARNING - Could not get agent IDs automatically: File source configuration not found for node type 'asset'
2026-02-12 13:02:46,706 - __main__ - INFO - Successfully extracted 0 asset nodes
2026-02-12 13:02:46,707 - __main__ - WARNING - Could not get agent IDs automatically: File source configuration not found for node type 'asset'
2026-02-12 13:02:46,707 - __main__ - INFO - Successfully extracted 0 asset nodes
2026-02-12 13:02:46,707 - __main__ - WARNING - Could not get agent IDs automatically: File source configuration not found for node type 'asset'
2026-02-12 13:02:46,707 - __main__ - INFO - Successfully extracted 0 asset nodes
2026-02-12 13:02:46,707 - __main__ - WARNING - Could not get agent IDs automatically: File source configuration not found for node type 'asset'
2026-02-12 13:02:46,708 - __main__ - INFO - Successfully extracted 0 asset nodes
2026-02-12 13:02:46,708 - __main__ - WARNING - Could not get agent IDs automatically: File source configuration not found for node type 'asset'
2026-02-12 13:02:46,708 - __main__ - INFO - Successfully extracted 0 asset nodes
2026-02-12 13:02:46,708 - __main__ - WARNING - Could not get agent IDs automatically: File source configuration not found for node type 'asset'
2026-02-12 13:02:46,709 - __main__ - INFO - Successfully extracted 0 asset nodes
2026-02-12 13:02:46,709 - __main__ - WARNING - Could not get agent IDs automatically: File source configuration not found for node type 'asset'
2026-02-12 13:02:46,709 - __main__ - INFO - Successfully extracted 0 asset nodes
2026-02-12 13:02:46,709 - __main__ - WARNING - Could not get agent IDs automatically: File source configuration not found for node type 'asset'
2026-02-12 13:02:46,709 - __main__ - INFO - Successfully extracted 0 asset nodes
2026-02-12 13:02:46,710 - __main__ - WARNING - Could not get agent IDs automatically: File source configuration not found for node type 'asset'
2026-02-12 13:02:46,711 - __main__ - INFO - Successfully extracted 0 asset nodes
2026-02-12 13:02:46,711 - __main__ - WARNING - Could not get agent IDs automatically: File source configuration not found for node type 'asset'
2026-02-12 13:02:46,711 - __main__ - INFO - Successfully extracted 0 asset nodes
2026-02-12 13:02:46,711 - __main__ - WARNING - Could not get agent IDs automatically: File source configuration not found for node type 'asset'
2026-02-12 13:02:46,711 - __main__ - INFO - Successfully extracted 0 asset nodes
2026-02-12 13:02:46,712 - __main__ - WARNING - Could not get agent IDs automatically: File source configuration not found for node type 'asset'
2026-02-12 13:02:46,712 - __main__ - INFO - Successfully extracted 0 asset nodes
2026-02-12 13:02:46,712 - __main__ - WARNING - Could not get agent IDs automatically: File source configuration not found for node type 'asset'
2026-02-12 13:02:46,712 - __main__ - INFO - Successfully extracted 0 asset nodes
2026-02-12 13:02:46,712 - __main__ - WARNING - Could not get agent IDs automatically: File source configuration not found for node type 'asset'
2026-02-12 13:02:46,713 - __main__ - INFO - Successfully extracted 0 asset nodes
2026-02-12 13:02:46,713 - __main__ - WARNING - Could not get agent IDs automatically: File source configuration not found for node type 'asset'
2026-02-12 13:02:46,713 - __main__ - INFO - Successfully extracted 0 asset nodes
2026-02-12 13:02:46,713 - __main__ - WARNING - Could not get agent IDs automatically: File source configuration not found for node type 'asset'
2026-02-12 13:02:46,714 - __main__ - INFO - Successfully extracted 0 asset nodes
2026-02-12 13:02:46,714 - __main__ - WARNING - Could not get agent IDs automatically: File source configuration not found for node type 'asset'
2026-02-12 13:02:46,714 - __main__ - INFO - Successfully extracted 0 asset nodes
2026-02-12 13:02:46,714 - __main__ - WARNING - Could not get agent IDs automatically: File source configuration not found for node type 'asset'
2026-02-12 13:02:46,714 - __main__ - INFO - Successfully extracted 0 asset nodes
2026-02-12 13:02:46,714 - __main__ - WARNING - Could not get agent IDs automatically: File source configuration not found for node type 'asset'
2026-02-12 13:02:46,715 - __main__ - INFO - Successfully extracted 0 asset nodes
2026-02-12 13:02:46,715 - __main__ - WARNING - Could not get agent IDs automatically: File source configuration not found for node type 'asset'
2026-02-12 13:02:46,715 - __main__ - INFO - Successfully extracted 0 asset nodes
2026-02-12 13:02:46,715 - __main__ - WARNING - Could not get agent IDs automatically: File source configuration not found for node type 'asset'
2026-02-12 13:02:46,715 - __main__ - INFO - Successfully extracted 0 asset nodes
2026-02-12 13:02:46,716 - __main__ - WARNING - Could not get agent IDs automatically: File source configuration not found for node type 'asset'
2026-02-12 13:02:46,716 - __main__ - INFO - Successfully extracted 0 asset nodes
2026-02-12 13:02:46,716 - __main__ - WARNING - Could not get agent IDs automatically: File source configuration not found for node type 'asset'
2026-02-12 13:02:46,716 - __main__ - INFO - Successfully extracted 0 asset nodes
2026-02-12 13:02:46,716 - __main__ - WARNING - Could not get agent IDs automatically: File source configuration not found for node type 'asset'
2026-02-12 13:02:46,716 - __main__ - INFO - Successfully extracted 0 asset nodes
2026-02-12 13:02:46,717 - __main__ - WARNING - Could not get agent IDs automatically: File source configuration not found for node type 'asset'
2026-02-12 13:02:46,717 - __main__ - INFO - Successfully extracted 0 asset nodes
2026-02-12 13:02:46,717 - __main__ - WARNING - Could not get agent IDs automatically: File source configuration not found for node type 'asset'
2026-02-12 13:02:46,717 - __main__ - INFO - Successfully extracted 0 asset nodes
2026-02-12 13:02:46,717 - __main__ - WARNING - Could not get agent IDs automatically: File source configuration not found for node type 'asset'
2026-02-12 13:02:46,718 - __main__ - INFO - Successfully extracted 0 asset nodes
2026-02-12 13:02:46,718 - __main__ - WARNING - Could not get agent IDs automatically: File source configuration not found for node type 'asset'
2026-02-12 13:02:46,718 - __main__ - INFO - Successfully extracted 0 asset nodes
2026-02-12 13:02:46,718 - __main__ - WARNING - Could not get agent IDs automatically: File source configuration not found for node type 'asset'
2026-02-12 13:02:46,718 - __main__ - INFO - Successfully extracted 0 asset nodes
2026-02-12 13:02:46,718 - __main__ - WARNING - Could not get agent IDs automatically: File source configuration not found for node type 'asset'
2026-02-12 13:02:46,719 - __main__ - INFO - Successfully extracted 0 asset nodes
2026-02-12 13:02:46,719 - __main__ - WARNING - Could not get agent IDs automatically: File source configuration not found for node type 'asset'
2026-02-12 13:02:46,719 - __main__ - INFO - Successfully extracted 0 asset nodes
2026-02-12 13:02:46,719 - __main__ - WARNING - Could not get agent IDs automatically: File source configuration not found for node type 'asset'
2026-02-12 13:02:46,719 - __main__ - INFO - Successfully extracted 0 asset nodes
2026-02-12 13:02:46,719 - __main__ - WARNING - Could not get agent IDs automatically: File source configuration not found for node type 'asset'
2026-02-12 13:02:46,720 - __main__ - INFO - Successfully extracted 0 asset nodes
2026-02-12 13:02:46,720 - __main__ - WARNING - Could not get agent IDs automatically: File source configuration not found for node type 'asset'
2026-02-12 13:02:46,721 - __main__ - INFO - Successfully extracted 0 asset nodes
2026-02-12 13:02:46,721 - __main__ - WARNING - Could not get agent IDs automatically: File source configuration not found for node type 'asset'
2026-02-12 13:02:46,721 - __main__ - INFO - Successfully extracted 0 asset nodes
2026-02-12 13:02:46,721 - __main__ - WARNING - Could not get agent IDs automatically: File source configuration not found for node type 'asset'
2026-02-12 13:02:46,721 - __main__ - INFO - Successfully extracted 0 asset nodes
2026-02-12 13:02:46,721 - __main__ - WARNING - Could not get agent IDs automatically: File source configuration not found for node type 'asset'
2026-02-12 13:02:46,722 - __main__ - INFO - Successfully extracted 0 asset nodes
2026-02-12 13:02:46,722 - __main__ - WARNING - Could not get agent IDs automatically: File source configuration not found for node type 'asset'
2026-02-12 13:02:46,722 - __main__ - INFO - Successfully extracted 0 asset nodes
2026-02-12 13:02:46,722 - __main__ - WARNING - Could not get agent IDs automatically: File source configuration not found for node type 'asset'
2026-02-12 13:02:46,722 - __main__ - INFO - Successfully extracted 0 asset nodes
2026-02-12 13:02:46,722 - __main__ - WARNING - Could not get agent IDs automatically: File source configuration not found for node type 'asset'
2026-02-12 13:02:46,722 - __main__ - INFO - Successfully extracted 0 asset nodes
2026-02-12 13:02:46,722 - __main__ - WARNING - Could not get agent IDs automatically: File source configuration not found for node type 'asset'
2026-02-12 13:02:46,723 - __main__ - INFO - Successfully extracted 0 asset nodes
2026-02-12 13:02:46,723 - __main__ - WARNING - Could not get agent IDs automatically: File source configuration not found for node type 'asset'
2026-02-12 13:02:46,723 - __main__ - INFO - Successfully extracted 0 asset nodes
2026-02-12 13:02:46,723 - __main__ - WARNING - Could not get agent IDs automatically: File source configuration not found for node type 'asset'
2026-02-12 13:02:46,723 - __main__ - INFO - Successfully extracted 0 asset nodes
2026-02-12 13:02:46,724 - __main__ - WARNING - Could not get agent IDs automatically: File source configuration not found for node type 'asset'
2026-02-12 13:02:46,724 - __main__ - INFO - Successfully extracted 0 asset nodes
2026-02-12 13:02:46,724 - __main__ - WARNING - Could not get agent IDs automatically: File source configuration not found for node type 'asset'
2026-02-12 13:02:46,724 - __main__ - INFO - Successfully extracted 0 asset nodes
2026-02-12 13:02:46,724 - __main__ - WARNING - Could not get agent IDs automatically: File source configuration not found for node type 'asset'
2026-02-12 13:02:46,724 - __main__ - INFO - Successfully extracted 0 asset nodes
2026-02-12 13:02:46,724 - __main__ - WARNING - Could not get agent IDs automatically: File source configuration not found for node type 'asset'
2026-02-12 13:02:46,725 - __main__ - INFO - Successfully extracted 0 asset nodes
2026-02-12 13:02:46,725 - __main__ - WARNING - Could not get agent IDs automatically: File source configuration not found for node type 'asset'
2026-02-12 13:02:46,725 - __main__ - INFO - Successfully extracted 0 asset nodes
2026-02-12 13:02:46,725 - __main__ - WARNING - Could not get agent IDs automatically: File source configuration not found for node type 'asset'
2026-02-12 13:02:46,725 - __main__ - INFO - Successfully extracted 0 asset nodes
2026-02-12 13:02:46,726 - __main__ - WARNING - Could not get agent IDs automatically: File source configuration not found for node type 'asset'
2026-02-12 13:02:46,726 - __main__ - INFO - Successfully extracted 0 asset nodes
2026-02-12 13:02:46,726 - __main__ - WARNING - Could not get agent IDs automatically: File source configuration not found for node type 'asset'
2026-02-12 13:02:46,726 - __main__ - INFO - Successfully extracted 0 asset nodes
2026-02-12 13:02:46,726 - __main__ - WARNING - Could not get agent IDs automatically: File source configuration not found for node type 'asset'
2026-02-12 13:02:46,726 - __main__ - INFO - Successfully extracted 0 asset nodes
2026-02-12 13:02:46,727 - __main__ - WARNING - Could not get agent IDs automatically: File source configuration not found for node type 'asset'
2026-02-12 13:02:46,727 - __main__ - INFO - Successfully extracted 0 asset nodes
2026-02-12 13:02:46,727 - __main__ - WARNING - Could not get agent IDs automatically: File source configuration not found for node type 'asset'
2026-02-12 13:02:46,727 - __main__ - INFO - Successfully extracted 0 asset nodes
2026-02-12 13:02:46,727 - __main__ - WARNING - Could not get agent IDs automatically: File source configuration not found for node type 'asset'
2026-02-12 13:02:46,728 - __main__ - INFO - Successfully extracted 0 asset nodes
2026-02-12 13:02:46,728 - __main__ - WARNING - Could not get agent IDs automatically: File source configuration not found for node type 'asset'
2026-02-12 13:02:46,728 - __main__ - INFO - Successfully extracted 0 asset nodes
2026-02-12 13:02:46,728 - __main__ - WARNING - Could not get agent IDs automatically: File source configuration not found for node type 'asset'
2026-02-12 13:02:46,729 - __main__ - INFO - Successfully extracted 0 asset nodes
2026-02-12 13:02:46,729 - __main__ - WARNING - Could not get agent IDs automatically: File source configuration not found for node type 'asset'
2026-02-12 13:02:46,729 - __main__ - INFO - Successfully extracted 0 asset nodes
2026-02-12 13:02:46,729 - __main__ - WARNING - Could not get agent IDs automatically: File source configuration not found for node type 'asset'
2026-02-12 13:02:46,730 - __main__ - INFO - Successfully extracted 0 asset nodes
2026-02-12 13:02:46,730 - __main__ - WARNING - Could not get agent IDs automatically: File source configuration not found for node type 'asset'
2026-02-12 13:02:46,730 - __main__ - INFO - Successfully extracted 0 asset nodes
2026-02-12 13:02:46,730 - __main__ - WARNING - Could not get agent IDs automatically: File source configuration not found for node type 'asset'
2026-02-12 13:02:46,731 - __main__ - INFO - Successfully extracted 0 asset nodes
2026-02-12 13:02:46,731 - __main__ - WARNING - Could not get agent IDs automatically: File source configuration not found for node type 'asset'
2026-02-12 13:02:46,731 - __main__ - INFO - Successfully extracted 0 asset nodes
2026-02-12 13:02:46,731 - __main__ - WARNING - Could not get agent IDs automatically: File source configuration not found for node type 'asset'
2026-02-12 13:02:46,731 - __main__ - INFO - Successfully extracted 0 asset nodes
2026-02-12 13:02:46,732 - __main__ - WARNING - Could not get agent IDs automatically: File source configuration not found for node type 'asset'
2026-02-12 13:02:46,732 - __main__ - INFO - Successfully extracted 0 asset nodes
2026-02-12 13:02:46,732 - __main__ - WARNING - Could not get agent IDs automatically: File source configuration not found for node type 'asset'
2026-02-12 13:02:46,732 - __main__ - INFO - Successfully extracted 0 asset nodes
2026-02-12 13:02:46,732 - __main__ - WARNING - Could not get agent IDs automatically: File source configuration not found for node type 'asset'
2026-02-12 13:02:46,732 - __main__ - INFO - Successfully extracted 0 asset nodes
2026-02-12 13:02:46,733 - __main__ - WARNING - Could not get agent IDs automatically: File source configuration not found for node type 'asset'
2026-02-12 13:02:46,733 - __main__ - INFO - Successfully extracted 0 asset nodes
2026-02-12 13:02:46,733 - __main__ - WARNING - Could not get agent IDs automatically: File source configuration not found for node type 'asset'
2026-02-12 13:02:46,733 - __main__ - INFO - Successfully extracted 0 asset nodes
2026-02-12 13:02:46,734 - __main__ - WARNING - Could not get agent IDs automatically: File source configuration not found for node type 'asset'
2026-02-12 13:02:46,734 - __main__ - INFO - Successfully extracted 0 asset nodes
2026-02-12 13:02:46,734 - __main__ - WARNING - Could not get agent IDs automatically: File source configuration not found for node type 'asset'
2026-02-12 13:02:46,734 - __main__ - INFO - Successfully extracted 0 asset nodes
2026-02-12 13:02:46,734 - __main__ - WARNING - Could not get agent IDs automatically: File source configuration not found for node type 'asset'
2026-02-12 13:02:46,735 - __main__ - INFO - Successfully extracted 0 asset nodes
2026-02-12 13:02:46,735 - __main__ - WARNING - Could not get agent IDs automatically: File source configuration not found for node type 'asset'
2026-02-12 13:02:46,735 - __main__ - INFO - Successfully extracted 0 asset nodes
2026-02-12 13:02:46,735 - __main__ - WARNING - Could not get agent IDs automatically: File source configuration not found for node type 'asset'
2026-02-12 13:02:46,735 - __main__ - INFO - Successfully extracted 0 asset nodes
2026-02-12 13:02:46,736 - __main__ - WARNING - Could not get agent IDs automatically: File source configuration not found for node type 'asset'
2026-02-12 13:02:46,736 - __main__ - INFO - Successfully extracted 0 asset nodes
2026-02-12 13:02:46,736 - __main__ - WARNING - Could not get agent IDs automatically: File source configuration not found for node type 'asset'
2026-02-12 13:02:46,736 - __main__ - INFO - Successfully extracted 0 asset nodes
2026-02-12 13:02:46,737 - __main__ - WARNING - Could not get agent IDs automatically: File source configuration not found for node type 'asset'
2026-02-12 13:02:46,737 - __main__ - INFO - Successfully extracted 0 asset nodes
2026-02-12 13:02:46,737 - __main__ - WARNING - Could not get agent IDs automatically: File source configuration not found for node type 'asset'
2026-02-12 13:02:46,737 - __main__ - INFO - Successfully extracted 0 asset nodes
2026-02-12 13:02:46,737 - __main__ - WARNING - Could not get agent IDs automatically: File source configuration not found for node type 'asset'
2026-02-12 13:02:46,737 - __main__ - INFO - Successfully extracted 0 asset nodes
2026-02-12 13:02:46,738 - __main__ - WARNING - Could not get agent IDs automatically: File source configuration not found for node type 'asset'
2026-02-12 13:02:46,738 - __main__ - INFO - Successfully extracted 0 asset nodes
2026-02-12 13:02:46,738 - __main__ - WARNING - Could not get agent IDs automatically: File source configuration not found for node type 'asset'
2026-02-12 13:02:46,739 - __main__ - INFO - Successfully extracted 0 asset nodes
2026-02-12 13:02:46,739 - __main__ - WARNING - Could not get agent IDs automatically: File source configuration not found for node type 'asset'
2026-02-12 13:02:46,739 - __main__ - INFO - Successfully extracted 0 asset nodes
2026-02-12 13:02:46,739 - __main__ - WARNING - Could not get agent IDs automatically: File source configuration not found for node type 'asset'
2026-02-12 13:02:46,739 - __main__ - INFO - Successfully extracted 0 asset nodes
2026-02-12 13:02:46,740 - __main__ - WARNING - Could not get agent IDs automatically: File source configuration not found for node type 'asset'
2026-02-12 13:02:46,740 - __main__ - INFO - Successfully extracted 0 asset nodes
2026-02-12 13:02:46,740 - __main__ - WARNING - Could not get agent IDs automatically: File source configuration not found for node type 'asset'
2026-02-12 13:02:46,740 - __main__ - INFO - Successfully extracted 0 asset nodes
2026-02-12 13:02:46,740 - __main__ - WARNING - Could not get agent IDs automatically: File source configuration not found for node type 'asset'
2026-02-12 13:02:46,741 - __main__ - INFO - Successfully extracted 0 asset nodes
2026-02-12 13:02:46,741 - __main__ - WARNING - Could not get agent IDs automatically: File source configuration not found for node type 'asset'
2026-02-12 13:02:46,741 - __main__ - INFO - Successfully extracted 0 asset nodes
2026-02-12 13:02:46,741 - __main__ - WARNING - Could not get agent IDs automatically: File source configuration not found for node type 'asset'
2026-02-12 13:02:46,741 - __main__ - INFO - Successfully extracted 0 asset nodes
2026-02-12 13:02:46,741 - __main__ - WARNING - Could not get agent IDs automatically: File source configuration not found for node type 'asset'
2026-02-12 13:02:46,741 - __main__ - INFO - Successfully extracted 0 asset nodes
2026-02-12 13:02:46,741 - __main__ - WARNING - Could not get agent IDs automatically: File source configuration not found for node type 'asset'
2026-02-12 13:02:46,742 - __main__ - INFO - Successfully extracted 0 asset nodes
2026-02-12 13:02:46,742 - __main__ - WARNING - Could not get agent IDs automatically: File source configuration not found for node type 'asset'
2026-02-12 13:02:46,742 - __main__ - INFO - Successfully extracted 0 asset nodes
2026-02-12 13:02:46,742 - __main__ - WARNING - Could not get agent IDs automatically: File source configuration not found for node type 'asset'
2026-02-12 13:02:46,742 - __main__ - INFO - Successfully extracted 0 asset nodes
2026-02-12 13:02:46,743 - __main__ - WARNING - Could not get agent IDs automatically: File source configuration not found for node type 'asset'
2026-02-12 13:02:46,743 - __main__ - INFO - Successfully extracted 0 asset nodes
2026-02-12 13:02:46,743 - __main__ - WARNING - Could not get agent IDs automatically: File source configuration not found for node type 'asset'
2026-02-12 13:02:46,743 - __main__ - INFO - Successfully extracted 0 asset nodes
2026-02-12 13:02:46,743 - __main__ - WARNING - Could not get agent IDs automatically: File source configuration not found for node type 'asset'
2026-02-12 13:02:46,744 - __main__ - INFO - Successfully extracted 0 asset nodes
2026-02-12 13:02:46,744 - __main__ - WARNING - Could not get agent IDs automatically: File source configuration not found for node type 'asset'
2026-02-12 13:02:46,744 - __main__ - INFO - Successfully extracted 0 asset nodes
2026-02-12 13:02:46,744 - __main__ - WARNING - Could not get agent IDs automatically: File source configuration not found for node type 'asset'
2026-02-12 13:02:46,744 - __main__ - INFO - Successfully extracted 0 asset nodes
2026-02-12 13:02:46,745 - __main__ - WARNING - Could not get agent IDs automatically: File source configuration not found for node type 'asset'
2026-02-12 13:02:46,745 - __main__ - INFO - Successfully extracted 0 asset nodes
2026-02-12 13:02:46,745 - __main__ - WARNING - Could not get agent IDs automatically: File source configuration not found for node type 'asset'
2026-02-12 13:02:46,745 - __main__ - INFO - Successfully extracted 0 asset nodes
2026-02-12 13:02:46,745 - __main__ - WARNING - Could not get agent IDs automatically: File source configuration not found for node type 'asset'
2026-02-12 13:02:46,745 - __main__ - INFO - Successfully extracted 0 asset nodes
2026-02-12 13:02:46,746 - __main__ - WARNING - Could not get agent IDs automatically: File source configuration not found for node type 'asset'
2026-02-12 13:02:46,746 - __main__ - INFO - Successfully extracted 0 asset nodes
2026-02-12 13:02:46,746 - __main__ - WARNING - Could not get agent IDs automatically: File source configuration not found for node type 'asset'
2026-02-12 13:02:46,746 - __main__ - INFO - Successfully extracted 0 asset nodes
2026-02-12 13:02:46,746 - __main__ - WARNING - Could not get agent IDs automatically: File source configuration not found for node type 'asset'
2026-02-12 13:02:46,747 - __main__ - INFO - Successfully extracted 0 asset nodes
2026-02-12 13:02:46,747 - __main__ - WARNING - Could not get agent IDs automatically: File source configuration not found for node type 'asset'
2026-02-12 13:02:46,747 - __main__ - INFO - Successfully extracted 0 asset nodes
2026-02-12 13:02:46,747 - __main__ - WARNING - Could not get agent IDs automatically: File source configuration not found for node type 'asset'
2026-02-12 13:02:46,747 - __main__ - INFO - Successfully extracted 0 asset nodes
2026-02-12 13:02:46,747 - __main__ - WARNING - Could not get agent IDs automatically: File source configuration not found for node type 'asset'
2026-02-12 13:02:46,747 - __main__ - INFO - Successfully extracted 0 asset nodes
2026-02-12 13:02:46,748 - __main__ - WARNING - Could not get agent IDs automatically: File source configuration not found for node type 'asset'
2026-02-12 13:02:46,748 - __main__ - INFO - Successfully extracted 0 asset nodes
2026-02-12 13:02:46,748 - __main__ - WARNING - Could not get agent IDs automatically: File source configuration not found for node type 'asset'
2026-02-12 13:02:46,748 - __main__ - INFO - Successfully extracted 0 asset nodes
2026-02-12 13:02:46,748 - __main__ - WARNING - Could not get agent IDs automatically: File source configuration not found for node type 'asset'
2026-02-12 13:02:46,749 - __main__ - INFO - Successfully extracted 0 asset nodes
2026-02-12 13:02:46,749 - __main__ - WARNING - Could not get agent IDs automatically: File source configuration not found for node type 'asset'
2026-02-12 13:02:46,749 - __main__ - INFO - Successfully extracted 0 asset nodes
2026-02-12 13:02:46,749 - __main__ - WARNING - Could not get agent IDs automatically: File source configuration not found for node type 'asset'
2026-02-12 13:02:46,749 - __main__ - INFO - Successfully extracted 0 asset nodes
2026-02-12 13:02:46,749 - __main__ - WARNING - Could not get agent IDs automatically: File source configuration not found for node type 'asset'
2026-02-12 13:02:46,749 - __main__ - INFO - Successfully extracted 0 asset nodes
2026-02-12 13:02:46,750 - __main__ - WARNING - Could not get agent IDs automatically: File source configuration not found for node type 'asset'
2026-02-12 13:02:46,750 - __main__ - INFO - Successfully extracted 0 asset nodes
2026-02-12 13:02:46,750 - __main__ - WARNING - Could not get agent IDs automatically: File source configuration not found for node type 'asset'
2026-02-12 13:02:46,750 - __main__ - INFO - Successfully extracted 0 asset nodes
2026-02-12 13:02:46,750 - __main__ - WARNING - Could not get agent IDs automatically: File source configuration not found for node type 'asset'
2026-02-12 13:02:46,750 - __main__ - INFO - Successfully extracted 0 asset nodes
2026-02-12 13:02:46,750 - __main__ - WARNING - Could not get agent IDs automatically: File source configuration not found for node type 'asset'
2026-02-12 13:02:46,751 - __main__ - INFO - Successfully extracted 0 asset nodes
2026-02-12 13:02:46,751 - __main__ - WARNING - Could not get agent IDs automatically: File source configuration not found for node type 'asset'
2026-02-12 13:02:46,751 - __main__ - INFO - Successfully extracted 0 asset nodes
2026-02-12 13:02:46,751 - __main__ - WARNING - Could not get agent IDs automatically: File source configuration not found for node type 'asset'
2026-02-12 13:02:46,751 - __main__ - INFO - Successfully extracted 0 asset nodes
2026-02-12 13:02:46,751 - __main__ - WARNING - Could not get agent IDs automatically: File source configuration not found for node type 'asset'
2026-02-12 13:02:46,752 - __main__ - INFO - Successfully extracted 0 asset nodes
2026-02-12 13:02:46,752 - __main__ - WARNING - Could not get agent IDs automatically: File source configuration not found for node type 'asset'
2026-02-12 13:02:46,752 - __main__ - INFO - Successfully extracted 0 asset nodes
2026-02-12 13:02:46,752 - __main__ - WARNING - Could not get agent IDs automatically: File source configuration not found for node type 'asset'
2026-02-12 13:02:46,752 - __main__ - INFO - Successfully extracted 0 asset nodes
2026-02-12 13:02:46,752 - __main__ - WARNING - Could not get agent IDs automatically: File source configuration not found for node type 'asset'
2026-02-12 13:02:46,752 - __main__ - INFO - Successfully extracted 0 asset nodes
2026-02-12 13:02:46,753 - __main__ - WARNING - Could not get agent IDs automatically: File source configuration not found for node type 'asset'
2026-02-12 13:02:46,753 - __main__ - INFO - Successfully extracted 0 asset nodes
2026-02-12 13:02:46,753 - __main__ - WARNING - Could not get agent IDs automatically: File source configuration not found for node type 'asset'
2026-02-12 13:02:46,753 - __main__ - INFO - Successfully extracted 0 asset nodes
2026-02-12 13:02:46,753 - __main__ - WARNING - Could not get agent IDs automatically: File source configuration not found for node type 'asset'
2026-02-12 13:02:46,754 - __main__ - INFO - Successfully extracted 0 asset nodes
2026-02-12 13:02:46,754 - __main__ - WARNING - Could not get agent IDs automatically: File source configuration not found for node type 'asset'
2026-02-12 13:02:46,754 - __main__ - INFO - Successfully extracted 0 asset nodes
2026-02-12 13:02:46,754 - __main__ - WARNING - Could not get agent IDs automatically: File source configuration not found for node type 'asset'
2026-02-12 13:02:46,754 - __main__ - INFO - Successfully extracted 0 asset nodes
2026-02-12 13:02:46,755 - __main__ - WARNING - Could not get agent IDs automatically: File source configuration not found for node type 'asset'
2026-02-12 13:02:46,755 - __main__ - INFO - Successfully extracted 0 asset nodes
2026-02-12 13:02:46,755 - __main__ - WARNING - Could not get agent IDs automatically: File source configuration not found for node type 'asset'
2026-02-12 13:02:46,755 - __main__ - INFO - Successfully extracted 0 asset nodes
2026-02-12 13:02:46,756 - __main__ - WARNING - Could not get agent IDs automatically: File source configuration not found for node type 'asset'
2026-02-12 13:02:46,756 - __main__ - INFO - Successfully extracted 0 asset nodes
2026-02-12 13:02:46,756 - __main__ - WARNING - Could not get agent IDs automatically: File source configuration not found for node type 'asset'
2026-02-12 13:02:46,756 - __main__ - INFO - Successfully extracted 0 asset nodes
2026-02-12 13:02:46,756 - __main__ - WARNING - Could not get agent IDs automatically: File source configuration not found for node type 'asset'
2026-02-12 13:02:46,757 - __main__ - INFO - Successfully extracted 0 asset nodes
2026-02-12 13:02:46,757 - __main__ - WARNING - Could not get agent IDs automatically: File source configuration not found for node type 'asset'
2026-02-12 13:02:46,757 - __main__ - INFO - Successfully extracted 0 asset nodes
2026-02-12 13:02:46,757 - __main__ - WARNING - Could not get agent IDs automatically: File source configuration not found for node type 'asset'
2026-02-12 13:02:46,758 - __main__ - INFO - Successfully extracted 0 asset nodes
2026-02-12 13:02:46,758 - __main__ - WARNING - Could not get agent IDs automatically: File source configuration not found for node type 'asset'
2026-02-12 13:02:46,758 - __main__ - INFO - Successfully extracted 0 asset nodes
2026-02-12 13:02:46,758 - __main__ - WARNING - Could not get agent IDs automatically: File source configuration not found for node type 'asset'
2026-02-12 13:02:46,759 - __main__ - INFO - Successfully extracted 0 asset nodes
2026-02-12 13:02:46,759 - __main__ - WARNING - Could not get agent IDs automatically: File source configuration not found for node type 'asset'
2026-02-12 13:02:46,759 - __main__ - INFO - Successfully extracted 0 asset nodes
2026-02-12 13:02:46,759 - __main__ - WARNING - Could not get agent IDs automatically: File source configuration not found for node type 'asset'
2026-02-12 13:02:46,760 - __main__ - INFO - Successfully extracted 0 asset nodes
2026-02-12 13:02:46,760 - __main__ - WARNING - Could not get agent IDs automatically: File source configuration not found for node type 'asset'
2026-02-12 13:02:46,760 - __main__ - INFO - Successfully extracted 0 asset nodes
2026-02-12 13:02:46,760 - __main__ - WARNING - Could not get agent IDs automatically: File source configuration not found for node type 'asset'
2026-02-12 13:02:46,760 - __main__ - INFO - Successfully extracted 0 asset nodes
2026-02-12 13:02:46,760 - __main__ - WARNING - Could not get agent IDs automatically: File source configuration not found for node type 'asset'
2026-02-12 13:02:46,761 - __main__ - INFO - Successfully extracted 0 asset nodes
2026-02-12 13:02:46,761 - __main__ - WARNING - Could not get agent IDs automatically: File source configuration not found for node type 'asset'
2026-02-12 13:02:46,761 - __main__ - INFO - Successfully extracted 0 asset nodes
2026-02-12 13:02:46,761 - __main__ - WARNING - Could not get agent IDs automatically: File source configuration not found for node type 'asset'
2026-02-12 13:02:46,761 - __main__ - INFO - Successfully extracted 0 asset nodes
2026-02-12 13:02:46,761 - __main__ - WARNING - Could not get agent IDs automatically: File source configuration not found for node type 'asset'
2026-02-12 13:02:46,761 - __main__ - INFO - Successfully extracted 0 asset nodes
2026-02-12 13:02:46,761 - __main__ - WARNING - Could not get agent IDs automatically: File source configuration not found for node type 'asset'
2026-02-12 13:02:46,762 - __main__ - INFO - Successfully extracted 0 asset nodes
2026-02-12 13:02:46,762 - __main__ - WARNING - Could not get agent IDs automatically: File source configuration not found for node type 'asset'
2026-02-12 13:02:46,762 - __main__ - INFO - Successfully extracted 0 asset nodes
2026-02-12 13:02:46,762 - __main__ - WARNING - Could not get agent IDs automatically: File source configuration not found for node type 'asset'
2026-02-12 13:02:46,763 - __main__ - INFO - Successfully extracted 0 asset nodes
2026-02-12 13:02:46,763 - __main__ - WARNING - Could not get agent IDs automatically: File source configuration not found for node type 'asset'
2026-02-12 13:02:46,763 - __main__ - INFO - Successfully extracted 0 asset nodes
2026-02-12 13:02:46,763 - __main__ - WARNING - Could not get agent IDs automatically: File source configuration not found for node type 'asset'
2026-02-12 13:02:46,763 - __main__ - INFO - Successfully extracted 0 asset nodes
2026-02-12 13:02:46,763 - __main__ - WARNING - Could not get agent IDs automatically: File source configuration not found for node type 'asset'
2026-02-12 13:02:46,764 - __main__ - INFO - Successfully extracted 0 asset nodes
2026-02-12 13:02:46,764 - __main__ - WARNING - Could not get agent IDs automatically: File source configuration not found for node type 'asset'
2026-02-12 13:02:46,764 - __main__ - INFO - Successfully extracted 0 asset nodes
2026-02-12 13:02:46,764 - __main__ - WARNING - Could not get agent IDs automatically: File source configuration not found for node type 'asset'
2026-02-12 13:02:46,764 - __main__ - INFO - Successfully extracted 0 asset nodes
2026-02-12 13:02:46,764 - __main__ - WARNING - Could not get agent IDs automatically: File source configuration not found for node type 'asset'
2026-02-12 13:02:46,764 - __main__ - INFO - Successfully extracted 0 asset nodes
2026-02-12 13:02:46,765 - __main__ - WARNING - Could not get agent IDs automatically: File source configuration not found for node type 'asset'
2026-02-12 13:02:46,765 - __main__ - INFO - Successfully extracted 0 asset nodes
2026-02-12 13:02:46,765 - __main__ - WARNING - Could not get agent IDs automatically: File source configuration not found for node type 'asset'
2026-02-12 13:02:46,765 - __main__ - INFO - Successfully extracted 0 asset nodes
2026-02-12 13:02:46,765 - __main__ - WARNING - Could not get agent IDs automatically: File source configuration not found for node type 'asset'
2026-02-12 13:02:46,765 - __main__ - INFO - Successfully extracted 0 asset nodes
2026-02-12 13:02:46,765 - __main__ - WARNING - Could not get agent IDs automatically: File source configuration not found for node type 'asset'
2026-02-12 13:02:46,765 - __main__ - INFO - Successfully extracted 0 asset nodes
2026-02-12 13:02:46,766 - __main__ - WARNING - Could not get agent IDs automatically: File source configuration not found for node type 'asset'
2026-02-12 13:02:46,766 - __main__ - INFO - Successfully extracted 0 asset nodes
2026-02-12 13:02:46,766 - __main__ - WARNING - Could not get agent IDs automatically: File source configuration not found for node type 'asset'
2026-02-12 13:02:46,766 - __main__ - INFO - Successfully extracted 0 asset nodes
2026-02-12 13:02:46,766 - __main__ - WARNING - Could not get agent IDs automatically: File source configuration not found for node type 'asset'
2026-02-12 13:02:46,766 - __main__ - INFO - Successfully extracted 0 asset nodes
2026-02-12 13:02:46,766 - __main__ - WARNING - Could not get agent IDs automatically: File source configuration not found for node type 'asset'
2026-02-12 13:02:46,767 - __main__ - INFO - Successfully extracted 0 asset nodes
2026-02-12 13:02:46,767 - __main__ - WARNING - Could not get agent IDs automatically: File source configuration not found for node type 'asset'
2026-02-12 13:02:46,767 - __main__ - INFO - Successfully extracted 0 asset nodes
2026-02-12 13:02:46,767 - __main__ - WARNING - Could not get agent IDs automatically: File source configuration not found for node type 'asset'
2026-02-12 13:02:46,767 - __main__ - INFO - Successfully extracted 0 asset nodes
2026-02-12 13:02:46,768 - __main__ - WARNING - Could not get agent IDs automatically: File source configuration not found for node type 'asset'
2026-02-12 13:02:46,768 - __main__ - INFO - Successfully extracted 0 asset nodes
2026-02-12 13:02:46,768 - __main__ - WARNING - Could not get agent IDs automatically: File source configuration not found for node type 'asset'
2026-02-12 13:02:46,768 - __main__ - INFO - Successfully extracted 0 asset nodes
2026-02-12 13:02:46,768 - __main__ - WARNING - Could not get agent IDs automatically: File source configuration not found for node type 'asset'
2026-02-12 13:02:46,768 - __main__ - INFO - Successfully extracted 0 asset nodes
2026-02-12 13:02:46,769 - __main__ - WARNING - Could not get agent IDs automatically: File source configuration not found for node type 'asset'
2026-02-12 13:02:46,769 - __main__ - INFO - Successfully extracted 0 asset nodes
2026-02-12 13:02:46,769 - __main__ - WARNING - Could not get agent IDs automatically: File source configuration not found for node type 'asset'
2026-02-12 13:02:46,769 - __main__ - INFO - Successfully extracted 0 asset nodes
2026-02-12 13:02:46,769 - __main__ - WARNING - Could not get agent IDs automatically: File source configuration not found for node type 'asset'
2026-02-12 13:02:46,769 - __main__ - INFO - Successfully extracted 0 asset nodes
2026-02-12 13:02:46,770 - __main__ - WARNING - Could not get agent IDs automatically: File source configuration not found for node type 'asset'
2026-02-12 13:02:46,770 - __main__ - INFO - Successfully extracted 0 asset nodes
2026-02-12 13:02:46,770 - __main__ - WARNING - Could not get agent IDs automatically: File source configuration not found for node type 'asset'
2026-02-12 13:02:46,770 - __main__ - INFO - Successfully extracted 0 asset nodes
2026-02-12 13:02:46,770 - __main__ - WARNING - Could not get agent IDs automatically: File source configuration not found for node type 'asset'
2026-02-12 13:02:46,770 - __main__ - INFO - Successfully extracted 0 asset nodes
2026-02-12 13:02:46,771 - __main__ - WARNING - Could not get agent IDs automatically: File source configuration not found for node type 'asset'
2026-02-12 13:02:46,771 - __main__ - INFO - Successfully extracted 0 asset nodes
2026-02-12 13:02:46,771 - __main__ - WARNING - Could not get agent IDs automatically: File source configuration not found for node type 'asset'
2026-02-12 13:02:46,771 - __main__ - INFO - Successfully extracted 0 asset nodes
2026-02-12 13:02:46,772 - __main__ - WARNING - Could not get agent IDs automatically: File source configuration not found for node type 'asset'
2026-02-12 13:02:46,772 - __main__ - INFO - Successfully extracted 0 asset nodes
2026-02-12 13:02:46,772 - __main__ - WARNING - Could not get agent IDs automatically: File source configuration not found for node type 'asset'
2026-02-12 13:02:46,772 - __main__ - INFO - Successfully extracted 0 asset nodes
2026-02-12 13:02:46,773 - __main__ - WARNING - Could not get agent IDs automatically: File source configuration not found for node type 'asset'
2026-02-12 13:02:46,773 - __main__ - INFO - Successfully extracted 0 asset nodes
2026-02-12 13:02:46,773 - __main__ - WARNING - Could not get agent IDs automatically: File source configuration not found for node type 'asset'
2026-02-12 13:02:46,773 - __main__ - INFO - Successfully extracted 0 asset nodes
2026-02-12 13:02:46,773 - __main__ - WARNING - Could not get agent IDs automatically: File source configuration not found for node type 'asset'
2026-02-12 13:02:46,774 - __main__ - INFO - Successfully extracted 0 asset nodes
2026-02-12 13:02:46,774 - __main__ - WARNING - Could not get agent IDs automatically: File source configuration not found for node type 'asset'
2026-02-12 13:02:46,774 - __main__ - INFO - Successfully extracted 0 asset nodes
2026-02-12 13:02:46,774 - __main__ - WARNING - Could not get agent IDs automatically: File source configuration not found for node type 'asset'
2026-02-12 13:02:46,774 - __main__ - INFO - Successfully extracted 0 asset nodes
2026-02-12 13:02:46,775 - __main__ - WARNING - Could not get agent IDs automatically: File source configuration not found for node type 'asset'
2026-02-12 13:02:46,775 - __main__ - INFO - Successfully extracted 0 asset nodes
2026-02-12 13:02:46,775 - __main__ - WARNING - Could not get agent IDs automatically: File source configuration not found for node type 'asset'
2026-02-12 13:02:46,775 - __main__ - INFO - Successfully extracted 0 asset nodes
2026-02-12 13:02:46,775 - __main__ - WARNING - Could not get agent IDs automatically: File source configuration not found for node type 'asset'
2026-02-12 13:02:46,776 - __main__ - INFO - Successfully extracted 0 asset nodes
2026-02-12 13:02:46,776 - __main__ - WARNING - Could not get agent IDs automatically: File source configuration not found for node type 'asset'
2026-02-12 13:02:46,776 - __main__ - INFO - Successfully extracted 0 asset nodes
2026-02-12 13:02:46,776 - __main__ - WARNING - Could not get agent IDs automatically: File source configuration not found for node type 'asset'
2026-02-12 13:02:46,776 - __main__ - INFO - Successfully extracted 0 asset nodes
2026-02-12 13:02:46,776 - __main__ - WARNING - Could not get agent IDs automatically: File source configuration not found for node type 'asset'
2026-02-12 13:02:46,777 - __main__ - INFO - Successfully extracted 0 asset nodes
2026-02-12 13:02:46,777 - __main__ - WARNING - Could not get agent IDs automatically: File source configuration not found for node type 'asset'
2026-02-12 13:02:46,777 - __main__ - INFO - Successfully extracted 0 asset nodes
2026-02-12 13:02:46,777 - __main__ - WARNING - Could not get agent IDs automatically: File source configuration not found for node type 'asset'
2026-02-12 13:02:46,777 - __main__ - INFO - Successfully extracted 0 asset nodes
2026-02-12 13:02:46,777 - __main__ - WARNING - Could not get agent IDs automatically: File source configuration not found for node type 'asset'
2026-02-12 13:02:46,777 - __main__ - INFO - Successfully extracted 0 asset nodes
2026-02-12 13:02:46,778 - __main__ - WARNING - Could not get agent IDs automatically: File source configuration not found for node type 'asset'
2026-02-12 13:02:46,778 - __main__ - INFO - Successfully extracted 0 asset nodes
2026-02-12 13:02:46,778 - __main__ - WARNING - Could not get agent IDs automatically: File source configuration not found for node type 'asset'
2026-02-12 13:02:46,778 - __main__ - INFO - Successfully extracted 0 asset nodes
2026-02-12 13:02:46,778 - __main__ - WARNING - Could not get agent IDs automatically: File source configuration not found for node type 'asset'
2026-02-12 13:02:46,778 - __main__ - INFO - Successfully extracted 0 asset nodes
2026-02-12 13:02:46,778 - __main__ - WARNING - Could not get agent IDs automatically: File source configuration not found for node type 'asset'
2026-02-12 13:02:46,778 - __main__ - INFO - Successfully extracted 0 asset nodes
2026-02-12 13:02:46,778 - __main__ - WARNING - Could not get agent IDs automatically: File source configuration not found for node type 'asset'
2026-02-12 13:02:46,778 - __main__ - INFO - Successfully extracted 0 asset nodes
2026-02-12 13:02:46,779 - __main__ - WARNING - Could not get agent IDs automatically: File source configuration not found for node type 'asset'
2026-02-12 13:02:46,779 - __main__ - INFO - Successfully extracted 0 asset nodes
2026-02-12 13:02:46,779 - __main__ - WARNING - Could not get agent IDs automatically: File source configuration not found for node type 'asset'
2026-02-12 13:02:46,779 - __main__ - INFO - Successfully extracted 0 asset nodes
2026-02-12 13:02:46,779 - __main__ - WARNING - Could not get agent IDs automatically: File source configuration not found for node type 'asset'
2026-02-12 13:02:46,779 - __main__ - INFO - Successfully extracted 0 asset nodes
2026-02-12 13:02:46,780 - __main__ - WARNING - Could not get agent IDs automatically: File source configuration not found for node type 'asset'
2026-02-12 13:02:46,780 - __main__ - INFO - Successfully extracted 0 asset nodes
2026-02-12 13:02:46,780 - __main__ - WARNING - Could not get agent IDs automatically: File source configuration not found for node type 'asset'
2026-02-12 13:02:46,780 - __main__ - INFO - Successfully extracted 0 asset nodes
2026-02-12 13:02:46,780 - __main__ - WARNING - Could not get agent IDs automatically: File source configuration not found for node type 'asset'
2026-02-12 13:02:46,781 - __main__ - INFO - Successfully extracted 0 asset nodes
2026-02-12 13:02:46,781 - __main__ - WARNING - Could not get agent IDs automatically: File source configuration not found for node type 'asset'
2026-02-12 13:02:46,781 - __main__ - INFO - Successfully extracted 0 asset nodes
2026-02-12 13:02:46,781 - __main__ - WARNING - Could not get agent IDs automatically: File source configuration not found for node type 'asset'
2026-02-12 13:02:46,781 - __main__ - INFO - Successfully extracted 0 asset nodes
2026-02-12 13:02:46,781 - __main__ - WARNING - Could not get agent IDs automatically: File source configuration not found for node type 'asset'
2026-02-12 13:02:46,782 - __main__ - INFO - Successfully extracted 0 asset nodes
2026-02-12 13:02:46,782 - __main__ - WARNING - Could not get agent IDs automatically: File source configuration not found for node type 'asset'
2026-02-12 13:02:46,782 - __main__ - INFO - Successfully extracted 0 asset nodes
2026-02-12 13:02:46,782 - __main__ - WARNING - Could not get agent IDs automatically: File source configuration not found for node type 'asset'
2026-02-12 13:02:46,782 - __main__ - INFO - Successfully extracted 0 asset nodes
2026-02-12 13:02:46,783 - __main__ - WARNING - Could not get agent IDs automatically: File source configuration not found for node type 'asset'
2026-02-12 13:02:46,783 - __main__ - INFO - Successfully extracted 0 asset nodes
2026-02-12 13:02:46,783 - __main__ - WARNING - Could not get agent IDs automatically: File source configuration not found for node type 'asset'
2026-02-12 13:02:46,783 - __main__ - INFO - Successfully extracted 0 asset nodes
2026-02-12 13:02:46,783 - __main__ - WARNING - Could not get agent IDs automatically: File source configuration not found for node type 'asset'
2026-02-12 13:02:46,784 - __main__ - INFO - Successfully extracted 0 asset nodes
2026-02-12 13:02:46,784 - __main__ - WARNING - Could not get agent IDs automatically: File source configuration not found for node type 'asset'
2026-02-12 13:02:46,784 - __main__ - INFO - Successfully extracted 0 asset nodes
2026-02-12 13:02:46,784 - __main__ - WARNING - Could not get agent IDs automatically: File source configuration not found for node type 'asset'
2026-02-12 13:02:46,785 - __main__ - INFO - Successfully extracted 0 asset nodes
2026-02-12 13:02:46,785 - __main__ - WARNING - Could not get agent IDs automatically: File source configuration not found for node type 'asset'
2026-02-12 13:02:46,785 - __main__ - INFO - Successfully extracted 0 asset nodes
2026-02-12 13:02:46,785 - __main__ - WARNING - Could not get agent IDs automatically: File source configuration not found for node type 'asset'
2026-02-12 13:02:46,786 - __main__ - INFO - Successfully extracted 0 asset nodes
2026-02-12 13:02:46,786 - __main__ - WARNING - Could not get agent IDs automatically: File source configuration not found for node type 'asset'
2026-02-12 13:02:46,786 - __main__ - INFO - Successfully extracted 0 asset nodes
2026-02-12 13:02:46,786 - __main__ - WARNING - Could not get agent IDs automatically: File source configuration not found for node type 'asset'
2026-02-12 13:02:46,786 - __main__ - INFO - Successfully extracted 0 asset nodes
2026-02-12 13:02:46,787 - __main__ - WARNING - Could not get agent IDs automatically: File source configuration not found for node type 'asset'
2026-02-12 13:02:46,787 - __main__ - INFO - Successfully extracted 0 asset nodes
2026-02-12 13:02:46,787 - __main__ - WARNING - Could not get agent IDs automatically: File source configuration not found for node type 'asset'
2026-02-12 13:02:46,787 - __main__ - INFO - Successfully extracted 0 asset nodes
2026-02-12 13:02:46,788 - __main__ - WARNING - Could not get agent IDs automatically: File source configuration not found for node type 'asset'
2026-02-12 13:02:46,788 - __main__ - INFO - Successfully extracted 0 asset nodes
2026-02-12 13:02:46,788 - __main__ - WARNING - Could not get agent IDs automatically: File source configuration not found for node type 'asset'
2026-02-12 13:02:46,789 - __main__ - INFO - Successfully extracted 0 asset nodes
2026-02-12 13:02:46,789 - __main__ - WARNING - Could not get agent IDs automatically: File source configuration not found for node type 'asset'
2026-02-12 13:02:46,789 - __main__ - INFO - Successfully extracted 0 asset nodes
2026-02-12 13:02:46,789 - __main__ - WARNING - Could not get agent IDs automatically: File source configuration not found for node type 'asset'
2026-02-12 13:02:46,789 - __main__ - INFO - Successfully extracted 0 asset nodes
2026-02-12 13:02:46,790 - __main__ - WARNING - Could not get agent IDs automatically: File source configuration not found for node type 'asset'
2026-02-12 13:02:46,790 - __main__ - INFO - Successfully extracted 0 asset nodes
2026-02-12 13:02:46,790 - __main__ - WARNING - Could not get agent IDs automatically: File source configuration not found for node type 'asset'
2026-02-12 13:02:46,790 - __main__ - INFO - Successfully extracted 0 asset nodes
2026-02-12 13:02:46,790 - __main__ - WARNING - Could not get agent IDs automatically: File source configuration not found for node type 'asset'
2026-02-12 13:02:46,790 - __main__ - INFO - Successfully extracted 0 asset nodes
2026-02-12 13:02:46,791 - __main__ - WARNING - Could not get agent IDs automatically: File source configuration not found for node type 'asset'
2026-02-12 13:02:46,791 - __main__ - INFO - Successfully extracted 0 asset nodes
2026-02-12 13:02:46,791 - __main__ - WARNING - Could not get agent IDs automatically: File source configuration not found for node type 'asset'
2026-02-12 13:02:46,791 - __main__ - INFO - Successfully extracted 0 asset nodes
2026-02-12 13:02:46,792 - __main__ - WARNING - Could not get agent IDs automatically: File source configuration not found for node type 'asset'
2026-02-12 13:02:46,792 - __main__ - INFO - Successfully extracted 0 asset nodes
2026-02-12 13:02:46,792 - __main__ - WARNING - Could not get agent IDs automatically: File source configuration not found for node type 'asset'
2026-02-12 13:02:46,792 - __main__ - INFO - Successfully extracted 0 asset nodes
2026-02-12 13:02:46,792 - __main__ - WARNING - Could not get agent IDs automatically: File source configuration not found for node type 'asset'
2026-02-12 13:02:46,792 - __main__ - INFO - Successfully extracted 0 asset nodes
2026-02-12 13:02:46,793 - __main__ - WARNING - Could not get agent IDs automatically: File source configuration not found for node type 'asset'
2026-02-12 13:02:46,793 - __main__ - INFO - Successfully extracted 0 asset nodes
2026-02-12 13:02:46,793 - __main__ - WARNING - Could not get agent IDs automatically: File source configuration not found for node type 'asset'
2026-02-12 13:02:46,793 - __main__ - INFO - Successfully extracted 0 asset nodes
2026-02-12 13:02:46,793 - __main__ - WARNING - Could not get agent IDs automatically: File source configuration not found for node type 'asset'
2026-02-12 13:02:46,793 - __main__ - INFO - Successfully extracted 0 asset nodes
2026-02-12 13:02:46,793 - __main__ - WARNING - Could not get agent IDs automatically: File source configuration not found for node type 'asset'
2026-02-12 13:02:46,794 - __main__ - INFO - Successfully extracted 0 asset nodes
2026-02-12 13:02:46,794 - __main__ - WARNING - Could not get agent IDs automatically: File source configuration not found for node type 'asset'
2026-02-12 13:02:46,794 - __main__ - INFO - Successfully extracted 0 asset nodes
2026-02-12 13:02:46,794 - __main__ - WARNING - Could not get agent IDs automatically: File source configuration not found for node type 'asset'
2026-02-12 13:02:46,794 - __main__ - INFO - Successfully extracted 0 asset nodes
2026-02-12 13:02:46,795 - __main__ - WARNING - Could not get agent IDs automatically: File source configuration not found for node type 'asset'
2026-02-12 13:02:46,795 - __main__ - INFO - Successfully extracted 0 asset nodes
2026-02-12 13:02:46,795 - __main__ - WARNING - Could not get agent IDs automatically: File source configuration not found for node type 'asset'
2026-02-12 13:02:46,795 - __main__ - INFO - Successfully extracted 0 asset nodes
2026-02-12 13:02:46,795 - __main__ - WARNING - Could not get agent IDs automatically: File source configuration not found for node type 'asset'
2026-02-12 13:02:46,796 - __main__ - INFO - Successfully extracted 0 asset nodes
2026-02-12 13:02:46,796 - __main__ - WARNING - Could not get agent IDs automatically: File source configuration not found for node type 'asset'
2026-02-12 13:02:46,796 - __main__ - INFO - Successfully extracted 0 asset nodes
2026-02-12 13:02:46,796 - __main__ - WARNING - Could not get agent IDs automatically: File source configuration not found for node type 'asset'
2026-02-12 13:02:46,796 - __main__ - INFO - Successfully extracted 0 asset nodes
2026-02-12 13:02:46,796 - __main__ - WARNING - Could not get agent IDs automatically: File source configuration not found for node type 'asset'
2026-02-12 13:02:46,797 - __main__ - INFO - Successfully extracted 0 asset nodes
2026-02-12 13:02:46,797 - __main__ - WARNING - Could not get agent IDs automatically: File source configuration not found for node type 'asset'
2026-02-12 13:02:46,797 - __main__ - INFO - Successfully extracted 0 asset nodes
2026-02-12 13:02:46,797 - __main__ - WARNING - Could not get agent IDs automatically: File source configuration not found for node type 'asset'
2026-02-12 13:02:46,797 - __main__ - INFO - Successfully extracted 0 asset nodes
2026-02-12 13:02:46,797 - __main__ - WARNING - Could not get agent IDs automatically: File source configuration not found for node type 'asset'
2026-02-12 13:02:46,798 - __main__ - INFO - Successfully extracted 0 asset nodes
2026-02-12 13:02:46,798 - __main__ - WARNING - Could not get agent IDs automatically: File source configuration not found for node type 'asset'
2026-02-12 13:02:46,798 - __main__ - INFO - Successfully extracted 0 asset nodes
2026-02-12 13:02:46,798 - __main__ - WARNING - Could not get agent IDs automatically: File source configuration not found for node type 'asset'
2026-02-12 13:02:46,798 - __main__ - INFO - Successfully extracted 0 asset nodes
2026-02-12 13:02:46,798 - __main__ - WARNING - Could not get agent IDs automatically: File source configuration not found for node type 'asset'
2026-02-12 13:02:46,798 - __main__ - INFO - Successfully extracted 0 asset nodes
2026-02-12 13:02:46,798 - __main__ - WARNING - Could not get agent IDs automatically: File source configuration not found for node type 'asset'
2026-02-12 13:02:46,798 - __main__ - INFO - Successfully extracted 0 asset nodes
2026-02-12 13:02:46,799 - __main__ - WARNING - Could not get agent IDs automatically: File source configuration not found for node type 'asset'
2026-02-12 13:02:46,799 - __main__ - INFO - Successfully extracted 0 asset nodes
2026-02-12 13:02:46,799 - __main__ - WARNING - Could not get agent IDs automatically: File source configuration not found for node type 'asset'
2026-02-12 13:02:46,799 - __main__ - INFO - Successfully extracted 0 asset nodes
2026-02-12 13:02:46,799 - __main__ - WARNING - Could not get agent IDs automatically: File source configuration not found for node type 'asset'
2026-02-12 13:02:46,799 - __main__ - INFO - Successfully extracted 0 asset nodes
2026-02-12 13:02:46,799 - __main__ - WARNING - Could not get agent IDs automatically: File source configuration not found for node type 'asset'
2026-02-12 13:02:46,800 - __main__ - INFO - Successfully extracted 0 asset nodes
2026-02-12 13:02:46,800 - __main__ - WARNING - Could not get agent IDs automatically: File source configuration not found for node type 'asset'
2026-02-12 13:02:46,808 - __main__ - INFO - Successfully extracted 0 asset nodes
2026-02-12 13:02:46,808 - __main__ - WARNING - Could not get agent IDs automatically: File source configuration not found for node type 'asset'
2026-02-12 13:02:46,808 - __main__ - INFO - Successfully extracted 0 asset nodes
2026-02-12 13:02:46,808 - __main__ - WARNING - Could not get agent IDs automatically: File source configuration not found for node type 'asset'
2026-02-12 13:02:46,809 - __main__ - INFO - Successfully extracted 0 asset nodes
2026-02-12 13:02:46,809 - __main__ - WARNING - Could not get agent IDs automatically: File source configuration not found for node type 'asset'
2026-02-12 13:02:46,809 - __main__ - INFO - Successfully extracted 0 asset nodes
2026-02-12 13:02:46,809 - __main__ - WARNING - Could not get agent IDs automatically: File source configuration not found for node type 'asset'
2026-02-12 13:02:46,809 - __main__ - INFO - Successfully extracted 0 asset nodes
2026-02-12 13:02:46,809 - __main__ - WARNING - Could not get agent IDs automatically: File source configuration not found for node type 'asset'
2026-02-12 13:02:46,810 - __main__ - INFO - Successfully extracted 0 asset nodes
2026-02-12 13:02:46,810 - __main__ - WARNING - Could not get agent IDs automatically: File source configuration not found for node type 'asset'
2026-02-12 13:02:46,810 - __main__ - INFO - Successfully extracted 0 asset nodes
2026-02-12 13:02:46,810 - __main__ - WARNING - Could not get agent IDs automatically: File source configuration not found for node type 'asset'
2026-02-12 13:02:46,810 - __main__ - INFO - Successfully extracted 0 asset nodes
2026-02-12 13:02:46,810 - __main__ - WARNING - Could not get agent IDs automatically: File source configuration not found for node type 'asset'
2026-02-12 13:02:46,810 - __main__ - INFO - Successfully extracted 0 asset nodes
2026-02-12 13:02:46,811 - __main__ - WARNING - Could not get agent IDs automatically: File source configuration not found for node type 'asset'
2026-02-12 13:02:46,811 - __main__ - INFO - Successfully extracted 0 asset nodes
2026-02-12 13:02:46,811 - __main__ - WARNING - Could not get agent IDs automatically: File source configuration not found for node type 'asset'
2026-02-12 13:02:46,811 - __main__ - INFO - Successfully extracted 0 asset nodes
2026-02-12 13:02:46,811 - __main__ - WARNING - Could not get agent IDs automatically: File source configuration not found for node type 'asset'
2026-02-12 13:02:46,811 - __main__ - INFO - Successfully extracted 0 asset nodes
2026-02-12 13:02:46,812 - __main__ - WARNING - Could not get agent IDs automatically: File source configuration not found for node type 'asset'
2026-02-12 13:02:46,812 - __main__ - INFO - Successfully extracted 0 asset nodes
2026-02-12 13:02:46,812 - __main__ - WARNING - Could not get agent IDs automatically: File source configuration not found for node type 'asset'
2026-02-12 13:02:46,812 - __main__ - INFO - Successfully extracted 0 asset nodes
2026-02-12 13:02:46,812 - __main__ - WARNING - Could not get agent IDs automatically: File source configuration not found for node type 'asset'
2026-02-12 13:02:46,812 - __main__ - INFO - Successfully extracted 0 asset nodes
2026-02-12 13:02:46,813 - __main__ - WARNING - Could not get agent IDs automatically: File source configuration not found for node type 'asset'
2026-02-12 13:02:46,813 - __main__ - INFO - Successfully extracted 0 asset nodes
2026-02-12 13:02:46,813 - __main__ - WARNING - Could not get agent IDs automatically: File source configuration not found for node type 'asset'
2026-02-12 13:02:46,813 - __main__ - INFO - Successfully extracted 0 asset nodes
2026-02-12 13:02:46,813 - __main__ - WARNING - Could not get agent IDs automatically: File source configuration not found for node type 'asset'
2026-02-12 13:02:46,813 - __main__ - INFO - Successfully extracted 0 asset nodes
2026-02-12 13:02:46,813 - __main__ - WARNING - Could not get agent IDs automatically: File source configuration not found for node type 'asset'
2026-02-12 13:02:46,813 - __main__ - INFO - Successfully extracted 0 asset nodes
2026-02-12 13:02:46,814 - __main__ - WARNING - Could not get agent IDs automatically: File source configuration not found for node type 'asset'
2026-02-12 13:02:46,814 - __main__ - INFO - Successfully extracted 0 asset nodes
2026-02-12 13:02:46,814 - __main__ - WARNING - Could not get agent IDs automatically: File source configuration not found for node type 'asset'
2026-02-12 13:02:46,814 - __main__ - INFO - Successfully extracted 0 asset nodes
2026-02-12 13:02:46,814 - __main__ - WARNING - Could not get agent IDs automatically: File source configuration not found for node type 'asset'
2026-02-12 13:02:46,815 - __main__ - INFO - Successfully extracted 0 asset nodes
2026-02-12 13:02:46,815 - __main__ - WARNING - Could not get agent IDs automatically: File source configuration not found for node type 'asset'
2026-02-12 13:02:46,815 - __main__ - INFO - Successfully extracted 0 asset nodes
2026-02-12 13:02:46,815 - __main__ - WARNING - Could not get agent IDs automatically: File source configuration not found for node type 'asset'
2026-02-12 13:02:46,815 - __main__ - INFO - Successfully extracted 0 asset nodes
2026-02-12 13:02:46,815 - __main__ - WARNING - Could not get agent IDs automatically: File source configuration not found for node type 'asset'
2026-02-12 13:02:46,816 - __main__ - INFO - Successfully extracted 0 asset nodes
2026-02-12 13:02:46,816 - __main__ - WARNING - Could not get agent IDs automatically: File source configuration not found for node type 'asset'
2026-02-12 13:02:46,816 - __main__ - INFO - Successfully extracted 0 asset nodes
2026-02-12 13:02:46,816 - __main__ - WARNING - Could not get agent IDs automatically: File source configuration not found for node type 'asset'
2026-02-12 13:02:46,816 - __main__ - INFO - Successfully extracted 0 asset nodes
2026-02-12 13:02:46,816 - __main__ - WARNING - Could not get agent IDs automatically: File source configuration not found for node type 'asset'
2026-02-12 13:02:46,817 - __main__ - INFO - Successfully extracted 0 asset nodes
2026-02-12 13:02:46,817 - __main__ - WARNING - Could not get agent IDs automatically: File source configuration not found for node type 'asset'
2026-02-12 13:02:46,817 - __main__ - INFO - Successfully extracted 0 asset nodes
2026-02-12 13:02:46,817 - __main__ - WARNING - Could not get agent IDs automatically: File source configuration not found for node type 'asset'
2026-02-12 13:02:46,817 - __main__ - INFO - Successfully extracted 0 asset nodes
2026-02-12 13:02:46,817 - __main__ - WARNING - Could not get agent IDs automatically: File source configuration not found for node type 'asset'
2026-02-12 13:02:46,817 - __main__ - INFO - Successfully extracted 0 asset nodes
2026-02-12 13:02:46,818 - __main__ - WARNING - Could not get agent IDs automatically: File source configuration not found for node type 'asset'
2026-02-12 13:02:46,818 - __main__ - INFO - Successfully extracted 0 asset nodes
2026-02-12 13:02:46,818 - __main__ - WARNING - Could not get agent IDs automatically: File source configuration not found for node type 'asset'
2026-02-12 13:02:46,818 - __main__ - INFO - Successfully extracted 0 asset nodes
2026-02-12 13:02:46,818 - __main__ - WARNING - Could not get agent IDs automatically: File source configuration not found for node type 'asset'
2026-02-12 13:02:46,818 - __main__ - INFO - Successfully extracted 0 asset nodes
2026-02-12 13:02:46,818 - __main__ - WARNING - Could not get agent IDs automatically: File source configuration not found for node type 'asset'
2026-02-12 13:02:46,819 - __main__ - INFO - Successfully extracted 0 asset nodes
2026-02-12 13:02:46,819 - __main__ - WARNING - Could not get agent IDs automatically: File source configuration not found for node type 'asset'
2026-02-12 13:02:46,819 - __main__ - INFO - Successfully extracted 0 asset nodes
2026-02-12 13:02:46,819 - __main__ - WARNING - Could not get agent IDs automatically: File source configuration not found for node type 'asset'
2026-02-12 13:02:46,819 - __main__ - INFO - Successfully extracted 0 asset nodes
2026-02-12 13:02:46,819 - __main__ - WARNING - Could not get agent IDs automatically: File source configuration not found for node type 'asset'
2026-02-12 13:02:46,819 - __main__ - INFO - Successfully extracted 0 asset nodes
2026-02-12 13:02:46,820 - __main__ - WARNING - Could not get agent IDs automatically: File source configuration not found for node type 'asset'
2026-02-12 13:02:46,820 - __main__ - INFO - Successfully extracted 0 asset nodes
2026-02-12 13:02:46,820 - __main__ - WARNING - Could not get agent IDs automatically: File source configuration not found for node type 'asset'
2026-02-12 13:02:46,820 - __main__ - INFO - Successfully extracted 0 asset nodes
2026-02-12 13:02:46,821 - __main__ - WARNING - Could not get agent IDs automatically: File source configuration not found for node type 'asset'
2026-02-12 13:02:46,821 - __main__ - INFO - Successfully extracted 0 asset nodes
2026-02-12 13:02:46,821 - __main__ - WARNING - Could not get agent IDs automatically: File source configuration not found for node type 'asset'
2026-02-12 13:02:46,822 - __main__ - INFO - Successfully extracted 0 asset nodes
2026-02-12 13:02:46,822 - __main__ - WARNING - Could not get agent IDs automatically: File source configuration not found for node type 'asset'
2026-02-12 13:02:46,823 - __main__ - INFO - Successfully extracted 0 asset nodes
2026-02-12 13:02:46,823 - __main__ - WARNING - Could not get agent IDs automatically: File source configuration not found for node type 'asset'
2026-02-12 13:02:46,823 - __main__ - INFO - Successfully extracted 0 asset nodes
2026-02-12 13:02:46,823 - __main__ - WARNING - Could not get agent IDs automatically: File source configuration not found for node type 'asset'
2026-02-12 13:02:46,824 - __main__ - INFO - Successfully extracted 0 asset nodes
2026-02-12 13:02:46,824 - __main__ - WARNING - Could not get agent IDs automatically: File source configuration not found for node type 'asset'
2026-02-12 13:02:46,824 - __main__ - INFO - Successfully extracted 0 asset nodes
2026-02-12 13:02:46,824 - __main__ - WARNING - Could not get agent IDs automatically: File source configuration not found for node type 'asset'
2026-02-12 13:02:46,824 - __main__ - INFO - Successfully extracted 0 asset nodes
2026-02-12 13:02:46,825 - __main__ - WARNING - Could not get agent IDs automatically: File source configuration not found for node type 'asset'
2026-02-12 13:02:46,825 - __main__ - INFO - Successfully extracted 0 asset nodes
2026-02-12 13:02:46,825 - __main__ - WARNING - Could not get agent IDs automatically: File source configuration not found for node type 'asset'
2026-02-12 13:02:46,825 - __main__ - INFO - Successfully extracted 0 asset nodes
2026-02-12 13:02:46,825 - __main__ - WARNING - Could not get agent IDs automatically: File source configuration not found for node type 'asset'
2026-02-12 13:02:46,825 - __main__ - INFO - Successfully extracted 0 asset nodes
2026-02-12 13:02:46,826 - __main__ - WARNING - Could not get agent IDs automatically: File source configuration not found for node type 'asset'
2026-02-12 13:02:46,826 - __main__ - INFO - Successfully extracted 0 asset nodes
2026-02-12 13:02:46,826 - __main__ - WARNING - Could not get agent IDs automatically: File source configuration not found for node type 'asset'
2026-02-12 13:02:46,826 - __main__ - INFO - Successfully extracted 0 asset nodes
2026-02-12 13:02:46,826 - __main__ - WARNING - Could not get agent IDs automatically: File source configuration not found for node type 'asset'
2026-02-12 13:02:46,826 - __main__ - INFO - Successfully extracted 0 asset nodes
2026-02-12 13:02:46,826 - __main__ - WARNING - Could not get agent IDs automatically: File source configuration not found for node type 'asset'
2026-02-12 13:02:46,827 - __main__ - INFO - Successfully extracted 0 asset nodes
2026-02-12 13:02:46,827 - __main__ - WARNING - Could not get agent IDs automatically: File source configuration not found for node type 'asset'
2026-02-12 13:02:46,827 - __main__ - INFO - Successfully extracted 0 asset nodes
2026-02-12 13:02:46,827 - __main__ - WARNING - Could not get agent IDs automatically: File source configuration not found for node type 'asset'
2026-02-12 13:02:46,827 - __main__ - INFO - Successfully extracted 0 asset nodes
2026-02-12 13:02:46,827 - __main__ - WARNING - Could not get agent IDs automatically: File source configuration not found for node type 'asset'
2026-02-12 13:02:46,828 - __main__ - INFO - Successfully extracted 0 asset nodes
2026-02-12 13:02:46,828 - __main__ - WARNING - Could not get agent IDs automatically: File source configuration not found for node type 'asset'
2026-02-12 13:02:46,828 - __main__ - INFO - Successfully extracted 0 asset nodes
2026-02-12 13:02:46,828 - __main__ - WARNING - Could not get agent IDs automatically: File source configuration not found for node type 'asset'
2026-02-12 13:02:46,828 - __main__ - INFO - Successfully extracted 0 asset nodes
2026-02-12 13:02:46,829 - __main__ - WARNING - Could not get agent IDs automatically: File source configuration not found for node type 'asset'
2026-02-12 13:02:46,829 - __main__ - INFO - Successfully extracted 0 asset nodes
2026-02-12 13:02:46,829 - __main__ - WARNING - Could not get agent IDs automatically: File source configuration not found for node type 'asset'
2026-02-12 13:02:46,829 - __main__ - INFO - Successfully extracted 0 asset nodes
2026-02-12 13:02:46,829 - __main__ - WARNING - Could not get agent IDs automatically: File source configuration not found for node type 'asset'
2026-02-12 13:02:46,829 - __main__ - INFO - Successfully extracted 0 asset nodes
2026-02-12 13:02:46,829 - __main__ - WARNING - Could not get agent IDs automatically: File source configuration not found for node type 'asset'
2026-02-12 13:02:46,829 - __main__ - INFO - Successfully extracted 0 asset nodes
2026-02-12 13:02:46,830 - __main__ - WARNING - Could not get agent IDs automatically: File source configuration not found for node type 'asset'
2026-02-12 13:02:46,830 - __main__ - INFO - Successfully extracted 0 asset nodes
2026-02-12 13:02:46,830 - __main__ - WARNING - Could not get agent IDs automatically: File source configuration not found for node type 'asset'
2026-02-12 13:02:46,830 - __main__ - INFO - Successfully extracted 0 asset nodes
2026-02-12 13:02:46,830 - __main__ - WARNING - Could not get agent IDs automatically: File source configuration not found for node type 'asset'
2026-02-12 13:02:46,830 - __main__ - INFO - Successfully extracted 0 asset nodes
2026-02-12 13:02:46,830 - __main__ - WARNING - Could not get agent IDs automatically: File source configuration not found for node type 'asset'
2026-02-12 13:02:46,830 - __main__ - INFO - Successfully extracted 0 asset nodes
2026-02-12 13:02:46,831 - __main__ - WARNING - Could not get agent IDs automatically: File source configuration not found for node type 'asset'
2026-02-12 13:02:46,831 - __main__ - INFO - Successfully extracted 0 asset nodes
2026-02-12 13:02:46,831 - __main__ - WARNING - Could not get agent IDs automatically: File source configuration not found for node type 'asset'
2026-02-12 13:02:46,831 - __main__ - INFO - Successfully extracted 0 asset nodes
2026-02-12 13:02:46,831 - __main__ - WARNING - Could not get agent IDs automatically: File source configuration not found for node type 'asset'
2026-02-12 13:02:46,831 - __main__ - INFO - Successfully extracted 0 asset nodes
2026-02-12 13:02:46,832 - __main__ - WARNING - Could not get agent IDs automatically: File source configuration not found for node type 'asset'
2026-02-12 13:02:46,832 - __main__ - INFO - Successfully extracted 0 asset nodes
2026-02-12 13:02:46,832 - __main__ - WARNING - Could not get agent IDs automatically: File source configuration not found for node type 'asset'
2026-02-12 13:02:46,832 - __main__ - INFO - Successfully extracted 0 asset nodes
2026-02-12 13:02:46,832 - __main__ - WARNING - Could not get agent IDs automatically: File source configuration not found for node type 'asset'
2026-02-12 13:02:46,832 - __main__ - INFO - Successfully extracted 0 asset nodes
2026-02-12 13:02:46,833 - __main__ - WARNING - Could not get agent IDs automatically: File source configuration not found for node type 'asset'
2026-02-12 13:02:46,833 - __main__ - INFO - Successfully extracted 0 asset nodes
2026-02-12 13:02:46,833 - __main__ - WARNING - Could not get agent IDs automatically: File source configuration not found for node type 'asset'
2026-02-12 13:02:46,833 - __main__ - INFO - Successfully extracted 0 asset nodes
2026-02-12 13:02:46,833 - __main__ - WARNING - Could not get agent IDs automatically: File source configuration not found for node type 'asset'
2026-02-12 13:02:46,833 - __main__ - INFO - Successfully extracted 0 asset nodes
2026-02-12 13:02:46,834 - __main__ - WARNING - Could not get agent IDs automatically: File source configuration not found for node type 'asset'
2026-02-12 13:02:46,834 - __main__ - INFO - Successfully extracted 0 asset nodes
2026-02-12 13:02:46,834 - __main__ - WARNING - Could not get agent IDs automatically: File source configuration not found for node type 'asset'
2026-02-12 13:02:46,834 - __main__ - INFO - Successfully extracted 0 asset nodes
2026-02-12 13:02:46,834 - __main__ - WARNING - Could not get agent IDs automatically: File source configuration not found for node type 'asset'
2026-02-12 13:02:46,834 - __main__ - INFO - Successfully extracted 0 asset nodes
2026-02-12 13:02:46,835 - __main__ - WARNING - Could not get agent IDs automatically: File source configuration not found for node type 'asset'
2026-02-12 13:02:46,835 - __main__ - INFO - Successfully extracted 0 asset nodes
2026-02-12 13:02:46,835 - __main__ - WARNING - Could not get agent IDs automatically: File source configuration not found for node type 'asset'
2026-02-12 13:02:46,835 - __main__ - INFO - Successfully extracted 0 asset nodes
2026-02-12 13:02:46,835 - __main__ - WARNING - Could not get agent IDs automatically: File source configuration not found for node type 'asset'
2026-02-12 13:02:46,835 - __main__ - INFO - Successfully extracted 0 asset nodes
2026-02-12 13:02:46,836 - __main__ - WARNING - Could not get agent IDs automatically: File source configuration not found for node type 'asset'
2026-02-12 13:02:46,836 - __main__ - INFO - Successfully extracted 0 asset nodes
2026-02-12 13:02:46,836 - __main__ - WARNING - Could not get agent IDs automatically: File source configuration not found for node type 'asset'
2026-02-12 13:02:46,836 - __main__ - INFO - Successfully extracted 0 asset nodes
2026-02-12 13:02:46,836 - __main__ - WARNING - Could not get agent IDs automatically: File source configuration not found for node type 'asset'
2026-02-12 13:02:46,837 - __main__ - INFO - Successfully extracted 0 asset nodes
2026-02-12 13:02:46,837 - __main__ - WARNING - Could not get agent IDs automatically: File source configuration not found for node type 'asset'
2026-02-12 13:02:46,837 - __main__ - INFO - Successfully extracted 0 asset nodes
2026-02-12 13:02:46,837 - __main__ - WARNING - Could not get agent IDs automatically: File source configuration not found for node type 'asset'
2026-02-12 13:02:46,837 - __main__ - INFO - Successfully extracted 0 asset nodes
2026-02-12 13:02:46,838 - __main__ - WARNING - Could not get agent IDs automatically: File source configuration not found for node type 'asset'
2026-02-12 13:02:46,838 - __main__ - INFO - Successfully extracted 0 asset nodes
2026-02-12 13:02:46,838 - __main__ - WARNING - Could not get agent IDs automatically: File source configuration not found for node type 'asset'
2026-02-12 13:02:46,839 - __main__ - INFO - Successfully extracted 0 asset nodes
2026-02-12 13:02:46,839 - __main__ - WARNING - Could not get agent IDs automatically: File source configuration not found for node type 'asset'
2026-02-12 13:02:46,839 - __main__ - INFO - Successfully extracted 0 asset nodes
2026-02-12 13:02:46,839 - __main__ - WARNING - Could not get agent IDs automatically: File source configuration not found for node type 'asset'
2026-02-12 13:02:46,839 - __main__ - INFO - Successfully extracted 0 asset nodes
2026-02-12 13:02:46,840 - __main__ - WARNING - Could not get agent IDs automatically: File source configuration not found for node type 'asset'
2026-02-12 13:02:46,840 - __main__ - INFO - Successfully extracted 0 asset nodes
2026-02-12 13:02:46,840 - __main__ - WARNING - Could not get agent IDs automatically: File source configuration not found for node type 'asset'
2026-02-12 13:02:46,840 - __main__ - INFO - Successfully extracted 0 asset nodes
2026-02-12 13:02:46,841 - __main__ - WARNING - Could not get agent IDs automatically: File source configuration not found for node type 'asset'
2026-02-12 13:02:46,841 - __main__ - INFO - Successfully extracted 0 asset nodes
2026-02-12 13:02:46,841 - __main__ - WARNING - Could not get agent IDs automatically: File source configuration not found for node type 'asset'
2026-02-12 13:02:46,841 - __main__ - INFO - Successfully extracted 0 asset nodes
2026-02-12 13:02:46,841 - __main__ - WARNING - Could not get agent IDs automatically: File source configuration not found for node type 'asset'
2026-02-12 13:02:46,841 - __main__ - INFO - Successfully extracted 0 asset nodes
2026-02-12 13:02:46,841 - __main__ - WARNING - Could not get agent IDs automatically: File source configuration not found for node type 'asset'
2026-02-12 13:02:46,842 - __main__ - INFO - Successfully extracted 0 asset nodes
2026-02-12 13:02:46,842 - __main__ - WARNING - Could not get agent IDs automatically: File source configuration not found for node type 'asset'
2026-02-12 13:02:46,842 - __main__ - INFO - Successfully extracted 0 asset nodes
2026-02-12 13:02:46,842 - __main__ - WARNING - Could not get agent IDs automatically: File source configuration not found for node type 'asset'
2026-02-12 13:02:46,842 - __main__ - INFO - Successfully extracted 0 asset nodes
2026-02-12 13:02:46,842 - __main__ - WARNING - Could not get agent IDs automatically: File source configuration not found for node type 'asset'
2026-02-12 13:02:46,842 - __main__ - INFO - Successfully extracted 0 asset nodes
2026-02-12 13:02:46,842 - __main__ - WARNING - Could not get agent IDs automatically: File source configuration not found for node type 'asset'
2026-02-12 13:02:46,843 - __main__ - INFO - Successfully extracted 0 asset nodes
2026-02-12 13:02:46,843 - __main__ - WARNING - Could not get agent IDs automatically: File source configuration not found for node type 'asset'
2026-02-12 13:02:46,843 - __main__ - INFO - Successfully extracted 0 asset nodes
2026-02-12 13:02:46,843 - __main__ - WARNING - Could not get agent IDs automatically: File source configuration not found for node type 'asset'
2026-02-12 13:02:46,843 - __main__ - INFO - Successfully extracted 0 asset nodes
2026-02-12 13:02:46,843 - __main__ - WARNING - Could not get agent IDs automatically: File source configuration not found for node type 'asset'
2026-02-12 13:02:46,843 - __main__ - INFO - Successfully extracted 0 asset nodes
2026-02-12 13:02:46,844 - __main__ - WARNING - Could not get agent IDs automatically: File source configuration not found for node type 'asset'
2026-02-12 13:02:46,844 - __main__ - INFO - Successfully extracted 0 asset nodes
2026-02-12 13:02:46,844 - __main__ - WARNING - Could not get agent IDs automatically: File source configuration not found for node type 'asset'
2026-02-12 13:02:46,844 - __main__ - INFO - Successfully extracted 0 asset nodes
2026-02-12 13:02:46,844 - __main__ - WARNING - Could not get agent IDs automatically: File source configuration not found for node type 'asset'
2026-02-12 13:02:46,845 - __main__ - INFO - Successfully extracted 0 asset nodes
2026-02-12 13:02:46,845 - __main__ - WARNING - Could not get agent IDs automatically: File source configuration not found for node type 'asset'
2026-02-12 13:02:46,845 - __main__ - INFO - Successfully extracted 0 asset nodes
2026-02-12 13:02:46,845 - __main__ - WARNING - Could not get agent IDs automatically: File source configuration not found for node type 'asset'
2026-02-12 13:02:46,845 - __main__ - INFO - Successfully extracted 0 asset nodes
2026-02-12 13:02:46,845 - __main__ - WARNING - Could not get agent IDs automatically: File source configuration not found for node type 'asset'
2026-02-12 13:02:46,845 - __main__ - INFO - Successfully extracted 0 asset nodes
2026-02-12 13:02:46,845 - __main__ - WARNING - Could not get agent IDs automatically: File source configuration not found for node type 'asset'
2026-02-12 13:02:46,845 - __main__ - INFO - Successfully extracted 0 asset nodes
2026-02-12 13:02:46,846 - __main__ - WARNING - Could not get agent IDs automatically: File source configuration not found for node type 'asset'
2026-02-12 13:02:46,846 - __main__ - INFO - Successfully extracted 0 asset nodes
2026-02-12 13:02:46,846 - __main__ - WARNING - Could not get agent IDs automatically: File source configuration not found for node type 'asset'
2026-02-12 13:02:46,846 - __main__ - INFO - Successfully extracted 0 asset nodes
2026-02-12 13:02:46,846 - __main__ - WARNING - Could not get agent IDs automatically: File source configuration not found for node type 'asset'
2026-02-12 13:02:46,846 - __main__ - INFO - Successfully extracted 0 asset nodes
2026-02-12 13:02:46,847 - __main__ - WARNING - Could not get agent IDs automatically: File source configuration not found for node type 'asset'
2026-02-12 13:02:46,847 - __main__ - INFO - Successfully extracted 0 asset nodes
2026-02-12 13:02:46,847 - __main__ - WARNING - Could not get agent IDs automatically: File source configuration not found for node type 'asset'
2026-02-12 13:02:46,847 - __main__ - INFO - Successfully extracted 0 asset nodes
2026-02-12 13:02:46,847 - __main__ - WARNING - Could not get agent IDs automatically: File source configuration not found for node type 'asset'
2026-02-12 13:02:46,848 - __main__ - INFO - Successfully extracted 0 asset nodes
2026-02-12 13:02:46,848 - __main__ - WARNING - Could not get agent IDs automatically: File source configuration not found for node type 'asset'
2026-02-12 13:02:46,848 - __main__ - INFO - Successfully extracted 0 asset nodes
2026-02-12 13:02:46,848 - __main__ - WARNING - Could not get agent IDs automatically: File source configuration not found for node type 'asset'
2026-02-12 13:02:46,849 - __main__ - INFO - Successfully extracted 0 asset nodes
2026-02-12 13:02:46,849 - __main__ - WARNING - Could not get agent IDs automatically: File source configuration not found for node type 'asset'
2026-02-12 13:02:46,849 - __main__ - INFO - Successfully extracted 0 asset nodes
2026-02-12 13:02:46,850 - __main__ - WARNING - Could not get agent IDs automatically: File source configuration not found for node type 'asset'
2026-02-12 13:02:46,850 - __main__ - INFO - Successfully extracted 0 asset nodes
2026-02-12 13:02:46,850 - __main__ - WARNING - Could not get agent IDs automatically: File source configuration not found for node type 'asset'
2026-02-12 13:02:46,850 - __main__ - INFO - Successfully extracted 0 asset nodes
2026-02-12 13:02:46,850 - __main__ - WARNING - Could not get agent IDs automatically: File source configuration not found for node type 'asset'
2026-02-12 13:02:46,850 - __main__ - INFO - Successfully extracted 0 asset nodes
2026-02-12 13:02:46,851 - __main__ - WARNING - Could not get agent IDs automatically: File source configuration not found for node type 'asset'
2026-02-12 13:02:46,851 - __main__ - INFO - Successfully extracted 0 asset nodes
2026-02-12 13:02:46,851 - __main__ - WARNING - Could not get agent IDs automatically: File source configuration not found for node type 'asset'
2026-02-12 13:02:46,851 - __main__ - INFO - Successfully extracted 0 asset nodes
2026-02-12 13:02:46,851 - __main__ - WARNING - Could not get agent IDs automatically: File source configuration not found for node type 'asset'
2026-02-12 13:02:46,851 - __main__ - INFO - Successfully extracted 0 asset nodes
2026-02-12 13:02:46,852 - __main__ - WARNING - Could not get agent IDs automatically: File source configuration not found for node type 'asset'
2026-02-12 13:02:46,852 - __main__ - INFO - Successfully extracted 0 asset nodes
2026-02-12 13:02:46,852 - __main__ - WARNING - Could not get agent IDs automatically: File source configuration not found for node type 'asset'
2026-02-12 13:02:46,852 - __main__ - INFO - Successfully extracted 0 asset nodes
2026-02-12 13:02:46,852 - __main__ - WARNING - Could not get agent IDs automatically: File source configuration not found for node type 'asset'
2026-02-12 13:02:46,852 - __main__ - INFO - Successfully extracted 0 asset nodes
2026-02-12 13:02:46,852 - __main__ - WARNING - Could not get agent IDs automatically: File source configuration not found for node type 'asset'
2026-02-12 13:02:46,852 - __main__ - INFO - Successfully extracted 0 asset nodes
2026-02-12 13:02:46,853 - __main__ - WARNING - Could not get agent IDs automatically: File source configuration not found for node type 'asset'
2026-02-12 13:02:46,853 - __main__ - INFO - Successfully extracted 0 asset nodes
2026-02-12 13:02:46,853 - __main__ - WARNING - Could not get agent IDs automatically: File source configuration not found for node type 'asset'
2026-02-12 13:02:46,853 - __main__ - INFO - Successfully extracted 0 asset nodes
2026-02-12 13:02:46,853 - __main__ - WARNING - Could not get agent IDs automatically: File source configuration not found for node type 'asset'
2026-02-12 13:02:46,853 - __main__ - INFO - Successfully extracted 0 asset nodes
2026-02-12 13:02:46,853 - __main__ - WARNING - Could not get agent IDs automatically: File source configuration not found for node type 'asset'
2026-02-12 13:02:46,853 - __main__ - INFO - Successfully extracted 0 asset nodes
2026-02-12 13:02:46,854 - __main__ - WARNING - Could not get agent IDs automatically: File source configuration not found for node type 'asset'
2026-02-12 13:02:46,854 - __main__ - INFO - Successfully extracted 0 asset nodes
2026-02-12 13:02:46,854 - __main__ - WARNING - Could not get agent IDs automatically: File source configuration not found for node type 'asset'
2026-02-12 13:02:46,854 - __main__ - INFO - Successfully extracted 0 asset nodes
2026-02-12 13:02:46,854 - __main__ - WARNING - Could not get agent IDs automatically: File source configuration not found for node type 'asset'
2026-02-12 13:02:46,855 - __main__ - INFO - Successfully extracted 0 asset nodes
2026-02-12 13:02:46,855 - __main__ - WARNING - Could not get agent IDs automatically: File source configuration not found for node type 'asset'
2026-02-12 13:02:46,855 - __main__ - INFO - Successfully extracted 0 asset nodes
2026-02-12 13:02:46,855 - __main__ - WARNING - Could not get agent IDs automatically: File source configuration not found for node type 'asset'
2026-02-12 13:02:46,856 - __main__ - INFO - Successfully extracted 0 asset nodes
2026-02-12 13:02:46,856 - __main__ - WARNING - Could not get agent IDs automatically: File source configuration not found for node type 'asset'
2026-02-12 13:02:46,856 - __main__ - INFO - Successfully extracted 0 asset nodes
2026-02-12 13:02:46,856 - __main__ - WARNING - Could not get agent IDs automatically: File source configuration not found for node type 'asset'
2026-02-12 13:02:46,857 - __main__ - INFO - Successfully extracted 0 asset nodes
2026-02-12 13:02:46,857 - __main__ - WARNING - Could not get agent IDs automatically: File source configuration not found for node type 'asset'
2026-02-12 13:02:46,857 - __main__ - INFO - Successfully extracted 0 asset nodes
2026-02-12 13:02:46,857 - __main__ - WARNING - Could not get agent IDs automatically: File source configuration not found for node type 'asset'
2026-02-12 13:02:46,858 - __main__ - INFO - Successfully extracted 0 asset nodes
2026-02-12 13:02:46,858 - __main__ - WARNING - Could not get agent IDs automatically: File source configuration not found for node type 'asset'
2026-02-12 13:02:46,858 - __main__ - INFO - Successfully extracted 0 asset nodes
2026-02-12 13:02:46,858 - __main__ - WARNING - Could not get agent IDs automatically: File source configuration not found for node type 'asset'
2026-02-12 13:02:46,858 - __main__ - INFO - Successfully extracted 0 asset nodes
2026-02-12 13:02:46,859 - __main__ - WARNING - Could not get agent IDs automatically: File source configuration not found for node type 'asset'
2026-02-12 13:02:46,859 - __main__ - INFO - Successfully extracted 0 asset nodes
2026-02-12 13:02:46,859 - __main__ - WARNING - Could not get agent IDs automatically: File source configuration not found for node type 'asset'
2026-02-12 13:02:46,859 - __main__ - INFO - Successfully extracted 0 asset nodes
2026-02-12 13:02:46,859 - __main__ - WARNING - Could not get agent IDs automatically: File source configuration not found for node type 'asset'
2026-02-12 13:02:46,859 - __main__ - INFO - Successfully extracted 0 asset nodes
2026-02-12 13:02:46,859 - __main__ - WARNING - Could not get agent IDs automatically: File source configuration not found for node type 'asset'
2026-02-12 13:02:46,860 - __main__ - INFO - Successfully extracted 0 asset nodes
2026-02-12 13:02:46,860 - __main__ - WARNING - Could not get agent IDs automatically: File source configuration not found for node type 'asset'
2026-02-12 13:02:46,860 - __main__ - INFO - Successfully extracted 0 asset nodes
2026-02-12 13:02:46,860 - __main__ - WARNING - Could not get agent IDs automatically: File source configuration not found for node type 'asset'
2026-02-12 13:02:46,860 - __main__ - INFO - Successfully extracted 0 asset nodes
2026-02-12 13:02:46,861 - __main__ - WARNING - Could not get agent IDs automatically: File source configuration not found for node type 'asset'
2026-02-12 13:02:46,861 - __main__ - INFO - Successfully extracted 0 asset nodes
2026-02-12 13:02:46,861 - __main__ - WARNING - Could not get agent IDs automatically: File source configuration not found for node type 'asset'
2026-02-12 13:02:46,861 - __main__ - INFO - Successfully extracted 0 asset nodes
2026-02-12 13:02:46,861 - __main__ - WARNING - Could not get agent IDs automatically: File source configuration not found for node type 'asset'
2026-02-12 13:02:46,861 - __main__ - INFO - Successfully extracted 0 asset nodes
2026-02-12 13:02:46,861 - __main__ - WARNING - Could not get agent IDs automatically: File source configuration not found for node type 'asset'
2026-02-12 13:02:46,862 - __main__ - INFO - Successfully extracted 0 asset nodes
2026-02-12 13:02:46,862 - __main__ - WARNING - Could not get agent IDs automatically: File source configuration not found for node type 'asset'
2026-02-12 13:02:46,862 - __main__ - INFO - Successfully extracted 0 asset nodes
2026-02-12 13:02:46,862 - __main__ - WARNING - Could not get agent IDs automatically: File source configuration not found for node type 'asset'
2026-02-12 13:02:46,862 - __main__ - INFO - Successfully extracted 0 asset nodes
2026-02-12 13:02:46,862 - __main__ - WARNING - Could not get agent IDs automatically: File source configuration not found for node type 'asset'
2026-02-12 13:02:46,862 - __main__ - INFO - Successfully extracted 0 asset nodes
2026-02-12 13:02:46,862 - __main__ - WARNING - Could not get agent IDs automatically: File source configuration not found for node type 'asset'
2026-02-12 13:02:46,863 - __main__ - INFO - Successfully extracted 0 asset nodes
2026-02-12 13:02:46,863 - __main__ - WARNING - Could not get agent IDs automatically: File source configuration not found for node type 'asset'
2026-02-12 13:02:46,863 - __main__ - INFO - Successfully extracted 0 asset nodes
2026-02-12 13:02:46,863 - __main__ - WARNING - Could not get agent IDs automatically: File source configuration not found for node type 'asset'
2026-02-12 13:02:46,863 - __main__ - INFO - Successfully extracted 0 asset nodes
2026-02-12 13:02:46,863 - __main__ - WARNING - Could not get agent IDs automatically: File source configuration not found for node type 'asset'
2026-02-12 13:02:46,863 - __main__ - INFO - Successfully extracted 0 asset nodes
2026-02-12 13:02:46,863 - __main__ - WARNING - Could not get agent IDs automatically: File source configuration not found for node type 'asset'
2026-02-12 13:02:46,864 - __main__ - INFO - Successfully extracted 0 asset nodes
2026-02-12 13:02:46,864 - __main__ - WARNING - Could not get agent IDs automatically: File source configuration not found for node type 'asset'
2026-02-12 13:02:46,864 - __main__ - INFO - Successfully extracted 0 asset nodes
2026-02-12 13:02:46,864 - __main__ - WARNING - Could not get agent IDs automatically: File source configuration not found for node type 'asset'
2026-02-12 13:02:46,864 - __main__ - INFO - Successfully extracted 0 asset nodes
2026-02-12 13:02:46,864 - __main__ - WARNING - Could not get agent IDs automatically: File source configuration not found for node type 'asset'
2026-02-12 13:02:46,864 - __main__ - INFO - Successfully extracted 0 asset nodes
2026-02-12 13:02:46,864 - __main__ - WARNING - Could not get agent IDs automatically: File source configuration not found for node type 'asset'
2026-02-12 13:02:46,865 - __main__ - INFO - Successfully extracted 0 asset nodes
2026-02-12 13:02:46,865 - __main__ - WARNING - Could not get agent IDs automatically: File source configuration not found for node type 'asset'
2026-02-12 13:02:46,865 - __main__ - INFO - Successfully extracted 0 asset nodes
2026-02-12 13:02:46,865 - __main__ - WARNING - Could not get agent IDs automatically: File source configuration not found for node type 'asset'
2026-02-12 13:02:46,865 - __main__ - INFO - Successfully extracted 0 asset nodes
2026-02-12 13:02:46,865 - __main__ - WARNING - Could not get agent IDs automatically: File source configuration not found for node type 'asset'
2026-02-12 13:02:46,865 - __main__ - INFO - Successfully extracted 0 asset nodes
2026-02-12 13:02:46,866 - __main__ - WARNING - Could not get agent IDs automatically: File source configuration not found for node type 'asset'
2026-02-12 13:02:46,866 - __main__ - INFO - Successfully extracted 0 asset nodes
2026-02-12 13:02:46,866 - __main__ - WARNING - Could not get agent IDs automatically: File source configuration not found for node type 'asset'
2026-02-12 13:02:46,866 - __main__ - INFO - Successfully extracted 0 asset nodes
2026-02-12 13:02:46,866 - __main__ - WARNING - Could not get agent IDs automatically: File source configuration not found for node type 'asset'
2026-02-12 13:02:46,867 - __main__ - INFO - Successfully extracted 0 asset nodes
2026-02-12 13:02:46,867 - __main__ - WARNING - Could not get agent IDs automatically: File source configuration not found for node type 'asset'
2026-02-12 13:02:46,867 - __main__ - INFO - Successfully extracted 0 asset nodes
2026-02-12 13:02:46,867 - __main__ - WARNING - Could not get agent IDs automatically: File source configuration not found for node type 'asset'
2026-02-12 13:02:46,867 - __main__ - INFO - Successfully extracted 0 asset nodes
2026-02-12 13:02:46,868 - __main__ - WARNING - Could not get agent IDs automatically: File source configuration not found for node type 'asset'
2026-02-12 13:02:46,868 - __main__ - INFO - Successfully extracted 0 asset nodes
2026-02-12 13:02:46,868 - __main__ - WARNING - Could not get agent IDs automatically: File source configuration not found for node type 'asset'
2026-02-12 13:02:46,868 - __main__ - INFO - Successfully extracted 0 asset nodes
2026-02-12 13:02:46,868 - __main__ - WARNING - Could not get agent IDs automatically: File source configuration not found for node type 'asset'
2026-02-12 13:02:46,868 - __main__ - INFO - Successfully extracted 0 asset nodes
2026-02-12 13:02:46,869 - __main__ - WARNING - Could not get agent IDs automatically: File source configuration not found for node type 'asset'
2026-02-12 13:02:46,869 - __main__ - INFO - Successfully extracted 0 asset nodes
2026-02-12 13:02:46,869 - __main__ - WARNING - Could not get agent IDs automatically: File source configuration not found for node type 'asset'
2026-02-12 13:02:46,869 - __main__ - INFO - Successfully extracted 0 asset nodes
2026-02-12 13:02:46,869 - __main__ - WARNING - Could not get agent IDs automatically: File source configuration not found for node type 'asset'
2026-02-12 13:02:46,870 - __main__ - INFO - Successfully extracted 0 asset nodes
2026-02-12 13:02:46,870 - __main__ - WARNING - Could not get agent IDs automatically: File source configuration not found for node type 'asset'
2026-02-12 13:02:46,870 - __main__ - INFO - Successfully extracted 0 asset nodes
2026-02-12 13:02:46,870 - __main__ - WARNING - Could not get agent IDs automatically: File source configuration not found for node type 'asset'
2026-02-12 13:02:46,870 - __main__ - INFO - Successfully extracted 0 asset nodes
2026-02-12 13:02:46,870 - __main__ - WARNING - Could not get agent IDs automatically: File source configuration not found for node type 'asset'
2026-02-12 13:02:46,871 - __main__ - INFO - Successfully extracted 0 asset nodes
2026-02-12 13:02:46,871 - __main__ - WARNING - Could not get agent IDs automatically: File source configuration not found for node type 'asset'
2026-02-12 13:02:46,871 - __main__ - INFO - Successfully extracted 0 asset nodes
2026-02-12 13:02:46,871 - __main__ - WARNING - Could not get agent IDs automatically: File source configuration not found for node type 'asset'
2026-02-12 13:02:46,871 - __main__ - INFO - Successfully extracted 0 asset nodes
2026-02-12 13:02:46,872 - __main__ - WARNING - Could not get agent IDs automatically: File source configuration not found for node type 'asset'
2026-02-12 13:02:46,872 - __main__ - INFO - Successfully extracted 0 asset nodes
2026-02-12 13:02:46,872 - __main__ - WARNING - Could not get agent IDs automatically: File source configuration not found for node type 'asset'
2026-02-12 13:02:46,873 - __main__ - INFO - Successfully extracted 0 asset nodes
2026-02-12 13:02:46,873 - __main__ - WARNING - Could not get agent IDs automatically: File source configuration not found for node type 'asset'
2026-02-12 13:02:46,873 - __main__ - INFO - Successfully extracted 0 asset nodes
2026-02-12 13:02:46,873 - __main__ - WARNING - Could not get agent IDs automatically: File source configuration not found for node type 'asset'
2026-02-12 13:02:46,873 - __main__ - INFO - Successfully extracted 0 asset nodes
2026-02-12 13:02:46,874 - __main__ - WARNING - Could not get agent IDs automatically: File source configuration not found for node type 'asset'
2026-02-12 13:02:46,874 - __main__ - INFO - Successfully extracted 0 asset nodes
2026-02-12 13:02:46,874 - __main__ - WARNING - Could not get agent IDs automatically: File source configuration not found for node type 'asset'
2026-02-12 13:02:46,874 - __main__ - INFO - Successfully extracted 0 asset nodes
2026-02-12 13:02:46,875 - __main__ - WARNING - Could not get agent IDs automatically: File source configuration not found for node type 'asset'
2026-02-12 13:02:46,875 - __main__ - INFO - Successfully extracted 0 asset nodes
2026-02-12 13:02:46,875 - __main__ - WARNING - Could not get agent IDs automatically: File source configuration not found for node type 'asset'
2026-02-12 13:02:46,875 - __main__ - INFO - Successfully extracted 0 asset nodes
2026-02-12 13:02:46,875 - __main__ - WARNING - Could not get agent IDs automatically: File source configuration not found for node type 'asset'
2026-02-12 13:02:46,876 - __main__ - INFO - Successfully extracted 0 asset nodes
2026-02-12 13:02:46,876 - __main__ - WARNING - Could not get agent IDs automatically: File source configuration not found for node type 'asset'
2026-02-12 13:02:46,876 - __main__ - INFO - Successfully extracted 0 asset nodes
2026-02-12 13:02:46,876 - __main__ - WARNING - Could not get agent IDs automatically: File source configuration not found for node type 'asset'
2026-02-12 13:02:46,877 - __main__ - INFO - Successfully extracted 0 asset nodes
2026-02-12 13:02:46,877 - __main__ - WARNING - Could not get agent IDs automatically: File source configuration not found for node type 'asset'
2026-02-12 13:02:46,877 - __main__ - INFO - Successfully extracted 0 asset nodes
2026-02-12 13:02:46,878 - __main__ - WARNING - Could not get agent IDs automatically: File source configuration not found for node type 'asset'
2026-02-12 13:02:46,878 - __main__ - INFO - Successfully extracted 0 asset nodes
2026-02-12 13:02:46,878 - __main__ - WARNING - Could not get agent IDs automatically: File source configuration not found for node type 'asset'
2026-02-12 13:02:46,878 - __main__ - INFO - Successfully extracted 0 asset nodes
2026-02-12 13:02:46,879 - __main__ - WARNING - Could not get agent IDs automatically: File source configuration not found for node type 'asset'
2026-02-12 13:02:46,879 - __main__ - INFO - Successfully extracted 0 asset nodes
2026-02-12 13:02:46,879 - __main__ - WARNING - Could not get agent IDs automatically: File source configuration not found for node type 'asset'
2026-02-12 13:02:46,879 - __main__ - INFO - Successfully extracted 0 asset nodes
2026-02-12 13:02:46,879 - __main__ - WARNING - Could not get agent IDs automatically: File source configuration not found for node type 'asset'
2026-02-12 13:02:46,879 - __main__ - INFO - Successfully extracted 0 asset nodes
2026-02-12 13:02:46,879 - __main__ - WARNING - Could not get agent IDs automatically: File source configuration not found for node type 'asset'
2026-02-12 13:02:46,880 - __main__ - INFO - Successfully extracted 0 asset nodes
2026-02-12 13:02:46,880 - __main__ - WARNING - Could not get agent IDs automatically: File source configuration not found for node type 'asset'
2026-02-12 13:02:46,880 - __main__ - INFO - Successfully extracted 0 asset nodes
2026-02-12 13:02:46,880 - __main__ - WARNING - Could not get agent IDs automatically: File source configuration not found for node type 'asset'
2026-02-12 13:02:46,880 - __main__ - INFO - Successfully extracted 0 asset nodes
2026-02-12 13:02:46,881 - __main__ - WARNING - Could not get agent IDs automatically: File source configuration not found for node type 'asset'
2026-02-12 13:02:46,881 - __main__ - INFO - Successfully extracted 0 asset nodes
2026-02-12 13:02:46,881 - __main__ - WARNING - Could not get agent IDs automatically: File source configuration not found for node type 'asset'
2026-02-12 13:02:46,881 - __main__ - INFO - Successfully extracted 0 asset nodes
2026-02-12 13:02:46,881 - __main__ - WARNING - Could not get agent IDs automatically: File source configuration not found for node type 'asset'
2026-02-12 13:02:46,881 - __main__ - INFO - Successfully extracted 0 asset nodes
2026-02-12 13:02:46,881 - __main__ - WARNING - Could not get agent IDs automatically: File source configuration not found for node type 'asset'
2026-02-12 13:02:46,882 - __main__ - INFO - Successfully extracted 0 asset nodes
2026-02-12 13:02:46,882 - __main__ - WARNING - Could not get agent IDs automatically: File source configuration not found for node type 'asset'
2026-02-12 13:02:46,882 - __main__ - INFO - Successfully extracted 0 asset nodes
2026-02-12 13:02:46,882 - __main__ - WARNING - Could not get agent IDs automatically: File source configuration not found for node type 'asset'
2026-02-12 13:02:46,882 - __main__ - INFO - Successfully extracted 0 asset nodes
2026-02-12 13:02:46,882 - __main__ - WARNING - Could not get agent IDs automatically: File source configuration not found for node type 'asset'
2026-02-12 13:02:46,883 - __main__ - INFO - Successfully extracted 0 asset nodes
2026-02-12 13:02:46,883 - __main__ - WARNING - Could not get agent IDs automatically: File source configuration not found for node type 'asset'
2026-02-12 13:02:46,883 - __main__ - INFO - Successfully extracted 0 asset nodes
2026-02-12 13:02:46,883 - __main__ - WARNING - Could not get agent IDs automatically: File source configuration not found for node type 'asset'
2026-02-12 13:02:46,883 - __main__ - INFO - Successfully extracted 0 asset nodes
2026-02-12 13:02:46,884 - __main__ - WARNING - Could not get agent IDs automatically: File source configuration not found for node type 'asset'
2026-02-12 13:02:46,884 - __main__ - INFO - Successfully extracted 0 asset nodes
2026-02-12 13:02:46,884 - __main__ - WARNING - Could not get agent IDs automatically: File source configuration not found for node type 'asset'
2026-02-12 13:02:46,884 - __main__ - INFO - Successfully extracted 0 asset nodes
2026-02-12 13:02:46,884 - __main__ - WARNING - Could not get agent IDs automatically: File source configuration not found for node type 'asset'
2026-02-12 13:02:46,885 - __main__ - INFO - Successfully extracted 0 asset nodes
2026-02-12 13:02:46,885 - __main__ - WARNING - Could not get agent IDs automatically: File source configuration not found for node type 'asset'
2026-02-12 13:02:46,885 - __main__ - INFO - Successfully extracted 0 asset nodes
2026-02-12 13:02:46,885 - __main__ - WARNING - Could not get agent IDs automatically: File source configuration not found for node type 'asset'
2026-02-12 13:02:46,885 - __main__ - INFO - Successfully extracted 0 asset nodes
2026-02-12 13:02:46,886 - __main__ - WARNING - Could not get agent IDs automatically: File source configuration not found for node type 'asset'
2026-02-12 13:02:46,886 - __main__ - INFO - Successfully extracted 0 asset nodes
2026-02-12 13:02:46,886 - __main__ - WARNING - Could not get agent IDs automatically: File source configuration not found for node type 'asset'
2026-02-12 13:02:46,886 - __main__ - INFO - Successfully extracted 0 asset nodes
2026-02-12 13:02:46,886 - __main__ - WARNING - Could not get agent IDs automatically: File source configuration not found for node type 'asset'
2026-02-12 13:02:46,886 - __main__ - INFO - Successfully extracted 0 asset nodes
2026-02-12 13:02:46,887 - __main__ - WARNING - Could not get agent IDs automatically: File source configuration not found for node type 'asset'
2026-02-12 13:02:46,887 - __main__ - INFO - Successfully extracted 0 asset nodes
2026-02-12 13:02:46,887 - __main__ - WARNING - Could not get agent IDs automatically: File source configuration not found for node type 'asset'
2026-02-12 13:02:46,887 - __main__ - INFO - Successfully extracted 0 asset nodes
2026-02-12 13:02:46,887 - __main__ - WARNING - Could not get agent IDs automatically: File source configuration not found for node type 'asset'
2026-02-12 13:02:46,887 - __main__ - INFO - Successfully extracted 0 asset nodes
2026-02-12 13:02:46,887 - __main__ - WARNING - Could not get agent IDs automatically: File source configuration not found for node type 'asset'
2026-02-12 13:02:46,887 - __main__ - INFO - Successfully extracted 0 asset nodes
2026-02-12 13:02:46,887 - __main__ - WARNING - Could not get agent IDs automatically: File source configuration not found for node type 'asset'
2026-02-12 13:02:46,888 - __main__ - INFO - Successfully extracted 0 asset nodes
2026-02-12 13:02:46,888 - __main__ - WARNING - Could not get agent IDs automatically: File source configuration not found for node type 'asset'
2026-02-12 13:02:46,888 - __main__ - INFO - Successfully extracted 0 asset nodes
2026-02-12 13:02:46,888 - __main__ - WARNING - Could not get agent IDs automatically: File source configuration not found for node type 'asset'
2026-02-12 13:02:46,888 - __main__ - INFO - Successfully extracted 0 asset nodes
2026-02-12 13:02:46,888 - __main__ - WARNING - Could not get agent IDs automatically: File source configuration not found for node type 'asset'
2026-02-12 13:02:46,889 - __main__ - INFO - Successfully extracted 0 asset nodes
2026-02-12 13:02:46,889 - __main__ - WARNING - Could not get agent IDs automatically: File source configuration not found for node type 'asset'
2026-02-12 13:02:46,889 - __main__ - INFO - Successfully extracted 0 asset nodes
2026-02-12 13:02:46,890 - __main__ - WARNING - Could not get agent IDs automatically: File source configuration not found for node type 'asset'
2026-02-12 13:02:46,890 - __main__ - INFO - Successfully extracted 0 asset nodes
2026-02-12 13:02:46,890 - __main__ - WARNING - Could not get agent IDs automatically: File source configuration not found for node type 'asset'
2026-02-12 13:02:46,890 - __main__ - INFO - Successfully extracted 0 asset nodes
2026-02-12 13:02:46,891 - __main__ - WARNING - Could not get agent IDs automatically: File source configuration not found for node type 'asset'
2026-02-12 13:02:46,891 - __main__ - INFO - Successfully extracted 0 asset nodes
2026-02-12 13:02:46,891 - __main__ - WARNING - Could not get agent IDs automatically: File source configuration not found for node type 'asset'
2026-02-12 13:02:46,891 - __main__ - INFO - Successfully extracted 0 asset nodes
2026-02-12 13:02:46,891 - __main__ - WARNING - Could not get agent IDs automatically: File source configuration not found for node type 'asset'
2026-02-12 13:02:46,891 - __main__ - INFO - Successfully extracted 0 asset nodes
2026-02-12 13:02:46,892 - __main__ - WARNING - Could not get agent IDs automatically: File source configuration not found for node type 'asset'
2026-02-12 13:02:46,892 - __main__ - INFO - Successfully extracted 0 asset nodes
2026-02-12 13:02:46,892 - __main__ - WARNING - Could not get agent IDs automatically: File source configuration not found for node type 'asset'
2026-02-12 13:02:46,892 - __main__ - INFO - Successfully extracted 0 asset nodes
2026-02-12 13:02:46,892 - __main__ - WARNING - Could not get agent IDs automatically: File source configuration not found for node type 'asset'
2026-02-12 13:02:46,893 - __main__ - INFO - Successfully extracted 0 asset nodes
2026-02-12 13:02:46,893 - __main__ - WARNING - Could not get agent IDs automatically: File source configuration not found for node type 'asset'
2026-02-12 13:02:46,893 - __main__ - INFO - Successfully extracted 0 asset nodes
2026-02-12 13:02:46,893 - __main__ - WARNING - Could not get agent IDs automatically: File source configuration not found for node type 'asset'
2026-02-12 13:02:46,893 - __main__ - INFO - Successfully extracted 0 asset nodes
2026-02-12 13:02:46,893 - __main__ - WARNING - Could not get agent IDs automatically: File source configuration not found for node type 'asset'
2026-02-12 13:02:46,893 - __main__ - INFO - Successfully extracted 0 asset nodes
2026-02-12 13:02:46,893 - __main__ - WARNING - Could not get agent IDs automatically: File source configuration not found for node type 'asset'
2026-02-12 13:02:46,893 - __main__ - INFO - Successfully extracted 0 asset nodes
2026-02-12 13:02:46,894 - __main__ - WARNING - Could not get agent IDs automatically: File source configuration not found for node type 'asset'
2026-02-12 13:02:46,894 - __main__ - INFO - Successfully extracted 0 asset nodes
2026-02-12 13:02:46,894 - __main__ - WARNING - Could not get agent IDs automatically: File source configuration not found for node type 'asset'
2026-02-12 13:02:46,894 - __main__ - INFO - Successfully extracted 0 asset nodes
2026-02-12 13:02:46,894 - __main__ - WARNING - Could not get agent IDs automatically: File source configuration not found for node type 'asset'
2026-02-12 13:02:46,894 - __main__ - INFO - Successfully extracted 0 asset nodes
2026-02-12 13:02:46,894 - __main__ - WARNING - Could not get agent IDs automatically: File source configuration not found for node type 'asset'
2026-02-12 13:02:46,894 - __main__ - INFO - Successfully extracted 0 asset nodes
2026-02-12 13:02:46,895 - __main__ - WARNING - Could not get agent IDs automatically: File source configuration not found for node type 'asset'
2026-02-12 13:02:46,895 - __main__ - INFO - Successfully extracted 0 asset nodes
2026-02-12 13:02:46,895 - __main__ - WARNING - Could not get agent IDs automatically: File source configuration not found for node type 'asset'
2026-02-12 13:02:46,895 - __main__ - INFO - Successfully extracted 0 asset nodes
2026-02-12 13:02:46,895 - __main__ - WARNING - Could not get agent IDs automatically: File source configuration not found for node type 'asset'
2026-02-12 13:02:46,895 - __main__ - INFO - Successfully extracted 0 asset nodes
2026-02-12 13:02:46,895 - __main__ - WARNING - Could not get agent IDs automatically: File source configuration not found for node type 'asset'
2026-02-12 13:02:46,895 - __main__ - INFO - Successfully extracted 0 asset nodes
2026-02-12 13:02:46,896 - __main__ - WARNING - Could not get agent IDs automatically: File source configuration not found for node type 'asset'
2026-02-12 13:02:46,896 - __main__ - INFO - Successfully extracted 0 asset nodes
2026-02-12 13:02:46,896 - __main__ - WARNING - Could not get agent IDs automatically: File source configuration not found for node type 'asset'
2026-02-12 13:02:46,896 - __main__ - INFO - Successfully extracted 0 asset nodes
2026-02-12 13:02:46,896 - __main__ - WARNING - Could not get agent IDs automatically: File source configuration not found for node type 'asset'
2026-02-12 13:02:46,896 - __main__ - INFO - Successfully extracted 0 asset nodes
2026-02-12 13:02:46,897 - __main__ - WARNING - Could not get agent IDs automatically: File source configuration not found for node type 'asset'
2026-02-12 13:02:46,897 - __main__ - INFO - Successfully extracted 0 asset nodes
2026-02-12 13:02:46,897 - __main__ - WARNING - Could not get agent IDs automatically: File source configuration not found for node type 'asset'
2026-02-12 13:02:46,897 - __main__ - INFO - Successfully extracted 0 asset nodes
2026-02-12 13:02:46,897 - __main__ - WARNING - Could not get agent IDs automatically: File source configuration not found for node type 'asset'
2026-02-12 13:02:46,897 - __main__ - INFO - Successfully extracted 0 asset nodes
2026-02-12 13:02:46,897 - __main__ - WARNING - Could not get agent IDs automatically: File source configuration not found for node type 'asset'
2026-02-12 13:02:46,898 - __main__ - INFO - Successfully extracted 0 asset nodes
2026-02-12 13:02:46,898 - __main__ - WARNING - Could not get agent IDs automatically: File source configuration not found for node type 'asset'
2026-02-12 13:02:46,898 - __main__ - INFO - Successfully extracted 0 asset nodes
2026-02-12 13:02:46,898 - __main__ - WARNING - Could not get agent IDs automatically: File source configuration not found for node type 'asset'
2026-02-12 13:02:46,898 - __main__ - INFO - Successfully extracted 0 asset nodes
2026-02-12 13:02:46,898 - __main__ - WARNING - Could not get agent IDs automatically: File source configuration not found for node type 'asset'
2026-02-12 13:02:46,899 - __main__ - INFO - Successfully extracted 0 asset nodes
2026-02-12 13:02:46,899 - __main__ - WARNING - Could not get agent IDs automatically: File source configuration not found for node type 'asset'
2026-02-12 13:02:46,899 - __main__ - INFO - Successfully extracted 0 asset nodes
2026-02-12 13:02:46,899 - __main__ - WARNING - Could not get agent IDs automatically: File source configuration not found for node type 'asset'
2026-02-12 13:02:46,899 - __main__ - INFO - Successfully extracted 0 asset nodes
2026-02-12 13:02:46,899 - __main__ - WARNING - Could not get agent IDs automatically: File source configuration not found for node type 'asset'
2026-02-12 13:02:46,900 - __main__ - INFO - Successfully extracted 0 asset nodes
2026-02-12 13:02:46,900 - __main__ - WARNING - Could not get agent IDs automatically: File source configuration not found for node type 'asset'
2026-02-12 13:02:46,900 - __main__ - INFO - Successfully extracted 0 asset nodes
2026-02-12 13:02:46,900 - __main__ - WARNING - Could not get agent IDs automatically: File source configuration not found for node type 'asset'
2026-02-12 13:02:46,900 - __main__ - INFO - Successfully extracted 0 asset nodes
2026-02-12 13:02:46,900 - __main__ - WARNING - Could not get agent IDs automatically: File source configuration not found for node type 'asset'
2026-02-12 13:02:46,901 - __main__ - INFO - Successfully extracted 0 asset nodes
2026-02-12 13:02:46,901 - __main__ - WARNING - Could not get agent IDs automatically: File source configuration not found for node type 'asset'
2026-02-12 13:02:46,901 - __main__ - INFO - Successfully extracted 0 asset nodes
2026-02-12 13:02:46,901 - __main__ - WARNING - Could not get agent IDs automatically: File source configuration not found for node type 'asset'
2026-02-12 13:02:46,901 - __main__ - INFO - Successfully extracted 0 asset nodes
2026-02-12 13:02:46,901 - __main__ - WARNING - Could not get agent IDs automatically: File source configuration not found for node type 'asset'
2026-02-12 13:02:46,902 - __main__ - INFO - Successfully extracted 0 asset nodes
2026-02-12 13:02:46,902 - __main__ - WARNING - Could not get agent IDs automatically: File source configuration not found for node type 'asset'
2026-02-12 13:02:46,902 - __main__ - INFO - Successfully extracted 0 asset nodes
2026-02-12 13:02:46,902 - __main__ - WARNING - Could not get agent IDs automatically: File source configuration not found for node type 'asset'
2026-02-12 13:02:46,903 - __main__ - INFO - Successfully extracted 0 asset nodes
2026-02-12 13:02:46,903 - __main__ - WARNING - Could not get agent IDs automatically: File source configuration not found for node type 'asset'
2026-02-12 13:02:46,903 - __main__ - INFO - Successfully extracted 0 asset nodes
2026-02-12 13:02:46,903 - __main__ - WARNING - Could not get agent IDs automatically: File source configuration not found for node type 'asset'
2026-02-12 13:02:46,904 - __main__ - INFO - Successfully extracted 0 asset nodes
2026-02-12 13:02:46,904 - __main__ - WARNING - Could not get agent IDs automatically: File source configuration not found for node type 'asset'
2026-02-12 13:02:46,904 - __main__ - INFO - Successfully extracted 0 asset nodes
2026-02-12 13:02:46,905 - __main__ - WARNING - Could not get agent IDs automatically: File source configuration not found for node type 'asset'
2026-02-12 13:02:46,905 - __main__ - INFO - Successfully extracted 0 asset nodes
2026-02-12 13:02:46,905 - __main__ - WARNING - Could not get agent IDs automatically: File source configuration not found for node type 'asset'
2026-02-12 13:02:46,905 - __main__ - INFO - Successfully extracted 0 asset nodes
2026-02-12 13:02:46,906 - __main__ - WARNING - Could not get agent IDs automatically: File source configuration not found for node type 'asset'
2026-02-12 13:02:46,906 - __main__ - INFO - Successfully extracted 0 asset nodes
2026-02-12 13:02:46,906 - __main__ - WARNING - Could not get agent IDs automatically: File source configuration not found for node type 'asset'
2026-02-12 13:02:46,906 - __main__ - INFO - Successfully extracted 0 asset nodes
2026-02-12 13:02:46,906 - __main__ - WARNING - Could not get agent IDs automatically: File source configuration not found for node type 'asset'
2026-02-12 13:02:46,907 - __main__ - INFO - Successfully extracted 0 asset nodes
2026-02-12 13:02:46,907 - __main__ - WARNING - Could not get agent IDs automatically: File source configuration not found for node type 'asset'
2026-02-12 13:02:46,907 - __main__ - INFO - Successfully extracted 0 asset nodes
2026-02-12 13:02:46,907 - __main__ - WARNING - Could not get agent IDs automatically: File source configuration not found for node type 'asset'
2026-02-12 13:02:46,907 - __main__ - INFO - Successfully extracted 0 asset nodes
2026-02-12 13:02:46,908 - __main__ - WARNING - Could not get agent IDs automatically: File source configuration not found for node type 'asset'
2026-02-12 13:02:46,908 - __main__ - INFO - Successfully extracted 0 asset nodes
2026-02-12 13:02:46,908 - __main__ - WARNING - Could not get agent IDs automatically: File source configuration not found for node type 'asset'
2026-02-12 13:02:46,908 - __main__ - INFO - Successfully extracted 0 asset nodes
2026-02-12 13:02:46,908 - __main__ - WARNING - Could not get agent IDs automatically: File source configuration not found for node type 'asset'
2026-02-12 13:02:46,909 - __main__ - INFO - Successfully extracted 0 asset nodes
2026-02-12 13:02:46,909 - __main__ - WARNING - Could not get agent IDs automatically: File source configuration not found for node type 'asset'
2026-02-12 13:02:46,909 - __main__ - INFO - Successfully extracted 0 asset nodes
2026-02-12 13:02:46,909 - __main__ - WARNING - Could not get agent IDs automatically: File source configuration not found for node type 'asset'
2026-02-12 13:02:46,910 - __main__ - INFO - Successfully extracted 0 asset nodes
2026-02-12 13:02:46,910 - __main__ - WARNING - Could not get agent IDs automatically: File source configuration not found for node type 'asset'
2026-02-12 13:02:46,910 - __main__ - INFO - Successfully extracted 0 asset nodes
2026-02-12 13:02:46,910 - __main__ - WARNING - Could not get agent IDs automatically: File source configuration not found for node type 'asset'
2026-02-12 13:02:46,910 - __main__ - INFO - Successfully extracted 0 asset nodes
2026-02-12 13:02:46,910 - __main__ - WARNING - Could not get agent IDs automatically: File source configuration not found for node type 'asset'
2026-02-12 13:02:46,911 - __main__ - INFO - Successfully extracted 0 asset nodes
2026-02-12 13:02:46,911 - __main__ - WARNING - Could not get agent IDs automatically: File source configuration not found for node type 'asset'
2026-02-12 13:02:46,911 - __main__ - INFO - Successfully extracted 0 asset nodes
2026-02-12 13:02:46,911 - __main__ - WARNING - Could not get agent IDs automatically: File source configuration not found for node type 'asset'
2026-02-12 13:02:46,911 - __main__ - INFO - Successfully extracted 0 asset nodes
2026-02-12 13:02:46,911 - __main__ - WARNING - Could not get agent IDs automatically: File source configuration not found for node type 'asset'
2026-02-12 13:02:46,911 - __main__ - INFO - Successfully extracted 0 asset nodes
2026-02-12 13:02:46,912 - __main__ - WARNING - Could not get agent IDs automatically: File source configuration not found for node type 'asset'
2026-02-12 13:02:46,912 - __main__ - INFO - Successfully extracted 0 asset nodes
2026-02-12 13:02:46,912 - __main__ - WARNING - Could not get agent IDs automatically: File source configuration not found for node type 'asset'
2026-02-12 13:02:46,912 - __main__ - INFO - Successfully extracted 0 asset nodes
2026-02-12 13:02:46,912 - __main__ - WARNING - Could not get agent IDs automatically: File source configuration not found for node type 'asset'
2026-02-12 13:02:46,913 - __main__ - INFO - Successfully extracted 0 asset nodes
2026-02-12 13:02:46,913 - __main__ - WARNING - Could not get agent IDs automatically: File source configuration not found for node type 'asset'
2026-02-12 13:02:46,913 - __main__ - INFO - Successfully extracted 0 asset nodes
2026-02-12 13:02:46,913 - __main__ - WARNING - Could not get agent IDs automatically: File source configuration not found for node type 'asset'
2026-02-12 13:02:46,913 - __main__ - INFO - Successfully extracted 0 asset nodes
2026-02-12 13:02:46,913 - __main__ - WARNING - Could not get agent IDs automatically: File source configuration not found for node type 'asset'
2026-02-12 13:02:46,914 - __main__ - INFO - Successfully extracted 0 asset nodes
2026-02-12 13:02:46,914 - __main__ - WARNING - Could not get agent IDs automatically: File source configuration not found for node type 'asset'
2026-02-12 13:02:46,914 - __main__ - INFO - Successfully extracted 0 asset nodes
2026-02-12 13:02:46,914 - __main__ - WARNING - Could not get agent IDs automatically: File source configuration not found for node type 'asset'
2026-02-12 13:02:46,914 - __main__ - INFO - Successfully extracted 0 asset nodes
2026-02-12 13:02:46,915 - __main__ - WARNING - Could not get agent IDs automatically: File source configuration not found for node type 'asset'
2026-02-12 13:02:46,915 - __main__ - INFO - Successfully extracted 0 asset nodes
2026-02-12 13:02:46,915 - __main__ - WARNING - Could not get agent IDs automatically: File source configuration not found for node type 'asset'
2026-02-12 13:02:46,915 - __main__ - INFO - Successfully extracted 0 asset nodes
2026-02-12 13:02:46,915 - __main__ - WARNING - Could not get agent IDs automatically: File source configuration not found for node type 'asset'
2026-02-12 13:02:46,915 - __main__ - INFO - Successfully extracted 0 asset nodes
2026-02-12 13:02:46,915 - __main__ - WARNING - Could not get agent IDs automatically: File source configuration not found for node type 'asset'
2026-02-12 13:02:46,915 - __main__ - INFO - Successfully extracted 0 asset nodes
2026-02-12 13:02:46,916 - __main__ - WARNING - Could not get agent IDs automatically: File source configuration not found for node type 'asset'
2026-02-12 13:02:46,916 - __main__ - INFO - Successfully extracted 0 asset nodes
2026-02-12 13:02:46,916 - __main__ - WARNING - Could not get agent IDs automatically: File source configuration not found for node type 'asset'
2026-02-12 13:02:46,916 - __main__ - INFO - Successfully extracted 0 asset nodes
2026-02-12 13:02:46,916 - __main__ - WARNING - Could not get agent IDs automatically: File source configuration not found for node type 'asset'
2026-02-12 13:02:46,916 - __main__ - INFO - Successfully extracted 0 asset nodes
2026-02-12 13:02:46,917 - __main__ - WARNING - Could not get agent IDs automatically: File source configuration not found for node type 'asset'
2026-02-12 13:02:46,917 - __main__ - INFO - Successfully extracted 0 asset nodes
2026-02-12 13:02:46,917 - __main__ - WARNING - Could not get agent IDs automatically: File source configuration not found for node type 'asset'
2026-02-12 13:02:46,917 - __main__ - INFO - Successfully extracted 0 asset nodes
2026-02-12 13:02:46,917 - __main__ - WARNING - Could not get agent IDs automatically: File source configuration not found for node type 'asset'
2026-02-12 13:02:46,917 - __main__ - INFO - Successfully extracted 0 asset nodes
2026-02-12 13:02:46,918 - __main__ - WARNING - Could not get agent IDs automatically: File source configuration not found for node type 'asset'
2026-02-12 13:02:46,918 - __main__ - INFO - Successfully extracted 0 asset nodes
2026-02-12 13:02:46,918 - __main__ - WARNING - Could not get agent IDs automatically: File source configuration not found for node type 'asset'
2026-02-12 13:02:46,918 - __main__ - INFO - Successfully extracted 0 asset nodes
2026-02-12 13:02:46,918 - __main__ - WARNING - Could not get agent IDs automatically: File source configuration not found for node type 'asset'
2026-02-12 13:02:46,918 - __main__ - INFO - Successfully extracted 0 asset nodes
2026-02-12 13:02:46,919 - __main__ - WARNING - Could not get agent IDs automatically: File source configuration not found for node type 'asset'
2026-02-12 13:02:46,919 - __main__ - INFO - Successfully extracted 0 asset nodes
2026-02-12 13:02:46,919 - __main__ - WARNING - Could not get agent IDs automatically: File source configuration not found for node type 'asset'
2026-02-12 13:02:46,919 - __main__ - INFO - Successfully extracted 0 asset nodes
2026-02-12 13:02:46,919 - __main__ - WARNING - Could not get agent IDs automatically: File source configuration not found for node type 'asset'
2026-02-12 13:02:46,919 - __main__ - INFO - Successfully extracted 0 asset nodes
2026-02-12 13:02:46,920 - __main__ - WARNING - Could not get agent IDs automatically: File source configuration not found for node type 'asset'
2026-02-12 13:02:46,920 - __main__ - INFO - Successfully extracted 0 asset nodes
2026-02-12 13:02:46,920 - __main__ - WARNING - Could not get agent IDs automatically: File source configuration not found for node type 'asset'
2026-02-12 13:02:46,920 - __main__ - INFO - Successfully extracted 0 asset nodes
2026-02-12 13:02:46,920 - __main__ - WARNING - Could not get agent IDs automatically: File source configuration not found for node type 'asset'
2026-02-12 13:02:46,921 - __main__ - INFO - Successfully extracted 0 asset nodes
2026-02-12 13:02:46,921 - __main__ - WARNING - Could not get agent IDs automatically: File source configuration not found for node type 'asset'
2026-02-12 13:02:46,921 - __main__ - INFO - Successfully extracted 0 asset nodes
2026-02-12 13:02:46,921 - __main__ - WARNING - Could not get agent IDs automatically: File source configuration not found for node type 'asset'
2026-02-12 13:02:46,921 - __main__ - INFO - Successfully extracted 0 asset nodes
2026-02-12 13:02:46,922 - __main__ - WARNING - Could not get agent IDs automatically: File source configuration not found for node type 'asset'
2026-02-12 13:02:46,922 - __main__ - INFO - Successfully extracted 0 asset nodes
2026-02-12 13:02:46,922 - __main__ - WARNING - Could not get agent IDs automatically: File source configuration not found for node type 'asset'
2026-02-12 13:02:46,923 - __main__ - INFO - Successfully extracted 0 asset nodes
2026-02-12 13:02:46,923 - __main__ - WARNING - Could not get agent IDs automatically: File source configuration not found for node type 'asset'
2026-02-12 13:02:46,923 - __main__ - INFO - Successfully extracted 0 asset nodes
2026-02-12 13:02:46,923 - __main__ - WARNING - Could not get agent IDs automatically: File source configuration not found for node type 'asset'
2026-02-12 13:02:46,924 - __main__ - INFO - Successfully extracted 0 asset nodes
2026-02-12 13:02:46,924 - __main__ - WARNING - Could not get agent IDs automatically: File source configuration not found for node type 'asset'
2026-02-12 13:02:46,924 - __main__ - INFO - Successfully extracted 0 asset nodes
2026-02-12 13:02:46,924 - __main__ - WARNING - Could not get agent IDs automatically: File source configuration not found for node type 'asset'
2026-02-12 13:02:46,924 - __main__ - INFO - Successfully extracted 0 asset nodes
2026-02-12 13:02:46,925 - __main__ - WARNING - Could not get agent IDs automatically: File source configuration not found for node type 'asset'
2026-02-12 13:02:46,925 - __main__ - INFO - Successfully extracted 0 asset nodes
2026-02-12 13:02:46,925 - __main__ - WARNING - Could not get agent IDs automatically: File source configuration not found for node type 'asset'
2026-02-12 13:02:46,925 - __main__ - INFO - Successfully extracted 0 asset nodes
2026-02-12 13:02:46,925 - __main__ - WARNING - Could not get agent IDs automatically: File source configuration not found for node type 'asset'
2026-02-12 13:02:46,925 - __main__ - INFO - Successfully extracted 0 asset nodes
2026-02-12 13:02:46,926 - __main__ - WARNING - Could not get agent IDs automatically: File source configuration not found for node type 'asset'
2026-02-12 13:02:46,926 - __main__ - INFO - Successfully extracted 0 asset nodes
2026-02-12 13:02:46,926 - __main__ - WARNING - Could not get agent IDs automatically: File source configuration not found for node type 'asset'
2026-02-12 13:02:46,926 - __main__ - INFO - Successfully extracted 0 asset nodes
2026-02-12 13:02:46,926 - __main__ - WARNING - Could not get agent IDs automatically: File source configuration not found for node type 'asset'
2026-02-12 13:02:46,926 - __main__ - INFO - Successfully extracted 0 asset nodes
2026-02-12 13:02:46,926 - __main__ - WARNING - Could not get agent IDs automatically: File source configuration not found for node type 'asset'
2026-02-12 13:02:46,927 - __main__ - INFO - Successfully extracted 0 asset nodes
2026-02-12 13:02:46,927 - __main__ - WARNING - Could not get agent IDs automatically: File source configuration not found for node type 'asset'
2026-02-12 13:02:46,927 - __main__ - INFO - Successfully extracted 0 asset nodes
2026-02-12 13:02:46,927 - __main__ - WARNING - Could not get agent IDs automatically: File source configuration not found for node type 'asset'
2026-02-12 13:02:46,927 - __main__ - INFO - Successfully extracted 0 asset nodes
2026-02-12 13:02:46,927 - __main__ - WARNING - Could not get agent IDs automatically: File source configuration not found for node type 'asset'
2026-02-12 13:02:46,927 - __main__ - INFO - Successfully extracted 0 asset nodes
2026-02-12 13:02:46,927 - __main__ - WARNING - Could not get agent IDs automatically: File source configuration not found for node type 'asset'
2026-02-12 13:02:46,928 - __main__ - INFO - Successfully extracted 0 asset nodes
2026-02-12 13:02:46,928 - __main__ - WARNING - Could not get agent IDs automatically: File source configuration not found for node type 'asset'
2026-02-12 13:02:46,928 - __main__ - INFO - Successfully extracted 0 asset nodes
2026-02-12 13:02:46,928 - __main__ - WARNING - Could not get agent IDs automatically: File source configuration not found for node type 'asset'
2026-02-12 13:02:46,928 - __main__ - INFO - Successfully extracted 0 asset nodes
2026-02-12 13:02:46,928 - __main__ - WARNING - Could not get agent IDs automatically: File source configuration not found for node type 'asset'
2026-02-12 13:02:46,928 - __main__ - INFO - Successfully extracted 0 asset nodes
2026-02-12 13:02:46,928 - __main__ - WARNING - Could not get agent IDs automatically: File source configuration not found for node type 'asset'
2026-02-12 13:02:46,929 - __main__ - INFO - Successfully extracted 0 asset nodes
2026-02-12 13:02:46,929 - __main__ - WARNING - Could not get agent IDs automatically: File source configuration not found for node type 'asset'
2026-02-12 13:02:46,929 - __main__ - INFO - Successfully extracted 0 asset nodes
2026-02-12 13:02:46,929 - __main__ - WARNING - Could not get agent IDs automatically: File source configuration not found for node type 'asset'
2026-02-12 13:02:46,929 - __main__ - INFO - Successfully extracted 0 asset nodes
2026-02-12 13:02:46,929 - __main__ - WARNING - Could not get agent IDs automatically: File source configuration not found for node type 'asset'
2026-02-12 13:02:46,930 - __main__ - INFO - Successfully extracted 0 asset nodes
2026-02-12 13:02:46,930 - __main__ - WARNING - Could not get agent IDs automatically: File source configuration not found for node type 'asset'
2026-02-12 13:02:46,930 - __main__ - INFO - Successfully extracted 0 asset nodes
2026-02-12 13:02:46,930 - __main__ - WARNING - Could not get agent IDs automatically: File source configuration not found for node type 'asset'
2026-02-12 13:02:46,930 - __main__ - INFO - Successfully extracted 0 asset nodes
2026-02-12 13:02:46,930 - __main__ - WARNING - Could not get agent IDs automatically: File source configuration not found for node type 'asset'
2026-02-12 13:02:46,931 - __main__ - INFO - Successfully extracted 0 asset nodes
2026-02-12 13:02:46,931 - __main__ - WARNING - Could not get agent IDs automatically: File source configuration not found for node type 'asset'
2026-02-12 13:02:46,931 - __main__ - INFO - Successfully extracted 0 asset nodes
2026-02-12 13:02:46,931 - __main__ - WARNING - Could not get agent IDs automatically: File source configuration not found for node type 'asset'
2026-02-12 13:02:46,931 - __main__ - INFO - Successfully extracted 0 asset nodes
2026-02-12 13:02:46,932 - __main__ - WARNING - Could not get agent IDs automatically: File source configuration not found for node type 'asset'
2026-02-12 13:02:46,932 - __main__ - INFO - Successfully extracted 0 asset nodes
2026-02-12 13:02:46,932 - __main__ - WARNING - Could not get agent IDs automatically: File source configuration not found for node type 'asset'
2026-02-12 13:02:46,933 - __main__ - INFO - Successfully extracted 0 asset nodes
2026-02-12 13:02:46,933 - __main__ - WARNING - Could not get agent IDs automatically: File source configuration not found for node type 'asset'
2026-02-12 13:02:46,933 - __main__ - INFO - Successfully extracted 0 asset nodes
2026-02-12 13:02:46,934 - __main__ - WARNING - Could not get agent IDs automatically: File source configuration not found for node type 'asset'
2026-02-12 13:02:46,934 - __main__ - INFO - Successfully extracted 0 asset nodes
2026-02-12 13:02:46,934 - __main__ - WARNING - Could not get agent IDs automatically: File source configuration not found for node type 'asset'
2026-02-12 13:02:46,934 - __main__ - INFO - Successfully extracted 0 asset nodes
2026-02-12 13:02:46,934 - __main__ - WARNING - Could not get agent IDs automatically: File source configuration not found for node type 'asset'
2026-02-12 13:02:46,934 - __main__ - INFO - Successfully extracted 0 asset nodes
2026-02-12 13:02:46,934 - __main__ - WARNING - Could not get agent IDs automatically: File source configuration not found for node type 'asset'
2026-02-12 13:02:46,934 - __main__ - INFO - Successfully extracted 0 asset nodes
2026-02-12 13:02:46,935 - __main__ - WARNING - Could not get agent IDs automatically: File source configuration not found for node type 'asset'
2026-02-12 13:02:46,935 - __main__ - INFO - Successfully extracted 0 asset nodes
2026-02-12 13:02:46,935 - __main__ - WARNING - Could not get agent IDs automatically: File source configuration not found for node type 'asset'
2026-02-12 13:02:46,935 - __main__ - INFO - Successfully extracted 0 asset nodes
2026-02-12 13:02:46,935 - __main__ - WARNING - Could not get agent IDs automatically: File source configuration not found for node type 'asset'
2026-02-12 13:02:46,935 - __main__ - INFO - Successfully extracted 0 asset nodes
2026-02-12 13:02:46,936 - __main__ - WARNING - Could not get agent IDs automatically: File source configuration not found for node type 'asset'
2026-02-12 13:02:46,936 - __main__ - INFO - Successfully extracted 0 asset nodes
2026-02-12 13:02:46,936 - __main__ - WARNING - Could not get agent IDs automatically: File source configuration not found for node type 'asset'
2026-02-12 13:02:46,936 - __main__ - INFO - Successfully extracted 0 asset nodes
2026-02-12 13:02:46,936 - __main__ - WARNING - Could not get agent IDs automatically: File source configuration not found for node type 'asset'
2026-02-12 13:02:46,936 - __main__ - INFO - Successfully extracted 0 asset nodes
2026-02-12 13:02:46,936 - __main__ - WARNING - Could not get agent IDs automatically: File source configuration not found for node type 'asset'
2026-02-12 13:02:46,936 - __main__ - INFO - Successfully extracted 0 asset nodes
2026-02-12 13:02:46,936 - __main__ - WARNING - Could not get agent IDs automatically: File source configuration not found for node type 'asset'
2026-02-12 13:02:46,936 - __main__ - INFO - Successfully extracted 0 asset nodes
2026-02-12 13:02:46,936 - __main__ - WARNING - Could not get agent IDs automatically: File source configuration not found for node type 'asset'
2026-02-12 13:02:46,937 - __main__ - INFO - Successfully extracted 0 asset nodes
2026-02-12 13:02:46,937 - __main__ - WARNING - Could not get agent IDs automatically: File source configuration not found for node type 'asset'
2026-02-12 13:02:46,937 - __main__ - INFO - Successfully extracted 0 asset nodes
2026-02-12 13:02:46,937 - __main__ - WARNING - Could not get agent IDs automatically: File source configuration not found for node type 'asset'
2026-02-12 13:02:46,937 - __main__ - INFO - Successfully extracted 0 asset nodes
2026-02-12 13:02:46,937 - __main__ - WARNING - Could not get agent IDs automatically: File source configuration not found for node type 'asset'
2026-02-12 13:02:46,937 - __main__ - INFO - Successfully extracted 0 asset nodes
2026-02-12 13:02:46,937 - __main__ - WARNING - Could not get agent IDs automatically: File source configuration not found for node type 'asset'
2026-02-12 13:02:46,937 - __main__ - INFO - Successfully extracted 0 asset nodes
2026-02-12 13:02:46,937 - __main__ - WARNING - Could not get agent IDs automatically: File source configuration not found for node type 'asset'
2026-02-12 13:02:46,938 - __main__ - INFO - Successfully extracted 0 asset nodes
2026-02-12 13:02:46,938 - __main__ - WARNING - Could not get agent IDs automatically: File source configuration not found for node type 'asset'
2026-02-12 13:02:46,938 - __main__ - INFO - Successfully extracted 0 asset nodes
2026-02-12 13:02:46,938 - __main__ - WARNING - Could not get agent IDs automatically: File source configuration not found for node type 'asset'
2026-02-12 13:02:46,938 - __main__ - INFO - Successfully extracted 0 asset nodes
2026-02-12 13:02:46,938 - __main__ - WARNING - Could not get agent IDs automatically: File source configuration not found for node type 'asset'
2026-02-12 13:02:46,938 - __main__ - INFO - Successfully extracted 0 asset nodes
2026-02-12 13:02:46,939 - __main__ - WARNING - Could not get agent IDs automatically: File source configuration not found for node type 'asset'
2026-02-12 13:02:46,939 - __main__ - INFO - Successfully extracted 0 asset nodes
2026-02-12 13:02:46,939 - __main__ - WARNING - Could not get agent IDs automatically: File source configuration not found for node type 'asset'
2026-02-12 13:02:46,939 - __main__ - INFO - Successfully extracted 0 asset nodes
2026-02-12 13:02:46,939 - __main__ - WARNING - Could not get agent IDs automatically: File source configuration not found for node type 'asset'
2026-02-12 13:02:46,939 - __main__ - INFO - Successfully extracted 0 asset nodes
2026-02-12 13:02:46,940 - __main__ - WARNING - Could not get agent IDs automatically: File source configuration not found for node type 'asset'
2026-02-12 13:02:46,940 - __main__ - INFO - Successfully extracted 0 asset nodes
2026-02-12 13:02:46,940 - __main__ - WARNING - Could not get agent IDs automatically: File source configuration not found for node type 'asset'
2026-02-12 13:02:46,940 - __main__ - INFO - Successfully extracted 0 asset nodes
2026-02-12 13:02:46,940 - __main__ - WARNING - Could not get agent IDs automatically: File source configuration not found for node type 'asset'
2026-02-12 13:02:46,941 - __main__ - INFO - Successfully extracted 0 asset nodes
2026-02-12 13:02:46,941 - __main__ - WARNING - Could not get agent IDs automatically: File source configuration not found for node type 'asset'
2026-02-12 13:02:46,941 - __main__ - INFO - Successfully extracted 0 asset nodes
2026-02-12 13:02:46,941 - __main__ - WARNING - Could not get agent IDs automatically: File source configuration not found for node type 'asset'
2026-02-12 13:02:46,942 - __main__ - INFO - Successfully extracted 0 asset nodes
2026-02-12 13:02:46,942 - __main__ - WARNING - Could not get agent IDs automatically: File source configuration not found for node type 'asset'
2026-02-12 13:02:46,942 - __main__ - INFO - Successfully extracted 0 asset nodes
2026-02-12 13:02:46,942 - __main__ - WARNING - Could not get agent IDs automatically: File source configuration not found for node type 'asset'
2026-02-12 13:02:46,942 - __main__ - INFO - Successfully extracted 0 asset nodes
2026-02-12 13:02:46,942 - __main__ - WARNING - Could not get agent IDs automatically: File source configuration not found for node type 'asset'
2026-02-12 13:02:46,943 - __main__ - INFO - Successfully extracted 0 asset nodes
2026-02-12 13:02:46,943 - __main__ - WARNING - Could not get agent IDs automatically: File source configuration not found for node type 'asset'
2026-02-12 13:02:46,943 - __main__ - INFO - Successfully extracted 0 asset nodes
2026-02-12 13:02:46,943 - __main__ - WARNING - Could not get agent IDs automatically: File source configuration not found for node type 'asset'
2026-02-12 13:02:46,943 - __main__ - INFO - Successfully extracted 0 asset nodes
2026-02-12 13:02:46,943 - __main__ - WARNING - Could not get agent IDs automatically: File source configuration not found for node type 'asset'
2026-02-12 13:02:46,943 - __main__ - INFO - Successfully extracted 0 asset nodes
2026-02-12 13:02:46,943 - __main__ - WARNING - Could not get agent IDs automatically: File source configuration not found for node type 'asset'
2026-02-12 13:02:46,943 - __main__ - INFO - Successfully extracted 0 asset nodes
2026-02-12 13:02:46,944 - __main__ - WARNING - Could not get agent IDs automatically: File source configuration not found for node type 'asset'
2026-02-12 13:02:46,944 - __main__ - INFO - Successfully extracted 0 asset nodes
2026-02-12 13:02:46,944 - __main__ - WARNING - Could not get agent IDs automatically: File source configuration not found for node type 'asset'
2026-02-12 13:02:46,944 - __main__ - INFO - Successfully extracted 0 asset nodes
2026-02-12 13:02:46,944 - __main__ - WARNING - Could not get agent IDs automatically: File source configuration not found for node type 'asset'
2026-02-12 13:02:46,944 - __main__ - INFO - Successfully extracted 0 asset nodes
2026-02-12 13:02:46,944 - __main__ - WARNING - Could not get agent IDs automatically: File source configuration not found for node type 'asset'
2026-02-12 13:02:46,944 - __main__ - INFO - Successfully extracted 0 asset nodes
2026-02-12 13:02:46,945 - __main__ - WARNING - Could not get agent IDs automatically: File source configuration not found for node type 'asset'
2026-02-12 13:02:46,945 - __main__ - INFO - Successfully extracted 0 asset nodes
2026-02-12 13:02:46,945 - __main__ - WARNING - Could not get agent IDs automatically: File source configuration not found for node type 'asset'
2026-02-12 13:02:46,945 - __main__ - INFO - Successfully extracted 0 asset nodes
2026-02-12 13:02:46,945 - __main__ - WARNING - Could not get agent IDs automatically: File source configuration not found for node type 'asset'
2026-02-12 13:02:46,945 - __main__ - INFO - Successfully extracted 0 asset nodes
2026-02-12 13:02:46,946 - __main__ - WARNING - Could not get agent IDs automatically: File source configuration not found for node type 'asset'
2026-02-12 13:02:46,946 - __main__ - INFO - Successfully extracted 0 asset nodes
2026-02-12 13:02:46,946 - __main__ - WARNING - Could not get agent IDs automatically: File source configuration not found for node type 'asset'
2026-02-12 13:02:46,946 - __main__ - INFO - Successfully extracted 0 asset nodes
2026-02-12 13:02:46,946 - __main__ - WARNING - Could not get agent IDs automatically: File source configuration not found for node type 'asset'
2026-02-12 13:02:46,946 - __main__ - INFO - Successfully extracted 0 asset nodes
2026-02-12 13:02:46,947 - __main__ - WARNING - Could not get agent IDs automatically: File source configuration not found for node type 'asset'
2026-02-12 13:02:46,947 - __main__ - INFO - Successfully extracted 0 asset nodes
2026-02-12 13:02:46,947 - __main__ - WARNING - Could not get agent IDs automatically: File source configuration not found for node type 'asset'
2026-02-12 13:02:46,947 - __main__ - INFO - Successfully extracted 0 asset nodes
2026-02-12 13:02:46,947 - __main__ - WARNING - Could not get agent IDs automatically: File source configuration not found for node type 'asset'
2026-02-12 13:02:46,947 - __main__ - INFO - Successfully extracted 0 asset nodes
2026-02-12 13:02:46,948 - __main__ - WARNING - Could not get agent IDs automatically: File source configuration not found for node type 'asset'
2026-02-12 13:02:46,948 - __main__ - INFO - Successfully extracted 0 asset nodes
2026-02-12 13:02:46,948 - __main__ - WARNING - Could not get agent IDs automatically: File source configuration not found for node type 'asset'
2026-02-12 13:02:46,948 - __main__ - INFO - Successfully extracted 0 asset nodes
2026-02-12 13:02:46,949 - __main__ - WARNING - Could not get agent IDs automatically: File source configuration not found for node type 'asset'
2026-02-12 13:02:46,949 - __main__ - INFO - Successfully extracted 0 asset nodes
2026-02-12 13:02:46,949 - __main__ - WARNING - Could not get agent IDs automatically: File source configuration not found for node type 'asset'
2026-02-12 13:02:46,949 - __main__ - INFO - Successfully extracted 0 asset nodes
2026-02-12 13:02:46,949 - __main__ - WARNING - Could not get agent IDs automatically: File source configuration not found for node type 'asset'
2026-02-12 13:02:46,949 - __main__ - INFO - Successfully extracted 0 asset nodes
2026-02-12 13:02:46,949 - __main__ - WARNING - Could not get agent IDs automatically: File source configuration not found for node type 'asset'
2026-02-12 13:02:46,949 - __main__ - INFO - Successfully extracted 0 asset nodes
2026-02-12 13:02:46,950 - __main__ - WARNING - Could not get agent IDs automatically: File source configuration not found for node type 'asset'
2026-02-12 13:02:46,950 - __main__ - INFO - Successfully extracted 0 asset nodes
2026-02-12 13:02:46,950 - __main__ - WARNING - Could not get agent IDs automatically: File source configuration not found for node type 'asset'
2026-02-12 13:02:46,950 - __main__ - INFO - Successfully extracted 0 asset nodes
2026-02-12 13:02:46,950 - __main__ - WARNING - Could not get agent IDs automatically: File source configuration not found for node type 'asset'
2026-02-12 13:02:46,950 - __main__ - INFO - Successfully extracted 0 asset nodes
2026-02-12 13:02:46,950 - __main__ - WARNING - Could not get agent IDs automatically: File source configuration not found for node type 'asset'
2026-02-12 13:02:46,951 - __main__ - INFO - Successfully extracted 0 asset nodes
2026-02-12 13:02:46,951 - __main__ - WARNING - Could not get agent IDs automatically: File source configuration not found for node type 'asset'
2026-02-12 13:02:46,951 - __main__ - INFO - Successfully extracted 0 asset nodes
2026-02-12 13:02:46,951 - __main__ - WARNING - Could not get agent IDs automatically: File source configuration not found for node type 'asset'
2026-02-12 13:02:46,951 - __main__ - INFO - Successfully extracted 0 asset nodes
2026-02-12 13:02:46,951 - __main__ - WARNING - Could not get agent IDs automatically: File source configuration not found for node type 'asset'
2026-02-12 13:02:46,951 - __main__ - INFO - Successfully extracted 0 asset nodes
2026-02-12 13:02:46,952 - __main__ - WARNING - Could not get agent IDs automatically: File source configuration not found for node type 'asset'
2026-02-12 13:02:46,952 - __main__ - INFO - Successfully extracted 0 asset nodes
2026-02-12 13:02:46,952 - __main__ - WARNING - Could not get agent IDs automatically: File source configuration not found for node type 'asset'
2026-02-12 13:02:46,952 - __main__ - INFO - Successfully extracted 0 asset nodes
2026-02-12 13:02:46,952 - __main__ - WARNING - Could not get agent IDs automatically: File source configuration not found for node type 'asset'
2026-02-12 13:02:46,953 - __main__ - INFO - Successfully extracted 0 asset nodes
2026-02-12 13:02:46,953 - __main__ - WARNING - Could not get agent IDs automatically: File source configuration not found for node type 'asset'
2026-02-12 13:02:46,953 - __main__ - INFO - Successfully extracted 0 asset nodes
2026-02-12 13:02:46,953 - __main__ - WARNING - Could not get agent IDs automatically: File source configuration not found for node type 'asset'
2026-02-12 13:02:46,953 - __main__ - INFO - Successfully extracted 0 asset nodes
2026-02-12 13:02:46,954 - __main__ - WARNING - Could not get agent IDs automatically: File source configuration not found for node type 'asset'
2026-02-12 13:02:46,954 - __main__ - INFO - Successfully extracted 0 asset nodes
2026-02-12 13:02:46,954 - __main__ - WARNING - Could not get agent IDs automatically: File source configuration not found for node type 'asset'
2026-02-12 13:02:46,954 - __main__ - INFO - Successfully extracted 0 asset nodes
2026-02-12 13:02:46,954 - __main__ - WARNING - Could not get agent IDs automatically: File source configuration not found for node type 'asset'
2026-02-12 13:02:46,954 - __main__ - INFO - Successfully extracted 0 asset nodes
2026-02-12 13:02:46,954 - __main__ - WARNING - Could not get agent IDs automatically: File source configuration not found for node type 'asset'
2026-02-12 13:02:46,955 - __main__ - INFO - Successfully extracted 0 asset nodes
2026-02-12 13:02:46,955 - __main__ - WARNING - Could not get agent IDs automatically: File source configuration not found for node type 'asset'
2026-02-12 13:02:46,955 - __main__ - INFO - Successfully extracted 0 asset nodes
2026-02-12 13:02:46,955 - __main__ - WARNING - Could not get agent IDs automatically: File source configuration not found for node type 'asset'
2026-02-12 13:02:46,956 - __main__ - INFO - Successfully extracted 0 asset nodes
2026-02-12 13:02:46,956 - __main__ - WARNING - Could not get agent IDs automatically: File source configuration not found for node type 'asset'
2026-02-12 13:02:46,956 - __main__ - INFO - Successfully extracted 0 asset nodes
2026-02-12 13:02:46,957 - __main__ - WARNING - Could not get agent IDs automatically: File source configuration not found for node type 'asset'
2026-02-12 13:02:46,957 - __main__ - INFO - Successfully extracted 0 asset nodes
2026-02-12 13:02:46,957 - __main__ - WARNING - Could not get agent IDs automatically: File source configuration not found for node type 'asset'
2026-02-12 13:02:46,957 - __main__ - INFO - Successfully extracted 0 asset nodes
2026-02-12 13:02:46,958 - __main__ - WARNING - Could not get agent IDs automatically: File source configuration not found for node type 'asset'
2026-02-12 13:02:46,958 - __main__ - INFO - Successfully extracted 0 asset nodes
2026-02-12 13:02:46,958 - __main__ - WARNING - Could not get agent IDs automatically: File source configuration not found for node type 'asset'
2026-02-12 13:02:46,959 - __main__ - INFO - Successfully extracted 0 asset nodes
2026-02-12 13:02:46,959 - __main__ - WARNING - Could not get agent IDs automatically: File source configuration not found for node type 'asset'
2026-02-12 13:02:46,959 - __main__ - INFO - Successfully extracted 0 asset nodes
2026-02-12 13:02:46,959 - __main__ - WARNING - Could not get agent IDs automatically: File source configuration not found for node type 'asset'
2026-02-12 13:02:46,959 - __main__ - INFO - Successfully extracted 0 asset nodes
2026-02-12 13:02:46,959 - __main__ - WARNING - Could not get agent IDs automatically: File source configuration not found for node type 'asset'
2026-02-12 13:02:46,959 - __main__ - INFO - Successfully extracted 0 asset nodes
2026-02-12 13:02:46,959 - __main__ - WARNING - Could not get agent IDs automatically: File source configuration not found for node type 'asset'
2026-02-12 13:02:46,960 - __main__ - INFO - Successfully extracted 0 asset nodes
2026-02-12 13:02:46,960 - __main__ - WARNING - Could not get agent IDs automatically: File source configuration not found for node type 'asset'
2026-02-12 13:02:46,960 - __main__ - INFO - Successfully extracted 0 asset nodes
2026-02-12 13:02:46,960 - __main__ - WARNING - Could not get agent IDs automatically: File source configuration not found for node type 'asset'
2026-02-12 13:02:46,960 - __main__ - INFO - Successfully extracted 0 asset nodes
2026-02-12 13:02:46,961 - __main__ - WARNING - Could not get agent IDs automatically: File source configuration not found for node type 'asset'
2026-02-12 13:02:46,961 - __main__ - INFO - Successfully extracted 0 asset nodes
2026-02-12 13:02:46,961 - __main__ - WARNING - Could not get agent IDs automatically: File source configuration not found for node type 'asset'
2026-02-12 13:02:46,961 - __main__ - INFO - Successfully extracted 0 asset nodes
2026-02-12 13:02:46,961 - __main__ - WARNING - Could not get agent IDs automatically: File source configuration not found for node type 'asset'
2026-02-12 13:02:46,961 - __main__ - INFO - Successfully extracted 0 asset nodes
2026-02-12 13:02:46,962 - __main__ - WARNING - Could not get agent IDs automatically: File source configuration not found for node type 'asset'
2026-02-12 13:02:46,962 - __main__ - INFO - Successfully extracted 0 asset nodes
2026-02-12 13:02:46,962 - __main__ - WARNING - Could not get agent IDs automatically: File source configuration not found for node type 'asset'
2026-02-12 13:02:46,962 - __main__ - INFO - Successfully extracted 0 asset nodes
2026-02-12 13:02:46,962 - __main__ - WARNING - Could not get agent IDs automatically: File source configuration not found for node type 'asset'
2026-02-12 13:02:46,963 - __main__ - INFO - Successfully extracted 0 asset nodes
2026-02-12 13:02:46,963 - __main__ - WARNING - Could not get agent IDs automatically: File source configuration not found for node type 'asset'
2026-02-12 13:02:46,963 - __main__ - INFO - Successfully extracted 0 asset nodes
2026-02-12 13:02:46,963 - __main__ - WARNING - Could not get agent IDs automatically: File source configuration not found for node type 'asset'
2026-02-12 13:02:46,963 - __main__ - INFO - Successfully extracted 0 asset nodes
2026-02-12 13:02:46,963 - __main__ - WARNING - Could not get agent IDs automatically: File source configuration not found for node type 'asset'
2026-02-12 13:02:46,964 - __main__ - INFO - Successfully extracted 0 asset nodes
2026-02-12 13:02:46,964 - __main__ - WARNING - Could not get agent IDs automatically: File source configuration not found for node type 'asset'
2026-02-12 13:02:46,964 - __main__ - INFO - Successfully extracted 0 asset nodes
2026-02-12 13:02:46,964 - __main__ - WARNING - Could not get agent IDs automatically: File source configuration not found for node type 'asset'
2026-02-12 13:02:46,964 - __main__ - INFO - Successfully extracted 0 asset nodes
2026-02-12 13:02:46,964 - __main__ - WARNING - Could not get agent IDs automatically: File source configuration not found for node type 'asset'
2026-02-12 13:02:46,965 - __main__ - INFO - Successfully extracted 0 asset nodes
2026-02-12 13:02:46,965 - __main__ - WARNING - Could not get agent IDs automatically: File source configuration not found for node type 'asset'
2026-02-12 13:02:46,965 - __main__ - INFO - Successfully extracted 0 asset nodes
2026-02-12 13:02:46,965 - __main__ - WARNING - Could not get agent IDs automatically: File source configuration not found for node type 'asset'
2026-02-12 13:02:46,966 - __main__ - INFO - Successfully extracted 0 asset nodes
2026-02-12 13:02:46,966 - __main__ - WARNING - Could not get agent IDs automatically: File source configuration not found for node type 'asset'
2026-02-12 13:02:46,966 - __main__ - INFO - Successfully extracted 0 asset nodes
2026-02-12 13:02:46,966 - __main__ - WARNING - Could not get agent IDs automatically: File source configuration not found for node type 'asset'
2026-02-12 13:02:46,966 - __main__ - INFO - Successfully extracted 0 asset nodes
2026-02-12 13:02:46,966 - __main__ - WARNING - Could not get agent IDs automatically: File source configuration not found for node type 'asset'
2026-02-12 13:02:46,966 - __main__ - INFO - Successfully extracted 0 asset nodes
2026-02-12 13:02:46,967 - __main__ - WARNING - Could not get agent IDs automatically: File source configuration not found for node type 'asset'
2026-02-12 13:02:46,967 - __main__ - INFO - Successfully extracted 0 asset nodes
2026-02-12 13:02:46,967 - __main__ - WARNING - Could not get agent IDs automatically: File source configuration not found for node type 'asset'
2026-02-12 13:02:46,967 - __main__ - INFO - Successfully extracted 0 asset nodes
2026-02-12 13:02:46,967 - __main__ - WARNING - Could not get agent IDs automatically: File source configuration not found for node type 'asset'
2026-02-12 13:02:46,968 - __main__ - INFO - Successfully extracted 0 asset nodes
2026-02-12 13:02:46,968 - __main__ - WARNING - Could not get agent IDs automatically: File source configuration not found for node type 'asset'
2026-02-12 13:02:46,968 - __main__ - INFO - Successfully extracted 0 asset nodes
2026-02-12 13:02:46,968 - __main__ - WARNING - Could not get agent IDs automatically: File source configuration not found for node type 'asset'
2026-02-12 13:02:46,968 - __main__ - INFO - Successfully extracted 0 asset nodes
2026-02-12 13:02:46,968 - __main__ - WARNING - Could not get agent IDs automatically: File source configuration not found for node type 'asset'
2026-02-12 13:02:46,968 - __main__ - INFO - Successfully extracted 0 asset nodes
2026-02-12 13:02:46,968 - __main__ - WARNING - Could not get agent IDs automatically: File source configuration not found for node type 'asset'
2026-02-12 13:02:46,969 - __main__ - INFO - Successfully extracted 0 asset nodes
2026-02-12 13:02:46,969 - __main__ - WARNING - Could not get agent IDs automatically: File source configuration not found for node type 'asset'
2026-02-12 13:02:46,969 - __main__ - INFO - Successfully extracted 0 asset nodes
2026-02-12 13:02:46,969 - __main__ - WARNING - Could not get agent IDs automatically: File source configuration not found for node type 'asset'
2026-02-12 13:02:46,969 - __main__ - INFO - Successfully extracted 0 asset nodes
2026-02-12 13:02:46,969 - __main__ - WARNING - Could not get agent IDs automatically: File source configuration not found for node type 'asset'
2026-02-12 13:02:46,970 - __main__ - INFO - Successfully extracted 0 asset nodes
2026-02-12 13:02:46,970 - __main__ - WARNING - Could not get agent IDs automatically: File source configuration not found for node type 'asset'
2026-02-12 13:02:46,970 - __main__ - INFO - Successfully extracted 0 asset nodes
2026-02-12 13:02:46,970 - __main__ - WARNING - Could not get agent IDs automatically: File source configuration not found for node type 'asset'
2026-02-12 13:02:46,970 - __main__ - INFO - Successfully extracted 0 asset nodes
2026-02-12 13:02:46,970 - __main__ - WARNING - Could not get agent IDs automatically: File source configuration not found for node type 'asset'
2026-02-12 13:02:46,971 - __main__ - INFO - Successfully extracted 0 asset nodes
2026-02-12 13:02:46,971 - __main__ - WARNING - Could not get agent IDs automatically: File source configuration not found for node type 'asset'
2026-02-12 13:02:46,971 - __main__ - INFO - Successfully extracted 0 asset nodes
2026-02-12 13:02:46,971 - __main__ - WARNING - Could not get agent IDs automatically: File source configuration not found for node type 'asset'
2026-02-12 13:02:46,971 - __main__ - INFO - Successfully extracted 0 asset nodes
2026-02-12 13:02:46,971 - __main__ - WARNING - Could not get agent IDs automatically: File source configuration not found for node type 'asset'
2026-02-12 13:02:46,971 - __main__ - INFO - Successfully extracted 0 asset nodes
2026-02-12 13:02:46,971 - __main__ - WARNING - Could not get agent IDs automatically: File source configuration not found for node type 'asset'
2026-02-12 13:02:46,971 - __main__ - INFO - Successfully extracted 0 asset nodes
2026-02-12 13:02:46,972 - __main__ - WARNING - Could not get agent IDs automatically: File source configuration not found for node type 'asset'
2026-02-12 13:02:46,972 - __main__ - INFO - Successfully extracted 0 asset nodes
2026-02-12 13:02:46,972 - __main__ - WARNING - Could not get agent IDs automatically: File source configuration not found for node type 'asset'
2026-02-12 13:02:46,972 - __main__ - INFO - Successfully extracted 0 asset nodes
2026-02-12 13:02:46,972 - __main__ - WARNING - Could not get agent IDs automatically: File source configuration not found for node type 'asset'
2026-02-12 13:02:46,973 - __main__ - INFO - Successfully extracted 0 asset nodes
2026-02-12 13:02:46,973 - __main__ - WARNING - Could not get agent IDs automatically: File source configuration not found for node type 'asset'
2026-02-12 13:02:46,973 - __main__ - INFO - Successfully extracted 0 asset nodes
2026-02-12 13:02:46,974 - __main__ - WARNING - Could not get agent IDs automatically: File source configuration not found for node type 'asset'
2026-02-12 13:02:46,974 - __main__ - INFO - Successfully extracted 0 asset nodes
2026-02-12 13:02:46,974 - __main__ - WARNING - Could not get agent IDs automatically: File source configuration not found for node type 'asset'
2026-02-12 13:02:46,974 - __main__ - INFO - Successfully extracted 0 asset nodes
2026-02-12 13:02:46,974 - __main__ - WARNING - Could not get agent IDs automatically: File source configuration not found for node type 'asset'
2026-02-12 13:02:46,975 - __main__ - INFO - Successfully extracted 0 asset nodes
2026-02-12 13:02:46,975 - __main__ - WARNING - Could not get agent IDs automatically: File source configuration not found for node type 'asset'
2026-02-12 13:02:46,975 - __main__ - INFO - Successfully extracted 0 asset nodes
2026-02-12 13:02:46,975 - __main__ - WARNING - Could not get agent IDs automatically: File source configuration not found for node type 'asset'
2026-02-12 13:02:46,975 - __main__ - INFO - Successfully extracted 0 asset nodes
2026-02-12 13:02:46,976 - __main__ - WARNING - Could not get agent IDs automatically: File source configuration not found for node type 'asset'
2026-02-12 13:02:46,976 - __main__ - INFO - Successfully extracted 0 asset nodes
2026-02-12 13:02:46,976 - __main__ - WARNING - Could not get agent IDs automatically: File source configuration not found for node type 'asset'
2026-02-12 13:02:46,976 - __main__ - INFO - Successfully extracted 0 asset nodes
2026-02-12 13:02:46,976 - __main__ - WARNING - Could not get agent IDs automatically: File source configuration not found for node type 'asset'
2026-02-12 13:02:46,977 - __main__ - INFO - Successfully extracted 0 asset nodes
2026-02-12 13:02:46,977 - __main__ - WARNING - Could not get agent IDs automatically: File source configuration not found for node type 'asset'
2026-02-12 13:02:46,977 - __main__ - INFO - Successfully extracted 0 asset nodes
2026-02-12 13:02:46,977 - __main__ - WARNING - Could not get agent IDs automatically: File source configuration not found for node type 'asset'
2026-02-12 13:02:46,977 - __main__ - INFO - Successfully extracted 0 asset nodes
2026-02-12 13:02:46,977 - __main__ - WARNING - Could not get agent IDs automatically: File source configuration not found for node type 'asset'
2026-02-12 13:02:46,977 - __main__ - INFO - Successfully extracted 0 asset nodes
2026-02-12 13:02:46,978 - __main__ - WARNING - Could not get agent IDs automatically: File source configuration not found for node type 'asset'
2026-02-12 13:02:46,978 - __main__ - INFO - Successfully extracted 0 asset nodes
2026-02-12 13:02:46,978 - __main__ - WARNING - Could not get agent IDs automatically: File source configuration not found for node type 'asset'
2026-02-12 13:02:46,978 - __main__ - INFO - Successfully extracted 0 asset nodes
2026-02-12 13:02:46,978 - __main__ - WARNING - Could not get agent IDs automatically: File source configuration not found for node type 'asset'
2026-02-12 13:02:46,979 - __main__ - INFO - Successfully extracted 0 asset nodes
2026-02-12 13:02:46,979 - __main__ - WARNING - Could not get agent IDs automatically: File source configuration not found for node type 'asset'
2026-02-12 13:02:46,979 - __main__ - INFO - Successfully extracted 0 asset nodes
2026-02-12 13:02:46,979 - __main__ - WARNING - Could not get agent IDs automatically: File source configuration not found for node type 'asset'
2026-02-12 13:02:46,979 - __main__ - INFO - Successfully extracted 0 asset nodes
2026-02-12 13:02:46,979 - __main__ - WARNING - Could not get agent IDs automatically: File source configuration not found for node type 'asset'
2026-02-12 13:02:46,980 - __main__ - INFO - Successfully extracted 0 asset nodes
2026-02-12 13:02:46,980 - __main__ - WARNING - Could not get agent IDs automatically: File source configuration not found for node type 'asset'
2026-02-12 13:02:46,980 - __main__ - INFO - Successfully extracted 0 asset nodes
2026-02-12 13:02:46,980 - __main__ - WARNING - Could not get agent IDs automatically: File source configuration not found for node type 'asset'
2026-02-12 13:02:46,980 - __main__ - INFO - Successfully extracted 0 asset nodes
2026-02-12 13:02:46,980 - __main__ - WARNING - Could not get agent IDs automatically: File source configuration not found for node type 'asset'
2026-02-12 13:02:46,980 - __main__ - INFO - Successfully extracted 0 asset nodes
2026-02-12 13:02:46,981 - __main__ - WARNING - Could not get agent IDs automatically: File source configuration not found for node type 'asset'
2026-02-12 13:02:46,981 - __main__ - INFO - Successfully extracted 0 asset nodes
2026-02-12 13:02:46,981 - __main__ - WARNING - Could not get agent IDs automatically: File source configuration not found for node type 'asset'
2026-02-12 13:02:46,981 - __main__ - INFO - Successfully extracted 0 asset nodes
2026-02-12 13:02:46,981 - __main__ - WARNING - Could not get agent IDs automatically: File source configuration not found for node type 'asset'
2026-02-12 13:02:46,982 - __main__ - INFO - Successfully extracted 0 asset nodes
2026-02-12 13:02:46,982 - __main__ - WARNING - Could not get agent IDs automatically: File source configuration not found for node type 'asset'
2026-02-12 13:02:46,982 - __main__ - INFO - Successfully extracted 0 asset nodes
2026-02-12 13:02:46,982 - __main__ - WARNING - Could not get agent IDs automatically: File source configuration not found for node type 'asset'
2026-02-12 13:02:46,982 - __main__ - INFO - Successfully extracted 0 asset nodes
2026-02-12 13:02:46,982 - __main__ - WARNING - Could not get agent IDs automatically: File source configuration not found for node type 'asset'
2026-02-12 13:02:46,983 - __main__ - INFO - Successfully extracted 0 asset nodes
2026-02-12 13:02:46,983 - __main__ - WARNING - Could not get agent IDs automatically: File source configuration not found for node type 'asset'
2026-02-12 13:02:46,983 - __main__ - INFO - Successfully extracted 0 asset nodes
2026-02-12 13:02:46,983 - __main__ - WARNING - Could not get agent IDs automatically: File source configuration not found for node type 'asset'
2026-02-12 13:02:46,983 - __main__ - INFO - Successfully extracted 0 asset nodes
2026-02-12 13:02:46,984 - __main__ - WARNING - Could not get agent IDs automatically: File source configuration not found for node type 'asset'
2026-02-12 13:02:46,984 - __main__ - INFO - Successfully extracted 0 asset nodes
2026-02-12 13:02:46,984 - __main__ - WARNING - Could not get agent IDs automatically: File source configuration not found for node type 'asset'
2026-02-12 13:02:46,984 - __main__ - INFO - Successfully extracted 0 asset nodes
2026-02-12 13:02:46,985 - __main__ - WARNING - Could not get agent IDs automatically: File source configuration not found for node type 'asset'
2026-02-12 13:02:46,985 - __main__ - INFO - Successfully extracted 0 asset nodes
2026-02-12 13:02:46,985 - __main__ - WARNING - Could not get agent IDs automatically: File source configuration not found for node type 'asset'
2026-02-12 13:02:46,985 - __main__ - INFO - Successfully extracted 0 asset nodes
2026-02-12 13:02:46,985 - __main__ - WARNING - Could not get agent IDs automatically: File source configuration not found for node type 'asset'
2026-02-12 13:02:46,986 - __main__ - INFO - Successfully extracted 0 asset nodes
2026-02-12 13:02:46,986 - __main__ - WARNING - Could not get agent IDs automatically: File source configuration not found for node type 'asset'
2026-02-12 13:02:46,986 - __main__ - INFO - Successfully extracted 0 asset nodes
2026-02-12 13:02:46,986 - __main__ - WARNING - Could not get agent IDs automatically: File source configuration not found for node type 'asset'
2026-02-12 13:02:46,987 - __main__ - INFO - Successfully extracted 0 asset nodes
2026-02-12 13:02:46,987 - __main__ - WARNING - Could not get agent IDs automatically: File source configuration not found for node type 'asset'
2026-02-12 13:02:46,987 - __main__ - INFO - Successfully extracted 0 asset nodes
2026-02-12 13:02:46,987 - __main__ - WARNING - Could not get agent IDs automatically: File source configuration not found for node type 'asset'
2026-02-12 13:02:46,987 - __main__ - INFO - Successfully extracted 0 asset nodes
2026-02-12 13:02:46,987 - __main__ - WARNING - Could not get agent IDs automatically: File source configuration not found for node type 'asset'
2026-02-12 13:02:46,988 - __main__ - INFO - Successfully extracted 0 asset nodes
2026-02-12 13:02:46,988 - __main__ - WARNING - Could not get agent IDs automatically: File source configuration not found for node type 'asset'
2026-02-12 13:02:46,988 - __main__ - INFO - Successfully extracted 0 asset nodes
2026-02-12 13:02:46,988 - __main__ - WARNING - Could not get agent IDs automatically: File source configuration not found for node type 'asset'
2026-02-12 13:02:46,988 - __main__ - INFO - Successfully extracted 0 asset nodes
2026-02-12 13:02:46,988 - __main__ - WARNING - Could not get agent IDs automatically: File source configuration not found for node type 'asset'
2026-02-12 13:02:46,989 - __main__ - INFO - Successfully extracted 0 asset nodes
2026-02-12 13:02:46,989 - __main__ - WARNING - Could not get agent IDs automatically: File source configuration not found for node type 'asset'
2026-02-12 13:02:46,989 - __main__ - INFO - Successfully extracted 0 asset nodes
2026-02-12 13:02:46,989 - __main__ - WARNING - Could not get agent IDs automatically: File source configuration not found for node type 'asset'
2026-02-12 13:02:46,989 - __main__ - INFO - Successfully extracted 0 asset nodes
2026-02-12 13:02:46,990 - __main__ - WARNING - Could not get agent IDs automatically: File source configuration not found for node type 'asset'
2026-02-12 13:02:46,990 - __main__ - INFO - Successfully extracted 0 asset nodes
2026-02-12 13:02:46,990 - __main__ - WARNING - Could not get agent IDs automatically: File source configuration not found for node type 'asset'
2026-02-12 13:02:46,990 - __main__ - INFO - Successfully extracted 0 asset nodes
2026-02-12 13:02:46,990 - __main__ - WARNING - Could not get agent IDs automatically: File source configuration not found for node type 'asset'
2026-02-12 13:02:46,991 - __main__ - INFO - Successfully extracted 0 asset nodes
2026-02-12 13:02:46,991 - __main__ - WARNING - Could not get agent IDs automatically: File source configuration not found for node type 'asset'
2026-02-12 13:02:46,991 - __main__ - INFO - Successfully extracted 0 asset nodes
2026-02-12 13:02:46,991 - __main__ - WARNING - Could not get agent IDs automatically: File source configuration not found for node type 'asset'
2026-02-12 13:02:46,991 - __main__ - INFO - Successfully extracted 0 asset nodes
2026-02-12 13:02:46,991 - __main__ - WARNING - Could not get agent IDs automatically: File source configuration not found for node type 'asset'
2026-02-12 13:02:46,991 - __main__ - INFO - Successfully extracted 0 asset nodes
2026-02-12 13:02:46,992 - __main__ - WARNING - Could not get agent IDs automatically: File source configuration not found for node type 'asset'
2026-02-12 13:02:46,992 - __main__ - INFO - Successfully extracted 0 asset nodes
2026-02-12 13:02:46,992 - __main__ - WARNING - Could not get agent IDs automatically: File source configuration not found for node type 'asset'
2026-02-12 13:02:46,992 - __main__ - INFO - Successfully extracted 0 asset nodes
2026-02-12 13:02:46,992 - __main__ - WARNING - Could not get agent IDs automatically: File source configuration not found for node type 'asset'
2026-02-12 13:02:46,992 - __main__ - INFO - Successfully extracted 0 asset nodes
2026-02-12 13:02:46,992 - __main__ - WARNING - Could not get agent IDs automatically: File source configuration not found for node type 'asset'
2026-02-12 13:02:46,992 - __main__ - INFO - Successfully extracted 0 asset nodes
2026-02-12 13:02:46,993 - __main__ - WARNING - Could not get agent IDs automatically: File source configuration not found for node type 'asset'
2026-02-12 13:02:46,993 - __main__ - INFO - Successfully extracted 0 asset nodes
2026-02-12 13:02:46,993 - __main__ - WARNING - Could not get agent IDs automatically: File source configuration not found for node type 'asset'
2026-02-12 13:02:46,993 - __main__ - INFO - Successfully extracted 0 asset nodes
2026-02-12 13:02:46,993 - __main__ - WARNING - Could not get agent IDs automatically: File source configuration not found for node type 'asset'
2026-02-12 13:02:46,993 - __main__ - INFO - Successfully extracted 0 asset nodes
2026-02-12 13:02:46,994 - __main__ - WARNING - Could not get agent IDs automatically: File source configuration not found for node type 'asset'
2026-02-12 13:02:46,994 - __main__ - INFO - Successfully extracted 0 asset nodes
2026-02-12 13:02:46,994 - __main__ - WARNING - Could not get agent IDs automatically: File source configuration not found for node type 'asset'
2026-02-12 13:02:46,994 - __main__ - INFO - Successfully extracted 0 asset nodes
2026-02-12 13:02:46,994 - __main__ - WARNING - Could not get agent IDs automatically: File source configuration not found for node type 'asset'
2026-02-12 13:02:46,994 - __main__ - INFO - Successfully extracted 0 asset nodes
2026-02-12 13:02:46,994 - __main__ - WARNING - Could not get agent IDs automatically: File source configuration not found for node type 'asset'
2026-02-12 13:02:46,995 - __main__ - INFO - Successfully extracted 0 asset nodes
2026-02-12 13:02:46,995 - __main__ - WARNING - Could not get agent IDs automatically: File source configuration not found for node type 'asset'
2026-02-12 13:02:46,995 - __main__ - INFO - Successfully extracted 0 asset nodes
2026-02-12 13:02:46,995 - __main__ - WARNING - Could not get agent IDs automatically: File source configuration not found for node type 'asset'
2026-02-12 13:02:46,995 - __main__ - INFO - Successfully extracted 0 asset nodes
2026-02-12 13:02:46,995 - __main__ - WARNING - Could not get agent IDs automatically: File source configuration not found for node type 'asset'
2026-02-12 13:02:46,996 - __main__ - INFO - Successfully extracted 0 asset nodes
2026-02-12 13:02:46,996 - __main__ - WARNING - Could not get agent IDs automatically: File source configuration not found for node type 'asset'
2026-02-12 13:02:46,996 - __main__ - INFO - Successfully extracted 0 asset nodes
2026-02-12 13:02:46,996 - __main__ - WARNING - Could not get agent IDs automatically: File source configuration not found for node type 'asset'
2026-02-12 13:02:46,996 - __main__ - INFO - Successfully extracted 0 asset nodes
2026-02-12 13:02:46,996 - __main__ - WARNING - Could not get agent IDs automatically: File source configuration not found for node type 'asset'
2026-02-12 13:02:46,997 - __main__ - INFO - Successfully extracted 0 asset nodes
2026-02-12 13:02:46,997 - __main__ - WARNING - Could not get agent IDs automatically: File source configuration not found for node type 'asset'
2026-02-12 13:02:46,997 - __main__ - INFO - Successfully extracted 0 asset nodes
2026-02-12 13:02:46,997 - __main__ - WARNING - Could not get agent IDs automatically: File source configuration not found for node type 'asset'
2026-02-12 13:02:46,997 - __main__ - INFO - Successfully extracted 0 asset nodes
2026-02-12 13:02:46,997 - __main__ - WARNING - Could not get agent IDs automatically: File source configuration not found for node type 'asset'
2026-02-12 13:02:46,998 - __main__ - INFO - Successfully extracted 0 asset nodes
2026-02-12 13:02:46,998 - __main__ - WARNING - Could not get agent IDs automatically: File source configuration not found for node type 'asset'
2026-02-12 13:02:46,998 - __main__ - INFO - Successfully extracted 0 asset nodes
2026-02-12 13:02:46,998 - __main__ - WARNING - Could not get agent IDs automatically: File source configuration not found for node type 'asset'
2026-02-12 13:02:46,998 - __main__ - INFO - Successfully extracted 0 asset nodes
2026-02-12 13:02:46,998 - __main__ - WARNING - Could not get agent IDs automatically: File source configuration not found for node type 'asset'
2026-02-12 13:02:46,998 - __main__ - INFO - Successfully extracted 0 asset nodes
2026-02-12 13:02:46,999 - __main__ - WARNING - Could not get agent IDs automatically: File source configuration not found for node type 'asset'
2026-02-12 13:02:46,999 - __main__ - INFO - Successfully extracted 0 asset nodes
2026-02-12 13:02:46,999 - __main__ - WARNING - Could not get agent IDs automatically: File source configuration not found for node type 'asset'
2026-02-12 13:02:46,999 - __main__ - INFO - Successfully extracted 0 asset nodes
2026-02-12 13:02:46,999 - __main__ - WARNING - Could not get agent IDs automatically: File source configuration not found for node type 'asset'
2026-02-12 13:02:46,999 - __main__ - INFO - Successfully extracted 0 asset nodes
2026-02-12 13:02:46,999 - __main__ - WARNING - Could not get agent IDs automatically: File source configuration not found for node type 'asset'
2026-02-12 13:02:47,000 - __main__ - INFO - Successfully extracted 0 asset nodes
2026-02-12 13:02:47,000 - __main__ - WARNING - Could not get agent IDs automatically: File source configuration not found for node type 'asset'
2026-02-12 13:02:47,000 - __main__ - INFO - Successfully extracted 0 asset nodes
2026-02-12 13:02:47,000 - __main__ - WARNING - Could not get agent IDs automatically: File source configuration not found for node type 'asset'
2026-02-12 13:02:47,000 - __main__ - INFO - Successfully extracted 0 asset nodes
2026-02-12 13:02:47,000 - __main__ - WARNING - Could not get agent IDs automatically: File source configuration not found for node type 'asset'
2026-02-12 13:02:47,000 - __main__ - INFO - Successfully extracted 0 asset nodes
2026-02-12 13:02:47,000 - __main__ - WARNING - Could not get agent IDs automatically: File source configuration not found for node type 'asset'
2026-02-12 13:02:47,000 - __main__ - INFO - Successfully extracted 0 asset nodes
2026-02-12 13:02:47,001 - __main__ - WARNING - Could not get agent IDs automatically: File source configuration not found for node type 'asset'
2026-02-12 13:02:47,001 - __main__ - INFO - Successfully extracted 0 asset nodes
2026-02-12 13:02:47,001 - __main__ - WARNING - Could not get agent IDs automatically: File source configuration not found for node type 'asset'
2026-02-12 13:02:47,001 - __main__ - INFO - Successfully extracted 0 asset nodes
2026-02-12 13:02:47,001 - __main__ - WARNING - Could not get agent IDs automatically: File source configuration not found for node type 'asset'
2026-02-12 13:02:47,001 - __main__ - INFO - Successfully extracted 0 asset nodes
2026-02-12 13:02:47,002 - __main__ - WARNING - Could not get agent IDs automatically: File source configuration not found for node type 'asset'
2026-02-12 13:02:47,002 - __main__ - INFO - Successfully extracted 0 asset nodes
2026-02-12 13:02:47,002 - __main__ - WARNING - Could not get agent IDs automatically: File source configuration not found for node type 'asset'
2026-02-12 13:02:47,002 - __main__ - INFO - Successfully extracted 0 asset nodes
2026-02-12 13:02:47,002 - __main__ - WARNING - Could not get agent IDs automatically: File source configuration not found for node type 'asset'
2026-02-12 13:02:47,002 - __main__ - INFO - Successfully extracted 0 asset nodes
2026-02-12 13:02:47,002 - __main__ - WARNING - Could not get agent IDs automatically: File source configuration not found for node type 'asset'
2026-02-12 13:02:47,002 - __main__ - INFO - Successfully extracted 0 asset nodes
2026-02-12 13:02:47,002 - __main__ - WARNING - Could not get agent IDs automatically: File source configuration not found for node type 'asset'
2026-02-12 13:02:47,003 - __main__ - INFO - Successfully extracted 0 asset nodes
2026-02-12 13:02:47,003 - __main__ - WARNING - Could not get agent IDs automatically: File source configuration not found for node type 'asset'
2026-02-12 13:02:47,003 - __main__ - INFO - Successfully extracted 0 asset nodes
2026-02-12 13:02:47,003 - __main__ - WARNING - Could not get agent IDs automatically: File source configuration not found for node type 'asset'
2026-02-12 13:02:47,003 - __main__ - INFO - Successfully extracted 0 asset nodes
2026-02-12 13:02:47,003 - __main__ - WARNING - Could not get agent IDs automatically: File source configuration not found for node type 'asset'
2026-02-12 13:02:47,004 - __main__ - INFO - Successfully extracted 0 asset nodes
2026-02-12 13:02:47,004 - __main__ - WARNING - Could not get agent IDs automatically: File source configuration not found for node type 'asset'
2026-02-12 13:02:47,004 - __main__ - INFO - Successfully extracted 0 asset nodes
2026-02-12 13:02:47,004 - __main__ - WARNING - Could not get agent IDs automatically: File source configuration not found for node type 'asset'
2026-02-12 13:02:47,004 - __main__ - INFO - Successfully extracted 0 asset nodes
2026-02-12 13:02:47,005 - __main__ - WARNING - Could not get agent IDs automatically: File source configuration not found for node type 'asset'
2026-02-12 13:02:47,005 - __main__ - INFO - Successfully extracted 0 asset nodes
2026-02-12 13:02:47,005 - __main__ - WARNING - Could not get agent IDs automatically: File source configuration not found for node type 'asset'
2026-02-12 13:02:47,005 - __main__ - INFO - Successfully extracted 0 asset nodes
2026-02-12 13:02:47,005 - __main__ - WARNING - Could not get agent IDs automatically: File source configuration not found for node type 'asset'
2026-02-12 13:02:47,005 - __main__ - INFO - Successfully extracted 0 asset nodes
2026-02-12 13:02:47,006 - __main__ - WARNING - Could not get agent IDs automatically: File source configuration not found for node type 'asset'
2026-02-12 13:02:47,006 - __main__ - INFO - Successfully extracted 0 asset nodes
2026-02-12 13:02:47,006 - __main__ - WARNING - Could not get agent IDs automatically: File source configuration not found for node type 'asset'
2026-02-12 13:02:47,006 - __main__ - INFO - Successfully extracted 0 asset nodes
2026-02-12 13:02:47,006 - __main__ - WARNING - Could not get agent IDs automatically: File source configuration not found for node type 'asset'
2026-02-12 13:02:47,007 - __main__ - INFO - Successfully extracted 0 asset nodes
2026-02-12 13:02:47,007 - __main__ - WARNING - Could not get agent IDs automatically: File source configuration not found for node type 'asset'
2026-02-12 13:02:47,007 - __main__ - INFO - Successfully extracted 0 asset nodes
2026-02-12 13:02:47,007 - __main__ - WARNING - Could not get agent IDs automatically: File source configuration not found for node type 'asset'
2026-02-12 13:02:47,007 - __main__ - INFO - Successfully extracted 0 asset nodes
2026-02-12 13:02:47,008 - __main__ - WARNING - Could not get agent IDs automatically: File source configuration not found for node type 'asset'
2026-02-12 13:02:47,008 - __main__ - INFO - Successfully extracted 0 asset nodes
2026-02-12 13:02:47,008 - __main__ - INFO - Successfully extracted 0 host nodes
2026-02-12 13:02:47,009 - __main__ - INFO - 
Saving extracted host nodes...
2026-02-12 13:02:47,010 - __main__ - INFO - Saved 0 host nodes to: extracted_data\host_nodes_20260212_130247.json
2026-02-12 13:02:47,010 - __main__ - INFO - 
============================================================
2026-02-12 13:02:47,011 - __main__ - INFO - HOST Node Extraction Completed!
2026-02-12 13:02:47,011 - __main__ - INFO - Extracted 0 host nodes
2026-02-12 13:02:47,011 - __main__ - INFO - Output file: extracted_data\host_nodes_20260212_130247.json
2026-02-12 13:02:47,011 - __main__ - INFO - ============================================================
2026-02-12 13:03:27,842 - __main__ - INFO - ============================================================
2026-02-12 13:03:27,842 - __main__ - INFO - HOST Node Extraction Started
2026-02-12 13:03:27,843 - __main__ - INFO - ============================================================
2026-02-12 13:03:27,876 - __main__ - INFO - Loaded graph_config.yaml
2026-02-12 13:03:27,882 - __main__ - INFO - Loaded paths_config.yaml
2026-02-12 13:03:27,885 - __main__ - INFO - Loaded neo4j_config.yaml
2026-02-12 13:03:27,885 - __main__ - INFO - 
Extracting host nodes from collected data...
2026-02-12 13:03:27,888 - __main__ - INFO - Found 5 agent IDs from asset nodes file: extracted_data\asset_nodes_20260212_110413.json
2026-02-12 13:03:27,899 - __main__ - INFO - Successfully extracted 5 host nodes
2026-02-12 13:03:27,899 - __main__ - INFO - 
Saving extracted host nodes...
2026-02-12 13:03:27,901 - __main__ - INFO - Saved 5 host nodes to: extracted_data\host_nodes_20260212_130327.json
2026-02-12 13:03:27,902 - __main__ - INFO - 
============================================================
2026-02-12 13:03:27,902 - __main__ - INFO - HOST Node Extraction Completed!
2026-02-12 13:03:27,902 - __main__ - INFO - Extracted 5 host nodes
2026-02-12 13:03:27,902 - __main__ - INFO - Output file: extracted_data\host_nodes_20260212_130327.json
2026-02-12 13:03:27,902 - __main__ - INFO - ============================================================
2026-02-12 14:15:40,491 - __main__ - INFO - ============================================================
2026-02-12 14:15:40,491 - __main__ - INFO - SOFTWARE Node Extraction Started
2026-02-12 14:15:40,491 - __main__ - INFO - ============================================================
2026-02-12 14:15:40,523 - __main__ - INFO - Loaded graph_config.yaml
2026-02-12 14:15:40,530 - __main__ - INFO - Loaded paths_config.yaml
2026-02-12 14:15:40,533 - __main__ - INFO - Loaded neo4j_config.yaml
2026-02-12 14:15:40,533 - __main__ - INFO - 
Extracting software nodes from collected data...
2026-02-12 14:15:40,534 - __main__ - INFO - Found 5 agent IDs from asset nodes file: extracted_data\asset_nodes_20260212_110413.json
2026-02-12 14:15:40,556 - __main__ - INFO - Successfully extracted 726 software nodes
2026-02-12 14:15:40,557 - __main__ - INFO - 
Saving extracted software nodes...
2026-02-12 14:15:40,575 - __main__ - INFO - Saved 726 software nodes to: extracted_data\software_nodes_20260212_141540.json
2026-02-12 14:15:40,576 - __main__ - INFO - 
============================================================
2026-02-12 14:15:40,576 - __main__ - INFO - SOFTWARE Node Extraction Completed!
2026-02-12 14:15:40,576 - __main__ - INFO - Extracted 726 software nodes
2026-02-12 14:15:40,576 - __main__ - INFO - Output file: extracted_data\software_nodes_20260212_141540.json
2026-02-12 14:15:40,576 - __main__ - INFO - ============================================================
2026-02-12 14:17:00,987 - __main__ - INFO - ============================================================
2026-02-12 14:17:00,988 - __main__ - INFO - SOFTWARE Node Extraction Started
2026-02-12 14:17:00,988 - __main__ - INFO - ============================================================
2026-02-12 14:17:01,016 - __main__ - INFO - Loaded graph_config.yaml
2026-02-12 14:17:01,023 - __main__ - INFO - Loaded paths_config.yaml
2026-02-12 14:17:01,026 - __main__ - INFO - Loaded neo4j_config.yaml
2026-02-12 14:17:01,026 - __main__ - INFO - 
Extracting software nodes from collected data...
2026-02-12 14:17:01,027 - __main__ - INFO - Found 5 agent IDs from asset nodes file: extracted_data\asset_nodes_20260212_110413.json
2026-02-12 14:17:01,037 - __main__ - WARNING - Skipping software node due to missing required properties: ['version']
2026-02-12 14:17:01,038 - __main__ - WARNING - Skipping software node due to missing required properties: ['version']
2026-02-12 14:17:01,038 - __main__ - WARNING - Skipping software node due to missing required properties: ['version']
2026-02-12 14:17:01,040 - __main__ - INFO - Successfully extracted 723 software nodes
2026-02-12 14:17:01,040 - __main__ - INFO - 
Saving extracted software nodes...
2026-02-12 14:17:01,057 - __main__ - INFO - Saved 723 software nodes to: extracted_data\software_nodes_20260212_141701.json
2026-02-12 14:17:01,058 - __main__ - INFO - 
============================================================
2026-02-12 14:17:01,058 - __main__ - INFO - SOFTWARE Node Extraction Completed!
2026-02-12 14:17:01,058 - __main__ - INFO - Extracted 723 software nodes
2026-02-12 14:17:01,058 - __main__ - INFO - Output file: extracted_data\software_nodes_20260212_141701.json
2026-02-12 14:17:01,058 - __main__ - INFO - ============================================================
2026-02-12 14:46:20,199 - __main__ - INFO - ============================================================
2026-02-12 14:46:20,200 - __main__ - INFO - VULNERABILITY Node Extraction Started
2026-02-12 14:46:20,200 - __main__ - INFO - ============================================================
2026-02-12 14:46:20,249 - __main__ - INFO - Loaded graph_config.yaml
2026-02-12 14:46:20,255 - __main__ - INFO - Loaded paths_config.yaml
2026-02-12 14:46:20,260 - __main__ - INFO - Loaded neo4j_config.yaml
2026-02-12 14:46:20,260 - __main__ - INFO - 
Extracting vulnerability nodes from collected data...
2026-02-12 14:46:20,262 - __main__ - INFO - Found 5 agent IDs from asset nodes file: extracted_data\asset_nodes_20260212_110413.json
2026-02-12 14:46:20,265 - __main__ - WARNING - Value '' not in enum values ['open', 'mitigated', 'PENDING', 'VALID'], using as-is
2026-02-12 14:46:20,265 - __main__ - WARNING - Value '' not in enum values ['open', 'mitigated', 'PENDING', 'VALID'], using as-is
2026-02-12 14:46:20,265 - __main__ - WARNING - Value '' not in enum values ['open', 'mitigated', 'PENDING', 'VALID'], using as-is
2026-02-12 14:46:20,265 - __main__ - WARNING - Value '' not in enum values ['open', 'mitigated', 'PENDING', 'VALID'], using as-is
2026-02-12 14:46:20,265 - __main__ - WARNING - Value '' not in enum values ['open', 'mitigated', 'PENDING', 'VALID'], using as-is
2026-02-12 14:46:20,265 - __main__ - WARNING - Value '' not in enum values ['open', 'mitigated', 'PENDING', 'VALID'], using as-is
2026-02-12 14:46:20,266 - __main__ - WARNING - Value '' not in enum values ['open', 'mitigated', 'PENDING', 'VALID'], using as-is
2026-02-12 14:46:20,266 - __main__ - WARNING - Value '' not in enum values ['open', 'mitigated', 'PENDING', 'VALID'], using as-is
2026-02-12 14:46:20,266 - __main__ - WARNING - Value '' not in enum values ['open', 'mitigated', 'PENDING', 'VALID'], using as-is
2026-02-12 14:46:20,266 - __main__ - WARNING - Value '' not in enum values ['open', 'mitigated', 'PENDING', 'VALID'], using as-is
2026-02-12 14:46:20,266 - __main__ - WARNING - Value '' not in enum values ['open', 'mitigated', 'PENDING', 'VALID'], using as-is
2026-02-12 14:46:20,266 - __main__ - WARNING - Value '' not in enum values ['open', 'mitigated', 'PENDING', 'VALID'], using as-is
2026-02-12 14:46:20,266 - __main__ - WARNING - Value '' not in enum values ['open', 'mitigated', 'PENDING', 'VALID'], using as-is
2026-02-12 14:46:20,266 - __main__ - WARNING - Value '' not in enum values ['open', 'mitigated', 'PENDING', 'VALID'], using as-is
2026-02-12 14:46:20,266 - __main__ - WARNING - Value '' not in enum values ['open', 'mitigated', 'PENDING', 'VALID'], using as-is
2026-02-12 14:46:20,267 - __main__ - WARNING - Value '' not in enum values ['open', 'mitigated', 'PENDING', 'VALID'], using as-is
2026-02-12 14:46:20,267 - __main__ - WARNING - Value '' not in enum values ['open', 'mitigated', 'PENDING', 'VALID'], using as-is
2026-02-12 14:46:20,267 - __main__ - WARNING - Value '' not in enum values ['open', 'mitigated', 'PENDING', 'VALID'], using as-is
2026-02-12 14:46:20,267 - __main__ - WARNING - Value '' not in enum values ['open', 'mitigated', 'PENDING', 'VALID'], using as-is
2026-02-12 14:46:20,267 - __main__ - WARNING - Value '' not in enum values ['open', 'mitigated', 'PENDING', 'VALID'], using as-is
2026-02-12 14:46:20,267 - __main__ - WARNING - Value '-' not in enum values ['Critical', 'High', 'Medium', 'Low', 'Info'], using as-is
2026-02-12 14:46:20,267 - __main__ - WARNING - Value '' not in enum values ['open', 'mitigated', 'PENDING', 'VALID'], using as-is
2026-02-12 14:46:20,267 - __main__ - WARNING - Value '' not in enum values ['open', 'mitigated', 'PENDING', 'VALID'], using as-is
2026-02-12 14:46:20,268 - __main__ - WARNING - Value '-' not in enum values ['Critical', 'High', 'Medium', 'Low', 'Info'], using as-is
2026-02-12 14:46:20,268 - __main__ - WARNING - Value '' not in enum values ['open', 'mitigated', 'PENDING', 'VALID'], using as-is
2026-02-12 14:46:20,268 - __main__ - WARNING - Value '' not in enum values ['open', 'mitigated', 'PENDING', 'VALID'], using as-is
2026-02-12 14:46:20,268 - __main__ - WARNING - Value '-' not in enum values ['Critical', 'High', 'Medium', 'Low', 'Info'], using as-is
2026-02-12 14:46:20,268 - __main__ - WARNING - Value '' not in enum values ['open', 'mitigated', 'PENDING', 'VALID'], using as-is
2026-02-12 14:46:20,269 - __main__ - WARNING - Value '' not in enum values ['open', 'mitigated', 'PENDING', 'VALID'], using as-is
2026-02-12 14:46:20,269 - __main__ - WARNING - Value '-' not in enum values ['Critical', 'High', 'Medium', 'Low', 'Info'], using as-is
2026-02-12 14:46:20,269 - __main__ - WARNING - Value '' not in enum values ['open', 'mitigated', 'PENDING', 'VALID'], using as-is
2026-02-12 14:46:20,269 - __main__ - WARNING - Value '' not in enum values ['open', 'mitigated', 'PENDING', 'VALID'], using as-is
2026-02-12 14:46:20,269 - __main__ - WARNING - Value '-' not in enum values ['Critical', 'High', 'Medium', 'Low', 'Info'], using as-is
2026-02-12 14:46:20,270 - __main__ - WARNING - Value '' not in enum values ['open', 'mitigated', 'PENDING', 'VALID'], using as-is
2026-02-12 14:46:20,270 - __main__ - WARNING - Value '' not in enum values ['open', 'mitigated', 'PENDING', 'VALID'], using as-is
2026-02-12 14:46:20,270 - __main__ - WARNING - Value '-' not in enum values ['Critical', 'High', 'Medium', 'Low', 'Info'], using as-is
2026-02-12 14:46:20,270 - __main__ - WARNING - Value '' not in enum values ['open', 'mitigated', 'PENDING', 'VALID'], using as-is
2026-02-12 14:46:20,271 - __main__ - WARNING - Value '' not in enum values ['open', 'mitigated', 'PENDING', 'VALID'], using as-is
2026-02-12 14:46:20,271 - __main__ - WARNING - Value '' not in enum values ['open', 'mitigated', 'PENDING', 'VALID'], using as-is
2026-02-12 14:46:20,271 - __main__ - WARNING - Value '' not in enum values ['open', 'mitigated', 'PENDING', 'VALID'], using as-is
2026-02-12 14:46:20,271 - __main__ - WARNING - Value '' not in enum values ['open', 'mitigated', 'PENDING', 'VALID'], using as-is
2026-02-12 14:46:20,271 - __main__ - WARNING - Value '' not in enum values ['open', 'mitigated', 'PENDING', 'VALID'], using as-is
2026-02-12 14:46:20,271 - __main__ - WARNING - Value '' not in enum values ['open', 'mitigated', 'PENDING', 'VALID'], using as-is
2026-02-12 14:46:20,273 - __main__ - WARNING - Value '' not in enum values ['open', 'mitigated', 'PENDING', 'VALID'], using as-is
2026-02-12 14:46:20,273 - __main__ - WARNING - Value '' not in enum values ['open', 'mitigated', 'PENDING', 'VALID'], using as-is
2026-02-12 14:46:20,274 - __main__ - WARNING - Value '' not in enum values ['open', 'mitigated', 'PENDING', 'VALID'], using as-is
2026-02-12 14:46:20,274 - __main__ - WARNING - Value '' not in enum values ['open', 'mitigated', 'PENDING', 'VALID'], using as-is
2026-02-12 14:46:20,274 - __main__ - WARNING - Value '' not in enum values ['open', 'mitigated', 'PENDING', 'VALID'], using as-is
2026-02-12 14:46:20,274 - __main__ - WARNING - Value '' not in enum values ['open', 'mitigated', 'PENDING', 'VALID'], using as-is
2026-02-12 14:46:20,274 - __main__ - WARNING - Value '' not in enum values ['open', 'mitigated', 'PENDING', 'VALID'], using as-is
2026-02-12 14:46:20,274 - __main__ - WARNING - Value '' not in enum values ['open', 'mitigated', 'PENDING', 'VALID'], using as-is
2026-02-12 14:46:20,275 - __main__ - WARNING - Value '' not in enum values ['open', 'mitigated', 'PENDING', 'VALID'], using as-is
2026-02-12 14:46:20,275 - __main__ - WARNING - Value '' not in enum values ['open', 'mitigated', 'PENDING', 'VALID'], using as-is
2026-02-12 14:46:20,275 - __main__ - WARNING - Value '' not in enum values ['open', 'mitigated', 'PENDING', 'VALID'], using as-is
2026-02-12 14:46:20,275 - __main__ - WARNING - Value '' not in enum values ['open', 'mitigated', 'PENDING', 'VALID'], using as-is
2026-02-12 14:46:20,275 - __main__ - WARNING - Value '' not in enum values ['open', 'mitigated', 'PENDING', 'VALID'], using as-is
2026-02-12 14:46:20,275 - __main__ - WARNING - Value '' not in enum values ['open', 'mitigated', 'PENDING', 'VALID'], using as-is
2026-02-12 14:46:20,276 - __main__ - WARNING - Value '' not in enum values ['open', 'mitigated', 'PENDING', 'VALID'], using as-is
2026-02-12 14:46:20,276 - __main__ - WARNING - Value '' not in enum values ['open', 'mitigated', 'PENDING', 'VALID'], using as-is
2026-02-12 14:46:20,276 - __main__ - INFO - Successfully extracted 53 vulnerability nodes
2026-02-12 14:46:20,276 - __main__ - INFO - 
Saving extracted vulnerability nodes...
2026-02-12 14:46:20,281 - __main__ - INFO - Saved 53 vulnerability nodes to: extracted_data\vulnerability_nodes_20260212_144620.json
2026-02-12 14:46:20,282 - __main__ - INFO - 
============================================================
2026-02-12 14:46:20,282 - __main__ - INFO - VULNERABILITY Node Extraction Completed!
2026-02-12 14:46:20,282 - __main__ - INFO - Extracted 53 vulnerability nodes
2026-02-12 14:46:20,282 - __main__ - INFO - Output file: extracted_data\vulnerability_nodes_20260212_144620.json
2026-02-12 14:46:20,282 - __main__ - INFO - ============================================================
2026-02-12 14:47:47,624 - __main__ - INFO - ============================================================
2026-02-12 14:47:47,624 - __main__ - INFO - VULNERABILITY Node Extraction Started
2026-02-12 14:47:47,625 - __main__ - INFO - ============================================================
2026-02-12 14:47:47,672 - __main__ - INFO - Loaded graph_config.yaml
2026-02-12 14:47:47,679 - __main__ - INFO - Loaded paths_config.yaml
2026-02-12 14:47:47,682 - __main__ - INFO - Loaded neo4j_config.yaml
2026-02-12 14:47:47,682 - __main__ - INFO - 
Extracting vulnerability nodes from collected data...
2026-02-12 14:47:47,683 - __main__ - INFO - Found 5 agent IDs from asset nodes file: extracted_data\asset_nodes_20260212_110413.json
2026-02-12 14:47:47,687 - __main__ - INFO - Successfully extracted 53 vulnerability nodes
2026-02-12 14:47:47,687 - __main__ - INFO - 
Saving extracted vulnerability nodes...
2026-02-12 14:47:47,691 - __main__ - INFO - Saved 53 vulnerability nodes to: extracted_data\vulnerability_nodes_20260212_144747.json
2026-02-12 14:47:47,691 - __main__ - INFO - 
============================================================
2026-02-12 14:47:47,692 - __main__ - INFO - VULNERABILITY Node Extraction Completed!
2026-02-12 14:47:47,692 - __main__ - INFO - Extracted 53 vulnerability nodes
2026-02-12 14:47:47,692 - __main__ - INFO - Output file: extracted_data\vulnerability_nodes_20260212_144747.json
2026-02-12 14:47:47,692 - __main__ - INFO - ============================================================
2026-02-12 15:08:47,618 - __main__ - INFO - ============================================================
2026-02-12 15:08:47,618 - __main__ - INFO - ASSETGROUP Node Extraction Started
2026-02-12 15:08:47,619 - __main__ - INFO - ============================================================
2026-02-12 15:08:47,670 - __main__ - INFO - Loaded graph_config.yaml
2026-02-12 15:08:47,676 - __main__ - INFO - Loaded paths_config.yaml
2026-02-12 15:08:47,678 - __main__ - INFO - Loaded neo4j_config.yaml
2026-02-12 15:08:47,679 - __main__ - INFO - 
Extracting assetgroup nodes from collected data...
2026-02-12 15:08:47,680 - __main__ - INFO - Found 5 agent IDs from asset nodes file: extracted_data\asset_nodes_20260212_110413.json
2026-02-12 15:08:47,681 - __main__ - INFO - Successfully extracted 1 assetgroup nodes
2026-02-12 15:08:47,681 - __main__ - INFO - 
Saving extracted assetgroup nodes...
2026-02-12 15:08:47,683 - __main__ - INFO - Saved 1 assetgroup nodes to: extracted_data\assetgroup_nodes_20260212_150847.json
2026-02-12 15:08:47,683 - __main__ - INFO - 
============================================================
2026-02-12 15:08:47,684 - __main__ - INFO - ASSETGROUP Node Extraction Completed!
2026-02-12 15:08:47,684 - __main__ - INFO - Extracted 1 assetgroup nodes
2026-02-12 15:08:47,684 - __main__ - INFO - Output file: extracted_data\assetgroup_nodes_20260212_150847.json
2026-02-12 15:08:47,684 - __main__ - INFO - ============================================================
2026-02-12 15:10:36,372 - __main__ - INFO - ============================================================
2026-02-12 15:10:36,372 - __main__ - INFO - ASSET Node Extraction Started
2026-02-12 15:10:36,372 - __main__ - INFO - ============================================================
2026-02-12 15:10:36,382 - __main__ - ERROR - Error parsing YAML configuration: while parsing a block mapping
  in "graph_config.yaml", line 82, column 9
expected <block end>, but found '<block mapping start>'
  in "graph_config.yaml", line 89, column 11
2026-02-12 15:10:36,382 - __main__ - ERROR - Error during asset extraction: while parsing a block mapping
  in "graph_config.yaml", line 82, column 9
expected <block end>, but found '<block mapping start>'
  in "graph_config.yaml", line 89, column 11
Traceback (most recent call last):
  File "C:\Users\sgade\OneDrive\Desktop\orbit_node\extract_nodes.py", line 364, in main
    config_loader = ConfigLoader()
  File "C:\Users\sgade\OneDrive\Desktop\orbit_node\extract_nodes.py", line 34, in __init__
    self._load_configs()
    ~~~~~~~~~~~~~~~~~~^^
  File "C:\Users\sgade\OneDrive\Desktop\orbit_node\extract_nodes.py", line 40, in _load_configs
    self.graph_config = yaml.safe_load(f)
                        ~~~~~~~~~~~~~~^^^
  File "C:\Users\sgade\anaconda3\Lib\site-packages\yaml\__init__.py", line 125, in safe_load
    return load(stream, SafeLoader)
  File "C:\Users\sgade\anaconda3\Lib\site-packages\yaml\__init__.py", line 81, in load
    return loader.get_single_data()
           ~~~~~~~~~~~~~~~~~~~~~~^^
  File "C:\Users\sgade\anaconda3\Lib\site-packages\yaml\constructor.py", line 49, in get_single_data
    node = self.get_single_node()
  File "C:\Users\sgade\anaconda3\Lib\site-packages\yaml\composer.py", line 36, in get_single_node
    document = self.compose_document()
  File "C:\Users\sgade\anaconda3\Lib\site-packages\yaml\composer.py", line 55, in compose_document
    node = self.compose_node(None, None)
  File "C:\Users\sgade\anaconda3\Lib\site-packages\yaml\composer.py", line 84, in compose_node
    node = self.compose_mapping_node(anchor)
  File "C:\Users\sgade\anaconda3\Lib\site-packages\yaml\composer.py", line 133, in compose_mapping_node
    item_value = self.compose_node(node, item_key)
  File "C:\Users\sgade\anaconda3\Lib\site-packages\yaml\composer.py", line 84, in compose_node
    node = self.compose_mapping_node(anchor)
  File "C:\Users\sgade\anaconda3\Lib\site-packages\yaml\composer.py", line 133, in compose_mapping_node
    item_value = self.compose_node(node, item_key)
  File "C:\Users\sgade\anaconda3\Lib\site-packages\yaml\composer.py", line 84, in compose_node
    node = self.compose_mapping_node(anchor)
  File "C:\Users\sgade\anaconda3\Lib\site-packages\yaml\composer.py", line 133, in compose_mapping_node
    item_value = self.compose_node(node, item_key)
  File "C:\Users\sgade\anaconda3\Lib\site-packages\yaml\composer.py", line 84, in compose_node
    node = self.compose_mapping_node(anchor)
  File "C:\Users\sgade\anaconda3\Lib\site-packages\yaml\composer.py", line 133, in compose_mapping_node
    item_value = self.compose_node(node, item_key)
  File "C:\Users\sgade\anaconda3\Lib\site-packages\yaml\composer.py", line 84, in compose_node
    node = self.compose_mapping_node(anchor)
  File "C:\Users\sgade\anaconda3\Lib\site-packages\yaml\composer.py", line 127, in compose_mapping_node
    while not self.check_event(MappingEndEvent):
              ~~~~~~~~~~~~~~~~^^^^^^^^^^^^^^^^^
  File "C:\Users\sgade\anaconda3\Lib\site-packages\yaml\parser.py", line 98, in check_event
    self.current_event = self.state()
                         ~~~~~~~~~~^^
  File "C:\Users\sgade\anaconda3\Lib\site-packages\yaml\parser.py", line 438, in parse_block_mapping_key
    raise ParserError("while parsing a block mapping", self.marks[-1],
            "expected <block end>, but found %r" % token.id, token.start_mark)
yaml.parser.ParserError: while parsing a block mapping
  in "graph_config.yaml", line 82, column 9
expected <block end>, but found '<block mapping start>'
  in "graph_config.yaml", line 89, column 11
2026-02-12 15:10:56,858 - __main__ - INFO - ============================================================
2026-02-12 15:10:56,858 - __main__ - INFO - ASSET Node Extraction Started
2026-02-12 15:10:56,858 - __main__ - INFO - ============================================================
2026-02-12 15:10:56,869 - __main__ - ERROR - Error parsing YAML configuration: while parsing a block mapping
  in "graph_config.yaml", line 82, column 9
expected <block end>, but found '<block mapping start>'
  in "graph_config.yaml", line 89, column 11
2026-02-12 15:10:56,869 - __main__ - ERROR - Error during asset extraction: while parsing a block mapping
  in "graph_config.yaml", line 82, column 9
expected <block end>, but found '<block mapping start>'
  in "graph_config.yaml", line 89, column 11
Traceback (most recent call last):
  File "C:\Users\sgade\OneDrive\Desktop\orbit_node\extract_nodes.py", line 364, in main
    config_loader = ConfigLoader()
  File "C:\Users\sgade\OneDrive\Desktop\orbit_node\extract_nodes.py", line 34, in __init__
    self._load_configs()
    ~~~~~~~~~~~~~~~~~~^^
  File "C:\Users\sgade\OneDrive\Desktop\orbit_node\extract_nodes.py", line 40, in _load_configs
    self.graph_config = yaml.safe_load(f)
                        ~~~~~~~~~~~~~~^^^
  File "C:\Users\sgade\anaconda3\Lib\site-packages\yaml\__init__.py", line 125, in safe_load
    return load(stream, SafeLoader)
  File "C:\Users\sgade\anaconda3\Lib\site-packages\yaml\__init__.py", line 81, in load
    return loader.get_single_data()
           ~~~~~~~~~~~~~~~~~~~~~~^^
  File "C:\Users\sgade\anaconda3\Lib\site-packages\yaml\constructor.py", line 49, in get_single_data
    node = self.get_single_node()
  File "C:\Users\sgade\anaconda3\Lib\site-packages\yaml\composer.py", line 36, in get_single_node
    document = self.compose_document()
  File "C:\Users\sgade\anaconda3\Lib\site-packages\yaml\composer.py", line 55, in compose_document
    node = self.compose_node(None, None)
  File "C:\Users\sgade\anaconda3\Lib\site-packages\yaml\composer.py", line 84, in compose_node
    node = self.compose_mapping_node(anchor)
  File "C:\Users\sgade\anaconda3\Lib\site-packages\yaml\composer.py", line 133, in compose_mapping_node
    item_value = self.compose_node(node, item_key)
  File "C:\Users\sgade\anaconda3\Lib\site-packages\yaml\composer.py", line 84, in compose_node
    node = self.compose_mapping_node(anchor)
  File "C:\Users\sgade\anaconda3\Lib\site-packages\yaml\composer.py", line 133, in compose_mapping_node
    item_value = self.compose_node(node, item_key)
  File "C:\Users\sgade\anaconda3\Lib\site-packages\yaml\composer.py", line 84, in compose_node
    node = self.compose_mapping_node(anchor)
  File "C:\Users\sgade\anaconda3\Lib\site-packages\yaml\composer.py", line 133, in compose_mapping_node
    item_value = self.compose_node(node, item_key)
  File "C:\Users\sgade\anaconda3\Lib\site-packages\yaml\composer.py", line 84, in compose_node
    node = self.compose_mapping_node(anchor)
  File "C:\Users\sgade\anaconda3\Lib\site-packages\yaml\composer.py", line 133, in compose_mapping_node
    item_value = self.compose_node(node, item_key)
  File "C:\Users\sgade\anaconda3\Lib\site-packages\yaml\composer.py", line 84, in compose_node
    node = self.compose_mapping_node(anchor)
  File "C:\Users\sgade\anaconda3\Lib\site-packages\yaml\composer.py", line 127, in compose_mapping_node
    while not self.check_event(MappingEndEvent):
              ~~~~~~~~~~~~~~~~^^^^^^^^^^^^^^^^^
  File "C:\Users\sgade\anaconda3\Lib\site-packages\yaml\parser.py", line 98, in check_event
    self.current_event = self.state()
                         ~~~~~~~~~~^^
  File "C:\Users\sgade\anaconda3\Lib\site-packages\yaml\parser.py", line 438, in parse_block_mapping_key
    raise ParserError("while parsing a block mapping", self.marks[-1],
            "expected <block end>, but found %r" % token.id, token.start_mark)
yaml.parser.ParserError: while parsing a block mapping
  in "graph_config.yaml", line 82, column 9
expected <block end>, but found '<block mapping start>'
  in "graph_config.yaml", line 89, column 11
2026-02-12 15:11:28,069 - __main__ - INFO - ============================================================
2026-02-12 15:11:28,070 - __main__ - INFO - ASSET Node Extraction Started
2026-02-12 15:11:28,070 - __main__ - INFO - ============================================================
2026-02-12 15:11:28,123 - __main__ - INFO - Loaded graph_config.yaml
2026-02-12 15:11:28,129 - __main__ - INFO - Loaded paths_config.yaml
2026-02-12 15:11:28,132 - __main__ - INFO - Loaded neo4j_config.yaml
2026-02-12 15:11:28,132 - __main__ - INFO - 
Extracting asset nodes from collected data...
2026-02-12 15:11:28,134 - __main__ - INFO - Found 5 agent IDs from asset nodes file: extracted_data\asset_nodes_20260212_110413.json
2026-02-12 15:11:28,134 - __main__ - WARNING - Could not get agent IDs automatically: File source configuration not found for node type 'asset'
2026-02-12 15:11:28,135 - __main__ - INFO - Successfully extracted 0 asset nodes
2026-02-12 15:11:28,135 - __main__ - INFO - 
Saving extracted asset nodes...
2026-02-12 15:11:28,137 - __main__ - INFO - Saved 0 asset nodes to: extracted_data\asset_nodes_20260212_151128.json
2026-02-12 15:11:28,137 - __main__ - INFO - 
============================================================
2026-02-12 15:11:28,137 - __main__ - INFO - ASSET Node Extraction Completed!
2026-02-12 15:11:28,137 - __main__ - INFO - Extracted 0 asset nodes
2026-02-12 15:11:28,138 - __main__ - INFO - Output file: extracted_data\asset_nodes_20260212_151128.json
2026-02-12 15:11:28,138 - __main__ - INFO - ============================================================
2026-02-12 15:11:54,982 - __main__ - INFO - ============================================================
2026-02-12 15:11:54,982 - __main__ - INFO - ASSET Node Extraction Started
2026-02-12 15:11:54,982 - __main__ - INFO - ============================================================
2026-02-12 15:11:55,039 - __main__ - INFO - Loaded graph_config.yaml
2026-02-12 15:11:55,045 - __main__ - INFO - Loaded paths_config.yaml
2026-02-12 15:11:55,048 - __main__ - INFO - Loaded neo4j_config.yaml
2026-02-12 15:11:55,048 - __main__ - INFO - 
Extracting asset nodes from collected data...
2026-02-12 15:11:55,050 - __main__ - INFO - Found 0 agent IDs from asset nodes file: extracted_data\asset_nodes_20260212_151128.json
2026-02-12 15:11:55,050 - __main__ - INFO - Successfully extracted 5 asset nodes
2026-02-12 15:11:55,051 - __main__ - INFO - 
Saving extracted asset nodes...
2026-02-12 15:11:55,052 - __main__ - INFO - Saved 5 asset nodes to: extracted_data\asset_nodes_20260212_151155.json
2026-02-12 15:11:55,053 - __main__ - INFO - 
============================================================
2026-02-12 15:11:55,053 - __main__ - INFO - ASSET Node Extraction Completed!
2026-02-12 15:11:55,053 - __main__ - INFO - Extracted 5 asset nodes
2026-02-12 15:11:55,053 - __main__ - INFO - Output file: extracted_data\asset_nodes_20260212_151155.json
2026-02-12 15:11:55,053 - __main__ - INFO - ============================================================
2026-02-12 15:24:16,709 - __main__ - INFO - ============================================================
2026-02-12 15:24:16,709 - __main__ - INFO - HARDWARE Node Extraction Started
2026-02-12 15:24:16,710 - __main__ - INFO - ============================================================
2026-02-12 15:24:16,768 - __main__ - INFO - Loaded graph_config.yaml
2026-02-12 15:24:16,777 - __main__ - INFO - Loaded paths_config.yaml
2026-02-12 15:24:16,780 - __main__ - INFO - Loaded neo4j_config.yaml
2026-02-12 15:24:16,781 - __main__ - INFO - 
Extracting hardware nodes from collected data...
2026-02-12 15:24:16,782 - __main__ - INFO - Found 5 agent IDs from asset nodes file: extracted_data\asset_nodes_20260212_151155.json
2026-02-12 15:24:16,794 - __main__ - INFO - Successfully extracted 5 hardware nodes
2026-02-12 15:24:16,794 - __main__ - INFO - 
Saving extracted hardware nodes...
2026-02-12 15:24:16,796 - __main__ - INFO - Saved 5 hardware nodes to: extracted_data\hardware_nodes_20260212_152416.json
2026-02-12 15:24:16,796 - __main__ - INFO - 
============================================================
2026-02-12 15:24:16,796 - __main__ - INFO - HARDWARE Node Extraction Completed!
2026-02-12 15:24:16,796 - __main__ - INFO - Extracted 5 hardware nodes
2026-02-12 15:24:16,797 - __main__ - INFO - Output file: extracted_data\hardware_nodes_20260212_152416.json
2026-02-12 15:24:16,797 - __main__ - INFO - ============================================================
2026-02-12 19:08:56,954 - __main__ - INFO - ============================================================
2026-02-12 19:08:56,955 - __main__ - INFO - ASSET Node Extraction Started
2026-02-12 19:08:56,955 - __main__ - INFO - ============================================================
2026-02-12 19:08:56,988 - __main__ - INFO - Loaded graph_config.yaml
2026-02-12 19:08:56,992 - __main__ - INFO - Loaded paths_config.yaml
2026-02-12 19:08:56,994 - __main__ - INFO - Loaded neo4j_config.yaml
2026-02-12 19:08:56,994 - __main__ - INFO - 
Extracting asset nodes from collected data...
2026-02-12 19:08:56,996 - __main__ - INFO - Found 5 agent IDs from asset nodes file: extracted_data\asset_nodes_20260212_151155.json
2026-02-12 19:08:56,997 - __main__ - INFO - Successfully extracted 5 asset nodes
2026-02-12 19:08:56,997 - __main__ - INFO - 
Saving extracted asset nodes...
2026-02-12 19:08:56,998 - __main__ - INFO - Saved 5 asset nodes to: extracted_data\asset_nodes_20260212_190856.json
2026-02-12 19:08:56,998 - __main__ - INFO - 
============================================================
2026-02-12 19:08:56,998 - __main__ - INFO - ASSET Node Extraction Completed!
2026-02-12 19:08:56,998 - __main__ - INFO - Extracted 5 asset nodes
2026-02-12 19:08:56,998 - __main__ - INFO - Output file: extracted_data\asset_nodes_20260212_190856.json
2026-02-12 19:08:56,998 - __main__ - INFO - ============================================================
2026-02-12 19:15:12,914 - __main__ - INFO - ============================================================
2026-02-12 19:15:12,914 - __main__ - INFO - ASSET Node Extraction Started
2026-02-12 19:15:12,914 - __main__ - INFO - ============================================================
2026-02-12 19:15:12,954 - __main__ - INFO - Loaded graph_config.yaml
2026-02-12 19:15:12,958 - __main__ - INFO - Loaded paths_config.yaml
2026-02-12 19:15:12,960 - __main__ - INFO - Loaded neo4j_config.yaml
2026-02-12 19:15:12,960 - __main__ - INFO - 
Extracting asset nodes from collected data...
2026-02-12 19:15:12,961 - __main__ - INFO - Found 5 agent IDs from asset nodes file: extracted_data\asset_nodes_20260212_190856.json
2026-02-12 19:15:12,961 - __main__ - INFO - Successfully extracted 5 asset nodes
2026-02-12 19:15:12,961 - __main__ - INFO - 
Saving extracted asset nodes...
2026-02-12 19:15:12,962 - __main__ - INFO - Saved 5 asset nodes to: extracted_data\asset_nodes_20260212_191512.json
2026-02-12 19:15:12,963 - __main__ - INFO - 
============================================================
2026-02-12 19:15:12,963 - __main__ - INFO - ASSET Node Extraction Completed!
2026-02-12 19:15:12,963 - __main__ - INFO - Extracted 5 asset nodes
2026-02-12 19:15:12,963 - __main__ - INFO - Output file: extracted_data\asset_nodes_20260212_191512.json
2026-02-12 19:15:12,963 - __main__ - INFO - ============================================================
2026-02-12 19:15:31,630 - __main__ - INFO - ============================================================
2026-02-12 19:15:31,630 - __main__ - INFO - ASSET Node Extraction Started
2026-02-12 19:15:31,630 - __main__ - INFO - ============================================================
2026-02-12 19:15:31,664 - __main__ - INFO - Loaded graph_config.yaml
2026-02-12 19:15:31,668 - __main__ - INFO - Loaded paths_config.yaml
2026-02-12 19:15:31,670 - __main__ - INFO - Loaded neo4j_config.yaml
2026-02-12 19:15:31,670 - __main__ - INFO - 
Extracting asset nodes from collected data...
2026-02-12 19:15:31,670 - __main__ - INFO - Found 5 agent IDs from asset nodes file: extracted_data\asset_nodes_20260212_191512.json
2026-02-12 19:15:31,671 - __main__ - INFO - Successfully extracted 5 asset nodes
2026-02-12 19:15:31,671 - __main__ - INFO - 
Saving extracted asset nodes...
2026-02-12 19:15:31,672 - __main__ - INFO - Saved 5 asset nodes to: extracted_data\asset_nodes_20260212_191531.json
2026-02-12 19:15:31,672 - __main__ - INFO - 
============================================================
2026-02-12 19:15:31,673 - __main__ - INFO - ASSET Node Extraction Completed!
2026-02-12 19:15:31,673 - __main__ - INFO - Extracted 5 asset nodes
2026-02-12 19:15:31,673 - __main__ - INFO - Output file: extracted_data\asset_nodes_20260212_191531.json
2026-02-12 19:15:31,673 - __main__ - INFO - ============================================================
2026-02-12 20:21:27,197 - __main__ - INFO - ============================================================
2026-02-12 20:21:27,197 - __main__ - INFO - ASSET Node Extraction Started
2026-02-12 20:21:27,197 - __main__ - INFO - ============================================================
2026-02-12 20:21:27,239 - __main__ - INFO - Loaded graph_config.yaml
2026-02-12 20:21:27,243 - __main__ - INFO - Loaded paths_config.yaml
2026-02-12 20:21:27,244 - __main__ - INFO - Loaded neo4j_config.yaml
2026-02-12 20:21:27,245 - __main__ - INFO - 
Extracting asset nodes from collected data...
2026-02-12 20:21:27,245 - __main__ - INFO - Found 5 agent IDs from asset nodes file: extracted_data\asset_nodes_20260212_191531.json
2026-02-12 20:21:27,246 - __main__ - INFO - Successfully extracted 5 asset nodes
2026-02-12 20:21:27,246 - __main__ - INFO - 
Saving extracted asset nodes...
2026-02-12 20:21:27,248 - __main__ - INFO - Saved 5 asset nodes to: extracted_data\asset_nodes_20260212_202127.json
2026-02-12 20:21:27,248 - __main__ - INFO - 
============================================================
2026-02-12 20:21:27,248 - __main__ - INFO - ASSET Node Extraction Completed!
2026-02-12 20:21:27,248 - __main__ - INFO - Extracted 5 asset nodes
2026-02-12 20:21:27,248 - __main__ - INFO - Output file: extracted_data\asset_nodes_20260212_202127.json
2026-02-12 20:21:27,249 - __main__ - INFO - ============================================================
2026-02-12 20:21:41,348 - __main__ - INFO - ============================================================
2026-02-12 20:21:41,349 - __main__ - INFO - HOST Node Extraction Started
2026-02-12 20:21:41,349 - __main__ - INFO - ============================================================
2026-02-12 20:21:41,389 - __main__ - INFO - Loaded graph_config.yaml
2026-02-12 20:21:41,393 - __main__ - INFO - Loaded paths_config.yaml
2026-02-12 20:21:41,395 - __main__ - INFO - Loaded neo4j_config.yaml
2026-02-12 20:21:41,395 - __main__ - INFO - 
Extracting host nodes from collected data...
2026-02-12 20:21:41,396 - __main__ - INFO - Found 5 agent IDs from asset nodes file: extracted_data\asset_nodes_20260212_202127.json
2026-02-12 20:21:41,397 - __main__ - INFO - Successfully extracted 5 host nodes
2026-02-12 20:21:41,397 - __main__ - INFO - 
Saving extracted host nodes...
2026-02-12 20:21:41,399 - __main__ - INFO - Saved 5 host nodes to: extracted_data\host_nodes_20260212_202141.json
2026-02-12 20:21:41,399 - __main__ - INFO - 
============================================================
2026-02-12 20:21:41,399 - __main__ - INFO - HOST Node Extraction Completed!
2026-02-12 20:21:41,399 - __main__ - INFO - Extracted 5 host nodes
2026-02-12 20:21:41,399 - __main__ - INFO - Output file: extracted_data\host_nodes_20260212_202141.json
2026-02-12 20:21:41,399 - __main__ - INFO - ============================================================
2026-02-12 20:21:47,295 - __main__ - INFO - ============================================================
2026-02-12 20:21:47,296 - __main__ - INFO - SOFTWARE Node Extraction Started
2026-02-12 20:21:47,296 - __main__ - INFO - ============================================================
2026-02-12 20:21:47,334 - __main__ - INFO - Loaded graph_config.yaml
2026-02-12 20:21:47,338 - __main__ - INFO - Loaded paths_config.yaml
2026-02-12 20:21:47,340 - __main__ - INFO - Loaded neo4j_config.yaml
2026-02-12 20:21:47,340 - __main__ - INFO - 
Extracting software nodes from collected data...
2026-02-12 20:21:47,341 - __main__ - INFO - Found 5 agent IDs from asset nodes file: extracted_data\asset_nodes_20260212_202127.json
2026-02-12 20:21:47,345 - __main__ - WARNING - Could not parse datetime: Wed Dec  3 16:39:32 2025
2026-02-12 20:21:47,345 - __main__ - WARNING - Could not parse datetime: Wed Dec  3 16:39:35 2025
2026-02-12 20:21:47,345 - __main__ - WARNING - Could not parse datetime: Wed Jan 14 12:48:21 2026
2026-02-12 20:21:47,345 - __main__ - WARNING - Could not parse datetime: Wed Dec  3 16:39:34 2025
2026-02-12 20:21:47,345 - __main__ - WARNING - Could not parse datetime: Wed Dec  3 16:39:32 2025
2026-02-12 20:21:47,345 - __main__ - WARNING - Could not parse datetime: Wed Dec  3 16:39:32 2025
2026-02-12 20:21:47,346 - __main__ - WARNING - Could not parse datetime: Wed Jan 14 12:48:21 2026
2026-02-12 20:21:47,346 - __main__ - WARNING - Could not parse datetime: Wed Dec  3 16:39:32 2025
2026-02-12 20:21:47,346 - __main__ - WARNING - Could not parse datetime: Wed Dec  3 16:39:33 2025
2026-02-12 20:21:47,346 - __main__ - WARNING - Could not parse datetime: Wed Jan 14 12:48:21 2026
2026-02-12 20:21:47,346 - __main__ - WARNING - Could not parse datetime: Wed Dec  3 16:39:35 2025
2026-02-12 20:21:47,346 - __main__ - WARNING - Could not parse datetime: Wed Dec  3 16:39:35 2025
2026-02-12 20:21:47,346 - __main__ - WARNING - Could not parse datetime: Wed Dec  3 16:39:34 2025
2026-02-12 20:21:47,346 - __main__ - WARNING - Could not parse datetime: Wed Dec  3 16:39:32 2025
2026-02-12 20:21:47,346 - __main__ - WARNING - Could not parse datetime: Wed Jan 14 12:48:21 2026
2026-02-12 20:21:47,346 - __main__ - WARNING - Could not parse datetime: Wed Dec  3 16:39:32 2025
2026-02-12 20:21:47,346 - __main__ - WARNING - Could not parse datetime: Wed Dec  3 16:39:32 2025
2026-02-12 20:21:47,346 - __main__ - WARNING - Could not parse datetime: Wed Dec  3 16:39:32 2025
2026-02-12 20:21:47,346 - __main__ - WARNING - Could not parse datetime: Wed Dec  3 16:39:32 2025
2026-02-12 20:21:47,346 - __main__ - WARNING - Could not parse datetime: Wed Dec  3 16:39:32 2025
2026-02-12 20:21:47,347 - __main__ - WARNING - Could not parse datetime: Wed Dec  3 16:39:32 2025
2026-02-12 20:21:47,347 - __main__ - WARNING - Could not parse datetime: Wed Dec  3 16:39:35 2025
2026-02-12 20:21:47,347 - __main__ - WARNING - Could not parse datetime: Wed Dec  3 16:39:33 2025
2026-02-12 20:21:47,347 - __main__ - WARNING - Could not parse datetime: Wed Dec  3 16:39:35 2025
2026-02-12 20:21:47,347 - __main__ - WARNING - Could not parse datetime: Wed Dec  3 16:39:35 2025
2026-02-12 20:21:47,347 - __main__ - WARNING - Could not parse datetime: Wed Dec  3 16:39:32 2025
2026-02-12 20:21:47,347 - __main__ - WARNING - Could not parse datetime: Wed Dec  3 16:39:35 2025
2026-02-12 20:21:47,347 - __main__ - WARNING - Could not parse datetime: Wed Dec  3 16:39:33 2025
2026-02-12 20:21:47,347 - __main__ - WARNING - Could not parse datetime: Wed Dec  3 16:39:32 2025
2026-02-12 20:21:47,347 - __main__ - WARNING - Could not parse datetime: Wed Dec  3 16:39:32 2025
2026-02-12 20:21:47,347 - __main__ - WARNING - Could not parse datetime: Wed Dec  3 16:39:34 2025
2026-02-12 20:21:47,347 - __main__ - WARNING - Could not parse datetime: Wed Dec  3 16:39:32 2025
2026-02-12 20:21:47,347 - __main__ - WARNING - Could not parse datetime: Wed Dec  3 16:39:35 2025
2026-02-12 20:21:47,348 - __main__ - WARNING - Could not parse datetime: Wed Dec  3 16:39:32 2025
2026-02-12 20:21:47,348 - __main__ - WARNING - Could not parse datetime: Wed Dec  3 16:39:32 2025
2026-02-12 20:21:47,348 - __main__ - WARNING - Could not parse datetime: Wed Dec  3 16:39:34 2025
2026-02-12 20:21:47,348 - __main__ - WARNING - Could not parse datetime: Wed Dec  3 16:39:32 2025
2026-02-12 20:21:47,348 - __main__ - WARNING - Could not parse datetime: Wed Dec  3 16:39:32 2025
2026-02-12 20:21:47,348 - __main__ - WARNING - Could not parse datetime: Wed Dec  3 16:39:32 2025
2026-02-12 20:21:47,348 - __main__ - WARNING - Could not parse datetime: Wed Dec  3 16:39:32 2025
2026-02-12 20:21:47,348 - __main__ - WARNING - Could not parse datetime: Wed Dec  3 16:39:35 2025
2026-02-12 20:21:47,348 - __main__ - WARNING - Could not parse datetime: Wed Dec  3 16:39:35 2025
2026-02-12 20:21:47,348 - __main__ - WARNING - Could not parse datetime: Wed Dec  3 16:39:32 2025
2026-02-12 20:21:47,348 - __main__ - WARNING - Could not parse datetime: Wed Dec  3 16:39:35 2025
2026-02-12 20:21:47,348 - __main__ - WARNING - Could not parse datetime: Wed Dec  3 16:39:32 2025
2026-02-12 20:21:47,348 - __main__ - WARNING - Could not parse datetime: Wed Dec  3 16:39:32 2025
2026-02-12 20:21:47,348 - __main__ - WARNING - Could not parse datetime: Wed Dec  3 16:39:32 2025
2026-02-12 20:21:47,348 - __main__ - WARNING - Could not parse datetime: Wed Dec  3 16:39:32 2025
2026-02-12 20:21:47,349 - __main__ - WARNING - Could not parse datetime: Wed Dec  3 16:39:35 2025
2026-02-12 20:21:47,349 - __main__ - WARNING - Could not parse datetime: Wed Dec  3 16:39:35 2025
2026-02-12 20:21:47,349 - __main__ - WARNING - Could not parse datetime: Wed Jan 14 12:49:46 2026
2026-02-12 20:21:47,349 - __main__ - WARNING - Could not parse datetime: Wed Dec  3 16:39:32 2025
2026-02-12 20:21:47,349 - __main__ - WARNING - Could not parse datetime: Wed Dec  3 16:39:34 2025
2026-02-12 20:21:47,349 - __main__ - WARNING - Could not parse datetime: Wed Dec  3 16:39:35 2025
2026-02-12 20:21:47,349 - __main__ - WARNING - Could not parse datetime: Wed Dec  3 16:39:32 2025
2026-02-12 20:21:47,349 - __main__ - WARNING - Could not parse datetime: Wed Dec  3 16:39:32 2025
2026-02-12 20:21:47,349 - __main__ - WARNING - Could not parse datetime: Wed Dec  3 16:39:35 2025
2026-02-12 20:21:47,349 - __main__ - WARNING - Could not parse datetime: Wed Dec  3 16:39:35 2025
2026-02-12 20:21:47,349 - __main__ - WARNING - Could not parse datetime: Wed Dec  3 16:39:34 2025
2026-02-12 20:21:47,349 - __main__ - WARNING - Could not parse datetime: Wed Dec  3 16:39:32 2025
2026-02-12 20:21:47,349 - __main__ - WARNING - Could not parse datetime: Wed Dec  3 16:39:32 2025
2026-02-12 20:21:47,349 - __main__ - WARNING - Could not parse datetime: Wed Dec  3 16:39:32 2025
2026-02-12 20:21:47,350 - __main__ - WARNING - Could not parse datetime: Wed Jan 14 12:48:21 2026
2026-02-12 20:21:47,350 - __main__ - WARNING - Could not parse datetime: Wed Dec  3 16:39:32 2025
2026-02-12 20:21:47,350 - __main__ - WARNING - Could not parse datetime: Wed Dec  3 16:39:32 2025
2026-02-12 20:21:47,350 - __main__ - WARNING - Could not parse datetime: Wed Dec  3 16:39:32 2025
2026-02-12 20:21:47,350 - __main__ - WARNING - Could not parse datetime: Wed Dec  3 16:39:35 2025
2026-02-12 20:21:47,350 - __main__ - WARNING - Could not parse datetime: Wed Dec  3 16:39:35 2025
2026-02-12 20:21:47,350 - __main__ - WARNING - Could not parse datetime: Wed Dec  3 16:39:33 2025
2026-02-12 20:21:47,350 - __main__ - WARNING - Could not parse datetime: Wed Dec  3 16:39:32 2025
2026-02-12 20:21:47,350 - __main__ - WARNING - Could not parse datetime: Wed Dec  3 16:39:32 2025
2026-02-12 20:21:47,350 - __main__ - WARNING - Could not parse datetime: Wed Dec  3 16:39:35 2025
2026-02-12 20:21:47,350 - __main__ - WARNING - Could not parse datetime: Wed Dec  3 16:39:32 2025
2026-02-12 20:21:47,350 - __main__ - WARNING - Could not parse datetime: Wed Dec  3 16:39:33 2025
2026-02-12 20:21:47,350 - __main__ - WARNING - Could not parse datetime: Wed Dec  3 16:39:32 2025
2026-02-12 20:21:47,351 - __main__ - WARNING - Could not parse datetime: Wed Dec  3 16:39:35 2025
2026-02-12 20:21:47,351 - __main__ - WARNING - Could not parse datetime: Wed Dec  3 16:39:32 2025
2026-02-12 20:21:47,351 - __main__ - WARNING - Could not parse datetime: Wed Dec  3 16:39:34 2025
2026-02-12 20:21:47,351 - __main__ - WARNING - Could not parse datetime: Wed Dec  3 16:39:32 2025
2026-02-12 20:21:47,351 - __main__ - WARNING - Could not parse datetime: Wed Jan 14 12:48:21 2026
2026-02-12 20:21:47,351 - __main__ - WARNING - Could not parse datetime: Wed Dec  3 16:39:32 2025
2026-02-12 20:21:47,351 - __main__ - WARNING - Could not parse datetime: Wed Dec  3 16:39:32 2025
2026-02-12 20:21:47,351 - __main__ - WARNING - Could not parse datetime: Wed Dec  3 16:39:34 2025
2026-02-12 20:21:47,351 - __main__ - WARNING - Could not parse datetime: Wed Dec  3 16:39:35 2025
2026-02-12 20:21:47,351 - __main__ - WARNING - Could not parse datetime: Wed Dec  3 16:39:34 2025
2026-02-12 20:21:47,351 - __main__ - WARNING - Could not parse datetime: Wed Dec  3 16:39:32 2025
2026-02-12 20:21:47,351 - __main__ - WARNING - Could not parse datetime: Wed Dec  3 16:39:35 2025
2026-02-12 20:21:47,351 - __main__ - WARNING - Could not parse datetime: Wed Dec  3 16:39:35 2025
2026-02-12 20:21:47,351 - __main__ - WARNING - Could not parse datetime: Wed Dec  3 16:39:34 2025
2026-02-12 20:21:47,352 - __main__ - WARNING - Could not parse datetime: Wed Dec  3 16:39:32 2025
2026-02-12 20:21:47,352 - __main__ - WARNING - Could not parse datetime: Wed Dec  3 16:39:32 2025
2026-02-12 20:21:47,352 - __main__ - WARNING - Could not parse datetime: Wed Dec  3 16:39:32 2025
2026-02-12 20:21:47,352 - __main__ - WARNING - Could not parse datetime: Wed Dec  3 16:39:32 2025
2026-02-12 20:21:47,352 - __main__ - WARNING - Could not parse datetime: Wed Dec  3 16:39:32 2025
2026-02-12 20:21:47,352 - __main__ - WARNING - Could not parse datetime: Wed Dec  3 16:39:35 2025
2026-02-12 20:21:47,352 - __main__ - WARNING - Could not parse datetime: Wed Dec  3 16:39:32 2025
2026-02-12 20:21:47,352 - __main__ - WARNING - Could not parse datetime: Wed Dec  3 16:39:35 2025
2026-02-12 20:21:47,352 - __main__ - WARNING - Could not parse datetime: Wed Dec  3 16:39:32 2025
2026-02-12 20:21:47,352 - __main__ - WARNING - Could not parse datetime: Wed Dec  3 16:39:32 2025
2026-02-12 20:21:47,352 - __main__ - WARNING - Could not parse datetime: Wed Dec  3 16:39:32 2025
2026-02-12 20:21:47,352 - __main__ - WARNING - Could not parse datetime: Wed Dec  3 16:39:32 2025
2026-02-12 20:21:47,352 - __main__ - WARNING - Could not parse datetime: Wed Jan 14 12:49:01 2026
2026-02-12 20:21:47,352 - __main__ - WARNING - Could not parse datetime: Wed Dec  3 16:39:33 2025
2026-02-12 20:21:47,353 - __main__ - WARNING - Could not parse datetime: Wed Dec  3 16:39:32 2025
2026-02-12 20:21:47,353 - __main__ - WARNING - Could not parse datetime: Wed Jan 14 12:49:01 2026
2026-02-12 20:21:47,353 - __main__ - WARNING - Could not parse datetime: Wed Dec  3 16:39:32 2025
2026-02-12 20:21:47,353 - __main__ - WARNING - Could not parse datetime: Wed Dec  3 16:39:32 2025
2026-02-12 20:21:47,353 - __main__ - WARNING - Could not parse datetime: Wed Dec  3 16:39:32 2025
2026-02-12 20:21:47,353 - __main__ - WARNING - Could not parse datetime: Wed Dec  3 16:39:35 2025
2026-02-12 20:21:47,353 - __main__ - WARNING - Could not parse datetime: Wed Dec  3 16:39:35 2025
2026-02-12 20:21:47,353 - __main__ - WARNING - Could not parse datetime: Wed Jan 14 12:48:21 2026
2026-02-12 20:21:47,353 - __main__ - WARNING - Could not parse datetime: Wed Dec  3 16:39:32 2025
2026-02-12 20:21:47,353 - __main__ - WARNING - Could not parse datetime: Wed Dec  3 16:39:32 2025
2026-02-12 20:21:47,353 - __main__ - WARNING - Could not parse datetime: Wed Dec  3 16:39:35 2025
2026-02-12 20:21:47,353 - __main__ - WARNING - Could not parse datetime: Wed Dec  3 16:39:32 2025
2026-02-12 20:21:47,353 - __main__ - WARNING - Could not parse datetime: Wed Jan 14 12:49:19 2026
2026-02-12 20:21:47,357 - __main__ - INFO - Successfully extracted 726 software nodes
2026-02-12 20:21:47,358 - __main__ - INFO - 
Saving extracted software nodes...
2026-02-12 20:21:47,373 - __main__ - INFO - Saved 726 software nodes to: extracted_data\software_nodes_20260212_202147.json
2026-02-12 20:21:47,373 - __main__ - INFO - 
============================================================
2026-02-12 20:21:47,373 - __main__ - INFO - SOFTWARE Node Extraction Completed!
2026-02-12 20:21:47,373 - __main__ - INFO - Extracted 726 software nodes
2026-02-12 20:21:47,373 - __main__ - INFO - Output file: extracted_data\software_nodes_20260212_202147.json
2026-02-12 20:21:47,373 - __main__ - INFO - ============================================================
2026-02-12 20:21:53,346 - __main__ - INFO - ============================================================
2026-02-12 20:21:53,346 - __main__ - INFO - VULNERABILITY Node Extraction Started
2026-02-12 20:21:53,346 - __main__ - INFO - ============================================================
2026-02-12 20:21:53,385 - __main__ - INFO - Loaded graph_config.yaml
2026-02-12 20:21:53,389 - __main__ - INFO - Loaded paths_config.yaml
2026-02-12 20:21:53,391 - __main__ - INFO - Loaded neo4j_config.yaml
2026-02-12 20:21:53,391 - __main__ - INFO - 
Extracting vulnerability nodes from collected data...
2026-02-12 20:21:53,392 - __main__ - INFO - Found 5 agent IDs from asset nodes file: extracted_data\asset_nodes_20260212_202127.json
2026-02-12 20:21:53,394 - __main__ - INFO - Successfully extracted 53 vulnerability nodes
2026-02-12 20:21:53,394 - __main__ - INFO - 
Saving extracted vulnerability nodes...
2026-02-12 20:21:53,396 - __main__ - INFO - Saved 53 vulnerability nodes to: extracted_data\vulnerability_nodes_20260212_202153.json
2026-02-12 20:21:53,397 - __main__ - INFO - 
============================================================
2026-02-12 20:21:53,397 - __main__ - INFO - VULNERABILITY Node Extraction Completed!
2026-02-12 20:21:53,397 - __main__ - INFO - Extracted 53 vulnerability nodes
2026-02-12 20:21:53,397 - __main__ - INFO - Output file: extracted_data\vulnerability_nodes_20260212_202153.json
2026-02-12 20:21:53,397 - __main__ - INFO - ============================================================
2026-02-12 20:22:04,543 - __main__ - INFO - ============================================================
2026-02-12 20:22:04,543 - __main__ - INFO - ASSETGROUP Node Extraction Started
2026-02-12 20:22:04,543 - __main__ - INFO - ============================================================
2026-02-12 20:22:04,587 - __main__ - INFO - Loaded graph_config.yaml
2026-02-12 20:22:04,591 - __main__ - INFO - Loaded paths_config.yaml
2026-02-12 20:22:04,593 - __main__ - INFO - Loaded neo4j_config.yaml
2026-02-12 20:22:04,593 - __main__ - INFO - 
Extracting assetgroup nodes from collected data...
2026-02-12 20:22:04,594 - __main__ - INFO - Found 5 agent IDs from asset nodes file: extracted_data\asset_nodes_20260212_202127.json
2026-02-12 20:22:04,594 - __main__ - INFO - Successfully extracted 1 assetgroup nodes
2026-02-12 20:22:04,594 - __main__ - INFO - 
Saving extracted assetgroup nodes...
2026-02-12 20:22:04,595 - __main__ - INFO - Saved 1 assetgroup nodes to: extracted_data\assetgroup_nodes_20260212_202204.json
2026-02-12 20:22:04,596 - __main__ - INFO - 
============================================================
2026-02-12 20:22:04,596 - __main__ - INFO - ASSETGROUP Node Extraction Completed!
2026-02-12 20:22:04,596 - __main__ - INFO - Extracted 1 assetgroup nodes
2026-02-12 20:22:04,596 - __main__ - INFO - Output file: extracted_data\assetgroup_nodes_20260212_202204.json
2026-02-12 20:22:04,596 - __main__ - INFO - ============================================================
2026-02-12 20:22:12,078 - __main__ - INFO - ============================================================
2026-02-12 20:22:12,078 - __main__ - INFO - HARDWARE Node Extraction Started
2026-02-12 20:22:12,078 - __main__ - INFO - ============================================================
2026-02-12 20:22:12,117 - __main__ - INFO - Loaded graph_config.yaml
2026-02-12 20:22:12,121 - __main__ - INFO - Loaded paths_config.yaml
2026-02-12 20:22:12,123 - __main__ - INFO - Loaded neo4j_config.yaml
2026-02-12 20:22:12,123 - __main__ - INFO - 
Extracting hardware nodes from collected data...
2026-02-12 20:22:12,124 - __main__ - INFO - Found 5 agent IDs from asset nodes file: extracted_data\asset_nodes_20260212_202127.json
2026-02-12 20:22:12,126 - __main__ - INFO - Successfully extracted 5 hardware nodes
2026-02-12 20:22:12,126 - __main__ - INFO - 
Saving extracted hardware nodes...
2026-02-12 20:22:12,127 - __main__ - INFO - Saved 5 hardware nodes to: extracted_data\hardware_nodes_20260212_202212.json
2026-02-12 20:22:12,127 - __main__ - INFO - 
============================================================
2026-02-12 20:22:12,127 - __main__ - INFO - HARDWARE Node Extraction Completed!
2026-02-12 20:22:12,127 - __main__ - INFO - Extracted 5 hardware nodes
2026-02-12 20:22:12,128 - __main__ - INFO - Output file: extracted_data\hardware_nodes_20260212_202212.json
2026-02-12 20:22:12,128 - __main__ - INFO - ============================================================
2026-02-13 09:49:58,539 - __main__ - INFO - ============================================================
2026-02-13 09:49:58,543 - __main__ - INFO - ASSET Node Extraction Started
2026-02-13 09:49:58,543 - __main__ - INFO - ============================================================
2026-02-13 09:49:58,628 - __main__ - INFO - Loaded graph_config.yaml
2026-02-13 09:49:58,637 - __main__ - INFO - Loaded paths_config.yaml
2026-02-13 09:49:58,641 - __main__ - INFO - Loaded neo4j_config.yaml
2026-02-13 09:49:58,641 - __main__ - INFO - 
Extracting asset nodes from collected data...
2026-02-13 09:49:58,643 - __main__ - WARNING - No asset nodes file found. Cannot determine agent IDs automatically.
2026-02-13 09:49:58,643 - __main__ - INFO - Successfully extracted 0 asset nodes
2026-02-13 09:49:58,643 - __main__ - INFO - 
Saving extracted asset nodes...
2026-02-13 09:49:58,651 - __main__ - INFO - Saved 0 asset nodes to: extracted_data\20260213_094958\asset_nodes_20260213_094958.json
2026-02-13 09:49:58,652 - __main__ - INFO - 
============================================================
2026-02-13 09:49:58,652 - __main__ - INFO - ASSET Node Extraction Completed!
2026-02-13 09:49:58,652 - __main__ - INFO - Extracted 0 asset nodes
2026-02-13 09:49:58,653 - __main__ - INFO - Output file: extracted_data\20260213_094958\asset_nodes_20260213_094958.json
2026-02-13 09:49:58,653 - __main__ - INFO - ============================================================
2026-02-13 09:50:13,386 - __main__ - INFO - ============================================================
2026-02-13 09:50:13,386 - __main__ - INFO - HOST Node Extraction Started
2026-02-13 09:50:13,386 - __main__ - INFO - ============================================================
2026-02-13 09:50:13,463 - __main__ - INFO - Loaded graph_config.yaml
2026-02-13 09:50:13,471 - __main__ - INFO - Loaded paths_config.yaml
2026-02-13 09:50:13,475 - __main__ - INFO - Loaded neo4j_config.yaml
2026-02-13 09:50:13,475 - __main__ - INFO - 
Extracting host nodes from collected data...
2026-02-13 09:50:13,478 - __main__ - INFO - Found 0 agent IDs from asset nodes file: extracted_data\20260213_094958\asset_nodes_20260213_094958.json
2026-02-13 09:50:13,479 - __main__ - INFO - Successfully extracted 0 host nodes
2026-02-13 09:50:13,479 - __main__ - INFO - 
Saving extracted host nodes...
2026-02-13 09:50:13,483 - __main__ - INFO - Saved 0 host nodes to: extracted_data\20260213_094958\host_nodes_20260213_095013.json
2026-02-13 09:50:13,484 - __main__ - INFO - 
============================================================
2026-02-13 09:50:13,484 - __main__ - INFO - HOST Node Extraction Completed!
2026-02-13 09:50:13,484 - __main__ - INFO - Extracted 0 host nodes
2026-02-13 09:50:13,485 - __main__ - INFO - Output file: extracted_data\20260213_094958\host_nodes_20260213_095013.json
2026-02-13 09:50:13,485 - __main__ - INFO - ============================================================
