2026-02-13 16:08:27,464 - __main__ - INFO - ============================================================
2026-02-13 16:08:27,465 - __main__ - INFO - Neo4j Graph Builder
2026-02-13 16:08:27,465 - __main__ - INFO - ============================================================
2026-02-13 16:08:27,466 - __main__ - INFO - Using latest asset nodes file: C:\Users\sgade\OneDrive\Desktop\orbit_node\extracted_data\asset_nodes_20260212_202127.json
2026-02-13 16:08:27,468 - __main__ - INFO - Using latest host nodes file: C:\Users\sgade\OneDrive\Desktop\orbit_node\extracted_data\host_nodes_20260212_202141.json
2026-02-13 16:08:27,468 - __main__ - INFO - Using latest software nodes file: C:\Users\sgade\OneDrive\Desktop\orbit_node\extracted_data\software_nodes_20260212_202147.json
2026-02-13 16:08:27,469 - __main__ - INFO - Using latest vulnerability nodes file: C:\Users\sgade\OneDrive\Desktop\orbit_node\extracted_data\vulnerability_nodes_20260212_202153.json
2026-02-13 16:08:27,470 - __main__ - INFO - Using latest assetgroup nodes file: C:\Users\sgade\OneDrive\Desktop\orbit_node\extracted_data\assetgroup_nodes_20260212_202204.json
2026-02-13 16:08:27,470 - __main__ - INFO - Using latest hardware nodes file: C:\Users\sgade\OneDrive\Desktop\orbit_node\extracted_data\hardware_nodes_20260212_202212.json
2026-02-13 16:08:27,471 - __main__ - INFO - 
Initializing graph builder...
2026-02-13 16:08:27,473 - graph_builder.neo4j_connection - INFO - Loaded Neo4j configuration from C:\Users\sgade\OneDrive\Desktop\orbit_node\config\neo4j_config.yaml
2026-02-13 16:08:27,473 - graph_builder.neo4j_connection - INFO - Connecting to Neo4j at bolt://localhost:7687 with username: neo4j
2026-02-13 16:08:29,591 - graph_builder.neo4j_connection - INFO - Neo4j connection test successful
2026-02-13 16:08:29,591 - graph_builder.neo4j_connection - INFO - Successfully connected to Neo4j at bolt://localhost:7687
2026-02-13 16:08:29,634 - graph_builder.constraints_manager - INFO - Loaded graph configuration from C:\Users\sgade\OneDrive\Desktop\orbit_node\config\graph_config.yaml
2026-02-13 16:08:29,676 - graph_builder.relationship_manager - INFO - Loaded graph configuration from C:\Users\sgade\OneDrive\Desktop\orbit_node\config\graph_config.yaml
2026-02-13 16:08:29,680 - graph_builder.relationship_manager - INFO - Loaded paths configuration from C:\Users\sgade\OneDrive\Desktop\orbit_node\config\paths_config.yaml
2026-02-13 16:08:29,680 - __main__ - INFO - 
Setting up constraints...
2026-02-13 16:08:29,681 - graph_builder.graph_builder - INFO - ============================================================
2026-02-13 16:08:29,681 - graph_builder.graph_builder - INFO - Setting up Neo4j constraints and indexes
2026-02-13 16:08:29,681 - graph_builder.graph_builder - INFO - ============================================================
2026-02-13 16:08:29,681 - graph_builder.constraints_manager - INFO - Creating constraints for node type: asset
2026-02-13 16:08:29,723 - graph_builder.constraints_manager - INFO - Created UNIQUE constraint 'unique_asset_id' on NJS_Asset(asset_id)
2026-02-13 16:08:29,724 - graph_builder.constraints_manager - INFO - Creating constraints for node type: host
2026-02-13 16:08:29,769 - graph_builder.constraints_manager - INFO - Created composite UNIQUE constraint 'unique_host_composite' on NJS_Host(agent_id, os_name)
2026-02-13 16:08:29,769 - graph_builder.constraints_manager - INFO - Creating constraints for node type: software
2026-02-13 16:08:29,801 - graph_builder.constraints_manager - INFO - Created UNIQUE constraint 'unique_software_name' on NJS_Software(name)
2026-02-13 16:08:29,801 - graph_builder.constraints_manager - INFO - Creating constraints for node type: vulnerability
2026-02-13 16:08:29,838 - graph_builder.constraints_manager - INFO - Created UNIQUE constraint 'unique_cve_id' on NJS_Vulnerability(cve_id)
2026-02-13 16:08:29,839 - graph_builder.constraints_manager - INFO - Creating constraints for node type: assetgroup
2026-02-13 16:08:29,869 - graph_builder.constraints_manager - INFO - Created UNIQUE constraint 'unique_assetgroup_name' on NJS_AssetGroup(name)
2026-02-13 16:08:29,869 - graph_builder.constraints_manager - INFO - Creating constraints for node type: hardware
2026-02-13 16:08:29,901 - graph_builder.constraints_manager - INFO - Created composite UNIQUE constraint 'unique_hardware_composite' on NJS_Hardware(agent_id, name)
2026-02-13 16:08:29,902 - graph_builder.constraints_manager - INFO - Creating constraints for node type: scanevent
2026-02-13 16:08:29,967 - graph_builder.constraints_manager - INFO - Created UNIQUE constraint 'unique_scanevent_id' on ScanEvent(event_id)
2026-02-13 16:08:29,967 - graph_builder.graph_builder - INFO - asset: 1/1 constraints created successfully
2026-02-13 16:08:29,968 - graph_builder.graph_builder - INFO - host: 1/1 constraints created successfully
2026-02-13 16:08:29,968 - graph_builder.graph_builder - INFO - software: 1/1 constraints created successfully
2026-02-13 16:08:29,968 - graph_builder.graph_builder - INFO - vulnerability: 1/1 constraints created successfully
2026-02-13 16:08:29,968 - graph_builder.graph_builder - INFO - assetgroup: 1/1 constraints created successfully
2026-02-13 16:08:29,968 - graph_builder.graph_builder - INFO - hardware: 1/1 constraints created successfully
2026-02-13 16:08:29,968 - graph_builder.graph_builder - INFO - scanevent: 1/1 constraints created successfully
2026-02-13 16:08:29,969 - __main__ - INFO - 
============================================================
2026-02-13 16:08:29,969 - __main__ - INFO - Creating ScanEvent
2026-02-13 16:08:29,969 - __main__ - INFO - ============================================================
2026-02-13 16:08:30,376 - graph_builder.scanevent_manager - INFO - Created ScanEvent: NODE_N1_SCAN_00001_1770907887
2026-02-13 16:08:30,377 - graph_builder.scanevent_manager - INFO -   Description: STANDARD_BASELINE_LOAD
2026-02-13 16:08:30,377 - graph_builder.scanevent_manager - INFO -   Time: 2026-02-12T20:21:27.248092
2026-02-13 16:08:30,377 - graph_builder.scanevent_manager - INFO -   Status: Created
2026-02-13 16:08:30,377 - __main__ - INFO - ScanEvent created: NODE_N1_SCAN_00001_1770907887
2026-02-13 16:08:30,378 - __main__ - INFO - ============================================================
2026-02-13 16:08:30,378 - __main__ - INFO - 
Adding event_id (NODE_N1_SCAN_00001_1770907887) to all nodes...
2026-02-13 16:08:30,402 - __main__ - INFO - 
Inserting asset nodes...
2026-02-13 16:08:30,403 - graph_builder.graph_builder - INFO - ============================================================
2026-02-13 16:08:30,403 - graph_builder.graph_builder - INFO - Inserting ASSET nodes into Neo4j
2026-02-13 16:08:30,403 - graph_builder.graph_builder - INFO - ============================================================
2026-02-13 16:08:30,403 - graph_builder.node_inserter - INFO - Loading nodes from: C:\Users\sgade\OneDrive\Desktop\orbit_node\extracted_data\asset_nodes_20260212_202127_with_event_id.json
2026-02-13 16:08:30,404 - graph_builder.node_inserter - INFO - Loaded 5 nodes from JSON file
2026-02-13 16:08:30,444 - graph_builder.graph_builder - INFO - Existing NJS_Asset nodes in database: 0
2026-02-13 16:08:30,445 - graph_builder.node_inserter - INFO - Inserting 5 NJS_Asset nodes in batches of 100
2026-02-13 16:08:30,445 - graph_builder.node_inserter - INFO - Processing batch 1/1 (5 nodes)
2026-02-13 16:08:30,726 - graph_builder.node_inserter - INFO - Batch insertion complete: 5 succeeded, 0 failed
2026-02-13 16:08:30,728 - graph_builder.graph_builder - INFO - Total NJS_Asset nodes in database after insertion: 5
2026-02-13 16:08:30,729 - __main__ - INFO - 
Inserting host nodes...
2026-02-13 16:08:30,729 - graph_builder.graph_builder - INFO - ============================================================
2026-02-13 16:08:30,729 - graph_builder.graph_builder - INFO - Inserting HOST nodes into Neo4j
2026-02-13 16:08:30,729 - graph_builder.graph_builder - INFO - ============================================================
2026-02-13 16:08:30,729 - graph_builder.node_inserter - INFO - Loading nodes from: C:\Users\sgade\OneDrive\Desktop\orbit_node\extracted_data\host_nodes_20260212_202141_with_event_id.json
2026-02-13 16:08:30,730 - graph_builder.node_inserter - INFO - Loaded 5 nodes from JSON file
2026-02-13 16:08:30,769 - graph_builder.graph_builder - INFO - Existing NJS_Host nodes in database: 0
2026-02-13 16:08:30,769 - graph_builder.node_inserter - INFO - Inserting 5 NJS_Host nodes in batches of 100
2026-02-13 16:08:30,770 - graph_builder.node_inserter - INFO - Processing batch 1/1 (5 nodes)
2026-02-13 16:08:30,981 - graph_builder.node_inserter - INFO - Batch insertion complete: 5 succeeded, 0 failed
2026-02-13 16:08:30,984 - graph_builder.graph_builder - INFO - Total NJS_Host nodes in database after insertion: 5
2026-02-13 16:08:30,984 - __main__ - INFO - 
Inserting software nodes...
2026-02-13 16:08:30,984 - graph_builder.graph_builder - INFO - ============================================================
2026-02-13 16:08:30,985 - graph_builder.graph_builder - INFO - Inserting SOFTWARE nodes into Neo4j
2026-02-13 16:08:30,985 - graph_builder.graph_builder - INFO - ============================================================
2026-02-13 16:08:30,985 - graph_builder.node_inserter - INFO - Loading nodes from: C:\Users\sgade\OneDrive\Desktop\orbit_node\extracted_data\software_nodes_20260212_202147_with_event_id.json
2026-02-13 16:08:30,988 - graph_builder.node_inserter - INFO - Loaded 726 nodes from JSON file
2026-02-13 16:08:31,019 - graph_builder.graph_builder - INFO - Existing NJS_Software nodes in database: 0
2026-02-13 16:08:31,020 - graph_builder.node_inserter - INFO - Inserting 726 NJS_Software nodes in batches of 100
2026-02-13 16:08:31,020 - graph_builder.node_inserter - INFO - Processing batch 1/8 (100 nodes)
2026-02-13 16:08:31,786 - graph_builder.node_inserter - INFO - Processing batch 2/8 (100 nodes)
2026-02-13 16:08:32,637 - graph_builder.node_inserter - INFO - Processing batch 3/8 (100 nodes)
2026-02-13 16:08:33,272 - graph_builder.node_inserter - INFO - Processing batch 4/8 (100 nodes)
2026-02-13 16:08:33,820 - graph_builder.node_inserter - INFO - Processing batch 5/8 (100 nodes)
2026-02-13 16:08:34,243 - graph_builder.node_inserter - INFO - Processing batch 6/8 (100 nodes)
2026-02-13 16:08:34,668 - graph_builder.node_inserter - INFO - Processing batch 7/8 (100 nodes)
2026-02-13 16:08:34,997 - graph_builder.node_inserter - INFO - Processing batch 8/8 (26 nodes)
2026-02-13 16:08:35,105 - graph_builder.node_inserter - INFO - Batch insertion complete: 726 succeeded, 0 failed
2026-02-13 16:08:35,108 - graph_builder.graph_builder - INFO - Total NJS_Software nodes in database after insertion: 583
2026-02-13 16:08:35,108 - __main__ - INFO - 
Inserting vulnerability nodes...
2026-02-13 16:08:35,108 - graph_builder.graph_builder - INFO - ============================================================
2026-02-13 16:08:35,108 - graph_builder.graph_builder - INFO - Inserting VULNERABILITY nodes into Neo4j
2026-02-13 16:08:35,109 - graph_builder.graph_builder - INFO - ============================================================
2026-02-13 16:08:35,109 - graph_builder.node_inserter - INFO - Loading nodes from: C:\Users\sgade\OneDrive\Desktop\orbit_node\extracted_data\vulnerability_nodes_20260212_202153_with_event_id.json
2026-02-13 16:08:35,110 - graph_builder.node_inserter - INFO - Loaded 53 nodes from JSON file
2026-02-13 16:08:35,140 - graph_builder.graph_builder - INFO - Existing NJS_Vulnerability nodes in database: 0
2026-02-13 16:08:35,141 - graph_builder.node_inserter - INFO - Inserting 53 NJS_Vulnerability nodes in batches of 100
2026-02-13 16:08:35,141 - graph_builder.node_inserter - INFO - Processing batch 1/1 (53 nodes)
2026-02-13 16:08:35,641 - graph_builder.node_inserter - INFO - Batch insertion complete: 53 succeeded, 0 failed
2026-02-13 16:08:35,643 - graph_builder.graph_builder - INFO - Total NJS_Vulnerability nodes in database after insertion: 40
2026-02-13 16:08:35,643 - __main__ - INFO - 
Inserting assetgroup nodes...
2026-02-13 16:08:35,644 - graph_builder.graph_builder - INFO - ============================================================
2026-02-13 16:08:35,644 - graph_builder.graph_builder - INFO - Inserting ASSETGROUP nodes into Neo4j
2026-02-13 16:08:35,644 - graph_builder.graph_builder - INFO - ============================================================
2026-02-13 16:08:35,645 - graph_builder.node_inserter - INFO - Loading nodes from: C:\Users\sgade\OneDrive\Desktop\orbit_node\extracted_data\assetgroup_nodes_20260212_202204_with_event_id.json
2026-02-13 16:08:35,645 - graph_builder.node_inserter - INFO - Loaded 1 nodes from JSON file
2026-02-13 16:08:35,677 - graph_builder.graph_builder - INFO - Existing NJS_AssetGroup nodes in database: 0
2026-02-13 16:08:35,677 - graph_builder.node_inserter - INFO - Inserting 1 NJS_AssetGroup nodes in batches of 100
2026-02-13 16:08:35,678 - graph_builder.node_inserter - INFO - Processing batch 1/1 (1 nodes)
2026-02-13 16:08:35,741 - graph_builder.node_inserter - INFO - Batch insertion complete: 1 succeeded, 0 failed
2026-02-13 16:08:35,744 - graph_builder.graph_builder - INFO - Total NJS_AssetGroup nodes in database after insertion: 1
2026-02-13 16:08:35,744 - __main__ - INFO - 
Inserting hardware nodes...
2026-02-13 16:08:35,744 - graph_builder.graph_builder - INFO - ============================================================
2026-02-13 16:08:35,745 - graph_builder.graph_builder - INFO - Inserting HARDWARE nodes into Neo4j
2026-02-13 16:08:35,745 - graph_builder.graph_builder - INFO - ============================================================
2026-02-13 16:08:35,745 - graph_builder.node_inserter - INFO - Loading nodes from: C:\Users\sgade\OneDrive\Desktop\orbit_node\extracted_data\hardware_nodes_20260212_202212_with_event_id.json
2026-02-13 16:08:35,746 - graph_builder.node_inserter - INFO - Loaded 5 nodes from JSON file
2026-02-13 16:08:35,774 - graph_builder.graph_builder - INFO - Existing NJS_Hardware nodes in database: 0
2026-02-13 16:08:35,774 - graph_builder.node_inserter - INFO - Inserting 5 NJS_Hardware nodes in batches of 100
2026-02-13 16:08:35,775 - graph_builder.node_inserter - INFO - Processing batch 1/1 (5 nodes)
2026-02-13 16:08:35,942 - graph_builder.node_inserter - INFO - Batch insertion complete: 5 succeeded, 0 failed
2026-02-13 16:08:35,944 - graph_builder.graph_builder - INFO - Total NJS_Hardware nodes in database after insertion: 5
2026-02-13 16:08:35,945 - __main__ - INFO - 
Creating relationships...
2026-02-13 16:08:35,945 - graph_builder.graph_builder - INFO - ============================================================
2026-02-13 16:08:35,945 - graph_builder.graph_builder - INFO - Creating Relationships
2026-02-13 16:08:35,945 - graph_builder.graph_builder - INFO - ============================================================
2026-02-13 16:08:35,946 - graph_builder.relationship_manager - INFO - Creating relationship 'asset_to_host': NJS_Asset-[:NJS_HAS_OS]->NJS_Host
2026-02-13 16:08:35,987 - graph_builder.relationship_manager - WARNING - No source data loaded for relationship creation
2026-02-13 16:08:35,988 - graph_builder.relationship_manager - INFO - Creating relationship 'host_to_software': NJS_Host-[:NJS_INSTALLED_ON]->NJS_Software
2026-02-13 16:08:36,027 - graph_builder.relationship_manager - WARNING - No source data loaded for relationship creation
2026-02-13 16:08:36,027 - graph_builder.relationship_manager - INFO - Creating relationship 'asset_to_software': NJS_Asset-[:NJS_HAS_SOFTWARE]->NJS_Software
2026-02-13 16:08:36,031 - graph_builder.relationship_manager - WARNING - No source data loaded for relationship creation
2026-02-13 16:08:36,031 - graph_builder.relationship_manager - INFO - Creating relationship 'software_to_vulnerability': NJS_Software-[:NJS_VULNERABLE_TO]->NJS_Vulnerability
2026-02-13 16:08:36,132 - graph_builder.relationship_manager - INFO - Loading all agent files for 5 agents
2026-02-13 16:08:36,133 - graph_builder.relationship_manager - WARNING - No source data loaded for relationship creation
2026-02-13 16:08:36,134 - graph_builder.relationship_manager - INFO - Creating relationship 'asset_to_vulnerability': NJS_Asset-[:NJS_AFFECTED_BY]->NJS_Vulnerability
2026-02-13 16:08:36,138 - graph_builder.relationship_manager - INFO - Loading all agent files for 5 agents
2026-02-13 16:08:36,139 - graph_builder.relationship_manager - WARNING - No source data loaded for relationship creation
2026-02-13 16:08:36,140 - graph_builder.relationship_manager - INFO - Creating relationship 'asset_to_assetgroup': NJS_Asset-[:NJS_BELONGS_TO]->NJS_AssetGroup
2026-02-13 16:08:36,143 - graph_builder.relationship_manager - WARNING - File not found: collected_data\20260210_201344\agents_manager\All_Agents.json
2026-02-13 16:08:36,143 - graph_builder.relationship_manager - WARNING - No source data loaded for relationship creation
2026-02-13 16:08:36,143 - graph_builder.relationship_manager - INFO - Creating relationship 'asset_to_hardware': NJS_Asset-[:NJS_HAS_HARDWARE]->NJS_Hardware
2026-02-13 16:08:36,147 - graph_builder.relationship_manager - WARNING - No source data loaded for relationship creation
2026-02-13 16:08:36,147 - graph_builder.graph_builder - INFO - asset_to_host: 0 relationships created
2026-02-13 16:08:36,148 - graph_builder.graph_builder - INFO - host_to_software: 0 relationships created
2026-02-13 16:08:36,148 - graph_builder.graph_builder - INFO - asset_to_software: 0 relationships created
2026-02-13 16:08:36,148 - graph_builder.graph_builder - INFO - software_to_vulnerability: 0 relationships created
2026-02-13 16:08:36,149 - graph_builder.graph_builder - INFO - asset_to_vulnerability: 0 relationships created
2026-02-13 16:08:36,149 - graph_builder.graph_builder - INFO - asset_to_assetgroup: 0 relationships created
2026-02-13 16:08:36,149 - graph_builder.graph_builder - INFO - asset_to_hardware: 0 relationships created
2026-02-13 16:08:36,152 - graph_builder.neo4j_connection - INFO - Neo4j connection closed
2026-02-13 16:08:36,152 - __main__ - INFO - Graph building process completed successfully
2026-02-13 16:12:21,960 - __main__ - INFO - ============================================================
2026-02-13 16:12:21,961 - __main__ - INFO - Neo4j Graph Builder
2026-02-13 16:12:21,961 - __main__ - INFO - ============================================================
2026-02-13 16:12:21,962 - __main__ - INFO - Using latest asset nodes file: C:\Users\sgade\OneDrive\Desktop\orbit_node\extracted_data\asset_nodes_20260212_202127_with_event_id.json
2026-02-13 16:12:21,962 - __main__ - INFO - Using latest host nodes file: C:\Users\sgade\OneDrive\Desktop\orbit_node\extracted_data\host_nodes_20260212_202141_with_event_id.json
2026-02-13 16:12:21,963 - __main__ - INFO - Using latest software nodes file: C:\Users\sgade\OneDrive\Desktop\orbit_node\extracted_data\software_nodes_20260212_202147_with_event_id.json
2026-02-13 16:12:21,964 - __main__ - INFO - Using latest vulnerability nodes file: C:\Users\sgade\OneDrive\Desktop\orbit_node\extracted_data\vulnerability_nodes_20260212_202153_with_event_id.json
2026-02-13 16:12:21,964 - __main__ - INFO - Using latest assetgroup nodes file: C:\Users\sgade\OneDrive\Desktop\orbit_node\extracted_data\assetgroup_nodes_20260212_202204_with_event_id.json
2026-02-13 16:12:21,965 - __main__ - INFO - Using latest hardware nodes file: C:\Users\sgade\OneDrive\Desktop\orbit_node\extracted_data\hardware_nodes_20260212_202212_with_event_id.json
2026-02-13 16:12:21,965 - __main__ - INFO - 
Initializing graph builder...
2026-02-13 16:12:21,967 - graph_builder.neo4j_connection - INFO - Loaded Neo4j configuration from C:\Users\sgade\OneDrive\Desktop\orbit_node\config\neo4j_config.yaml
2026-02-13 16:12:21,967 - graph_builder.neo4j_connection - INFO - Connecting to Neo4j at bolt://localhost:7687 with username: neo4j
2026-02-13 16:12:24,072 - graph_builder.neo4j_connection - INFO - Neo4j connection test successful
2026-02-13 16:12:24,072 - graph_builder.neo4j_connection - INFO - Successfully connected to Neo4j at bolt://localhost:7687
2026-02-13 16:12:24,114 - graph_builder.constraints_manager - INFO - Loaded graph configuration from C:\Users\sgade\OneDrive\Desktop\orbit_node\config\graph_config.yaml
2026-02-13 16:12:24,156 - graph_builder.relationship_manager - INFO - Loaded graph configuration from C:\Users\sgade\OneDrive\Desktop\orbit_node\config\graph_config.yaml
2026-02-13 16:12:24,160 - graph_builder.relationship_manager - INFO - Loaded paths configuration from C:\Users\sgade\OneDrive\Desktop\orbit_node\config\paths_config.yaml
2026-02-13 16:12:24,162 - graph_builder.relationship_manager - INFO - Using latest collected data directory: 20260210_201344_csv
2026-02-13 16:12:24,162 - graph_builder.relationship_manager - INFO - Full path: C:\Users\sgade\OneDrive\Desktop\orbit_node\collected_data\20260210_201344_csv
2026-02-13 16:12:24,162 - __main__ - INFO - 
Setting up constraints...
2026-02-13 16:12:24,163 - graph_builder.graph_builder - INFO - ============================================================
2026-02-13 16:12:24,163 - graph_builder.graph_builder - INFO - Setting up Neo4j constraints and indexes
2026-02-13 16:12:24,163 - graph_builder.graph_builder - INFO - ============================================================
2026-02-13 16:12:24,163 - graph_builder.constraints_manager - INFO - Creating constraints for node type: asset
2026-02-13 16:12:24,169 - graph_builder.constraints_manager - INFO - Created UNIQUE constraint 'unique_asset_id' on NJS_Asset(asset_id)
2026-02-13 16:12:24,170 - graph_builder.constraints_manager - INFO - Creating constraints for node type: host
2026-02-13 16:12:24,175 - graph_builder.constraints_manager - INFO - Created composite UNIQUE constraint 'unique_host_composite' on NJS_Host(agent_id, os_name)
2026-02-13 16:12:24,176 - graph_builder.constraints_manager - INFO - Creating constraints for node type: software
2026-02-13 16:12:24,181 - graph_builder.constraints_manager - INFO - Created UNIQUE constraint 'unique_software_name' on NJS_Software(name)
2026-02-13 16:12:24,182 - graph_builder.constraints_manager - INFO - Creating constraints for node type: vulnerability
2026-02-13 16:12:24,187 - graph_builder.constraints_manager - INFO - Created UNIQUE constraint 'unique_cve_id' on NJS_Vulnerability(cve_id)
2026-02-13 16:12:24,187 - graph_builder.constraints_manager - INFO - Creating constraints for node type: assetgroup
2026-02-13 16:12:24,192 - graph_builder.constraints_manager - INFO - Created UNIQUE constraint 'unique_assetgroup_name' on NJS_AssetGroup(name)
2026-02-13 16:12:24,193 - graph_builder.constraints_manager - INFO - Creating constraints for node type: hardware
2026-02-13 16:12:24,199 - graph_builder.constraints_manager - INFO - Created composite UNIQUE constraint 'unique_hardware_composite' on NJS_Hardware(agent_id, name)
2026-02-13 16:12:24,199 - graph_builder.constraints_manager - INFO - Creating constraints for node type: scanevent
2026-02-13 16:12:24,206 - graph_builder.constraints_manager - INFO - Created UNIQUE constraint 'unique_scanevent_id' on ScanEvent(event_id)
2026-02-13 16:12:24,206 - graph_builder.graph_builder - INFO - asset: 1/1 constraints created successfully
2026-02-13 16:12:24,206 - graph_builder.graph_builder - INFO - host: 1/1 constraints created successfully
2026-02-13 16:12:24,207 - graph_builder.graph_builder - INFO - software: 1/1 constraints created successfully
2026-02-13 16:12:24,207 - graph_builder.graph_builder - INFO - vulnerability: 1/1 constraints created successfully
2026-02-13 16:12:24,207 - graph_builder.graph_builder - INFO - assetgroup: 1/1 constraints created successfully
2026-02-13 16:12:24,207 - graph_builder.graph_builder - INFO - hardware: 1/1 constraints created successfully
2026-02-13 16:12:24,208 - graph_builder.graph_builder - INFO - scanevent: 1/1 constraints created successfully
2026-02-13 16:12:24,208 - __main__ - INFO - 
============================================================
2026-02-13 16:12:24,208 - __main__ - INFO - Creating ScanEvent
2026-02-13 16:12:24,208 - __main__ - INFO - ============================================================
2026-02-13 16:12:24,360 - graph_builder.scanevent_manager - INFO - Created ScanEvent: NODE_N1_SCAN_00002_1770979110
2026-02-13 16:12:24,361 - graph_builder.scanevent_manager - INFO -   Description: STANDARD_BASELINE_LOAD
2026-02-13 16:12:24,361 - graph_builder.scanevent_manager - INFO -   Time: 2026-02-13T16:08:30.373515
2026-02-13 16:12:24,361 - graph_builder.scanevent_manager - INFO -   Status: Created
2026-02-13 16:12:24,362 - __main__ - INFO - ScanEvent created: NODE_N1_SCAN_00002_1770979110
2026-02-13 16:12:24,362 - __main__ - INFO - ============================================================
2026-02-13 16:12:24,362 - __main__ - INFO - 
Adding event_id (NODE_N1_SCAN_00002_1770979110) to all nodes...
2026-02-13 16:12:24,381 - __main__ - INFO - 
Inserting asset nodes...
2026-02-13 16:12:24,381 - graph_builder.graph_builder - INFO - ============================================================
2026-02-13 16:12:24,381 - graph_builder.graph_builder - INFO - Inserting ASSET nodes into Neo4j
2026-02-13 16:12:24,382 - graph_builder.graph_builder - INFO - ============================================================
2026-02-13 16:12:24,382 - graph_builder.node_inserter - INFO - Loading nodes from: C:\Users\sgade\OneDrive\Desktop\orbit_node\extracted_data\asset_nodes_20260212_202127_with_event_id_with_event_id.json
2026-02-13 16:12:24,382 - graph_builder.node_inserter - INFO - Loaded 5 nodes from JSON file
2026-02-13 16:12:24,398 - graph_builder.graph_builder - INFO - Existing NJS_Asset nodes in database: 5
2026-02-13 16:12:24,399 - graph_builder.node_inserter - INFO - Inserting 5 NJS_Asset nodes in batches of 100
2026-02-13 16:12:24,399 - graph_builder.node_inserter - INFO - Processing batch 1/1 (5 nodes)
2026-02-13 16:12:24,492 - graph_builder.node_inserter - INFO - Batch insertion complete: 5 succeeded, 0 failed
2026-02-13 16:12:24,494 - graph_builder.graph_builder - INFO - Total NJS_Asset nodes in database after insertion: 5
2026-02-13 16:12:24,494 - __main__ - INFO - 
Inserting host nodes...
2026-02-13 16:12:24,494 - graph_builder.graph_builder - INFO - ============================================================
2026-02-13 16:12:24,494 - graph_builder.graph_builder - INFO - Inserting HOST nodes into Neo4j
2026-02-13 16:12:24,495 - graph_builder.graph_builder - INFO - ============================================================
2026-02-13 16:12:24,495 - graph_builder.node_inserter - INFO - Loading nodes from: C:\Users\sgade\OneDrive\Desktop\orbit_node\extracted_data\host_nodes_20260212_202141_with_event_id_with_event_id.json
2026-02-13 16:12:24,496 - graph_builder.node_inserter - INFO - Loaded 5 nodes from JSON file
2026-02-13 16:12:24,508 - graph_builder.graph_builder - INFO - Existing NJS_Host nodes in database: 5
2026-02-13 16:12:24,508 - graph_builder.node_inserter - INFO - Inserting 5 NJS_Host nodes in batches of 100
2026-02-13 16:12:24,509 - graph_builder.node_inserter - INFO - Processing batch 1/1 (5 nodes)
2026-02-13 16:12:24,618 - graph_builder.node_inserter - INFO - Batch insertion complete: 5 succeeded, 0 failed
2026-02-13 16:12:24,619 - graph_builder.graph_builder - INFO - Total NJS_Host nodes in database after insertion: 5
2026-02-13 16:12:24,620 - __main__ - INFO - 
Inserting software nodes...
2026-02-13 16:12:24,620 - graph_builder.graph_builder - INFO - ============================================================
2026-02-13 16:12:24,620 - graph_builder.graph_builder - INFO - Inserting SOFTWARE nodes into Neo4j
2026-02-13 16:12:24,620 - graph_builder.graph_builder - INFO - ============================================================
2026-02-13 16:12:24,620 - graph_builder.node_inserter - INFO - Loading nodes from: C:\Users\sgade\OneDrive\Desktop\orbit_node\extracted_data\software_nodes_20260212_202147_with_event_id_with_event_id.json
2026-02-13 16:12:24,622 - graph_builder.node_inserter - INFO - Loaded 726 nodes from JSON file
2026-02-13 16:12:24,637 - graph_builder.graph_builder - INFO - Existing NJS_Software nodes in database: 583
2026-02-13 16:12:24,637 - graph_builder.node_inserter - INFO - Inserting 726 NJS_Software nodes in batches of 100
2026-02-13 16:12:24,637 - graph_builder.node_inserter - INFO - Processing batch 1/8 (100 nodes)
2026-02-13 16:12:25,063 - graph_builder.node_inserter - INFO - Processing batch 2/8 (100 nodes)
2026-02-13 16:12:25,652 - graph_builder.node_inserter - INFO - Processing batch 3/8 (100 nodes)
2026-02-13 16:12:26,039 - graph_builder.node_inserter - INFO - Processing batch 4/8 (100 nodes)
2026-02-13 16:12:26,432 - graph_builder.node_inserter - INFO - Processing batch 5/8 (100 nodes)
2026-02-13 16:12:26,962 - graph_builder.node_inserter - INFO - Processing batch 6/8 (100 nodes)
2026-02-13 16:12:27,397 - graph_builder.node_inserter - INFO - Processing batch 7/8 (100 nodes)
2026-02-13 16:12:27,764 - graph_builder.node_inserter - INFO - Processing batch 8/8 (26 nodes)
2026-02-13 16:12:27,849 - graph_builder.node_inserter - INFO - Batch insertion complete: 726 succeeded, 0 failed
2026-02-13 16:12:27,851 - graph_builder.graph_builder - INFO - Total NJS_Software nodes in database after insertion: 583
2026-02-13 16:12:27,852 - __main__ - INFO - 
Inserting vulnerability nodes...
2026-02-13 16:12:27,852 - graph_builder.graph_builder - INFO - ============================================================
2026-02-13 16:12:27,852 - graph_builder.graph_builder - INFO - Inserting VULNERABILITY nodes into Neo4j
2026-02-13 16:12:27,852 - graph_builder.graph_builder - INFO - ============================================================
2026-02-13 16:12:27,852 - graph_builder.node_inserter - INFO - Loading nodes from: C:\Users\sgade\OneDrive\Desktop\orbit_node\extracted_data\vulnerability_nodes_20260212_202153_with_event_id_with_event_id.json
2026-02-13 16:12:27,853 - graph_builder.node_inserter - INFO - Loaded 53 nodes from JSON file
2026-02-13 16:12:27,864 - graph_builder.graph_builder - INFO - Existing NJS_Vulnerability nodes in database: 40
2026-02-13 16:12:27,865 - graph_builder.node_inserter - INFO - Inserting 53 NJS_Vulnerability nodes in batches of 100
2026-02-13 16:12:27,865 - graph_builder.node_inserter - INFO - Processing batch 1/1 (53 nodes)
2026-02-13 16:12:28,197 - graph_builder.node_inserter - INFO - Batch insertion complete: 53 succeeded, 0 failed
2026-02-13 16:12:28,199 - graph_builder.graph_builder - INFO - Total NJS_Vulnerability nodes in database after insertion: 40
2026-02-13 16:12:28,200 - __main__ - INFO - 
Inserting assetgroup nodes...
2026-02-13 16:12:28,200 - graph_builder.graph_builder - INFO - ============================================================
2026-02-13 16:12:28,200 - graph_builder.graph_builder - INFO - Inserting ASSETGROUP nodes into Neo4j
2026-02-13 16:12:28,200 - graph_builder.graph_builder - INFO - ============================================================
2026-02-13 16:12:28,200 - graph_builder.node_inserter - INFO - Loading nodes from: C:\Users\sgade\OneDrive\Desktop\orbit_node\extracted_data\assetgroup_nodes_20260212_202204_with_event_id_with_event_id.json
2026-02-13 16:12:28,201 - graph_builder.node_inserter - INFO - Loaded 1 nodes from JSON file
2026-02-13 16:12:28,203 - graph_builder.graph_builder - INFO - Existing NJS_AssetGroup nodes in database: 1
2026-02-13 16:12:28,204 - graph_builder.node_inserter - INFO - Inserting 1 NJS_AssetGroup nodes in batches of 100
2026-02-13 16:12:28,204 - graph_builder.node_inserter - INFO - Processing batch 1/1 (1 nodes)
2026-02-13 16:12:28,247 - graph_builder.node_inserter - INFO - Batch insertion complete: 1 succeeded, 0 failed
2026-02-13 16:12:28,249 - graph_builder.graph_builder - INFO - Total NJS_AssetGroup nodes in database after insertion: 1
2026-02-13 16:12:28,249 - __main__ - INFO - 
Inserting hardware nodes...
2026-02-13 16:12:28,250 - graph_builder.graph_builder - INFO - ============================================================
2026-02-13 16:12:28,250 - graph_builder.graph_builder - INFO - Inserting HARDWARE nodes into Neo4j
2026-02-13 16:12:28,250 - graph_builder.graph_builder - INFO - ============================================================
2026-02-13 16:12:28,250 - graph_builder.node_inserter - INFO - Loading nodes from: C:\Users\sgade\OneDrive\Desktop\orbit_node\extracted_data\hardware_nodes_20260212_202212_with_event_id_with_event_id.json
2026-02-13 16:12:28,251 - graph_builder.node_inserter - INFO - Loaded 5 nodes from JSON file
2026-02-13 16:12:28,254 - graph_builder.graph_builder - INFO - Existing NJS_Hardware nodes in database: 5
2026-02-13 16:12:28,254 - graph_builder.node_inserter - INFO - Inserting 5 NJS_Hardware nodes in batches of 100
2026-02-13 16:12:28,254 - graph_builder.node_inserter - INFO - Processing batch 1/1 (5 nodes)
2026-02-13 16:12:28,348 - graph_builder.node_inserter - INFO - Batch insertion complete: 5 succeeded, 0 failed
2026-02-13 16:12:28,350 - graph_builder.graph_builder - INFO - Total NJS_Hardware nodes in database after insertion: 5
2026-02-13 16:12:28,351 - __main__ - INFO - 
Creating relationships...
2026-02-13 16:12:28,351 - graph_builder.graph_builder - INFO - ============================================================
2026-02-13 16:12:28,351 - graph_builder.graph_builder - INFO - Creating Relationships
2026-02-13 16:12:28,351 - graph_builder.graph_builder - INFO - ============================================================
2026-02-13 16:12:28,351 - graph_builder.relationship_manager - INFO - Creating relationship 'asset_to_host': NJS_Asset-[:NJS_HAS_OS]->NJS_Host
2026-02-13 16:12:28,354 - graph_builder.relationship_manager - INFO - Found 5 asset_id values from NJS_Asset nodes
2026-02-13 16:12:28,354 - graph_builder.relationship_manager - INFO - Loading source data from: C:\Users\sgade\OneDrive\Desktop\orbit_node\collected_data\20260210_201344_csv\host
2026-02-13 16:12:28,355 - graph_builder.relationship_manager - INFO - Source file pattern: Syscollector_OS_Info_{agent_id}.json
2026-02-13 16:12:28,355 - graph_builder.relationship_manager - INFO - Agent IDs: ['000', '001', '002', '003', '004']
2026-02-13 16:12:28,356 - graph_builder.relationship_manager - INFO - Loaded 0 items from source data
2026-02-13 16:12:28,356 - graph_builder.relationship_manager - WARNING - No source data loaded for relationship creation
2026-02-13 16:12:28,356 - graph_builder.relationship_manager - WARNING - Checked directory: C:\Users\sgade\OneDrive\Desktop\orbit_node\collected_data\20260210_201344_csv\host
2026-02-13 16:12:28,356 - graph_builder.relationship_manager - WARNING - File pattern: Syscollector_OS_Info_{agent_id}.json
2026-02-13 16:12:28,357 - graph_builder.relationship_manager - INFO - Creating relationship 'host_to_software': NJS_Host-[:NJS_INSTALLED_ON]->NJS_Software
2026-02-13 16:12:28,359 - graph_builder.relationship_manager - INFO - Found 5 agent_id values from NJS_Host nodes
2026-02-13 16:12:28,359 - graph_builder.relationship_manager - INFO - Loading source data from: C:\Users\sgade\OneDrive\Desktop\orbit_node\collected_data\20260210_201344_csv\packages
2026-02-13 16:12:28,359 - graph_builder.relationship_manager - INFO - Source file pattern: Syscollector_Packages_{agent_id}.json
2026-02-13 16:12:28,359 - graph_builder.relationship_manager - INFO - Agent IDs: ['000', '001', '002', '003', '004']
2026-02-13 16:12:28,360 - graph_builder.relationship_manager - INFO - Loaded 0 items from source data
2026-02-13 16:12:28,360 - graph_builder.relationship_manager - WARNING - No source data loaded for relationship creation
2026-02-13 16:12:28,360 - graph_builder.relationship_manager - WARNING - Checked directory: C:\Users\sgade\OneDrive\Desktop\orbit_node\collected_data\20260210_201344_csv\packages
2026-02-13 16:12:28,360 - graph_builder.relationship_manager - WARNING - File pattern: Syscollector_Packages_{agent_id}.json
2026-02-13 16:12:28,360 - graph_builder.relationship_manager - INFO - Creating relationship 'asset_to_software': NJS_Asset-[:NJS_HAS_SOFTWARE]->NJS_Software
2026-02-13 16:12:28,362 - graph_builder.relationship_manager - INFO - Found 5 asset_id values from NJS_Asset nodes
2026-02-13 16:12:28,363 - graph_builder.relationship_manager - INFO - Loading source data from: C:\Users\sgade\OneDrive\Desktop\orbit_node\collected_data\20260210_201344_csv\packages
2026-02-13 16:12:28,363 - graph_builder.relationship_manager - INFO - Source file pattern: Syscollector_Packages_{agent_id}.json
2026-02-13 16:12:28,363 - graph_builder.relationship_manager - INFO - Agent IDs: ['000', '001', '002', '003', '004']
2026-02-13 16:12:28,364 - graph_builder.relationship_manager - INFO - Loaded 0 items from source data
2026-02-13 16:12:28,364 - graph_builder.relationship_manager - WARNING - No source data loaded for relationship creation
2026-02-13 16:12:28,364 - graph_builder.relationship_manager - WARNING - Checked directory: C:\Users\sgade\OneDrive\Desktop\orbit_node\collected_data\20260210_201344_csv\packages
2026-02-13 16:12:28,365 - graph_builder.relationship_manager - WARNING - File pattern: Syscollector_Packages_{agent_id}.json
2026-02-13 16:12:28,365 - graph_builder.relationship_manager - INFO - Creating relationship 'software_to_vulnerability': NJS_Software-[:NJS_VULNERABLE_TO]->NJS_Vulnerability
2026-02-13 16:12:28,390 - graph_builder.relationship_manager - INFO - Found 583 name values from NJS_Software nodes
2026-02-13 16:12:28,393 - graph_builder.relationship_manager - INFO - Loading all agent files for 5 agents
2026-02-13 16:12:28,393 - graph_builder.relationship_manager - INFO - Loading source data from: C:\Users\sgade\OneDrive\Desktop\orbit_node\collected_data\20260210_201344_csv\vulnerabilities
2026-02-13 16:12:28,393 - graph_builder.relationship_manager - INFO - Source file pattern: Vulnerabilities_{agent_id}.json
2026-02-13 16:12:28,394 - graph_builder.relationship_manager - INFO - Agent IDs: ['000', '001', '002', '003', '004']
2026-02-13 16:12:28,394 - graph_builder.relationship_manager - INFO - Loaded 0 items from source data
2026-02-13 16:12:28,394 - graph_builder.relationship_manager - WARNING - No source data loaded for relationship creation
2026-02-13 16:12:28,395 - graph_builder.relationship_manager - WARNING - Checked directory: C:\Users\sgade\OneDrive\Desktop\orbit_node\collected_data\20260210_201344_csv\vulnerabilities
2026-02-13 16:12:28,395 - graph_builder.relationship_manager - WARNING - File pattern: Vulnerabilities_{agent_id}.json
2026-02-13 16:12:28,395 - graph_builder.relationship_manager - INFO - Creating relationship 'asset_to_vulnerability': NJS_Asset-[:NJS_AFFECTED_BY]->NJS_Vulnerability
2026-02-13 16:12:28,397 - graph_builder.relationship_manager - INFO - Found 5 asset_id values from NJS_Asset nodes
2026-02-13 16:12:28,399 - graph_builder.relationship_manager - INFO - Loading all agent files for 5 agents
2026-02-13 16:12:28,400 - graph_builder.relationship_manager - INFO - Loading source data from: C:\Users\sgade\OneDrive\Desktop\orbit_node\collected_data\20260210_201344_csv\vulnerabilities
2026-02-13 16:12:28,400 - graph_builder.relationship_manager - INFO - Source file pattern: Vulnerabilities_{agent_id}.json
2026-02-13 16:12:28,400 - graph_builder.relationship_manager - INFO - Agent IDs: ['000', '001', '002', '003', '004']
2026-02-13 16:12:28,401 - graph_builder.relationship_manager - INFO - Loaded 0 items from source data
2026-02-13 16:12:28,401 - graph_builder.relationship_manager - WARNING - No source data loaded for relationship creation
2026-02-13 16:12:28,402 - graph_builder.relationship_manager - WARNING - Checked directory: C:\Users\sgade\OneDrive\Desktop\orbit_node\collected_data\20260210_201344_csv\vulnerabilities
2026-02-13 16:12:28,402 - graph_builder.relationship_manager - WARNING - File pattern: Vulnerabilities_{agent_id}.json
2026-02-13 16:12:28,402 - graph_builder.relationship_manager - INFO - Creating relationship 'asset_to_assetgroup': NJS_Asset-[:NJS_BELONGS_TO]->NJS_AssetGroup
2026-02-13 16:12:28,405 - graph_builder.relationship_manager - INFO - Found 5 asset_id values from NJS_Asset nodes
2026-02-13 16:12:28,406 - graph_builder.relationship_manager - INFO - Loading source data from: C:\Users\sgade\OneDrive\Desktop\orbit_node\collected_data\20260210_201344_csv\agents_manager
2026-02-13 16:12:28,406 - graph_builder.relationship_manager - INFO - Source file pattern: All_Agents.json
2026-02-13 16:12:28,406 - graph_builder.relationship_manager - INFO - Agent IDs: None (single file)
2026-02-13 16:12:28,407 - graph_builder.relationship_manager - WARNING - File not found: C:\Users\sgade\OneDrive\Desktop\orbit_node\collected_data\20260210_201344_csv\agents_manager\All_Agents.json
2026-02-13 16:12:28,407 - graph_builder.relationship_manager - INFO - Loaded 0 items from source data
2026-02-13 16:12:28,407 - graph_builder.relationship_manager - WARNING - No source data loaded for relationship creation
2026-02-13 16:12:28,408 - graph_builder.relationship_manager - WARNING - Checked directory: C:\Users\sgade\OneDrive\Desktop\orbit_node\collected_data\20260210_201344_csv\agents_manager
2026-02-13 16:12:28,408 - graph_builder.relationship_manager - WARNING - File pattern: All_Agents.json
2026-02-13 16:12:28,408 - graph_builder.relationship_manager - INFO - Creating relationship 'asset_to_hardware': NJS_Asset-[:NJS_HAS_HARDWARE]->NJS_Hardware
2026-02-13 16:12:28,411 - graph_builder.relationship_manager - INFO - Found 5 asset_id values from NJS_Asset nodes
2026-02-13 16:12:28,411 - graph_builder.relationship_manager - INFO - Loading source data from: C:\Users\sgade\OneDrive\Desktop\orbit_node\collected_data\20260210_201344_csv\hardware
2026-02-13 16:12:28,411 - graph_builder.relationship_manager - INFO - Source file pattern: Syscollector_Hardware_{agent_id}.json
2026-02-13 16:12:28,411 - graph_builder.relationship_manager - INFO - Agent IDs: ['000', '001', '002', '003', '004']
2026-02-13 16:12:28,412 - graph_builder.relationship_manager - INFO - Loaded 0 items from source data
2026-02-13 16:12:28,412 - graph_builder.relationship_manager - WARNING - No source data loaded for relationship creation
2026-02-13 16:12:28,413 - graph_builder.relationship_manager - WARNING - Checked directory: C:\Users\sgade\OneDrive\Desktop\orbit_node\collected_data\20260210_201344_csv\hardware
2026-02-13 16:12:28,413 - graph_builder.relationship_manager - WARNING - File pattern: Syscollector_Hardware_{agent_id}.json
2026-02-13 16:12:28,413 - graph_builder.graph_builder - INFO - asset_to_host: 0 relationships created
2026-02-13 16:12:28,413 - graph_builder.graph_builder - INFO - host_to_software: 0 relationships created
2026-02-13 16:12:28,413 - graph_builder.graph_builder - INFO - asset_to_software: 0 relationships created
2026-02-13 16:12:28,413 - graph_builder.graph_builder - INFO - software_to_vulnerability: 0 relationships created
2026-02-13 16:12:28,414 - graph_builder.graph_builder - INFO - asset_to_vulnerability: 0 relationships created
2026-02-13 16:12:28,414 - graph_builder.graph_builder - INFO - asset_to_assetgroup: 0 relationships created
2026-02-13 16:12:28,414 - graph_builder.graph_builder - INFO - asset_to_hardware: 0 relationships created
2026-02-13 16:12:28,416 - graph_builder.neo4j_connection - INFO - Neo4j connection closed
2026-02-13 16:12:28,416 - __main__ - INFO - Graph building process completed successfully
2026-02-13 16:52:54,686 - __main__ - INFO - ============================================================
2026-02-13 16:52:54,687 - __main__ - INFO - Neo4j Graph Builder
2026-02-13 16:52:54,687 - __main__ - INFO - ============================================================
2026-02-13 16:52:54,688 - __main__ - ERROR - Asset nodes file not found: No asset_nodes_*.json files found in extracted_data directory or timestamped subfolders
2026-02-13 16:52:54,688 - __main__ - INFO - Please run extract_nodes.py asset first to extract asset nodes
2026-02-13 16:52:54,688 - __main__ - ERROR - Error during graph building: cannot access local variable 'sys' where it is not associated with a value
Traceback (most recent call last):
  File "C:\Users\sgade\OneDrive\Desktop\orbit_node\scripts\build_graph.py", line 118, in main
    asset_json_file = find_latest_nodes("asset")
  File "C:\Users\sgade\OneDrive\Desktop\orbit_node\scripts\build_graph.py", line 106, in find_latest_nodes
    raise FileNotFoundError(f"No {pattern} files found in extracted_data directory or timestamped subfolders")
FileNotFoundError: No asset_nodes_*.json files found in extracted_data directory or timestamped subfolders

During handling of the above exception, another exception occurred:

Traceback (most recent call last):
  File "C:\Users\sgade\OneDrive\Desktop\orbit_node\scripts\build_graph.py", line 122, in main
    sys.exit(1)
    ^^^
UnboundLocalError: cannot access local variable 'sys' where it is not associated with a value
2026-02-13 16:57:10,403 - __main__ - INFO - ============================================================
2026-02-13 16:57:10,403 - __main__ - INFO - Neo4j Graph Builder
2026-02-13 16:57:10,403 - __main__ - INFO - ============================================================
2026-02-13 16:57:10,404 - __main__ - ERROR - Asset nodes file not found: No asset_nodes.json or asset_nodes_*.json files found in extracted_data directory or timestamped subfolders
2026-02-13 16:57:10,404 - __main__ - INFO - Please run extract_nodes.py asset first to extract asset nodes
2026-02-13 16:57:51,692 - __main__ - INFO - ============================================================
2026-02-13 16:57:51,693 - __main__ - INFO - Neo4j Graph Builder
2026-02-13 16:57:51,693 - __main__ - INFO - ============================================================
2026-02-13 16:57:51,694 - __main__ - ERROR - Asset nodes file not found: No asset_nodes.json or asset_nodes_*.json files found in extracted_data directory or timestamped subfolders
2026-02-13 16:57:51,694 - __main__ - INFO - Please run extract_nodes.py asset first to extract asset nodes
2026-02-13 17:07:48,115 - __main__ - INFO - ============================================================
2026-02-13 17:07:48,115 - __main__ - INFO - Neo4j Graph Builder
2026-02-13 17:07:48,115 - __main__ - INFO - ============================================================
2026-02-13 17:07:48,116 - __main__ - INFO - Using latest extraction folder: C:\Users\sgade\OneDrive\Desktop\orbit_node\extracted_data\20260213_164345
2026-02-13 17:07:48,116 - __main__ - INFO - Full path: C:\Users\sgade\OneDrive\Desktop\orbit_node\extracted_data\20260213_164345
2026-02-13 17:07:48,116 - __main__ - INFO - Using asset nodes file from latest session folder: C:\Users\sgade\OneDrive\Desktop\orbit_node\extracted_data\20260213_164345\asset_nodes.json
2026-02-13 17:07:48,116 - __main__ - INFO - Using latest extraction folder: C:\Users\sgade\OneDrive\Desktop\orbit_node\extracted_data\20260213_164345
2026-02-13 17:07:48,116 - __main__ - INFO - Full path: C:\Users\sgade\OneDrive\Desktop\orbit_node\extracted_data\20260213_164345
2026-02-13 17:07:48,117 - __main__ - INFO - Using host nodes file from latest session folder: C:\Users\sgade\OneDrive\Desktop\orbit_node\extracted_data\20260213_164345\host_nodes.json
2026-02-13 17:07:48,117 - __main__ - INFO - Using latest extraction folder: C:\Users\sgade\OneDrive\Desktop\orbit_node\extracted_data\20260213_164345
2026-02-13 17:07:48,117 - __main__ - INFO - Full path: C:\Users\sgade\OneDrive\Desktop\orbit_node\extracted_data\20260213_164345
2026-02-13 17:07:48,117 - __main__ - INFO - Using software nodes file from latest session folder: C:\Users\sgade\OneDrive\Desktop\orbit_node\extracted_data\20260213_164345\software_nodes.json
2026-02-13 17:07:48,117 - __main__ - INFO - Using latest extraction folder: C:\Users\sgade\OneDrive\Desktop\orbit_node\extracted_data\20260213_164345
2026-02-13 17:07:48,117 - __main__ - INFO - Full path: C:\Users\sgade\OneDrive\Desktop\orbit_node\extracted_data\20260213_164345
2026-02-13 17:07:48,117 - __main__ - INFO - Using vulnerability nodes file from latest session folder: C:\Users\sgade\OneDrive\Desktop\orbit_node\extracted_data\20260213_164345\vulnerability_nodes.json
2026-02-13 17:07:48,118 - __main__ - INFO - Using latest extraction folder: C:\Users\sgade\OneDrive\Desktop\orbit_node\extracted_data\20260213_164345
2026-02-13 17:07:48,118 - __main__ - INFO - Full path: C:\Users\sgade\OneDrive\Desktop\orbit_node\extracted_data\20260213_164345
2026-02-13 17:07:48,118 - __main__ - INFO - Using assetgroup nodes file from latest session folder: C:\Users\sgade\OneDrive\Desktop\orbit_node\extracted_data\20260213_164345\assetgroup_nodes.json
2026-02-13 17:07:48,118 - __main__ - INFO - Using latest extraction folder: C:\Users\sgade\OneDrive\Desktop\orbit_node\extracted_data\20260213_164345
2026-02-13 17:07:48,118 - __main__ - INFO - Full path: C:\Users\sgade\OneDrive\Desktop\orbit_node\extracted_data\20260213_164345
2026-02-13 17:07:48,118 - __main__ - INFO - Using hardware nodes file from latest session folder: C:\Users\sgade\OneDrive\Desktop\orbit_node\extracted_data\20260213_164345\hardware_nodes.json
2026-02-13 17:07:48,118 - __main__ - INFO - 
Initializing graph builder...
2026-02-13 17:07:48,120 - graph_builder.neo4j_connection - INFO - Loaded Neo4j configuration from C:\Users\sgade\OneDrive\Desktop\orbit_node\config\neo4j_config.yaml
2026-02-13 17:07:48,120 - graph_builder.neo4j_connection - INFO - Loaded Neo4j configuration from C:\Users\sgade\OneDrive\Desktop\orbit_node\config\neo4j_config.yaml
2026-02-13 17:07:48,120 - graph_builder.neo4j_connection - INFO - Loaded Neo4j configuration from C:\Users\sgade\OneDrive\Desktop\orbit_node\config\neo4j_config.yaml
2026-02-13 17:07:48,120 - graph_builder.neo4j_connection - INFO - Connecting to Neo4j at bolt://localhost:7687 with username: neo4j
2026-02-13 17:07:48,120 - graph_builder.neo4j_connection - INFO - Connecting to Neo4j at bolt://localhost:7687 with username: neo4j
2026-02-13 17:07:48,120 - graph_builder.neo4j_connection - INFO - Connecting to Neo4j at bolt://localhost:7687 with username: neo4j
2026-02-13 17:11:41,493 - __main__ - INFO - ============================================================
2026-02-13 17:11:41,493 - __main__ - INFO - Neo4j Graph Builder
2026-02-13 17:11:41,493 - __main__ - INFO - ============================================================
2026-02-13 17:11:41,495 - __main__ - INFO - Using latest extraction folder: 20260213_164345
2026-02-13 17:11:41,495 - __main__ - INFO - Full path: C:\Users\sgade\OneDrive\Desktop\orbit_node\extracted_data\20260213_164345
2026-02-13 17:11:41,495 - __main__ - INFO - Found asset nodes file in latest extraction folder: C:\Users\sgade\OneDrive\Desktop\orbit_node\extracted_data\20260213_164345\asset_nodes.json
2026-02-13 17:11:41,496 - __main__ - INFO - Using latest extraction folder: 20260213_164345
2026-02-13 17:11:41,496 - __main__ - INFO - Full path: C:\Users\sgade\OneDrive\Desktop\orbit_node\extracted_data\20260213_164345
2026-02-13 17:11:41,496 - __main__ - INFO - Found host nodes file in latest extraction folder: C:\Users\sgade\OneDrive\Desktop\orbit_node\extracted_data\20260213_164345\host_nodes.json
2026-02-13 17:11:41,496 - __main__ - INFO - Using latest extraction folder: 20260213_164345
2026-02-13 17:11:41,497 - __main__ - INFO - Full path: C:\Users\sgade\OneDrive\Desktop\orbit_node\extracted_data\20260213_164345
2026-02-13 17:11:41,497 - __main__ - INFO - Found software nodes file in latest extraction folder: C:\Users\sgade\OneDrive\Desktop\orbit_node\extracted_data\20260213_164345\software_nodes.json
2026-02-13 17:11:41,497 - __main__ - INFO - Using latest extraction folder: 20260213_164345
2026-02-13 17:11:41,497 - __main__ - INFO - Full path: C:\Users\sgade\OneDrive\Desktop\orbit_node\extracted_data\20260213_164345
2026-02-13 17:11:41,497 - __main__ - INFO - Found vulnerability nodes file in latest extraction folder: C:\Users\sgade\OneDrive\Desktop\orbit_node\extracted_data\20260213_164345\vulnerability_nodes.json
2026-02-13 17:11:41,498 - __main__ - INFO - Using latest extraction folder: 20260213_164345
2026-02-13 17:11:41,498 - __main__ - INFO - Full path: C:\Users\sgade\OneDrive\Desktop\orbit_node\extracted_data\20260213_164345
2026-02-13 17:11:41,498 - __main__ - INFO - Found assetgroup nodes file in latest extraction folder: C:\Users\sgade\OneDrive\Desktop\orbit_node\extracted_data\20260213_164345\assetgroup_nodes.json
2026-02-13 17:11:41,498 - __main__ - INFO - Using latest extraction folder: 20260213_164345
2026-02-13 17:11:41,498 - __main__ - INFO - Full path: C:\Users\sgade\OneDrive\Desktop\orbit_node\extracted_data\20260213_164345
2026-02-13 17:11:41,499 - __main__ - INFO - Found hardware nodes file in latest extraction folder: C:\Users\sgade\OneDrive\Desktop\orbit_node\extracted_data\20260213_164345\hardware_nodes.json
2026-02-13 17:11:41,499 - __main__ - INFO - 
Initializing graph builder...
2026-02-13 17:11:41,501 - graph_builder.neo4j_connection - INFO - Loaded Neo4j configuration from C:\Users\sgade\OneDrive\Desktop\orbit_node\config\neo4j_config.yaml
2026-02-13 17:11:41,501 - graph_builder.neo4j_connection - INFO - Loaded Neo4j configuration from C:\Users\sgade\OneDrive\Desktop\orbit_node\config\neo4j_config.yaml
2026-02-13 17:11:41,501 - graph_builder.neo4j_connection - INFO - Loaded Neo4j configuration from C:\Users\sgade\OneDrive\Desktop\orbit_node\config\neo4j_config.yaml
2026-02-13 17:11:41,501 - graph_builder.neo4j_connection - INFO - Connecting to Neo4j at bolt://localhost:7687 with username: neo4j
2026-02-13 17:11:41,501 - graph_builder.neo4j_connection - INFO - Connecting to Neo4j at bolt://localhost:7687 with username: neo4j
2026-02-13 17:11:41,501 - graph_builder.neo4j_connection - INFO - Connecting to Neo4j at bolt://localhost:7687 with username: neo4j
2026-02-13 17:11:43,574 - graph_builder.neo4j_connection - INFO - Neo4j connection test successful
2026-02-13 17:11:43,574 - graph_builder.neo4j_connection - INFO - Neo4j connection test successful
2026-02-13 17:11:43,574 - graph_builder.neo4j_connection - INFO - Neo4j connection test successful
2026-02-13 17:11:43,574 - graph_builder.neo4j_connection - INFO - Successfully connected to Neo4j at bolt://localhost:7687
2026-02-13 17:11:43,574 - graph_builder.neo4j_connection - INFO - Successfully connected to Neo4j at bolt://localhost:7687
2026-02-13 17:11:43,574 - graph_builder.neo4j_connection - INFO - Successfully connected to Neo4j at bolt://localhost:7687
2026-02-13 17:11:43,615 - graph_builder.constraints_manager - INFO - Loaded graph configuration from C:\Users\sgade\OneDrive\Desktop\orbit_node\config\graph_config.yaml
2026-02-13 17:11:43,615 - graph_builder.constraints_manager - INFO - Loaded graph configuration from C:\Users\sgade\OneDrive\Desktop\orbit_node\config\graph_config.yaml
2026-02-13 17:11:43,615 - graph_builder.constraints_manager - INFO - Loaded graph configuration from C:\Users\sgade\OneDrive\Desktop\orbit_node\config\graph_config.yaml
2026-02-13 17:11:43,656 - graph_builder.relationship_manager - INFO - Loaded graph configuration from C:\Users\sgade\OneDrive\Desktop\orbit_node\config\graph_config.yaml
2026-02-13 17:11:43,656 - graph_builder.relationship_manager - INFO - Loaded graph configuration from C:\Users\sgade\OneDrive\Desktop\orbit_node\config\graph_config.yaml
2026-02-13 17:11:43,656 - graph_builder.relationship_manager - INFO - Loaded graph configuration from C:\Users\sgade\OneDrive\Desktop\orbit_node\config\graph_config.yaml
2026-02-13 17:11:43,661 - graph_builder.relationship_manager - INFO - Loaded paths configuration from C:\Users\sgade\OneDrive\Desktop\orbit_node\config\paths_config.yaml
2026-02-13 17:11:43,661 - graph_builder.relationship_manager - INFO - Loaded paths configuration from C:\Users\sgade\OneDrive\Desktop\orbit_node\config\paths_config.yaml
2026-02-13 17:11:43,661 - graph_builder.relationship_manager - INFO - Loaded paths configuration from C:\Users\sgade\OneDrive\Desktop\orbit_node\config\paths_config.yaml
2026-02-13 17:11:43,662 - graph_builder.relationship_manager - INFO - Using latest collected data directory: 20260210_201344_csv
2026-02-13 17:11:43,662 - graph_builder.relationship_manager - INFO - Using latest collected data directory: 20260210_201344_csv
2026-02-13 17:11:43,662 - graph_builder.relationship_manager - INFO - Using latest collected data directory: 20260210_201344_csv
2026-02-13 17:11:43,662 - graph_builder.relationship_manager - INFO - Full path: C:\Users\sgade\OneDrive\Desktop\orbit_node\collected_data\20260210_201344_csv
2026-02-13 17:11:43,662 - graph_builder.relationship_manager - INFO - Full path: C:\Users\sgade\OneDrive\Desktop\orbit_node\collected_data\20260210_201344_csv
2026-02-13 17:11:43,662 - graph_builder.relationship_manager - INFO - Full path: C:\Users\sgade\OneDrive\Desktop\orbit_node\collected_data\20260210_201344_csv
2026-02-13 17:11:43,663 - __main__ - INFO - 
Setting up constraints...
2026-02-13 17:11:43,663 - graph_builder.graph_builder - INFO - ============================================================
2026-02-13 17:11:43,663 - graph_builder.graph_builder - INFO - ============================================================
2026-02-13 17:11:43,663 - graph_builder.graph_builder - INFO - ============================================================
2026-02-13 17:11:43,663 - graph_builder.graph_builder - INFO - Setting up Neo4j constraints and indexes
2026-02-13 17:11:43,663 - graph_builder.graph_builder - INFO - Setting up Neo4j constraints and indexes
2026-02-13 17:11:43,663 - graph_builder.graph_builder - INFO - Setting up Neo4j constraints and indexes
2026-02-13 17:11:43,663 - graph_builder.graph_builder - INFO - ============================================================
2026-02-13 17:11:43,663 - graph_builder.graph_builder - INFO - ============================================================
2026-02-13 17:11:43,663 - graph_builder.graph_builder - INFO - ============================================================
2026-02-13 17:11:43,663 - graph_builder.constraints_manager - INFO - Creating constraints for node type: asset
2026-02-13 17:11:43,663 - graph_builder.constraints_manager - INFO - Creating constraints for node type: asset
2026-02-13 17:11:43,663 - graph_builder.constraints_manager - INFO - Creating constraints for node type: asset
2026-02-13 17:11:43,673 - graph_builder.constraints_manager - INFO - Created UNIQUE constraint 'unique_asset_id' on NJS_Asset(asset_id)
2026-02-13 17:11:43,673 - graph_builder.constraints_manager - INFO - Created UNIQUE constraint 'unique_asset_id' on NJS_Asset(asset_id)
2026-02-13 17:11:43,673 - graph_builder.constraints_manager - INFO - Created UNIQUE constraint 'unique_asset_id' on NJS_Asset(asset_id)
2026-02-13 17:11:43,674 - graph_builder.constraints_manager - INFO - Creating constraints for node type: host
2026-02-13 17:11:43,674 - graph_builder.constraints_manager - INFO - Creating constraints for node type: host
2026-02-13 17:11:43,674 - graph_builder.constraints_manager - INFO - Creating constraints for node type: host
2026-02-13 17:11:43,677 - graph_builder.constraints_manager - INFO - Created composite UNIQUE constraint 'unique_host_composite' on NJS_Host(agent_id, os_name)
2026-02-13 17:11:43,677 - graph_builder.constraints_manager - INFO - Created composite UNIQUE constraint 'unique_host_composite' on NJS_Host(agent_id, os_name)
2026-02-13 17:11:43,677 - graph_builder.constraints_manager - INFO - Created composite UNIQUE constraint 'unique_host_composite' on NJS_Host(agent_id, os_name)
2026-02-13 17:11:43,678 - graph_builder.constraints_manager - INFO - Creating constraints for node type: software
2026-02-13 17:11:43,678 - graph_builder.constraints_manager - INFO - Creating constraints for node type: software
2026-02-13 17:11:43,678 - graph_builder.constraints_manager - INFO - Creating constraints for node type: software
2026-02-13 17:11:43,681 - graph_builder.constraints_manager - INFO - Created UNIQUE constraint 'unique_software_name' on NJS_Software(name)
2026-02-13 17:11:43,681 - graph_builder.constraints_manager - INFO - Created UNIQUE constraint 'unique_software_name' on NJS_Software(name)
2026-02-13 17:11:43,681 - graph_builder.constraints_manager - INFO - Created UNIQUE constraint 'unique_software_name' on NJS_Software(name)
2026-02-13 17:11:43,682 - graph_builder.constraints_manager - INFO - Creating constraints for node type: vulnerability
2026-02-13 17:11:43,682 - graph_builder.constraints_manager - INFO - Creating constraints for node type: vulnerability
2026-02-13 17:11:43,682 - graph_builder.constraints_manager - INFO - Creating constraints for node type: vulnerability
2026-02-13 17:11:43,684 - graph_builder.constraints_manager - INFO - Created UNIQUE constraint 'unique_cve_id' on NJS_Vulnerability(cve_id)
2026-02-13 17:11:43,684 - graph_builder.constraints_manager - INFO - Created UNIQUE constraint 'unique_cve_id' on NJS_Vulnerability(cve_id)
2026-02-13 17:11:43,684 - graph_builder.constraints_manager - INFO - Created UNIQUE constraint 'unique_cve_id' on NJS_Vulnerability(cve_id)
2026-02-13 17:11:43,685 - graph_builder.constraints_manager - INFO - Creating constraints for node type: assetgroup
2026-02-13 17:11:43,685 - graph_builder.constraints_manager - INFO - Creating constraints for node type: assetgroup
2026-02-13 17:11:43,685 - graph_builder.constraints_manager - INFO - Creating constraints for node type: assetgroup
2026-02-13 17:11:43,687 - graph_builder.constraints_manager - INFO - Created UNIQUE constraint 'unique_assetgroup_name' on NJS_AssetGroup(name)
2026-02-13 17:11:43,687 - graph_builder.constraints_manager - INFO - Created UNIQUE constraint 'unique_assetgroup_name' on NJS_AssetGroup(name)
2026-02-13 17:11:43,687 - graph_builder.constraints_manager - INFO - Created UNIQUE constraint 'unique_assetgroup_name' on NJS_AssetGroup(name)
2026-02-13 17:11:43,688 - graph_builder.constraints_manager - INFO - Creating constraints for node type: hardware
2026-02-13 17:11:43,688 - graph_builder.constraints_manager - INFO - Creating constraints for node type: hardware
2026-02-13 17:11:43,688 - graph_builder.constraints_manager - INFO - Creating constraints for node type: hardware
2026-02-13 17:11:43,691 - graph_builder.constraints_manager - INFO - Created composite UNIQUE constraint 'unique_hardware_composite' on NJS_Hardware(agent_id, name)
2026-02-13 17:11:43,691 - graph_builder.constraints_manager - INFO - Created composite UNIQUE constraint 'unique_hardware_composite' on NJS_Hardware(agent_id, name)
2026-02-13 17:11:43,691 - graph_builder.constraints_manager - INFO - Created composite UNIQUE constraint 'unique_hardware_composite' on NJS_Hardware(agent_id, name)
2026-02-13 17:11:43,691 - graph_builder.constraints_manager - INFO - Creating constraints for node type: scanevent
2026-02-13 17:11:43,691 - graph_builder.constraints_manager - INFO - Creating constraints for node type: scanevent
2026-02-13 17:11:43,691 - graph_builder.constraints_manager - INFO - Creating constraints for node type: scanevent
2026-02-13 17:11:43,695 - graph_builder.constraints_manager - INFO - Created UNIQUE constraint 'unique_scanevent_id' on ScanEvent(event_id)
2026-02-13 17:11:43,695 - graph_builder.constraints_manager - INFO - Created UNIQUE constraint 'unique_scanevent_id' on ScanEvent(event_id)
2026-02-13 17:11:43,695 - graph_builder.constraints_manager - INFO - Created UNIQUE constraint 'unique_scanevent_id' on ScanEvent(event_id)
2026-02-13 17:11:43,695 - graph_builder.graph_builder - INFO - asset: 1/1 constraints created successfully
2026-02-13 17:11:43,695 - graph_builder.graph_builder - INFO - asset: 1/1 constraints created successfully
2026-02-13 17:11:43,695 - graph_builder.graph_builder - INFO - asset: 1/1 constraints created successfully
2026-02-13 17:11:43,695 - graph_builder.graph_builder - INFO - host: 1/1 constraints created successfully
2026-02-13 17:11:43,695 - graph_builder.graph_builder - INFO - host: 1/1 constraints created successfully
2026-02-13 17:11:43,695 - graph_builder.graph_builder - INFO - host: 1/1 constraints created successfully
2026-02-13 17:11:43,696 - graph_builder.graph_builder - INFO - software: 1/1 constraints created successfully
2026-02-13 17:11:43,696 - graph_builder.graph_builder - INFO - software: 1/1 constraints created successfully
2026-02-13 17:11:43,696 - graph_builder.graph_builder - INFO - software: 1/1 constraints created successfully
2026-02-13 17:11:43,696 - graph_builder.graph_builder - INFO - vulnerability: 1/1 constraints created successfully
2026-02-13 17:11:43,696 - graph_builder.graph_builder - INFO - vulnerability: 1/1 constraints created successfully
2026-02-13 17:11:43,696 - graph_builder.graph_builder - INFO - vulnerability: 1/1 constraints created successfully
2026-02-13 17:11:43,696 - graph_builder.graph_builder - INFO - assetgroup: 1/1 constraints created successfully
2026-02-13 17:11:43,696 - graph_builder.graph_builder - INFO - assetgroup: 1/1 constraints created successfully
2026-02-13 17:11:43,696 - graph_builder.graph_builder - INFO - assetgroup: 1/1 constraints created successfully
2026-02-13 17:11:43,697 - graph_builder.graph_builder - INFO - hardware: 1/1 constraints created successfully
2026-02-13 17:11:43,697 - graph_builder.graph_builder - INFO - hardware: 1/1 constraints created successfully
2026-02-13 17:11:43,697 - graph_builder.graph_builder - INFO - hardware: 1/1 constraints created successfully
2026-02-13 17:11:43,697 - graph_builder.graph_builder - INFO - scanevent: 1/1 constraints created successfully
2026-02-13 17:11:43,697 - graph_builder.graph_builder - INFO - scanevent: 1/1 constraints created successfully
2026-02-13 17:11:43,697 - graph_builder.graph_builder - INFO - scanevent: 1/1 constraints created successfully
2026-02-13 17:11:43,697 - __main__ - INFO - Constraints setup completed successfully
2026-02-13 17:11:43,697 - __main__ - INFO - 
============================================================
2026-02-13 17:11:43,698 - __main__ - INFO - Creating ScanEvent
2026-02-13 17:11:43,698 - __main__ - INFO - ============================================================
2026-02-13 17:11:43,853 - graph_builder.scanevent_manager - INFO - Created ScanEvent: NODE_N1_SCAN_00003_1770982043
2026-02-13 17:11:43,853 - graph_builder.scanevent_manager - INFO - Created ScanEvent: NODE_N1_SCAN_00003_1770982043
2026-02-13 17:11:43,853 - graph_builder.scanevent_manager - INFO - Created ScanEvent: NODE_N1_SCAN_00003_1770982043
2026-02-13 17:11:43,854 - graph_builder.scanevent_manager - INFO -   Description: STANDARD_BASELINE_LOAD
2026-02-13 17:11:43,854 - graph_builder.scanevent_manager - INFO -   Description: STANDARD_BASELINE_LOAD
2026-02-13 17:11:43,854 - graph_builder.scanevent_manager - INFO -   Description: STANDARD_BASELINE_LOAD
2026-02-13 17:11:43,854 - graph_builder.scanevent_manager - INFO -   Time: 2026-02-13T16:57:23.606436
2026-02-13 17:11:43,854 - graph_builder.scanevent_manager - INFO -   Time: 2026-02-13T16:57:23.606436
2026-02-13 17:11:43,854 - graph_builder.scanevent_manager - INFO -   Time: 2026-02-13T16:57:23.606436
2026-02-13 17:11:43,854 - graph_builder.scanevent_manager - INFO -   Status: Created
2026-02-13 17:11:43,854 - graph_builder.scanevent_manager - INFO -   Status: Created
2026-02-13 17:11:43,854 - graph_builder.scanevent_manager - INFO -   Status: Created
2026-02-13 17:11:43,855 - __main__ - INFO - ScanEvent created: NODE_N1_SCAN_00003_1770982043
2026-02-13 17:11:43,855 - __main__ - INFO - ============================================================
2026-02-13 17:11:43,855 - __main__ - INFO - 
Adding event_id (NODE_N1_SCAN_00003_1770982043) to all nodes...
2026-02-13 17:11:43,868 - __main__ - INFO - 
Inserting asset nodes...
2026-02-13 17:11:43,868 - graph_builder.graph_builder - INFO - ============================================================
2026-02-13 17:11:43,868 - graph_builder.graph_builder - INFO - ============================================================
2026-02-13 17:11:43,868 - graph_builder.graph_builder - INFO - ============================================================
2026-02-13 17:11:43,869 - graph_builder.graph_builder - INFO - Inserting ASSET nodes into Neo4j
2026-02-13 17:11:43,869 - graph_builder.graph_builder - INFO - Inserting ASSET nodes into Neo4j
2026-02-13 17:11:43,869 - graph_builder.graph_builder - INFO - Inserting ASSET nodes into Neo4j
2026-02-13 17:11:43,869 - graph_builder.graph_builder - INFO - ============================================================
2026-02-13 17:11:43,869 - graph_builder.graph_builder - INFO - ============================================================
2026-02-13 17:11:43,869 - graph_builder.graph_builder - INFO - ============================================================
2026-02-13 17:11:43,870 - graph_builder.node_inserter - INFO - Loading nodes from: C:\Users\sgade\OneDrive\Desktop\orbit_node\extracted_data\20260213_164345\asset_nodes_with_event_id.json
2026-02-13 17:11:43,870 - graph_builder.node_inserter - INFO - Loading nodes from: C:\Users\sgade\OneDrive\Desktop\orbit_node\extracted_data\20260213_164345\asset_nodes_with_event_id.json
2026-02-13 17:11:43,870 - graph_builder.node_inserter - INFO - Loading nodes from: C:\Users\sgade\OneDrive\Desktop\orbit_node\extracted_data\20260213_164345\asset_nodes_with_event_id.json
2026-02-13 17:11:43,870 - graph_builder.node_inserter - INFO - Loaded 5 nodes from JSON file
2026-02-13 17:11:43,870 - graph_builder.node_inserter - INFO - Loaded 5 nodes from JSON file
2026-02-13 17:11:43,870 - graph_builder.node_inserter - INFO - Loaded 5 nodes from JSON file
2026-02-13 17:11:43,873 - graph_builder.graph_builder - INFO - Existing NJS_Asset nodes in database: 5
2026-02-13 17:11:43,873 - graph_builder.graph_builder - INFO - Existing NJS_Asset nodes in database: 5
2026-02-13 17:11:43,873 - graph_builder.graph_builder - INFO - Existing NJS_Asset nodes in database: 5
2026-02-13 17:11:43,873 - graph_builder.node_inserter - INFO - Inserting 5 NJS_Asset nodes in batches of 100
2026-02-13 17:11:43,873 - graph_builder.node_inserter - INFO - Inserting 5 NJS_Asset nodes in batches of 100
2026-02-13 17:11:43,873 - graph_builder.node_inserter - INFO - Inserting 5 NJS_Asset nodes in batches of 100
2026-02-13 17:11:43,873 - graph_builder.node_inserter - INFO - Processing batch 1/1 (5 nodes)
2026-02-13 17:11:43,873 - graph_builder.node_inserter - INFO - Processing batch 1/1 (5 nodes)
2026-02-13 17:11:43,873 - graph_builder.node_inserter - INFO - Processing batch 1/1 (5 nodes)
2026-02-13 17:11:44,038 - graph_builder.node_inserter - INFO - Batch insertion complete: 5 succeeded, 0 failed
2026-02-13 17:11:44,038 - graph_builder.node_inserter - INFO - Batch insertion complete: 5 succeeded, 0 failed
2026-02-13 17:11:44,038 - graph_builder.node_inserter - INFO - Batch insertion complete: 5 succeeded, 0 failed
2026-02-13 17:11:44,041 - graph_builder.graph_builder - INFO - Total NJS_Asset nodes in database after insertion: 5
2026-02-13 17:11:44,041 - graph_builder.graph_builder - INFO - Total NJS_Asset nodes in database after insertion: 5
2026-02-13 17:11:44,041 - graph_builder.graph_builder - INFO - Total NJS_Asset nodes in database after insertion: 5
2026-02-13 17:11:44,041 - __main__ - INFO - 
Inserting host nodes...
2026-02-13 17:11:44,041 - graph_builder.graph_builder - INFO - ============================================================
2026-02-13 17:11:44,041 - graph_builder.graph_builder - INFO - ============================================================
2026-02-13 17:11:44,041 - graph_builder.graph_builder - INFO - ============================================================
2026-02-13 17:11:44,041 - graph_builder.graph_builder - INFO - Inserting HOST nodes into Neo4j
2026-02-13 17:11:44,041 - graph_builder.graph_builder - INFO - Inserting HOST nodes into Neo4j
2026-02-13 17:11:44,041 - graph_builder.graph_builder - INFO - Inserting HOST nodes into Neo4j
2026-02-13 17:11:44,042 - graph_builder.graph_builder - INFO - ============================================================
2026-02-13 17:11:44,042 - graph_builder.graph_builder - INFO - ============================================================
2026-02-13 17:11:44,042 - graph_builder.graph_builder - INFO - ============================================================
2026-02-13 17:11:44,042 - graph_builder.node_inserter - INFO - Loading nodes from: C:\Users\sgade\OneDrive\Desktop\orbit_node\extracted_data\20260213_164345\host_nodes_with_event_id.json
2026-02-13 17:11:44,042 - graph_builder.node_inserter - INFO - Loading nodes from: C:\Users\sgade\OneDrive\Desktop\orbit_node\extracted_data\20260213_164345\host_nodes_with_event_id.json
2026-02-13 17:11:44,042 - graph_builder.node_inserter - INFO - Loading nodes from: C:\Users\sgade\OneDrive\Desktop\orbit_node\extracted_data\20260213_164345\host_nodes_with_event_id.json
2026-02-13 17:11:44,042 - graph_builder.node_inserter - INFO - Loaded 5 nodes from JSON file
2026-02-13 17:11:44,042 - graph_builder.node_inserter - INFO - Loaded 5 nodes from JSON file
2026-02-13 17:11:44,042 - graph_builder.node_inserter - INFO - Loaded 5 nodes from JSON file
2026-02-13 17:11:44,044 - graph_builder.graph_builder - INFO - Existing NJS_Host nodes in database: 5
2026-02-13 17:11:44,044 - graph_builder.graph_builder - INFO - Existing NJS_Host nodes in database: 5
2026-02-13 17:11:44,044 - graph_builder.graph_builder - INFO - Existing NJS_Host nodes in database: 5
2026-02-13 17:11:44,045 - graph_builder.node_inserter - INFO - Inserting 5 NJS_Host nodes in batches of 100
2026-02-13 17:11:44,045 - graph_builder.node_inserter - INFO - Inserting 5 NJS_Host nodes in batches of 100
2026-02-13 17:11:44,045 - graph_builder.node_inserter - INFO - Inserting 5 NJS_Host nodes in batches of 100
2026-02-13 17:11:44,045 - graph_builder.node_inserter - INFO - Processing batch 1/1 (5 nodes)
2026-02-13 17:11:44,045 - graph_builder.node_inserter - INFO - Processing batch 1/1 (5 nodes)
2026-02-13 17:11:44,045 - graph_builder.node_inserter - INFO - Processing batch 1/1 (5 nodes)
2026-02-13 17:11:44,193 - graph_builder.node_inserter - INFO - Batch insertion complete: 5 succeeded, 0 failed
2026-02-13 17:11:44,193 - graph_builder.node_inserter - INFO - Batch insertion complete: 5 succeeded, 0 failed
2026-02-13 17:11:44,193 - graph_builder.node_inserter - INFO - Batch insertion complete: 5 succeeded, 0 failed
2026-02-13 17:11:44,195 - graph_builder.graph_builder - INFO - Total NJS_Host nodes in database after insertion: 5
2026-02-13 17:11:44,195 - graph_builder.graph_builder - INFO - Total NJS_Host nodes in database after insertion: 5
2026-02-13 17:11:44,195 - graph_builder.graph_builder - INFO - Total NJS_Host nodes in database after insertion: 5
2026-02-13 17:11:44,195 - __main__ - INFO - 
Inserting software nodes...
2026-02-13 17:11:44,195 - graph_builder.graph_builder - INFO - ============================================================
2026-02-13 17:11:44,195 - graph_builder.graph_builder - INFO - ============================================================
2026-02-13 17:11:44,195 - graph_builder.graph_builder - INFO - ============================================================
2026-02-13 17:11:44,196 - graph_builder.graph_builder - INFO - Inserting SOFTWARE nodes into Neo4j
2026-02-13 17:11:44,196 - graph_builder.graph_builder - INFO - Inserting SOFTWARE nodes into Neo4j
2026-02-13 17:11:44,196 - graph_builder.graph_builder - INFO - Inserting SOFTWARE nodes into Neo4j
2026-02-13 17:11:44,196 - graph_builder.graph_builder - INFO - ============================================================
2026-02-13 17:11:44,196 - graph_builder.graph_builder - INFO - ============================================================
2026-02-13 17:11:44,196 - graph_builder.graph_builder - INFO - ============================================================
2026-02-13 17:11:44,196 - graph_builder.node_inserter - INFO - Loading nodes from: C:\Users\sgade\OneDrive\Desktop\orbit_node\extracted_data\20260213_164345\software_nodes_with_event_id.json
2026-02-13 17:11:44,196 - graph_builder.node_inserter - INFO - Loading nodes from: C:\Users\sgade\OneDrive\Desktop\orbit_node\extracted_data\20260213_164345\software_nodes_with_event_id.json
2026-02-13 17:11:44,196 - graph_builder.node_inserter - INFO - Loading nodes from: C:\Users\sgade\OneDrive\Desktop\orbit_node\extracted_data\20260213_164345\software_nodes_with_event_id.json
2026-02-13 17:11:44,198 - graph_builder.node_inserter - INFO - Loaded 726 nodes from JSON file
2026-02-13 17:11:44,198 - graph_builder.node_inserter - INFO - Loaded 726 nodes from JSON file
2026-02-13 17:11:44,198 - graph_builder.node_inserter - INFO - Loaded 726 nodes from JSON file
2026-02-13 17:11:44,200 - graph_builder.graph_builder - INFO - Existing NJS_Software nodes in database: 583
2026-02-13 17:11:44,200 - graph_builder.graph_builder - INFO - Existing NJS_Software nodes in database: 583
2026-02-13 17:11:44,200 - graph_builder.graph_builder - INFO - Existing NJS_Software nodes in database: 583
2026-02-13 17:11:44,201 - graph_builder.node_inserter - INFO - Inserting 726 NJS_Software nodes in batches of 100
2026-02-13 17:11:44,201 - graph_builder.node_inserter - INFO - Inserting 726 NJS_Software nodes in batches of 100
2026-02-13 17:11:44,201 - graph_builder.node_inserter - INFO - Inserting 726 NJS_Software nodes in batches of 100
2026-02-13 17:11:44,201 - graph_builder.node_inserter - INFO - Processing batch 1/8 (100 nodes)
2026-02-13 17:11:44,201 - graph_builder.node_inserter - INFO - Processing batch 1/8 (100 nodes)
2026-02-13 17:11:44,201 - graph_builder.node_inserter - INFO - Processing batch 1/8 (100 nodes)
2026-02-13 17:11:44,718 - graph_builder.node_inserter - INFO - Processing batch 2/8 (100 nodes)
2026-02-13 17:11:44,718 - graph_builder.node_inserter - INFO - Processing batch 2/8 (100 nodes)
2026-02-13 17:11:44,718 - graph_builder.node_inserter - INFO - Processing batch 2/8 (100 nodes)
2026-02-13 17:11:45,316 - graph_builder.node_inserter - INFO - Processing batch 3/8 (100 nodes)
2026-02-13 17:11:45,316 - graph_builder.node_inserter - INFO - Processing batch 3/8 (100 nodes)
2026-02-13 17:11:45,316 - graph_builder.node_inserter - INFO - Processing batch 3/8 (100 nodes)
2026-02-13 17:11:45,703 - graph_builder.node_inserter - INFO - Processing batch 4/8 (100 nodes)
2026-02-13 17:11:45,703 - graph_builder.node_inserter - INFO - Processing batch 4/8 (100 nodes)
2026-02-13 17:11:45,703 - graph_builder.node_inserter - INFO - Processing batch 4/8 (100 nodes)
2026-02-13 17:11:46,050 - graph_builder.node_inserter - INFO - Processing batch 5/8 (100 nodes)
2026-02-13 17:11:46,050 - graph_builder.node_inserter - INFO - Processing batch 5/8 (100 nodes)
2026-02-13 17:11:46,050 - graph_builder.node_inserter - INFO - Processing batch 5/8 (100 nodes)
2026-02-13 17:11:46,323 - graph_builder.node_inserter - INFO - Processing batch 6/8 (100 nodes)
2026-02-13 17:11:46,323 - graph_builder.node_inserter - INFO - Processing batch 6/8 (100 nodes)
2026-02-13 17:11:46,323 - graph_builder.node_inserter - INFO - Processing batch 6/8 (100 nodes)
2026-02-13 17:11:46,666 - graph_builder.node_inserter - INFO - Processing batch 7/8 (100 nodes)
2026-02-13 17:11:46,666 - graph_builder.node_inserter - INFO - Processing batch 7/8 (100 nodes)
2026-02-13 17:11:46,666 - graph_builder.node_inserter - INFO - Processing batch 7/8 (100 nodes)
2026-02-13 17:11:46,962 - graph_builder.node_inserter - INFO - Processing batch 8/8 (26 nodes)
2026-02-13 17:11:46,962 - graph_builder.node_inserter - INFO - Processing batch 8/8 (26 nodes)
2026-02-13 17:11:46,962 - graph_builder.node_inserter - INFO - Processing batch 8/8 (26 nodes)
2026-02-13 17:11:47,046 - graph_builder.node_inserter - INFO - Batch insertion complete: 726 succeeded, 0 failed
2026-02-13 17:11:47,046 - graph_builder.node_inserter - INFO - Batch insertion complete: 726 succeeded, 0 failed
2026-02-13 17:11:47,046 - graph_builder.node_inserter - INFO - Batch insertion complete: 726 succeeded, 0 failed
2026-02-13 17:11:47,048 - graph_builder.graph_builder - INFO - Total NJS_Software nodes in database after insertion: 583
2026-02-13 17:11:47,048 - graph_builder.graph_builder - INFO - Total NJS_Software nodes in database after insertion: 583
2026-02-13 17:11:47,048 - graph_builder.graph_builder - INFO - Total NJS_Software nodes in database after insertion: 583
2026-02-13 17:11:47,049 - __main__ - INFO - 
Inserting vulnerability nodes...
2026-02-13 17:11:47,049 - graph_builder.graph_builder - INFO - ============================================================
2026-02-13 17:11:47,049 - graph_builder.graph_builder - INFO - ============================================================
2026-02-13 17:11:47,049 - graph_builder.graph_builder - INFO - ============================================================
2026-02-13 17:11:47,050 - graph_builder.graph_builder - INFO - Inserting VULNERABILITY nodes into Neo4j
2026-02-13 17:11:47,050 - graph_builder.graph_builder - INFO - Inserting VULNERABILITY nodes into Neo4j
2026-02-13 17:11:47,050 - graph_builder.graph_builder - INFO - Inserting VULNERABILITY nodes into Neo4j
2026-02-13 17:11:47,050 - graph_builder.graph_builder - INFO - ============================================================
2026-02-13 17:11:47,050 - graph_builder.graph_builder - INFO - ============================================================
2026-02-13 17:11:47,050 - graph_builder.graph_builder - INFO - ============================================================
2026-02-13 17:11:47,050 - graph_builder.node_inserter - INFO - Loading nodes from: C:\Users\sgade\OneDrive\Desktop\orbit_node\extracted_data\20260213_164345\vulnerability_nodes_with_event_id.json
2026-02-13 17:11:47,050 - graph_builder.node_inserter - INFO - Loading nodes from: C:\Users\sgade\OneDrive\Desktop\orbit_node\extracted_data\20260213_164345\vulnerability_nodes_with_event_id.json
2026-02-13 17:11:47,050 - graph_builder.node_inserter - INFO - Loading nodes from: C:\Users\sgade\OneDrive\Desktop\orbit_node\extracted_data\20260213_164345\vulnerability_nodes_with_event_id.json
2026-02-13 17:11:47,051 - graph_builder.node_inserter - INFO - Loaded 53 nodes from JSON file
2026-02-13 17:11:47,051 - graph_builder.node_inserter - INFO - Loaded 53 nodes from JSON file
2026-02-13 17:11:47,051 - graph_builder.node_inserter - INFO - Loaded 53 nodes from JSON file
2026-02-13 17:11:47,053 - graph_builder.graph_builder - INFO - Existing NJS_Vulnerability nodes in database: 40
2026-02-13 17:11:47,053 - graph_builder.graph_builder - INFO - Existing NJS_Vulnerability nodes in database: 40
2026-02-13 17:11:47,053 - graph_builder.graph_builder - INFO - Existing NJS_Vulnerability nodes in database: 40
2026-02-13 17:11:47,053 - graph_builder.node_inserter - INFO - Inserting 53 NJS_Vulnerability nodes in batches of 100
2026-02-13 17:11:47,053 - graph_builder.node_inserter - INFO - Inserting 53 NJS_Vulnerability nodes in batches of 100
2026-02-13 17:11:47,053 - graph_builder.node_inserter - INFO - Inserting 53 NJS_Vulnerability nodes in batches of 100
2026-02-13 17:11:47,054 - graph_builder.node_inserter - INFO - Processing batch 1/1 (53 nodes)
2026-02-13 17:11:47,054 - graph_builder.node_inserter - INFO - Processing batch 1/1 (53 nodes)
2026-02-13 17:11:47,054 - graph_builder.node_inserter - INFO - Processing batch 1/1 (53 nodes)
2026-02-13 17:11:47,426 - graph_builder.node_inserter - INFO - Batch insertion complete: 53 succeeded, 0 failed
2026-02-13 17:11:47,426 - graph_builder.node_inserter - INFO - Batch insertion complete: 53 succeeded, 0 failed
2026-02-13 17:11:47,426 - graph_builder.node_inserter - INFO - Batch insertion complete: 53 succeeded, 0 failed
2026-02-13 17:11:47,429 - graph_builder.graph_builder - INFO - Total NJS_Vulnerability nodes in database after insertion: 40
2026-02-13 17:11:47,429 - graph_builder.graph_builder - INFO - Total NJS_Vulnerability nodes in database after insertion: 40
2026-02-13 17:11:47,429 - graph_builder.graph_builder - INFO - Total NJS_Vulnerability nodes in database after insertion: 40
2026-02-13 17:11:47,429 - __main__ - INFO - 
Inserting assetgroup nodes...
2026-02-13 17:11:47,430 - graph_builder.graph_builder - INFO - ============================================================
2026-02-13 17:11:47,430 - graph_builder.graph_builder - INFO - ============================================================
2026-02-13 17:11:47,430 - graph_builder.graph_builder - INFO - ============================================================
2026-02-13 17:11:47,430 - graph_builder.graph_builder - INFO - Inserting ASSETGROUP nodes into Neo4j
2026-02-13 17:11:47,430 - graph_builder.graph_builder - INFO - Inserting ASSETGROUP nodes into Neo4j
2026-02-13 17:11:47,430 - graph_builder.graph_builder - INFO - Inserting ASSETGROUP nodes into Neo4j
2026-02-13 17:11:47,430 - graph_builder.graph_builder - INFO - ============================================================
2026-02-13 17:11:47,430 - graph_builder.graph_builder - INFO - ============================================================
2026-02-13 17:11:47,430 - graph_builder.graph_builder - INFO - ============================================================
2026-02-13 17:11:47,431 - graph_builder.node_inserter - INFO - Loading nodes from: C:\Users\sgade\OneDrive\Desktop\orbit_node\extracted_data\20260213_164345\assetgroup_nodes_with_event_id.json
2026-02-13 17:11:47,431 - graph_builder.node_inserter - INFO - Loading nodes from: C:\Users\sgade\OneDrive\Desktop\orbit_node\extracted_data\20260213_164345\assetgroup_nodes_with_event_id.json
2026-02-13 17:11:47,431 - graph_builder.node_inserter - INFO - Loading nodes from: C:\Users\sgade\OneDrive\Desktop\orbit_node\extracted_data\20260213_164345\assetgroup_nodes_with_event_id.json
2026-02-13 17:11:47,431 - graph_builder.node_inserter - INFO - Loaded 1 nodes from JSON file
2026-02-13 17:11:47,431 - graph_builder.node_inserter - INFO - Loaded 1 nodes from JSON file
2026-02-13 17:11:47,431 - graph_builder.node_inserter - INFO - Loaded 1 nodes from JSON file
2026-02-13 17:11:47,434 - graph_builder.graph_builder - INFO - Existing NJS_AssetGroup nodes in database: 1
2026-02-13 17:11:47,434 - graph_builder.graph_builder - INFO - Existing NJS_AssetGroup nodes in database: 1
2026-02-13 17:11:47,434 - graph_builder.graph_builder - INFO - Existing NJS_AssetGroup nodes in database: 1
2026-02-13 17:11:47,434 - graph_builder.node_inserter - INFO - Inserting 1 NJS_AssetGroup nodes in batches of 100
2026-02-13 17:11:47,434 - graph_builder.node_inserter - INFO - Inserting 1 NJS_AssetGroup nodes in batches of 100
2026-02-13 17:11:47,434 - graph_builder.node_inserter - INFO - Inserting 1 NJS_AssetGroup nodes in batches of 100
2026-02-13 17:11:47,435 - graph_builder.node_inserter - INFO - Processing batch 1/1 (1 nodes)
2026-02-13 17:11:47,435 - graph_builder.node_inserter - INFO - Processing batch 1/1 (1 nodes)
2026-02-13 17:11:47,435 - graph_builder.node_inserter - INFO - Processing batch 1/1 (1 nodes)
2026-02-13 17:11:47,488 - graph_builder.node_inserter - INFO - Batch insertion complete: 1 succeeded, 0 failed
2026-02-13 17:11:47,488 - graph_builder.node_inserter - INFO - Batch insertion complete: 1 succeeded, 0 failed
2026-02-13 17:11:47,488 - graph_builder.node_inserter - INFO - Batch insertion complete: 1 succeeded, 0 failed
2026-02-13 17:11:47,490 - graph_builder.graph_builder - INFO - Total NJS_AssetGroup nodes in database after insertion: 1
2026-02-13 17:11:47,490 - graph_builder.graph_builder - INFO - Total NJS_AssetGroup nodes in database after insertion: 1
2026-02-13 17:11:47,490 - graph_builder.graph_builder - INFO - Total NJS_AssetGroup nodes in database after insertion: 1
2026-02-13 17:11:47,490 - __main__ - INFO - 
Inserting hardware nodes...
2026-02-13 17:11:47,491 - graph_builder.graph_builder - INFO - ============================================================
2026-02-13 17:11:47,491 - graph_builder.graph_builder - INFO - ============================================================
2026-02-13 17:11:47,491 - graph_builder.graph_builder - INFO - ============================================================
2026-02-13 17:11:47,491 - graph_builder.graph_builder - INFO - Inserting HARDWARE nodes into Neo4j
2026-02-13 17:11:47,491 - graph_builder.graph_builder - INFO - Inserting HARDWARE nodes into Neo4j
2026-02-13 17:11:47,491 - graph_builder.graph_builder - INFO - Inserting HARDWARE nodes into Neo4j
2026-02-13 17:11:47,491 - graph_builder.graph_builder - INFO - ============================================================
2026-02-13 17:11:47,491 - graph_builder.graph_builder - INFO - ============================================================
2026-02-13 17:11:47,491 - graph_builder.graph_builder - INFO - ============================================================
2026-02-13 17:11:47,491 - graph_builder.node_inserter - INFO - Loading nodes from: C:\Users\sgade\OneDrive\Desktop\orbit_node\extracted_data\20260213_164345\hardware_nodes_with_event_id.json
2026-02-13 17:11:47,491 - graph_builder.node_inserter - INFO - Loading nodes from: C:\Users\sgade\OneDrive\Desktop\orbit_node\extracted_data\20260213_164345\hardware_nodes_with_event_id.json
2026-02-13 17:11:47,491 - graph_builder.node_inserter - INFO - Loading nodes from: C:\Users\sgade\OneDrive\Desktop\orbit_node\extracted_data\20260213_164345\hardware_nodes_with_event_id.json
2026-02-13 17:11:47,492 - graph_builder.node_inserter - INFO - Loaded 5 nodes from JSON file
2026-02-13 17:11:47,492 - graph_builder.node_inserter - INFO - Loaded 5 nodes from JSON file
2026-02-13 17:11:47,492 - graph_builder.node_inserter - INFO - Loaded 5 nodes from JSON file
2026-02-13 17:11:47,493 - graph_builder.graph_builder - INFO - Existing NJS_Hardware nodes in database: 5
2026-02-13 17:11:47,493 - graph_builder.graph_builder - INFO - Existing NJS_Hardware nodes in database: 5
2026-02-13 17:11:47,493 - graph_builder.graph_builder - INFO - Existing NJS_Hardware nodes in database: 5
2026-02-13 17:11:47,494 - graph_builder.node_inserter - INFO - Inserting 5 NJS_Hardware nodes in batches of 100
2026-02-13 17:11:47,494 - graph_builder.node_inserter - INFO - Inserting 5 NJS_Hardware nodes in batches of 100
2026-02-13 17:11:47,494 - graph_builder.node_inserter - INFO - Inserting 5 NJS_Hardware nodes in batches of 100
2026-02-13 17:11:47,494 - graph_builder.node_inserter - INFO - Processing batch 1/1 (5 nodes)
2026-02-13 17:11:47,494 - graph_builder.node_inserter - INFO - Processing batch 1/1 (5 nodes)
2026-02-13 17:11:47,494 - graph_builder.node_inserter - INFO - Processing batch 1/1 (5 nodes)
2026-02-13 17:11:47,598 - graph_builder.node_inserter - INFO - Batch insertion complete: 5 succeeded, 0 failed
2026-02-13 17:11:47,598 - graph_builder.node_inserter - INFO - Batch insertion complete: 5 succeeded, 0 failed
2026-02-13 17:11:47,598 - graph_builder.node_inserter - INFO - Batch insertion complete: 5 succeeded, 0 failed
2026-02-13 17:11:47,600 - graph_builder.graph_builder - INFO - Total NJS_Hardware nodes in database after insertion: 5
2026-02-13 17:11:47,600 - graph_builder.graph_builder - INFO - Total NJS_Hardware nodes in database after insertion: 5
2026-02-13 17:11:47,600 - graph_builder.graph_builder - INFO - Total NJS_Hardware nodes in database after insertion: 5
2026-02-13 17:11:47,600 - __main__ - INFO - 
============================================================
2026-02-13 17:11:47,601 - __main__ - INFO - CREATING RELATIONSHIPS
2026-02-13 17:11:47,601 - __main__ - INFO - ============================================================
2026-02-13 17:11:47,601 - __main__ - INFO - Starting relationship creation process...
2026-02-13 17:11:47,601 - graph_builder.graph_builder - INFO - ============================================================
2026-02-13 17:11:47,601 - graph_builder.graph_builder - INFO - ============================================================
2026-02-13 17:11:47,601 - graph_builder.graph_builder - INFO - ============================================================
2026-02-13 17:11:47,601 - graph_builder.graph_builder - INFO - Creating Relationships
2026-02-13 17:11:47,601 - graph_builder.graph_builder - INFO - Creating Relationships
2026-02-13 17:11:47,601 - graph_builder.graph_builder - INFO - Creating Relationships
2026-02-13 17:11:47,601 - graph_builder.graph_builder - INFO - ============================================================
2026-02-13 17:11:47,601 - graph_builder.graph_builder - INFO - ============================================================
2026-02-13 17:11:47,601 - graph_builder.graph_builder - INFO - ============================================================
2026-02-13 17:11:47,602 - graph_builder.relationship_manager - INFO - ============================================================
2026-02-13 17:11:47,602 - graph_builder.relationship_manager - INFO - ============================================================
2026-02-13 17:11:47,602 - graph_builder.relationship_manager - INFO - ============================================================
2026-02-13 17:11:47,602 - graph_builder.relationship_manager - INFO - Starting relationship creation from config
2026-02-13 17:11:47,602 - graph_builder.relationship_manager - INFO - Starting relationship creation from config
2026-02-13 17:11:47,602 - graph_builder.relationship_manager - INFO - Starting relationship creation from config
2026-02-13 17:11:47,602 - graph_builder.relationship_manager - INFO - ============================================================
2026-02-13 17:11:47,602 - graph_builder.relationship_manager - INFO - ============================================================
2026-02-13 17:11:47,602 - graph_builder.relationship_manager - INFO - ============================================================
2026-02-13 17:11:47,602 - graph_builder.relationship_manager - INFO - Found 7 relationship definitions in config
2026-02-13 17:11:47,602 - graph_builder.relationship_manager - INFO - Found 7 relationship definitions in config
2026-02-13 17:11:47,602 - graph_builder.relationship_manager - INFO - Found 7 relationship definitions in config
2026-02-13 17:11:47,602 - graph_builder.relationship_manager - INFO - Creating relationship 'asset_to_host': NJS_Asset-[:NJS_HAS_OS]->NJS_Host
2026-02-13 17:11:47,602 - graph_builder.relationship_manager - INFO - Creating relationship 'asset_to_host': NJS_Asset-[:NJS_HAS_OS]->NJS_Host
2026-02-13 17:11:47,602 - graph_builder.relationship_manager - INFO - Creating relationship 'asset_to_host': NJS_Asset-[:NJS_HAS_OS]->NJS_Host
2026-02-13 17:11:47,622 - graph_builder.relationship_manager - INFO - Found 5 asset_id values from NJS_Asset nodes
2026-02-13 17:11:47,622 - graph_builder.relationship_manager - INFO - Found 5 asset_id values from NJS_Asset nodes
2026-02-13 17:11:47,622 - graph_builder.relationship_manager - INFO - Found 5 asset_id values from NJS_Asset nodes
2026-02-13 17:11:47,623 - graph_builder.relationship_manager - INFO - Loading source data from: C:\Users\sgade\OneDrive\Desktop\orbit_node\collected_data\20260210_201344_csv\host
2026-02-13 17:11:47,623 - graph_builder.relationship_manager - INFO - Loading source data from: C:\Users\sgade\OneDrive\Desktop\orbit_node\collected_data\20260210_201344_csv\host
2026-02-13 17:11:47,623 - graph_builder.relationship_manager - INFO - Loading source data from: C:\Users\sgade\OneDrive\Desktop\orbit_node\collected_data\20260210_201344_csv\host
2026-02-13 17:11:47,623 - graph_builder.relationship_manager - INFO - Source file pattern: Syscollector_OS_Info_{agent_id}.json
2026-02-13 17:11:47,623 - graph_builder.relationship_manager - INFO - Source file pattern: Syscollector_OS_Info_{agent_id}.json
2026-02-13 17:11:47,623 - graph_builder.relationship_manager - INFO - Source file pattern: Syscollector_OS_Info_{agent_id}.json
2026-02-13 17:11:47,623 - graph_builder.relationship_manager - INFO - Agent IDs: ['000', '001', '002', '003', '004']
2026-02-13 17:11:47,623 - graph_builder.relationship_manager - INFO - Agent IDs: ['000', '001', '002', '003', '004']
2026-02-13 17:11:47,623 - graph_builder.relationship_manager - INFO - Agent IDs: ['000', '001', '002', '003', '004']
2026-02-13 17:11:47,624 - graph_builder.relationship_manager - INFO - Loaded 0 items from source data
2026-02-13 17:11:47,624 - graph_builder.relationship_manager - INFO - Loaded 0 items from source data
2026-02-13 17:11:47,624 - graph_builder.relationship_manager - INFO - Loaded 0 items from source data
2026-02-13 17:11:47,624 - graph_builder.relationship_manager - WARNING - No source data loaded for relationship creation
2026-02-13 17:11:47,624 - graph_builder.relationship_manager - WARNING - No source data loaded for relationship creation
2026-02-13 17:11:47,624 - graph_builder.relationship_manager - WARNING - No source data loaded for relationship creation
2026-02-13 17:11:47,624 - graph_builder.relationship_manager - WARNING - Checked directory: C:\Users\sgade\OneDrive\Desktop\orbit_node\collected_data\20260210_201344_csv\host
2026-02-13 17:11:47,624 - graph_builder.relationship_manager - WARNING - Checked directory: C:\Users\sgade\OneDrive\Desktop\orbit_node\collected_data\20260210_201344_csv\host
2026-02-13 17:11:47,624 - graph_builder.relationship_manager - WARNING - Checked directory: C:\Users\sgade\OneDrive\Desktop\orbit_node\collected_data\20260210_201344_csv\host
2026-02-13 17:11:47,625 - graph_builder.relationship_manager - WARNING - File pattern: Syscollector_OS_Info_{agent_id}.json
2026-02-13 17:11:47,625 - graph_builder.relationship_manager - WARNING - File pattern: Syscollector_OS_Info_{agent_id}.json
2026-02-13 17:11:47,625 - graph_builder.relationship_manager - WARNING - File pattern: Syscollector_OS_Info_{agent_id}.json
2026-02-13 17:11:47,625 - graph_builder.relationship_manager - INFO - Relationship 'asset_to_host' result: {'success': 0, 'failed': 0, 'total': 0}
2026-02-13 17:11:47,625 - graph_builder.relationship_manager - INFO - Relationship 'asset_to_host' result: {'success': 0, 'failed': 0, 'total': 0}
2026-02-13 17:11:47,625 - graph_builder.relationship_manager - INFO - Relationship 'asset_to_host' result: {'success': 0, 'failed': 0, 'total': 0}
2026-02-13 17:11:47,625 - graph_builder.relationship_manager - INFO - Creating relationship 'host_to_software': NJS_Host-[:NJS_INSTALLED_ON]->NJS_Software
2026-02-13 17:11:47,625 - graph_builder.relationship_manager - INFO - Creating relationship 'host_to_software': NJS_Host-[:NJS_INSTALLED_ON]->NJS_Software
2026-02-13 17:11:47,625 - graph_builder.relationship_manager - INFO - Creating relationship 'host_to_software': NJS_Host-[:NJS_INSTALLED_ON]->NJS_Software
2026-02-13 17:11:47,628 - graph_builder.relationship_manager - INFO - Found 5 agent_id values from NJS_Host nodes
2026-02-13 17:11:47,628 - graph_builder.relationship_manager - INFO - Found 5 agent_id values from NJS_Host nodes
2026-02-13 17:11:47,628 - graph_builder.relationship_manager - INFO - Found 5 agent_id values from NJS_Host nodes
2026-02-13 17:11:47,628 - graph_builder.relationship_manager - INFO - Loading source data from: C:\Users\sgade\OneDrive\Desktop\orbit_node\collected_data\20260210_201344_csv\packages
2026-02-13 17:11:47,628 - graph_builder.relationship_manager - INFO - Loading source data from: C:\Users\sgade\OneDrive\Desktop\orbit_node\collected_data\20260210_201344_csv\packages
2026-02-13 17:11:47,628 - graph_builder.relationship_manager - INFO - Loading source data from: C:\Users\sgade\OneDrive\Desktop\orbit_node\collected_data\20260210_201344_csv\packages
2026-02-13 17:11:47,628 - graph_builder.relationship_manager - INFO - Source file pattern: Syscollector_Packages_{agent_id}.json
2026-02-13 17:11:47,628 - graph_builder.relationship_manager - INFO - Source file pattern: Syscollector_Packages_{agent_id}.json
2026-02-13 17:11:47,628 - graph_builder.relationship_manager - INFO - Source file pattern: Syscollector_Packages_{agent_id}.json
2026-02-13 17:11:47,629 - graph_builder.relationship_manager - INFO - Agent IDs: ['000', '001', '002', '003', '004']
2026-02-13 17:11:47,629 - graph_builder.relationship_manager - INFO - Agent IDs: ['000', '001', '002', '003', '004']
2026-02-13 17:11:47,629 - graph_builder.relationship_manager - INFO - Agent IDs: ['000', '001', '002', '003', '004']
2026-02-13 17:11:47,630 - graph_builder.relationship_manager - INFO - Loaded 0 items from source data
2026-02-13 17:11:47,630 - graph_builder.relationship_manager - INFO - Loaded 0 items from source data
2026-02-13 17:11:47,630 - graph_builder.relationship_manager - INFO - Loaded 0 items from source data
2026-02-13 17:11:47,630 - graph_builder.relationship_manager - WARNING - No source data loaded for relationship creation
2026-02-13 17:11:47,630 - graph_builder.relationship_manager - WARNING - No source data loaded for relationship creation
2026-02-13 17:11:47,630 - graph_builder.relationship_manager - WARNING - No source data loaded for relationship creation
2026-02-13 17:11:47,630 - graph_builder.relationship_manager - WARNING - Checked directory: C:\Users\sgade\OneDrive\Desktop\orbit_node\collected_data\20260210_201344_csv\packages
2026-02-13 17:11:47,630 - graph_builder.relationship_manager - WARNING - Checked directory: C:\Users\sgade\OneDrive\Desktop\orbit_node\collected_data\20260210_201344_csv\packages
2026-02-13 17:11:47,630 - graph_builder.relationship_manager - WARNING - Checked directory: C:\Users\sgade\OneDrive\Desktop\orbit_node\collected_data\20260210_201344_csv\packages
2026-02-13 17:11:47,631 - graph_builder.relationship_manager - WARNING - File pattern: Syscollector_Packages_{agent_id}.json
2026-02-13 17:11:47,631 - graph_builder.relationship_manager - WARNING - File pattern: Syscollector_Packages_{agent_id}.json
2026-02-13 17:11:47,631 - graph_builder.relationship_manager - WARNING - File pattern: Syscollector_Packages_{agent_id}.json
2026-02-13 17:11:47,631 - graph_builder.relationship_manager - INFO - Relationship 'host_to_software' result: {'success': 0, 'failed': 0, 'total': 0}
2026-02-13 17:11:47,631 - graph_builder.relationship_manager - INFO - Relationship 'host_to_software' result: {'success': 0, 'failed': 0, 'total': 0}
2026-02-13 17:11:47,631 - graph_builder.relationship_manager - INFO - Relationship 'host_to_software' result: {'success': 0, 'failed': 0, 'total': 0}
2026-02-13 17:11:47,631 - graph_builder.relationship_manager - INFO - Creating relationship 'asset_to_software': NJS_Asset-[:NJS_HAS_SOFTWARE]->NJS_Software
2026-02-13 17:11:47,631 - graph_builder.relationship_manager - INFO - Creating relationship 'asset_to_software': NJS_Asset-[:NJS_HAS_SOFTWARE]->NJS_Software
2026-02-13 17:11:47,631 - graph_builder.relationship_manager - INFO - Creating relationship 'asset_to_software': NJS_Asset-[:NJS_HAS_SOFTWARE]->NJS_Software
2026-02-13 17:11:47,634 - graph_builder.relationship_manager - INFO - Found 5 asset_id values from NJS_Asset nodes
2026-02-13 17:11:47,634 - graph_builder.relationship_manager - INFO - Found 5 asset_id values from NJS_Asset nodes
2026-02-13 17:11:47,634 - graph_builder.relationship_manager - INFO - Found 5 asset_id values from NJS_Asset nodes
2026-02-13 17:11:47,634 - graph_builder.relationship_manager - INFO - Loading source data from: C:\Users\sgade\OneDrive\Desktop\orbit_node\collected_data\20260210_201344_csv\packages
2026-02-13 17:11:47,634 - graph_builder.relationship_manager - INFO - Loading source data from: C:\Users\sgade\OneDrive\Desktop\orbit_node\collected_data\20260210_201344_csv\packages
2026-02-13 17:11:47,634 - graph_builder.relationship_manager - INFO - Loading source data from: C:\Users\sgade\OneDrive\Desktop\orbit_node\collected_data\20260210_201344_csv\packages
2026-02-13 17:11:47,635 - graph_builder.relationship_manager - INFO - Source file pattern: Syscollector_Packages_{agent_id}.json
2026-02-13 17:11:47,635 - graph_builder.relationship_manager - INFO - Source file pattern: Syscollector_Packages_{agent_id}.json
2026-02-13 17:11:47,635 - graph_builder.relationship_manager - INFO - Source file pattern: Syscollector_Packages_{agent_id}.json
2026-02-13 17:11:47,635 - graph_builder.relationship_manager - INFO - Agent IDs: ['000', '001', '002', '003', '004']
2026-02-13 17:11:47,635 - graph_builder.relationship_manager - INFO - Agent IDs: ['000', '001', '002', '003', '004']
2026-02-13 17:11:47,635 - graph_builder.relationship_manager - INFO - Agent IDs: ['000', '001', '002', '003', '004']
2026-02-13 17:11:47,636 - graph_builder.relationship_manager - INFO - Loaded 0 items from source data
2026-02-13 17:11:47,636 - graph_builder.relationship_manager - INFO - Loaded 0 items from source data
2026-02-13 17:11:47,636 - graph_builder.relationship_manager - INFO - Loaded 0 items from source data
2026-02-13 17:11:47,636 - graph_builder.relationship_manager - WARNING - No source data loaded for relationship creation
2026-02-13 17:11:47,636 - graph_builder.relationship_manager - WARNING - No source data loaded for relationship creation
2026-02-13 17:11:47,636 - graph_builder.relationship_manager - WARNING - No source data loaded for relationship creation
2026-02-13 17:11:47,636 - graph_builder.relationship_manager - WARNING - Checked directory: C:\Users\sgade\OneDrive\Desktop\orbit_node\collected_data\20260210_201344_csv\packages
2026-02-13 17:11:47,636 - graph_builder.relationship_manager - WARNING - Checked directory: C:\Users\sgade\OneDrive\Desktop\orbit_node\collected_data\20260210_201344_csv\packages
2026-02-13 17:11:47,636 - graph_builder.relationship_manager - WARNING - Checked directory: C:\Users\sgade\OneDrive\Desktop\orbit_node\collected_data\20260210_201344_csv\packages
2026-02-13 17:11:47,637 - graph_builder.relationship_manager - WARNING - File pattern: Syscollector_Packages_{agent_id}.json
2026-02-13 17:11:47,637 - graph_builder.relationship_manager - WARNING - File pattern: Syscollector_Packages_{agent_id}.json
2026-02-13 17:11:47,637 - graph_builder.relationship_manager - WARNING - File pattern: Syscollector_Packages_{agent_id}.json
2026-02-13 17:11:47,637 - graph_builder.relationship_manager - INFO - Relationship 'asset_to_software' result: {'success': 0, 'failed': 0, 'total': 0}
2026-02-13 17:11:47,637 - graph_builder.relationship_manager - INFO - Relationship 'asset_to_software' result: {'success': 0, 'failed': 0, 'total': 0}
2026-02-13 17:11:47,637 - graph_builder.relationship_manager - INFO - Relationship 'asset_to_software' result: {'success': 0, 'failed': 0, 'total': 0}
2026-02-13 17:11:47,637 - graph_builder.relationship_manager - INFO - Creating relationship 'software_to_vulnerability': NJS_Software-[:NJS_VULNERABLE_TO]->NJS_Vulnerability
2026-02-13 17:11:47,637 - graph_builder.relationship_manager - INFO - Creating relationship 'software_to_vulnerability': NJS_Software-[:NJS_VULNERABLE_TO]->NJS_Vulnerability
2026-02-13 17:11:47,637 - graph_builder.relationship_manager - INFO - Creating relationship 'software_to_vulnerability': NJS_Software-[:NJS_VULNERABLE_TO]->NJS_Vulnerability
2026-02-13 17:11:47,663 - graph_builder.relationship_manager - INFO - Found 583 name values from NJS_Software nodes
2026-02-13 17:11:47,663 - graph_builder.relationship_manager - INFO - Found 583 name values from NJS_Software nodes
2026-02-13 17:11:47,663 - graph_builder.relationship_manager - INFO - Found 583 name values from NJS_Software nodes
2026-02-13 17:11:47,667 - graph_builder.relationship_manager - INFO - Loading all agent files for 5 agents
2026-02-13 17:11:47,667 - graph_builder.relationship_manager - INFO - Loading all agent files for 5 agents
2026-02-13 17:11:47,667 - graph_builder.relationship_manager - INFO - Loading all agent files for 5 agents
2026-02-13 17:11:47,667 - graph_builder.relationship_manager - INFO - Loading source data from: C:\Users\sgade\OneDrive\Desktop\orbit_node\collected_data\20260210_201344_csv\vulnerabilities
2026-02-13 17:11:47,667 - graph_builder.relationship_manager - INFO - Loading source data from: C:\Users\sgade\OneDrive\Desktop\orbit_node\collected_data\20260210_201344_csv\vulnerabilities
2026-02-13 17:11:47,667 - graph_builder.relationship_manager - INFO - Loading source data from: C:\Users\sgade\OneDrive\Desktop\orbit_node\collected_data\20260210_201344_csv\vulnerabilities
2026-02-13 17:11:47,667 - graph_builder.relationship_manager - INFO - Source file pattern: Vulnerabilities_{agent_id}.json
2026-02-13 17:11:47,667 - graph_builder.relationship_manager - INFO - Source file pattern: Vulnerabilities_{agent_id}.json
2026-02-13 17:11:47,667 - graph_builder.relationship_manager - INFO - Source file pattern: Vulnerabilities_{agent_id}.json
2026-02-13 17:11:47,667 - graph_builder.relationship_manager - INFO - Agent IDs: ['000', '001', '002', '003', '004']
2026-02-13 17:11:47,667 - graph_builder.relationship_manager - INFO - Agent IDs: ['000', '001', '002', '003', '004']
2026-02-13 17:11:47,667 - graph_builder.relationship_manager - INFO - Agent IDs: ['000', '001', '002', '003', '004']
2026-02-13 17:11:47,668 - graph_builder.relationship_manager - INFO - Loaded 0 items from source data
2026-02-13 17:11:47,668 - graph_builder.relationship_manager - INFO - Loaded 0 items from source data
2026-02-13 17:11:47,668 - graph_builder.relationship_manager - INFO - Loaded 0 items from source data
2026-02-13 17:11:47,668 - graph_builder.relationship_manager - WARNING - No source data loaded for relationship creation
2026-02-13 17:11:47,668 - graph_builder.relationship_manager - WARNING - No source data loaded for relationship creation
2026-02-13 17:11:47,668 - graph_builder.relationship_manager - WARNING - No source data loaded for relationship creation
2026-02-13 17:11:47,669 - graph_builder.relationship_manager - WARNING - Checked directory: C:\Users\sgade\OneDrive\Desktop\orbit_node\collected_data\20260210_201344_csv\vulnerabilities
2026-02-13 17:11:47,669 - graph_builder.relationship_manager - WARNING - Checked directory: C:\Users\sgade\OneDrive\Desktop\orbit_node\collected_data\20260210_201344_csv\vulnerabilities
2026-02-13 17:11:47,669 - graph_builder.relationship_manager - WARNING - Checked directory: C:\Users\sgade\OneDrive\Desktop\orbit_node\collected_data\20260210_201344_csv\vulnerabilities
2026-02-13 17:11:47,669 - graph_builder.relationship_manager - WARNING - File pattern: Vulnerabilities_{agent_id}.json
2026-02-13 17:11:47,669 - graph_builder.relationship_manager - WARNING - File pattern: Vulnerabilities_{agent_id}.json
2026-02-13 17:11:47,669 - graph_builder.relationship_manager - WARNING - File pattern: Vulnerabilities_{agent_id}.json
2026-02-13 17:11:47,669 - graph_builder.relationship_manager - INFO - Relationship 'software_to_vulnerability' result: {'success': 0, 'failed': 0, 'total': 0}
2026-02-13 17:11:47,669 - graph_builder.relationship_manager - INFO - Relationship 'software_to_vulnerability' result: {'success': 0, 'failed': 0, 'total': 0}
2026-02-13 17:11:47,669 - graph_builder.relationship_manager - INFO - Relationship 'software_to_vulnerability' result: {'success': 0, 'failed': 0, 'total': 0}
2026-02-13 17:11:47,670 - graph_builder.relationship_manager - INFO - Creating relationship 'asset_to_vulnerability': NJS_Asset-[:NJS_AFFECTED_BY]->NJS_Vulnerability
2026-02-13 17:11:47,670 - graph_builder.relationship_manager - INFO - Creating relationship 'asset_to_vulnerability': NJS_Asset-[:NJS_AFFECTED_BY]->NJS_Vulnerability
2026-02-13 17:11:47,670 - graph_builder.relationship_manager - INFO - Creating relationship 'asset_to_vulnerability': NJS_Asset-[:NJS_AFFECTED_BY]->NJS_Vulnerability
2026-02-13 17:11:47,672 - graph_builder.relationship_manager - INFO - Found 5 asset_id values from NJS_Asset nodes
2026-02-13 17:11:47,672 - graph_builder.relationship_manager - INFO - Found 5 asset_id values from NJS_Asset nodes
2026-02-13 17:11:47,672 - graph_builder.relationship_manager - INFO - Found 5 asset_id values from NJS_Asset nodes
2026-02-13 17:11:47,674 - graph_builder.relationship_manager - INFO - Loading all agent files for 5 agents
2026-02-13 17:11:47,674 - graph_builder.relationship_manager - INFO - Loading all agent files for 5 agents
2026-02-13 17:11:47,674 - graph_builder.relationship_manager - INFO - Loading all agent files for 5 agents
2026-02-13 17:11:47,675 - graph_builder.relationship_manager - INFO - Loading source data from: C:\Users\sgade\OneDrive\Desktop\orbit_node\collected_data\20260210_201344_csv\vulnerabilities
2026-02-13 17:11:47,675 - graph_builder.relationship_manager - INFO - Loading source data from: C:\Users\sgade\OneDrive\Desktop\orbit_node\collected_data\20260210_201344_csv\vulnerabilities
2026-02-13 17:11:47,675 - graph_builder.relationship_manager - INFO - Loading source data from: C:\Users\sgade\OneDrive\Desktop\orbit_node\collected_data\20260210_201344_csv\vulnerabilities
2026-02-13 17:11:47,675 - graph_builder.relationship_manager - INFO - Source file pattern: Vulnerabilities_{agent_id}.json
2026-02-13 17:11:47,675 - graph_builder.relationship_manager - INFO - Source file pattern: Vulnerabilities_{agent_id}.json
2026-02-13 17:11:47,675 - graph_builder.relationship_manager - INFO - Source file pattern: Vulnerabilities_{agent_id}.json
2026-02-13 17:11:47,675 - graph_builder.relationship_manager - INFO - Agent IDs: ['000', '001', '002', '003', '004']
2026-02-13 17:11:47,675 - graph_builder.relationship_manager - INFO - Agent IDs: ['000', '001', '002', '003', '004']
2026-02-13 17:11:47,675 - graph_builder.relationship_manager - INFO - Agent IDs: ['000', '001', '002', '003', '004']
2026-02-13 17:11:47,676 - graph_builder.relationship_manager - INFO - Loaded 0 items from source data
2026-02-13 17:11:47,676 - graph_builder.relationship_manager - INFO - Loaded 0 items from source data
2026-02-13 17:11:47,676 - graph_builder.relationship_manager - INFO - Loaded 0 items from source data
2026-02-13 17:11:47,676 - graph_builder.relationship_manager - WARNING - No source data loaded for relationship creation
2026-02-13 17:11:47,676 - graph_builder.relationship_manager - WARNING - No source data loaded for relationship creation
2026-02-13 17:11:47,676 - graph_builder.relationship_manager - WARNING - No source data loaded for relationship creation
2026-02-13 17:11:47,677 - graph_builder.relationship_manager - WARNING - Checked directory: C:\Users\sgade\OneDrive\Desktop\orbit_node\collected_data\20260210_201344_csv\vulnerabilities
2026-02-13 17:11:47,677 - graph_builder.relationship_manager - WARNING - Checked directory: C:\Users\sgade\OneDrive\Desktop\orbit_node\collected_data\20260210_201344_csv\vulnerabilities
2026-02-13 17:11:47,677 - graph_builder.relationship_manager - WARNING - Checked directory: C:\Users\sgade\OneDrive\Desktop\orbit_node\collected_data\20260210_201344_csv\vulnerabilities
2026-02-13 17:11:47,677 - graph_builder.relationship_manager - WARNING - File pattern: Vulnerabilities_{agent_id}.json
2026-02-13 17:11:47,677 - graph_builder.relationship_manager - WARNING - File pattern: Vulnerabilities_{agent_id}.json
2026-02-13 17:11:47,677 - graph_builder.relationship_manager - WARNING - File pattern: Vulnerabilities_{agent_id}.json
2026-02-13 17:11:47,677 - graph_builder.relationship_manager - INFO - Relationship 'asset_to_vulnerability' result: {'success': 0, 'failed': 0, 'total': 0}
2026-02-13 17:11:47,677 - graph_builder.relationship_manager - INFO - Relationship 'asset_to_vulnerability' result: {'success': 0, 'failed': 0, 'total': 0}
2026-02-13 17:11:47,677 - graph_builder.relationship_manager - INFO - Relationship 'asset_to_vulnerability' result: {'success': 0, 'failed': 0, 'total': 0}
2026-02-13 17:11:47,677 - graph_builder.relationship_manager - INFO - Creating relationship 'asset_to_assetgroup': NJS_Asset-[:NJS_BELONGS_TO]->NJS_AssetGroup
2026-02-13 17:11:47,677 - graph_builder.relationship_manager - INFO - Creating relationship 'asset_to_assetgroup': NJS_Asset-[:NJS_BELONGS_TO]->NJS_AssetGroup
2026-02-13 17:11:47,677 - graph_builder.relationship_manager - INFO - Creating relationship 'asset_to_assetgroup': NJS_Asset-[:NJS_BELONGS_TO]->NJS_AssetGroup
2026-02-13 17:11:47,679 - graph_builder.relationship_manager - INFO - Found 5 asset_id values from NJS_Asset nodes
2026-02-13 17:11:47,679 - graph_builder.relationship_manager - INFO - Found 5 asset_id values from NJS_Asset nodes
2026-02-13 17:11:47,679 - graph_builder.relationship_manager - INFO - Found 5 asset_id values from NJS_Asset nodes
2026-02-13 17:11:47,680 - graph_builder.relationship_manager - INFO - Loading source data from: C:\Users\sgade\OneDrive\Desktop\orbit_node\collected_data\20260210_201344_csv\agents_manager
2026-02-13 17:11:47,680 - graph_builder.relationship_manager - INFO - Loading source data from: C:\Users\sgade\OneDrive\Desktop\orbit_node\collected_data\20260210_201344_csv\agents_manager
2026-02-13 17:11:47,680 - graph_builder.relationship_manager - INFO - Loading source data from: C:\Users\sgade\OneDrive\Desktop\orbit_node\collected_data\20260210_201344_csv\agents_manager
2026-02-13 17:11:47,680 - graph_builder.relationship_manager - INFO - Source file pattern: All_Agents.json
2026-02-13 17:11:47,680 - graph_builder.relationship_manager - INFO - Source file pattern: All_Agents.json
2026-02-13 17:11:47,680 - graph_builder.relationship_manager - INFO - Source file pattern: All_Agents.json
2026-02-13 17:11:47,680 - graph_builder.relationship_manager - INFO - Agent IDs: None (single file)
2026-02-13 17:11:47,680 - graph_builder.relationship_manager - INFO - Agent IDs: None (single file)
2026-02-13 17:11:47,680 - graph_builder.relationship_manager - INFO - Agent IDs: None (single file)
2026-02-13 17:11:47,681 - graph_builder.relationship_manager - WARNING - File not found: C:\Users\sgade\OneDrive\Desktop\orbit_node\collected_data\20260210_201344_csv\agents_manager\All_Agents.json
2026-02-13 17:11:47,681 - graph_builder.relationship_manager - WARNING - File not found: C:\Users\sgade\OneDrive\Desktop\orbit_node\collected_data\20260210_201344_csv\agents_manager\All_Agents.json
2026-02-13 17:11:47,681 - graph_builder.relationship_manager - WARNING - File not found: C:\Users\sgade\OneDrive\Desktop\orbit_node\collected_data\20260210_201344_csv\agents_manager\All_Agents.json
2026-02-13 17:11:47,681 - graph_builder.relationship_manager - INFO - Loaded 0 items from source data
2026-02-13 17:11:47,681 - graph_builder.relationship_manager - INFO - Loaded 0 items from source data
2026-02-13 17:11:47,681 - graph_builder.relationship_manager - INFO - Loaded 0 items from source data
2026-02-13 17:11:47,681 - graph_builder.relationship_manager - WARNING - No source data loaded for relationship creation
2026-02-13 17:11:47,681 - graph_builder.relationship_manager - WARNING - No source data loaded for relationship creation
2026-02-13 17:11:47,681 - graph_builder.relationship_manager - WARNING - No source data loaded for relationship creation
2026-02-13 17:11:47,681 - graph_builder.relationship_manager - WARNING - Checked directory: C:\Users\sgade\OneDrive\Desktop\orbit_node\collected_data\20260210_201344_csv\agents_manager
2026-02-13 17:11:47,681 - graph_builder.relationship_manager - WARNING - Checked directory: C:\Users\sgade\OneDrive\Desktop\orbit_node\collected_data\20260210_201344_csv\agents_manager
2026-02-13 17:11:47,681 - graph_builder.relationship_manager - WARNING - Checked directory: C:\Users\sgade\OneDrive\Desktop\orbit_node\collected_data\20260210_201344_csv\agents_manager
2026-02-13 17:11:47,682 - graph_builder.relationship_manager - WARNING - File pattern: All_Agents.json
2026-02-13 17:11:47,682 - graph_builder.relationship_manager - WARNING - File pattern: All_Agents.json
2026-02-13 17:11:47,682 - graph_builder.relationship_manager - WARNING - File pattern: All_Agents.json
2026-02-13 17:11:47,682 - graph_builder.relationship_manager - INFO - Relationship 'asset_to_assetgroup' result: {'success': 0, 'failed': 0, 'total': 0}
2026-02-13 17:11:47,682 - graph_builder.relationship_manager - INFO - Relationship 'asset_to_assetgroup' result: {'success': 0, 'failed': 0, 'total': 0}
2026-02-13 17:11:47,682 - graph_builder.relationship_manager - INFO - Relationship 'asset_to_assetgroup' result: {'success': 0, 'failed': 0, 'total': 0}
2026-02-13 17:11:47,682 - graph_builder.relationship_manager - INFO - Creating relationship 'asset_to_hardware': NJS_Asset-[:NJS_HAS_HARDWARE]->NJS_Hardware
2026-02-13 17:11:47,682 - graph_builder.relationship_manager - INFO - Creating relationship 'asset_to_hardware': NJS_Asset-[:NJS_HAS_HARDWARE]->NJS_Hardware
2026-02-13 17:11:47,682 - graph_builder.relationship_manager - INFO - Creating relationship 'asset_to_hardware': NJS_Asset-[:NJS_HAS_HARDWARE]->NJS_Hardware
2026-02-13 17:11:47,685 - graph_builder.relationship_manager - INFO - Found 5 asset_id values from NJS_Asset nodes
2026-02-13 17:11:47,685 - graph_builder.relationship_manager - INFO - Found 5 asset_id values from NJS_Asset nodes
2026-02-13 17:11:47,685 - graph_builder.relationship_manager - INFO - Found 5 asset_id values from NJS_Asset nodes
2026-02-13 17:11:47,685 - graph_builder.relationship_manager - INFO - Loading source data from: C:\Users\sgade\OneDrive\Desktop\orbit_node\collected_data\20260210_201344_csv\hardware
2026-02-13 17:11:47,685 - graph_builder.relationship_manager - INFO - Loading source data from: C:\Users\sgade\OneDrive\Desktop\orbit_node\collected_data\20260210_201344_csv\hardware
2026-02-13 17:11:47,685 - graph_builder.relationship_manager - INFO - Loading source data from: C:\Users\sgade\OneDrive\Desktop\orbit_node\collected_data\20260210_201344_csv\hardware
2026-02-13 17:11:47,685 - graph_builder.relationship_manager - INFO - Source file pattern: Syscollector_Hardware_{agent_id}.json
2026-02-13 17:11:47,685 - graph_builder.relationship_manager - INFO - Source file pattern: Syscollector_Hardware_{agent_id}.json
2026-02-13 17:11:47,685 - graph_builder.relationship_manager - INFO - Source file pattern: Syscollector_Hardware_{agent_id}.json
2026-02-13 17:11:47,686 - graph_builder.relationship_manager - INFO - Agent IDs: ['000', '001', '002', '003', '004']
2026-02-13 17:11:47,686 - graph_builder.relationship_manager - INFO - Agent IDs: ['000', '001', '002', '003', '004']
2026-02-13 17:11:47,686 - graph_builder.relationship_manager - INFO - Agent IDs: ['000', '001', '002', '003', '004']
2026-02-13 17:11:47,687 - graph_builder.relationship_manager - INFO - Loaded 0 items from source data
2026-02-13 17:11:47,687 - graph_builder.relationship_manager - INFO - Loaded 0 items from source data
2026-02-13 17:11:47,687 - graph_builder.relationship_manager - INFO - Loaded 0 items from source data
2026-02-13 17:11:47,687 - graph_builder.relationship_manager - WARNING - No source data loaded for relationship creation
2026-02-13 17:11:47,687 - graph_builder.relationship_manager - WARNING - No source data loaded for relationship creation
2026-02-13 17:11:47,687 - graph_builder.relationship_manager - WARNING - No source data loaded for relationship creation
2026-02-13 17:11:47,687 - graph_builder.relationship_manager - WARNING - Checked directory: C:\Users\sgade\OneDrive\Desktop\orbit_node\collected_data\20260210_201344_csv\hardware
2026-02-13 17:11:47,687 - graph_builder.relationship_manager - WARNING - Checked directory: C:\Users\sgade\OneDrive\Desktop\orbit_node\collected_data\20260210_201344_csv\hardware
2026-02-13 17:11:47,687 - graph_builder.relationship_manager - WARNING - Checked directory: C:\Users\sgade\OneDrive\Desktop\orbit_node\collected_data\20260210_201344_csv\hardware
2026-02-13 17:11:47,687 - graph_builder.relationship_manager - WARNING - File pattern: Syscollector_Hardware_{agent_id}.json
2026-02-13 17:11:47,687 - graph_builder.relationship_manager - WARNING - File pattern: Syscollector_Hardware_{agent_id}.json
2026-02-13 17:11:47,687 - graph_builder.relationship_manager - WARNING - File pattern: Syscollector_Hardware_{agent_id}.json
2026-02-13 17:11:47,688 - graph_builder.relationship_manager - INFO - Relationship 'asset_to_hardware' result: {'success': 0, 'failed': 0, 'total': 0}
2026-02-13 17:11:47,688 - graph_builder.relationship_manager - INFO - Relationship 'asset_to_hardware' result: {'success': 0, 'failed': 0, 'total': 0}
2026-02-13 17:11:47,688 - graph_builder.relationship_manager - INFO - Relationship 'asset_to_hardware' result: {'success': 0, 'failed': 0, 'total': 0}
2026-02-13 17:11:47,688 - graph_builder.relationship_manager - INFO - ============================================================
2026-02-13 17:11:47,688 - graph_builder.relationship_manager - INFO - ============================================================
2026-02-13 17:11:47,688 - graph_builder.relationship_manager - INFO - ============================================================
2026-02-13 17:11:47,688 - graph_builder.relationship_manager - INFO - Relationship creation from config completed
2026-02-13 17:11:47,688 - graph_builder.relationship_manager - INFO - Relationship creation from config completed
2026-02-13 17:11:47,688 - graph_builder.relationship_manager - INFO - Relationship creation from config completed
2026-02-13 17:11:47,688 - graph_builder.relationship_manager - INFO - Total relationships processed: 7
2026-02-13 17:11:47,688 - graph_builder.relationship_manager - INFO - Total relationships processed: 7
2026-02-13 17:11:47,688 - graph_builder.relationship_manager - INFO - Total relationships processed: 7
2026-02-13 17:11:47,689 - graph_builder.relationship_manager - INFO - ============================================================
2026-02-13 17:11:47,689 - graph_builder.relationship_manager - INFO - ============================================================
2026-02-13 17:11:47,689 - graph_builder.relationship_manager - INFO - ============================================================
2026-02-13 17:11:47,689 - graph_builder.graph_builder - INFO - asset_to_host: 0 relationships created
2026-02-13 17:11:47,689 - graph_builder.graph_builder - INFO - asset_to_host: 0 relationships created
2026-02-13 17:11:47,689 - graph_builder.graph_builder - INFO - asset_to_host: 0 relationships created
2026-02-13 17:11:47,689 - graph_builder.graph_builder - INFO - host_to_software: 0 relationships created
2026-02-13 17:11:47,689 - graph_builder.graph_builder - INFO - host_to_software: 0 relationships created
2026-02-13 17:11:47,689 - graph_builder.graph_builder - INFO - host_to_software: 0 relationships created
2026-02-13 17:11:47,689 - graph_builder.graph_builder - INFO - asset_to_software: 0 relationships created
2026-02-13 17:11:47,689 - graph_builder.graph_builder - INFO - asset_to_software: 0 relationships created
2026-02-13 17:11:47,689 - graph_builder.graph_builder - INFO - asset_to_software: 0 relationships created
2026-02-13 17:11:47,690 - graph_builder.graph_builder - INFO - software_to_vulnerability: 0 relationships created
2026-02-13 17:11:47,690 - graph_builder.graph_builder - INFO - software_to_vulnerability: 0 relationships created
2026-02-13 17:11:47,690 - graph_builder.graph_builder - INFO - software_to_vulnerability: 0 relationships created
2026-02-13 17:11:47,690 - graph_builder.graph_builder - INFO - asset_to_vulnerability: 0 relationships created
2026-02-13 17:11:47,690 - graph_builder.graph_builder - INFO - asset_to_vulnerability: 0 relationships created
2026-02-13 17:11:47,690 - graph_builder.graph_builder - INFO - asset_to_vulnerability: 0 relationships created
2026-02-13 17:11:47,690 - graph_builder.graph_builder - INFO - asset_to_assetgroup: 0 relationships created
2026-02-13 17:11:47,690 - graph_builder.graph_builder - INFO - asset_to_assetgroup: 0 relationships created
2026-02-13 17:11:47,690 - graph_builder.graph_builder - INFO - asset_to_assetgroup: 0 relationships created
2026-02-13 17:11:47,690 - graph_builder.graph_builder - INFO - asset_to_hardware: 0 relationships created
2026-02-13 17:11:47,690 - graph_builder.graph_builder - INFO - asset_to_hardware: 0 relationships created
2026-02-13 17:11:47,690 - graph_builder.graph_builder - INFO - asset_to_hardware: 0 relationships created
2026-02-13 17:11:47,690 - __main__ - INFO - Relationship creation process completed
2026-02-13 17:11:47,691 - __main__ - INFO - Relationship results: {'asset_to_host': {'success': 0, 'failed': 0, 'total': 0}, 'host_to_software': {'success': 0, 'failed': 0, 'total': 0}, 'asset_to_software': {'success': 0, 'failed': 0, 'total': 0}, 'software_to_vulnerability': {'success': 0, 'failed': 0, 'total': 0}, 'asset_to_vulnerability': {'success': 0, 'failed': 0, 'total': 0}, 'asset_to_assetgroup': {'success': 0, 'failed': 0, 'total': 0}, 'asset_to_hardware': {'success': 0, 'failed': 0, 'total': 0}}
2026-02-13 17:11:47,691 - __main__ - INFO - ============================================================
2026-02-13 17:11:47,693 - graph_builder.neo4j_connection - INFO - Neo4j connection closed
2026-02-13 17:11:47,693 - graph_builder.neo4j_connection - INFO - Neo4j connection closed
2026-02-13 17:11:47,693 - graph_builder.neo4j_connection - INFO - Neo4j connection closed
2026-02-13 17:11:47,693 - __main__ - INFO - Graph building process completed successfully
2026-02-13 17:24:55,591 - __main__ - INFO - ============================================================
2026-02-13 17:24:55,591 - __main__ - INFO - Neo4j Graph Builder
2026-02-13 17:24:55,591 - __main__ - INFO - ============================================================
2026-02-13 17:24:55,592 - __main__ - INFO - Using latest extraction folder: 20260213_164345
2026-02-13 17:24:55,593 - __main__ - INFO - Full path: C:\Users\sgade\OneDrive\Desktop\orbit_node\extracted_data\20260213_164345
2026-02-13 17:24:55,593 - __main__ - INFO - Found asset nodes file in latest extraction folder: C:\Users\sgade\OneDrive\Desktop\orbit_node\extracted_data\20260213_164345\asset_nodes.json
2026-02-13 17:24:55,594 - __main__ - INFO - Using latest extraction folder: 20260213_164345
2026-02-13 17:24:55,594 - __main__ - INFO - Full path: C:\Users\sgade\OneDrive\Desktop\orbit_node\extracted_data\20260213_164345
2026-02-13 17:24:55,594 - __main__ - INFO - Found host nodes file in latest extraction folder: C:\Users\sgade\OneDrive\Desktop\orbit_node\extracted_data\20260213_164345\host_nodes.json
2026-02-13 17:24:55,595 - __main__ - INFO - Using latest extraction folder: 20260213_164345
2026-02-13 17:24:55,595 - __main__ - INFO - Full path: C:\Users\sgade\OneDrive\Desktop\orbit_node\extracted_data\20260213_164345
2026-02-13 17:24:55,595 - __main__ - INFO - Found software nodes file in latest extraction folder: C:\Users\sgade\OneDrive\Desktop\orbit_node\extracted_data\20260213_164345\software_nodes.json
2026-02-13 17:24:55,596 - __main__ - INFO - Using latest extraction folder: 20260213_164345
2026-02-13 17:24:55,596 - __main__ - INFO - Full path: C:\Users\sgade\OneDrive\Desktop\orbit_node\extracted_data\20260213_164345
2026-02-13 17:24:55,596 - __main__ - INFO - Found vulnerability nodes file in latest extraction folder: C:\Users\sgade\OneDrive\Desktop\orbit_node\extracted_data\20260213_164345\vulnerability_nodes.json
2026-02-13 17:24:55,596 - __main__ - INFO - Using latest extraction folder: 20260213_164345
2026-02-13 17:24:55,596 - __main__ - INFO - Full path: C:\Users\sgade\OneDrive\Desktop\orbit_node\extracted_data\20260213_164345
2026-02-13 17:24:55,597 - __main__ - INFO - Found assetgroup nodes file in latest extraction folder: C:\Users\sgade\OneDrive\Desktop\orbit_node\extracted_data\20260213_164345\assetgroup_nodes.json
2026-02-13 17:24:55,597 - __main__ - INFO - Using latest extraction folder: 20260213_164345
2026-02-13 17:24:55,597 - __main__ - INFO - Full path: C:\Users\sgade\OneDrive\Desktop\orbit_node\extracted_data\20260213_164345
2026-02-13 17:24:55,597 - __main__ - INFO - Found hardware nodes file in latest extraction folder: C:\Users\sgade\OneDrive\Desktop\orbit_node\extracted_data\20260213_164345\hardware_nodes.json
2026-02-13 17:24:55,598 - __main__ - INFO - 
Initializing graph builder...
2026-02-13 17:24:55,600 - graph_builder.neo4j_connection - INFO - Loaded Neo4j configuration from C:\Users\sgade\OneDrive\Desktop\orbit_node\config\neo4j_config.yaml
2026-02-13 17:24:55,600 - graph_builder.neo4j_connection - INFO - Loaded Neo4j configuration from C:\Users\sgade\OneDrive\Desktop\orbit_node\config\neo4j_config.yaml
2026-02-13 17:24:55,600 - graph_builder.neo4j_connection - INFO - Loaded Neo4j configuration from C:\Users\sgade\OneDrive\Desktop\orbit_node\config\neo4j_config.yaml
2026-02-13 17:24:55,600 - graph_builder.neo4j_connection - INFO - Connecting to Neo4j at bolt://localhost:7687 with username: neo4j
2026-02-13 17:24:55,600 - graph_builder.neo4j_connection - INFO - Connecting to Neo4j at bolt://localhost:7687 with username: neo4j
2026-02-13 17:24:55,600 - graph_builder.neo4j_connection - INFO - Connecting to Neo4j at bolt://localhost:7687 with username: neo4j
2026-02-13 17:24:57,667 - graph_builder.neo4j_connection - INFO - Neo4j connection test successful
2026-02-13 17:24:57,667 - graph_builder.neo4j_connection - INFO - Neo4j connection test successful
2026-02-13 17:24:57,667 - graph_builder.neo4j_connection - INFO - Neo4j connection test successful
2026-02-13 17:24:57,667 - graph_builder.neo4j_connection - INFO - Successfully connected to Neo4j at bolt://localhost:7687
2026-02-13 17:24:57,667 - graph_builder.neo4j_connection - INFO - Successfully connected to Neo4j at bolt://localhost:7687
2026-02-13 17:24:57,667 - graph_builder.neo4j_connection - INFO - Successfully connected to Neo4j at bolt://localhost:7687
2026-02-13 17:24:57,709 - graph_builder.constraints_manager - INFO - Loaded graph configuration from C:\Users\sgade\OneDrive\Desktop\orbit_node\config\graph_config.yaml
2026-02-13 17:24:57,709 - graph_builder.constraints_manager - INFO - Loaded graph configuration from C:\Users\sgade\OneDrive\Desktop\orbit_node\config\graph_config.yaml
2026-02-13 17:24:57,709 - graph_builder.constraints_manager - INFO - Loaded graph configuration from C:\Users\sgade\OneDrive\Desktop\orbit_node\config\graph_config.yaml
2026-02-13 17:24:57,750 - graph_builder.relationship_manager - INFO - Loaded graph configuration from C:\Users\sgade\OneDrive\Desktop\orbit_node\config\graph_config.yaml
2026-02-13 17:24:57,750 - graph_builder.relationship_manager - INFO - Loaded graph configuration from C:\Users\sgade\OneDrive\Desktop\orbit_node\config\graph_config.yaml
2026-02-13 17:24:57,750 - graph_builder.relationship_manager - INFO - Loaded graph configuration from C:\Users\sgade\OneDrive\Desktop\orbit_node\config\graph_config.yaml
2026-02-13 17:24:57,755 - graph_builder.relationship_manager - INFO - Loaded paths configuration from C:\Users\sgade\OneDrive\Desktop\orbit_node\config\paths_config.yaml
2026-02-13 17:24:57,755 - graph_builder.relationship_manager - INFO - Loaded paths configuration from C:\Users\sgade\OneDrive\Desktop\orbit_node\config\paths_config.yaml
2026-02-13 17:24:57,755 - graph_builder.relationship_manager - INFO - Loaded paths configuration from C:\Users\sgade\OneDrive\Desktop\orbit_node\config\paths_config.yaml
2026-02-13 17:24:57,756 - graph_builder.relationship_manager - INFO - Looking for collected data in: C:\Users\sgade\OneDrive\Desktop\orbit_node\collected_data
2026-02-13 17:24:57,756 - graph_builder.relationship_manager - INFO - Looking for collected data in: C:\Users\sgade\OneDrive\Desktop\orbit_node\collected_data
2026-02-13 17:24:57,756 - graph_builder.relationship_manager - INFO - Looking for collected data in: C:\Users\sgade\OneDrive\Desktop\orbit_node\collected_data
2026-02-13 17:24:57,756 - graph_builder.relationship_manager - INFO - Using latest collected data directory: 20260210_201344
2026-02-13 17:24:57,756 - graph_builder.relationship_manager - INFO - Using latest collected data directory: 20260210_201344
2026-02-13 17:24:57,756 - graph_builder.relationship_manager - INFO - Using latest collected data directory: 20260210_201344
2026-02-13 17:24:57,757 - graph_builder.relationship_manager - INFO - Full path: C:\Users\sgade\OneDrive\Desktop\orbit_node\collected_data\20260210_201344
2026-02-13 17:24:57,757 - graph_builder.relationship_manager - INFO - Full path: C:\Users\sgade\OneDrive\Desktop\orbit_node\collected_data\20260210_201344
2026-02-13 17:24:57,757 - graph_builder.relationship_manager - INFO - Full path: C:\Users\sgade\OneDrive\Desktop\orbit_node\collected_data\20260210_201344
2026-02-13 17:24:57,757 - __main__ - INFO - 
Setting up constraints...
2026-02-13 17:24:57,757 - graph_builder.graph_builder - INFO - ============================================================
2026-02-13 17:24:57,757 - graph_builder.graph_builder - INFO - ============================================================
2026-02-13 17:24:57,757 - graph_builder.graph_builder - INFO - ============================================================
2026-02-13 17:24:57,757 - graph_builder.graph_builder - INFO - Setting up Neo4j constraints and indexes
2026-02-13 17:24:57,757 - graph_builder.graph_builder - INFO - Setting up Neo4j constraints and indexes
2026-02-13 17:24:57,757 - graph_builder.graph_builder - INFO - Setting up Neo4j constraints and indexes
2026-02-13 17:24:57,758 - graph_builder.graph_builder - INFO - ============================================================
2026-02-13 17:24:57,758 - graph_builder.graph_builder - INFO - ============================================================
2026-02-13 17:24:57,758 - graph_builder.graph_builder - INFO - ============================================================
2026-02-13 17:24:57,758 - graph_builder.constraints_manager - INFO - Creating constraints for node type: asset
2026-02-13 17:24:57,758 - graph_builder.constraints_manager - INFO - Creating constraints for node type: asset
2026-02-13 17:24:57,758 - graph_builder.constraints_manager - INFO - Creating constraints for node type: asset
2026-02-13 17:24:57,764 - graph_builder.constraints_manager - INFO - Created UNIQUE constraint 'unique_asset_id' on NJS_Asset(asset_id)
2026-02-13 17:24:57,764 - graph_builder.constraints_manager - INFO - Created UNIQUE constraint 'unique_asset_id' on NJS_Asset(asset_id)
2026-02-13 17:24:57,764 - graph_builder.constraints_manager - INFO - Created UNIQUE constraint 'unique_asset_id' on NJS_Asset(asset_id)
2026-02-13 17:24:57,765 - graph_builder.constraints_manager - INFO - Creating constraints for node type: host
2026-02-13 17:24:57,765 - graph_builder.constraints_manager - INFO - Creating constraints for node type: host
2026-02-13 17:24:57,765 - graph_builder.constraints_manager - INFO - Creating constraints for node type: host
2026-02-13 17:24:57,768 - graph_builder.constraints_manager - INFO - Created composite UNIQUE constraint 'unique_host_composite' on NJS_Host(agent_id, os_name)
2026-02-13 17:24:57,768 - graph_builder.constraints_manager - INFO - Created composite UNIQUE constraint 'unique_host_composite' on NJS_Host(agent_id, os_name)
2026-02-13 17:24:57,768 - graph_builder.constraints_manager - INFO - Created composite UNIQUE constraint 'unique_host_composite' on NJS_Host(agent_id, os_name)
2026-02-13 17:24:57,768 - graph_builder.constraints_manager - INFO - Creating constraints for node type: software
2026-02-13 17:24:57,768 - graph_builder.constraints_manager - INFO - Creating constraints for node type: software
2026-02-13 17:24:57,768 - graph_builder.constraints_manager - INFO - Creating constraints for node type: software
2026-02-13 17:24:57,771 - graph_builder.constraints_manager - INFO - Created UNIQUE constraint 'unique_software_name' on NJS_Software(name)
2026-02-13 17:24:57,771 - graph_builder.constraints_manager - INFO - Created UNIQUE constraint 'unique_software_name' on NJS_Software(name)
2026-02-13 17:24:57,771 - graph_builder.constraints_manager - INFO - Created UNIQUE constraint 'unique_software_name' on NJS_Software(name)
2026-02-13 17:24:57,771 - graph_builder.constraints_manager - INFO - Creating constraints for node type: vulnerability
2026-02-13 17:24:57,771 - graph_builder.constraints_manager - INFO - Creating constraints for node type: vulnerability
2026-02-13 17:24:57,771 - graph_builder.constraints_manager - INFO - Creating constraints for node type: vulnerability
2026-02-13 17:24:57,774 - graph_builder.constraints_manager - INFO - Created UNIQUE constraint 'unique_cve_id' on NJS_Vulnerability(cve_id)
2026-02-13 17:24:57,774 - graph_builder.constraints_manager - INFO - Created UNIQUE constraint 'unique_cve_id' on NJS_Vulnerability(cve_id)
2026-02-13 17:24:57,774 - graph_builder.constraints_manager - INFO - Created UNIQUE constraint 'unique_cve_id' on NJS_Vulnerability(cve_id)
2026-02-13 17:24:57,774 - graph_builder.constraints_manager - INFO - Creating constraints for node type: assetgroup
2026-02-13 17:24:57,774 - graph_builder.constraints_manager - INFO - Creating constraints for node type: assetgroup
2026-02-13 17:24:57,774 - graph_builder.constraints_manager - INFO - Creating constraints for node type: assetgroup
2026-02-13 17:24:57,776 - graph_builder.constraints_manager - INFO - Created UNIQUE constraint 'unique_assetgroup_name' on NJS_AssetGroup(name)
2026-02-13 17:24:57,776 - graph_builder.constraints_manager - INFO - Created UNIQUE constraint 'unique_assetgroup_name' on NJS_AssetGroup(name)
2026-02-13 17:24:57,776 - graph_builder.constraints_manager - INFO - Created UNIQUE constraint 'unique_assetgroup_name' on NJS_AssetGroup(name)
2026-02-13 17:24:57,777 - graph_builder.constraints_manager - INFO - Creating constraints for node type: hardware
2026-02-13 17:24:57,777 - graph_builder.constraints_manager - INFO - Creating constraints for node type: hardware
2026-02-13 17:24:57,777 - graph_builder.constraints_manager - INFO - Creating constraints for node type: hardware
2026-02-13 17:24:57,779 - graph_builder.constraints_manager - INFO - Created composite UNIQUE constraint 'unique_hardware_composite' on NJS_Hardware(agent_id, name)
2026-02-13 17:24:57,779 - graph_builder.constraints_manager - INFO - Created composite UNIQUE constraint 'unique_hardware_composite' on NJS_Hardware(agent_id, name)
2026-02-13 17:24:57,779 - graph_builder.constraints_manager - INFO - Created composite UNIQUE constraint 'unique_hardware_composite' on NJS_Hardware(agent_id, name)
2026-02-13 17:24:57,779 - graph_builder.constraints_manager - INFO - Creating constraints for node type: scanevent
2026-02-13 17:24:57,779 - graph_builder.constraints_manager - INFO - Creating constraints for node type: scanevent
2026-02-13 17:24:57,779 - graph_builder.constraints_manager - INFO - Creating constraints for node type: scanevent
2026-02-13 17:24:57,782 - graph_builder.constraints_manager - INFO - Created UNIQUE constraint 'unique_scanevent_id' on ScanEvent(event_id)
2026-02-13 17:24:57,782 - graph_builder.constraints_manager - INFO - Created UNIQUE constraint 'unique_scanevent_id' on ScanEvent(event_id)
2026-02-13 17:24:57,782 - graph_builder.constraints_manager - INFO - Created UNIQUE constraint 'unique_scanevent_id' on ScanEvent(event_id)
2026-02-13 17:24:57,783 - graph_builder.graph_builder - INFO - asset: 1/1 constraints created successfully
2026-02-13 17:24:57,783 - graph_builder.graph_builder - INFO - asset: 1/1 constraints created successfully
2026-02-13 17:24:57,783 - graph_builder.graph_builder - INFO - asset: 1/1 constraints created successfully
2026-02-13 17:24:57,783 - graph_builder.graph_builder - INFO - host: 1/1 constraints created successfully
2026-02-13 17:24:57,783 - graph_builder.graph_builder - INFO - host: 1/1 constraints created successfully
2026-02-13 17:24:57,783 - graph_builder.graph_builder - INFO - host: 1/1 constraints created successfully
2026-02-13 17:24:57,783 - graph_builder.graph_builder - INFO - software: 1/1 constraints created successfully
2026-02-13 17:24:57,783 - graph_builder.graph_builder - INFO - software: 1/1 constraints created successfully
2026-02-13 17:24:57,783 - graph_builder.graph_builder - INFO - software: 1/1 constraints created successfully
2026-02-13 17:24:57,784 - graph_builder.graph_builder - INFO - vulnerability: 1/1 constraints created successfully
2026-02-13 17:24:57,784 - graph_builder.graph_builder - INFO - vulnerability: 1/1 constraints created successfully
2026-02-13 17:24:57,784 - graph_builder.graph_builder - INFO - vulnerability: 1/1 constraints created successfully
2026-02-13 17:24:57,784 - graph_builder.graph_builder - INFO - assetgroup: 1/1 constraints created successfully
2026-02-13 17:24:57,784 - graph_builder.graph_builder - INFO - assetgroup: 1/1 constraints created successfully
2026-02-13 17:24:57,784 - graph_builder.graph_builder - INFO - assetgroup: 1/1 constraints created successfully
2026-02-13 17:24:57,784 - graph_builder.graph_builder - INFO - hardware: 1/1 constraints created successfully
2026-02-13 17:24:57,784 - graph_builder.graph_builder - INFO - hardware: 1/1 constraints created successfully
2026-02-13 17:24:57,784 - graph_builder.graph_builder - INFO - hardware: 1/1 constraints created successfully
2026-02-13 17:24:57,784 - graph_builder.graph_builder - INFO - scanevent: 1/1 constraints created successfully
2026-02-13 17:24:57,784 - graph_builder.graph_builder - INFO - scanevent: 1/1 constraints created successfully
2026-02-13 17:24:57,784 - graph_builder.graph_builder - INFO - scanevent: 1/1 constraints created successfully
2026-02-13 17:24:57,785 - __main__ - INFO - Constraints setup completed successfully
2026-02-13 17:24:57,785 - __main__ - INFO - 
============================================================
2026-02-13 17:24:57,785 - __main__ - INFO - Creating ScanEvent
2026-02-13 17:24:57,785 - __main__ - INFO - ============================================================
2026-02-13 17:24:57,835 - graph_builder.scanevent_manager - INFO - Created ScanEvent: NODE_N1_SCAN_00004_1770982043
2026-02-13 17:24:57,835 - graph_builder.scanevent_manager - INFO - Created ScanEvent: NODE_N1_SCAN_00004_1770982043
2026-02-13 17:24:57,835 - graph_builder.scanevent_manager - INFO - Created ScanEvent: NODE_N1_SCAN_00004_1770982043
2026-02-13 17:24:57,836 - graph_builder.scanevent_manager - INFO -   Description: STANDARD_BASELINE_LOAD
2026-02-13 17:24:57,836 - graph_builder.scanevent_manager - INFO -   Description: STANDARD_BASELINE_LOAD
2026-02-13 17:24:57,836 - graph_builder.scanevent_manager - INFO -   Description: STANDARD_BASELINE_LOAD
2026-02-13 17:24:57,836 - graph_builder.scanevent_manager - INFO -   Time: 2026-02-13T16:57:23.606436
2026-02-13 17:24:57,836 - graph_builder.scanevent_manager - INFO -   Time: 2026-02-13T16:57:23.606436
2026-02-13 17:24:57,836 - graph_builder.scanevent_manager - INFO -   Time: 2026-02-13T16:57:23.606436
2026-02-13 17:24:57,836 - graph_builder.scanevent_manager - INFO -   Status: Created
2026-02-13 17:24:57,836 - graph_builder.scanevent_manager - INFO -   Status: Created
2026-02-13 17:24:57,836 - graph_builder.scanevent_manager - INFO -   Status: Created
2026-02-13 17:24:57,836 - __main__ - INFO - ScanEvent created: NODE_N1_SCAN_00004_1770982043
2026-02-13 17:24:57,837 - __main__ - INFO - ============================================================
2026-02-13 17:24:57,837 - __main__ - INFO - 
Adding event_id (NODE_N1_SCAN_00004_1770982043) to all nodes...
2026-02-13 17:24:57,851 - __main__ - INFO - 
Inserting asset nodes...
2026-02-13 17:24:57,851 - graph_builder.graph_builder - INFO - ============================================================
2026-02-13 17:24:57,851 - graph_builder.graph_builder - INFO - ============================================================
2026-02-13 17:24:57,851 - graph_builder.graph_builder - INFO - ============================================================
2026-02-13 17:24:57,851 - graph_builder.graph_builder - INFO - Inserting ASSET nodes into Neo4j
2026-02-13 17:24:57,851 - graph_builder.graph_builder - INFO - Inserting ASSET nodes into Neo4j
2026-02-13 17:24:57,851 - graph_builder.graph_builder - INFO - Inserting ASSET nodes into Neo4j
2026-02-13 17:24:57,852 - graph_builder.graph_builder - INFO - ============================================================
2026-02-13 17:24:57,852 - graph_builder.graph_builder - INFO - ============================================================
2026-02-13 17:24:57,852 - graph_builder.graph_builder - INFO - ============================================================
2026-02-13 17:24:57,852 - graph_builder.node_inserter - INFO - Loading nodes from: C:\Users\sgade\OneDrive\Desktop\orbit_node\extracted_data\20260213_164345\asset_nodes_with_event_id.json
2026-02-13 17:24:57,852 - graph_builder.node_inserter - INFO - Loading nodes from: C:\Users\sgade\OneDrive\Desktop\orbit_node\extracted_data\20260213_164345\asset_nodes_with_event_id.json
2026-02-13 17:24:57,852 - graph_builder.node_inserter - INFO - Loading nodes from: C:\Users\sgade\OneDrive\Desktop\orbit_node\extracted_data\20260213_164345\asset_nodes_with_event_id.json
2026-02-13 17:24:57,852 - graph_builder.node_inserter - INFO - Loaded 5 nodes from JSON file
2026-02-13 17:24:57,852 - graph_builder.node_inserter - INFO - Loaded 5 nodes from JSON file
2026-02-13 17:24:57,852 - graph_builder.node_inserter - INFO - Loaded 5 nodes from JSON file
2026-02-13 17:24:57,854 - graph_builder.graph_builder - INFO - Existing NJS_Asset nodes in database: 5
2026-02-13 17:24:57,854 - graph_builder.graph_builder - INFO - Existing NJS_Asset nodes in database: 5
2026-02-13 17:24:57,854 - graph_builder.graph_builder - INFO - Existing NJS_Asset nodes in database: 5
2026-02-13 17:24:57,854 - graph_builder.node_inserter - INFO - Inserting 5 NJS_Asset nodes in batches of 100
2026-02-13 17:24:57,854 - graph_builder.node_inserter - INFO - Inserting 5 NJS_Asset nodes in batches of 100
2026-02-13 17:24:57,854 - graph_builder.node_inserter - INFO - Inserting 5 NJS_Asset nodes in batches of 100
2026-02-13 17:24:57,855 - graph_builder.node_inserter - INFO - Processing batch 1/1 (5 nodes)
2026-02-13 17:24:57,855 - graph_builder.node_inserter - INFO - Processing batch 1/1 (5 nodes)
2026-02-13 17:24:57,855 - graph_builder.node_inserter - INFO - Processing batch 1/1 (5 nodes)
2026-02-13 17:24:57,873 - graph_builder.node_inserter - INFO - Batch insertion complete: 5 succeeded, 0 failed
2026-02-13 17:24:57,873 - graph_builder.node_inserter - INFO - Batch insertion complete: 5 succeeded, 0 failed
2026-02-13 17:24:57,873 - graph_builder.node_inserter - INFO - Batch insertion complete: 5 succeeded, 0 failed
2026-02-13 17:24:57,875 - graph_builder.graph_builder - INFO - Total NJS_Asset nodes in database after insertion: 5
2026-02-13 17:24:57,875 - graph_builder.graph_builder - INFO - Total NJS_Asset nodes in database after insertion: 5
2026-02-13 17:24:57,875 - graph_builder.graph_builder - INFO - Total NJS_Asset nodes in database after insertion: 5
2026-02-13 17:24:57,875 - __main__ - INFO - 
Inserting host nodes...
2026-02-13 17:24:57,876 - graph_builder.graph_builder - INFO - ============================================================
2026-02-13 17:24:57,876 - graph_builder.graph_builder - INFO - ============================================================
2026-02-13 17:24:57,876 - graph_builder.graph_builder - INFO - ============================================================
2026-02-13 17:24:57,876 - graph_builder.graph_builder - INFO - Inserting HOST nodes into Neo4j
2026-02-13 17:24:57,876 - graph_builder.graph_builder - INFO - Inserting HOST nodes into Neo4j
2026-02-13 17:24:57,876 - graph_builder.graph_builder - INFO - Inserting HOST nodes into Neo4j
2026-02-13 17:24:57,876 - graph_builder.graph_builder - INFO - ============================================================
2026-02-13 17:24:57,876 - graph_builder.graph_builder - INFO - ============================================================
2026-02-13 17:24:57,876 - graph_builder.graph_builder - INFO - ============================================================
2026-02-13 17:24:57,876 - graph_builder.node_inserter - INFO - Loading nodes from: C:\Users\sgade\OneDrive\Desktop\orbit_node\extracted_data\20260213_164345\host_nodes_with_event_id.json
2026-02-13 17:24:57,876 - graph_builder.node_inserter - INFO - Loading nodes from: C:\Users\sgade\OneDrive\Desktop\orbit_node\extracted_data\20260213_164345\host_nodes_with_event_id.json
2026-02-13 17:24:57,876 - graph_builder.node_inserter - INFO - Loading nodes from: C:\Users\sgade\OneDrive\Desktop\orbit_node\extracted_data\20260213_164345\host_nodes_with_event_id.json
2026-02-13 17:24:57,877 - graph_builder.node_inserter - INFO - Loaded 5 nodes from JSON file
2026-02-13 17:24:57,877 - graph_builder.node_inserter - INFO - Loaded 5 nodes from JSON file
2026-02-13 17:24:57,877 - graph_builder.node_inserter - INFO - Loaded 5 nodes from JSON file
2026-02-13 17:24:57,878 - graph_builder.graph_builder - INFO - Existing NJS_Host nodes in database: 5
2026-02-13 17:24:57,878 - graph_builder.graph_builder - INFO - Existing NJS_Host nodes in database: 5
2026-02-13 17:24:57,878 - graph_builder.graph_builder - INFO - Existing NJS_Host nodes in database: 5
2026-02-13 17:24:57,879 - graph_builder.node_inserter - INFO - Inserting 5 NJS_Host nodes in batches of 100
2026-02-13 17:24:57,879 - graph_builder.node_inserter - INFO - Inserting 5 NJS_Host nodes in batches of 100
2026-02-13 17:24:57,879 - graph_builder.node_inserter - INFO - Inserting 5 NJS_Host nodes in batches of 100
2026-02-13 17:24:57,879 - graph_builder.node_inserter - INFO - Processing batch 1/1 (5 nodes)
2026-02-13 17:24:57,879 - graph_builder.node_inserter - INFO - Processing batch 1/1 (5 nodes)
2026-02-13 17:24:57,879 - graph_builder.node_inserter - INFO - Processing batch 1/1 (5 nodes)
2026-02-13 17:24:57,897 - graph_builder.node_inserter - INFO - Batch insertion complete: 5 succeeded, 0 failed
2026-02-13 17:24:57,897 - graph_builder.node_inserter - INFO - Batch insertion complete: 5 succeeded, 0 failed
2026-02-13 17:24:57,897 - graph_builder.node_inserter - INFO - Batch insertion complete: 5 succeeded, 0 failed
2026-02-13 17:24:57,899 - graph_builder.graph_builder - INFO - Total NJS_Host nodes in database after insertion: 5
2026-02-13 17:24:57,899 - graph_builder.graph_builder - INFO - Total NJS_Host nodes in database after insertion: 5
2026-02-13 17:24:57,899 - graph_builder.graph_builder - INFO - Total NJS_Host nodes in database after insertion: 5
2026-02-13 17:24:57,900 - __main__ - INFO - 
Inserting software nodes...
2026-02-13 17:24:57,900 - graph_builder.graph_builder - INFO - ============================================================
2026-02-13 17:24:57,900 - graph_builder.graph_builder - INFO - ============================================================
2026-02-13 17:24:57,900 - graph_builder.graph_builder - INFO - ============================================================
2026-02-13 17:24:57,900 - graph_builder.graph_builder - INFO - Inserting SOFTWARE nodes into Neo4j
2026-02-13 17:24:57,900 - graph_builder.graph_builder - INFO - Inserting SOFTWARE nodes into Neo4j
2026-02-13 17:24:57,900 - graph_builder.graph_builder - INFO - Inserting SOFTWARE nodes into Neo4j
2026-02-13 17:24:57,900 - graph_builder.graph_builder - INFO - ============================================================
2026-02-13 17:24:57,900 - graph_builder.graph_builder - INFO - ============================================================
2026-02-13 17:24:57,900 - graph_builder.graph_builder - INFO - ============================================================
2026-02-13 17:24:57,900 - graph_builder.node_inserter - INFO - Loading nodes from: C:\Users\sgade\OneDrive\Desktop\orbit_node\extracted_data\20260213_164345\software_nodes_with_event_id.json
2026-02-13 17:24:57,900 - graph_builder.node_inserter - INFO - Loading nodes from: C:\Users\sgade\OneDrive\Desktop\orbit_node\extracted_data\20260213_164345\software_nodes_with_event_id.json
2026-02-13 17:24:57,900 - graph_builder.node_inserter - INFO - Loading nodes from: C:\Users\sgade\OneDrive\Desktop\orbit_node\extracted_data\20260213_164345\software_nodes_with_event_id.json
2026-02-13 17:24:57,902 - graph_builder.node_inserter - INFO - Loaded 726 nodes from JSON file
2026-02-13 17:24:57,902 - graph_builder.node_inserter - INFO - Loaded 726 nodes from JSON file
2026-02-13 17:24:57,902 - graph_builder.node_inserter - INFO - Loaded 726 nodes from JSON file
2026-02-13 17:24:57,904 - graph_builder.graph_builder - INFO - Existing NJS_Software nodes in database: 583
2026-02-13 17:24:57,904 - graph_builder.graph_builder - INFO - Existing NJS_Software nodes in database: 583
2026-02-13 17:24:57,904 - graph_builder.graph_builder - INFO - Existing NJS_Software nodes in database: 583
2026-02-13 17:24:57,905 - graph_builder.node_inserter - INFO - Inserting 726 NJS_Software nodes in batches of 100
2026-02-13 17:24:57,905 - graph_builder.node_inserter - INFO - Inserting 726 NJS_Software nodes in batches of 100
2026-02-13 17:24:57,905 - graph_builder.node_inserter - INFO - Inserting 726 NJS_Software nodes in batches of 100
2026-02-13 17:24:57,905 - graph_builder.node_inserter - INFO - Processing batch 1/8 (100 nodes)
2026-02-13 17:24:57,905 - graph_builder.node_inserter - INFO - Processing batch 1/8 (100 nodes)
2026-02-13 17:24:57,905 - graph_builder.node_inserter - INFO - Processing batch 1/8 (100 nodes)
2026-02-13 17:24:58,193 - graph_builder.node_inserter - INFO - Processing batch 2/8 (100 nodes)
2026-02-13 17:24:58,193 - graph_builder.node_inserter - INFO - Processing batch 2/8 (100 nodes)
2026-02-13 17:24:58,193 - graph_builder.node_inserter - INFO - Processing batch 2/8 (100 nodes)
2026-02-13 17:24:58,510 - graph_builder.node_inserter - INFO - Processing batch 3/8 (100 nodes)
2026-02-13 17:24:58,510 - graph_builder.node_inserter - INFO - Processing batch 3/8 (100 nodes)
2026-02-13 17:24:58,510 - graph_builder.node_inserter - INFO - Processing batch 3/8 (100 nodes)
2026-02-13 17:24:58,807 - graph_builder.node_inserter - INFO - Processing batch 4/8 (100 nodes)
2026-02-13 17:24:58,807 - graph_builder.node_inserter - INFO - Processing batch 4/8 (100 nodes)
2026-02-13 17:24:58,807 - graph_builder.node_inserter - INFO - Processing batch 4/8 (100 nodes)
2026-02-13 17:24:59,137 - graph_builder.node_inserter - INFO - Processing batch 5/8 (100 nodes)
2026-02-13 17:24:59,137 - graph_builder.node_inserter - INFO - Processing batch 5/8 (100 nodes)
2026-02-13 17:24:59,137 - graph_builder.node_inserter - INFO - Processing batch 5/8 (100 nodes)
2026-02-13 17:24:59,392 - graph_builder.node_inserter - INFO - Processing batch 6/8 (100 nodes)
2026-02-13 17:24:59,392 - graph_builder.node_inserter - INFO - Processing batch 6/8 (100 nodes)
2026-02-13 17:24:59,392 - graph_builder.node_inserter - INFO - Processing batch 6/8 (100 nodes)
2026-02-13 17:24:59,637 - graph_builder.node_inserter - INFO - Processing batch 7/8 (100 nodes)
2026-02-13 17:24:59,637 - graph_builder.node_inserter - INFO - Processing batch 7/8 (100 nodes)
2026-02-13 17:24:59,637 - graph_builder.node_inserter - INFO - Processing batch 7/8 (100 nodes)
2026-02-13 17:24:59,879 - graph_builder.node_inserter - INFO - Processing batch 8/8 (26 nodes)
2026-02-13 17:24:59,879 - graph_builder.node_inserter - INFO - Processing batch 8/8 (26 nodes)
2026-02-13 17:24:59,879 - graph_builder.node_inserter - INFO - Processing batch 8/8 (26 nodes)
2026-02-13 17:24:59,949 - graph_builder.node_inserter - INFO - Batch insertion complete: 726 succeeded, 0 failed
2026-02-13 17:24:59,949 - graph_builder.node_inserter - INFO - Batch insertion complete: 726 succeeded, 0 failed
2026-02-13 17:24:59,949 - graph_builder.node_inserter - INFO - Batch insertion complete: 726 succeeded, 0 failed
2026-02-13 17:24:59,951 - graph_builder.graph_builder - INFO - Total NJS_Software nodes in database after insertion: 583
2026-02-13 17:24:59,951 - graph_builder.graph_builder - INFO - Total NJS_Software nodes in database after insertion: 583
2026-02-13 17:24:59,951 - graph_builder.graph_builder - INFO - Total NJS_Software nodes in database after insertion: 583
2026-02-13 17:24:59,952 - __main__ - INFO - 
Inserting vulnerability nodes...
2026-02-13 17:24:59,952 - graph_builder.graph_builder - INFO - ============================================================
2026-02-13 17:24:59,952 - graph_builder.graph_builder - INFO - ============================================================
2026-02-13 17:24:59,952 - graph_builder.graph_builder - INFO - ============================================================
2026-02-13 17:24:59,952 - graph_builder.graph_builder - INFO - Inserting VULNERABILITY nodes into Neo4j
2026-02-13 17:24:59,952 - graph_builder.graph_builder - INFO - Inserting VULNERABILITY nodes into Neo4j
2026-02-13 17:24:59,952 - graph_builder.graph_builder - INFO - Inserting VULNERABILITY nodes into Neo4j
2026-02-13 17:24:59,952 - graph_builder.graph_builder - INFO - ============================================================
2026-02-13 17:24:59,952 - graph_builder.graph_builder - INFO - ============================================================
2026-02-13 17:24:59,952 - graph_builder.graph_builder - INFO - ============================================================
2026-02-13 17:24:59,952 - graph_builder.node_inserter - INFO - Loading nodes from: C:\Users\sgade\OneDrive\Desktop\orbit_node\extracted_data\20260213_164345\vulnerability_nodes_with_event_id.json
2026-02-13 17:24:59,952 - graph_builder.node_inserter - INFO - Loading nodes from: C:\Users\sgade\OneDrive\Desktop\orbit_node\extracted_data\20260213_164345\vulnerability_nodes_with_event_id.json
2026-02-13 17:24:59,952 - graph_builder.node_inserter - INFO - Loading nodes from: C:\Users\sgade\OneDrive\Desktop\orbit_node\extracted_data\20260213_164345\vulnerability_nodes_with_event_id.json
2026-02-13 17:24:59,953 - graph_builder.node_inserter - INFO - Loaded 53 nodes from JSON file
2026-02-13 17:24:59,953 - graph_builder.node_inserter - INFO - Loaded 53 nodes from JSON file
2026-02-13 17:24:59,953 - graph_builder.node_inserter - INFO - Loaded 53 nodes from JSON file
2026-02-13 17:24:59,955 - graph_builder.graph_builder - INFO - Existing NJS_Vulnerability nodes in database: 40
2026-02-13 17:24:59,955 - graph_builder.graph_builder - INFO - Existing NJS_Vulnerability nodes in database: 40
2026-02-13 17:24:59,955 - graph_builder.graph_builder - INFO - Existing NJS_Vulnerability nodes in database: 40
2026-02-13 17:24:59,955 - graph_builder.node_inserter - INFO - Inserting 53 NJS_Vulnerability nodes in batches of 100
2026-02-13 17:24:59,955 - graph_builder.node_inserter - INFO - Inserting 53 NJS_Vulnerability nodes in batches of 100
2026-02-13 17:24:59,955 - graph_builder.node_inserter - INFO - Inserting 53 NJS_Vulnerability nodes in batches of 100
2026-02-13 17:24:59,955 - graph_builder.node_inserter - INFO - Processing batch 1/1 (53 nodes)
2026-02-13 17:24:59,955 - graph_builder.node_inserter - INFO - Processing batch 1/1 (53 nodes)
2026-02-13 17:24:59,955 - graph_builder.node_inserter - INFO - Processing batch 1/1 (53 nodes)
2026-02-13 17:25:00,110 - graph_builder.node_inserter - INFO - Batch insertion complete: 53 succeeded, 0 failed
2026-02-13 17:25:00,110 - graph_builder.node_inserter - INFO - Batch insertion complete: 53 succeeded, 0 failed
2026-02-13 17:25:00,110 - graph_builder.node_inserter - INFO - Batch insertion complete: 53 succeeded, 0 failed
2026-02-13 17:25:00,112 - graph_builder.graph_builder - INFO - Total NJS_Vulnerability nodes in database after insertion: 40
2026-02-13 17:25:00,112 - graph_builder.graph_builder - INFO - Total NJS_Vulnerability nodes in database after insertion: 40
2026-02-13 17:25:00,112 - graph_builder.graph_builder - INFO - Total NJS_Vulnerability nodes in database after insertion: 40
2026-02-13 17:25:00,112 - __main__ - INFO - 
Inserting assetgroup nodes...
2026-02-13 17:25:00,113 - graph_builder.graph_builder - INFO - ============================================================
2026-02-13 17:25:00,113 - graph_builder.graph_builder - INFO - ============================================================
2026-02-13 17:25:00,113 - graph_builder.graph_builder - INFO - ============================================================
2026-02-13 17:25:00,113 - graph_builder.graph_builder - INFO - Inserting ASSETGROUP nodes into Neo4j
2026-02-13 17:25:00,113 - graph_builder.graph_builder - INFO - Inserting ASSETGROUP nodes into Neo4j
2026-02-13 17:25:00,113 - graph_builder.graph_builder - INFO - Inserting ASSETGROUP nodes into Neo4j
2026-02-13 17:25:00,113 - graph_builder.graph_builder - INFO - ============================================================
2026-02-13 17:25:00,113 - graph_builder.graph_builder - INFO - ============================================================
2026-02-13 17:25:00,113 - graph_builder.graph_builder - INFO - ============================================================
2026-02-13 17:25:00,114 - graph_builder.node_inserter - INFO - Loading nodes from: C:\Users\sgade\OneDrive\Desktop\orbit_node\extracted_data\20260213_164345\assetgroup_nodes_with_event_id.json
2026-02-13 17:25:00,114 - graph_builder.node_inserter - INFO - Loading nodes from: C:\Users\sgade\OneDrive\Desktop\orbit_node\extracted_data\20260213_164345\assetgroup_nodes_with_event_id.json
2026-02-13 17:25:00,114 - graph_builder.node_inserter - INFO - Loading nodes from: C:\Users\sgade\OneDrive\Desktop\orbit_node\extracted_data\20260213_164345\assetgroup_nodes_with_event_id.json
2026-02-13 17:25:00,114 - graph_builder.node_inserter - INFO - Loaded 1 nodes from JSON file
2026-02-13 17:25:00,114 - graph_builder.node_inserter - INFO - Loaded 1 nodes from JSON file
2026-02-13 17:25:00,114 - graph_builder.node_inserter - INFO - Loaded 1 nodes from JSON file
2026-02-13 17:25:00,116 - graph_builder.graph_builder - INFO - Existing NJS_AssetGroup nodes in database: 1
2026-02-13 17:25:00,116 - graph_builder.graph_builder - INFO - Existing NJS_AssetGroup nodes in database: 1
2026-02-13 17:25:00,116 - graph_builder.graph_builder - INFO - Existing NJS_AssetGroup nodes in database: 1
2026-02-13 17:25:00,116 - graph_builder.node_inserter - INFO - Inserting 1 NJS_AssetGroup nodes in batches of 100
2026-02-13 17:25:00,116 - graph_builder.node_inserter - INFO - Inserting 1 NJS_AssetGroup nodes in batches of 100
2026-02-13 17:25:00,116 - graph_builder.node_inserter - INFO - Inserting 1 NJS_AssetGroup nodes in batches of 100
2026-02-13 17:25:00,116 - graph_builder.node_inserter - INFO - Processing batch 1/1 (1 nodes)
2026-02-13 17:25:00,116 - graph_builder.node_inserter - INFO - Processing batch 1/1 (1 nodes)
2026-02-13 17:25:00,116 - graph_builder.node_inserter - INFO - Processing batch 1/1 (1 nodes)
2026-02-13 17:25:00,120 - graph_builder.node_inserter - INFO - Batch insertion complete: 1 succeeded, 0 failed
2026-02-13 17:25:00,120 - graph_builder.node_inserter - INFO - Batch insertion complete: 1 succeeded, 0 failed
2026-02-13 17:25:00,120 - graph_builder.node_inserter - INFO - Batch insertion complete: 1 succeeded, 0 failed
2026-02-13 17:25:00,121 - graph_builder.graph_builder - INFO - Total NJS_AssetGroup nodes in database after insertion: 1
2026-02-13 17:25:00,121 - graph_builder.graph_builder - INFO - Total NJS_AssetGroup nodes in database after insertion: 1
2026-02-13 17:25:00,121 - graph_builder.graph_builder - INFO - Total NJS_AssetGroup nodes in database after insertion: 1
2026-02-13 17:25:00,121 - __main__ - INFO - 
Inserting hardware nodes...
2026-02-13 17:25:00,122 - graph_builder.graph_builder - INFO - ============================================================
2026-02-13 17:25:00,122 - graph_builder.graph_builder - INFO - ============================================================
2026-02-13 17:25:00,122 - graph_builder.graph_builder - INFO - ============================================================
2026-02-13 17:25:00,122 - graph_builder.graph_builder - INFO - Inserting HARDWARE nodes into Neo4j
2026-02-13 17:25:00,122 - graph_builder.graph_builder - INFO - Inserting HARDWARE nodes into Neo4j
2026-02-13 17:25:00,122 - graph_builder.graph_builder - INFO - Inserting HARDWARE nodes into Neo4j
2026-02-13 17:25:00,122 - graph_builder.graph_builder - INFO - ============================================================
2026-02-13 17:25:00,122 - graph_builder.graph_builder - INFO - ============================================================
2026-02-13 17:25:00,122 - graph_builder.graph_builder - INFO - ============================================================
2026-02-13 17:25:00,122 - graph_builder.node_inserter - INFO - Loading nodes from: C:\Users\sgade\OneDrive\Desktop\orbit_node\extracted_data\20260213_164345\hardware_nodes_with_event_id.json
2026-02-13 17:25:00,122 - graph_builder.node_inserter - INFO - Loading nodes from: C:\Users\sgade\OneDrive\Desktop\orbit_node\extracted_data\20260213_164345\hardware_nodes_with_event_id.json
2026-02-13 17:25:00,122 - graph_builder.node_inserter - INFO - Loading nodes from: C:\Users\sgade\OneDrive\Desktop\orbit_node\extracted_data\20260213_164345\hardware_nodes_with_event_id.json
2026-02-13 17:25:00,123 - graph_builder.node_inserter - INFO - Loaded 5 nodes from JSON file
2026-02-13 17:25:00,123 - graph_builder.node_inserter - INFO - Loaded 5 nodes from JSON file
2026-02-13 17:25:00,123 - graph_builder.node_inserter - INFO - Loaded 5 nodes from JSON file
2026-02-13 17:25:00,124 - graph_builder.graph_builder - INFO - Existing NJS_Hardware nodes in database: 5
2026-02-13 17:25:00,124 - graph_builder.graph_builder - INFO - Existing NJS_Hardware nodes in database: 5
2026-02-13 17:25:00,124 - graph_builder.graph_builder - INFO - Existing NJS_Hardware nodes in database: 5
2026-02-13 17:25:00,124 - graph_builder.node_inserter - INFO - Inserting 5 NJS_Hardware nodes in batches of 100
2026-02-13 17:25:00,124 - graph_builder.node_inserter - INFO - Inserting 5 NJS_Hardware nodes in batches of 100
2026-02-13 17:25:00,124 - graph_builder.node_inserter - INFO - Inserting 5 NJS_Hardware nodes in batches of 100
2026-02-13 17:25:00,125 - graph_builder.node_inserter - INFO - Processing batch 1/1 (5 nodes)
2026-02-13 17:25:00,125 - graph_builder.node_inserter - INFO - Processing batch 1/1 (5 nodes)
2026-02-13 17:25:00,125 - graph_builder.node_inserter - INFO - Processing batch 1/1 (5 nodes)
2026-02-13 17:25:00,140 - graph_builder.node_inserter - INFO - Batch insertion complete: 5 succeeded, 0 failed
2026-02-13 17:25:00,140 - graph_builder.node_inserter - INFO - Batch insertion complete: 5 succeeded, 0 failed
2026-02-13 17:25:00,140 - graph_builder.node_inserter - INFO - Batch insertion complete: 5 succeeded, 0 failed
2026-02-13 17:25:00,142 - graph_builder.graph_builder - INFO - Total NJS_Hardware nodes in database after insertion: 5
2026-02-13 17:25:00,142 - graph_builder.graph_builder - INFO - Total NJS_Hardware nodes in database after insertion: 5
2026-02-13 17:25:00,142 - graph_builder.graph_builder - INFO - Total NJS_Hardware nodes in database after insertion: 5
2026-02-13 17:25:00,142 - __main__ - INFO - 
============================================================
2026-02-13 17:25:00,142 - __main__ - INFO - CREATING RELATIONSHIPS
2026-02-13 17:25:00,142 - __main__ - INFO - ============================================================
2026-02-13 17:25:00,142 - __main__ - INFO - Starting relationship creation process...
2026-02-13 17:25:00,143 - graph_builder.graph_builder - INFO - ============================================================
2026-02-13 17:25:00,143 - graph_builder.graph_builder - INFO - ============================================================
2026-02-13 17:25:00,143 - graph_builder.graph_builder - INFO - ============================================================
2026-02-13 17:25:00,143 - graph_builder.graph_builder - INFO - Creating Relationships
2026-02-13 17:25:00,143 - graph_builder.graph_builder - INFO - Creating Relationships
2026-02-13 17:25:00,143 - graph_builder.graph_builder - INFO - Creating Relationships
2026-02-13 17:25:00,143 - graph_builder.graph_builder - INFO - ============================================================
2026-02-13 17:25:00,143 - graph_builder.graph_builder - INFO - ============================================================
2026-02-13 17:25:00,143 - graph_builder.graph_builder - INFO - ============================================================
2026-02-13 17:25:00,143 - graph_builder.relationship_manager - INFO - ============================================================
2026-02-13 17:25:00,143 - graph_builder.relationship_manager - INFO - ============================================================
2026-02-13 17:25:00,143 - graph_builder.relationship_manager - INFO - ============================================================
2026-02-13 17:25:00,144 - graph_builder.relationship_manager - INFO - Starting relationship creation from config
2026-02-13 17:25:00,144 - graph_builder.relationship_manager - INFO - Starting relationship creation from config
2026-02-13 17:25:00,144 - graph_builder.relationship_manager - INFO - Starting relationship creation from config
2026-02-13 17:25:00,144 - graph_builder.relationship_manager - INFO - ============================================================
2026-02-13 17:25:00,144 - graph_builder.relationship_manager - INFO - ============================================================
2026-02-13 17:25:00,144 - graph_builder.relationship_manager - INFO - ============================================================
2026-02-13 17:25:00,144 - graph_builder.relationship_manager - INFO - Found 7 relationship definitions in config
2026-02-13 17:25:00,144 - graph_builder.relationship_manager - INFO - Found 7 relationship definitions in config
2026-02-13 17:25:00,144 - graph_builder.relationship_manager - INFO - Found 7 relationship definitions in config
2026-02-13 17:25:00,144 - graph_builder.relationship_manager - INFO - Creating relationship 'asset_to_host': NJS_Asset-[:NJS_HAS_OS]->NJS_Host
2026-02-13 17:25:00,144 - graph_builder.relationship_manager - INFO - Creating relationship 'asset_to_host': NJS_Asset-[:NJS_HAS_OS]->NJS_Host
2026-02-13 17:25:00,144 - graph_builder.relationship_manager - INFO - Creating relationship 'asset_to_host': NJS_Asset-[:NJS_HAS_OS]->NJS_Host
2026-02-13 17:25:00,144 - graph_builder.relationship_manager - INFO - Querying NJS_Asset nodes for asset_id values...
2026-02-13 17:25:00,144 - graph_builder.relationship_manager - INFO - Querying NJS_Asset nodes for asset_id values...
2026-02-13 17:25:00,144 - graph_builder.relationship_manager - INFO - Querying NJS_Asset nodes for asset_id values...
2026-02-13 17:25:00,146 - graph_builder.relationship_manager - INFO - Found 5 asset_id values from NJS_Asset nodes
2026-02-13 17:25:00,146 - graph_builder.relationship_manager - INFO - Found 5 asset_id values from NJS_Asset nodes
2026-02-13 17:25:00,146 - graph_builder.relationship_manager - INFO - Found 5 asset_id values from NJS_Asset nodes
2026-02-13 17:25:00,146 - graph_builder.relationship_manager - INFO - Loading source data from: C:\Users\sgade\OneDrive\Desktop\orbit_node\collected_data\20260210_201344\host
2026-02-13 17:25:00,146 - graph_builder.relationship_manager - INFO - Loading source data from: C:\Users\sgade\OneDrive\Desktop\orbit_node\collected_data\20260210_201344\host
2026-02-13 17:25:00,146 - graph_builder.relationship_manager - INFO - Loading source data from: C:\Users\sgade\OneDrive\Desktop\orbit_node\collected_data\20260210_201344\host
2026-02-13 17:25:00,147 - graph_builder.relationship_manager - INFO - Source file pattern: Syscollector_OS_Info_{agent_id}.json
2026-02-13 17:25:00,147 - graph_builder.relationship_manager - INFO - Source file pattern: Syscollector_OS_Info_{agent_id}.json
2026-02-13 17:25:00,147 - graph_builder.relationship_manager - INFO - Source file pattern: Syscollector_OS_Info_{agent_id}.json
2026-02-13 17:25:00,147 - graph_builder.relationship_manager - INFO - Agent IDs: ['000', '001', '002', '003', '004']
2026-02-13 17:25:00,147 - graph_builder.relationship_manager - INFO - Agent IDs: ['000', '001', '002', '003', '004']
2026-02-13 17:25:00,147 - graph_builder.relationship_manager - INFO - Agent IDs: ['000', '001', '002', '003', '004']
2026-02-13 17:25:00,149 - graph_builder.relationship_manager - INFO - Loaded 5 items from source data
2026-02-13 17:25:00,149 - graph_builder.relationship_manager - INFO - Loaded 5 items from source data
2026-02-13 17:25:00,149 - graph_builder.relationship_manager - INFO - Loaded 5 items from source data
2026-02-13 17:25:00,149 - graph_builder.relationship_manager - INFO - Sample source item keys: ['os', 'scan', 'architecture', 'release', 'sysname', 'hostname', 'version', 'agent_id', '_agent_id']
2026-02-13 17:25:00,149 - graph_builder.relationship_manager - INFO - Sample source item keys: ['os', 'scan', 'architecture', 'release', 'sysname', 'hostname', 'version', 'agent_id', '_agent_id']
2026-02-13 17:25:00,149 - graph_builder.relationship_manager - INFO - Sample source item keys: ['os', 'scan', 'architecture', 'release', 'sysname', 'hostname', 'version', 'agent_id', '_agent_id']
2026-02-13 17:25:00,149 - graph_builder.relationship_manager - INFO - Prepared 5 relationships to create from source data
2026-02-13 17:25:00,149 - graph_builder.relationship_manager - INFO - Prepared 5 relationships to create from source data
2026-02-13 17:25:00,149 - graph_builder.relationship_manager - INFO - Prepared 5 relationships to create from source data
2026-02-13 17:25:00,149 - graph_builder.relationship_manager - INFO - Creating 5 relationships using source data
2026-02-13 17:25:00,149 - graph_builder.relationship_manager - INFO - Creating 5 relationships using source data
2026-02-13 17:25:00,149 - graph_builder.relationship_manager - INFO - Creating 5 relationships using source data
2026-02-13 17:25:00,149 - graph_builder.relationship_manager - INFO - Executing relationship creation query
2026-02-13 17:25:00,149 - graph_builder.relationship_manager - INFO - Executing relationship creation query
2026-02-13 17:25:00,149 - graph_builder.relationship_manager - INFO - Executing relationship creation query
2026-02-13 17:25:00,296 - graph_builder.relationship_manager - INFO - Query result: [{'count': 11}]
2026-02-13 17:25:00,296 - graph_builder.relationship_manager - INFO - Query result: [{'count': 11}]
2026-02-13 17:25:00,296 - graph_builder.relationship_manager - INFO - Query result: [{'count': 11}]
2026-02-13 17:25:00,297 - graph_builder.relationship_manager - INFO - Created 11 NJS_HAS_OS relationships from NJS_Asset to NJS_Host using source data
2026-02-13 17:25:00,297 - graph_builder.relationship_manager - INFO - Created 11 NJS_HAS_OS relationships from NJS_Asset to NJS_Host using source data
2026-02-13 17:25:00,297 - graph_builder.relationship_manager - INFO - Created 11 NJS_HAS_OS relationships from NJS_Asset to NJS_Host using source data
2026-02-13 17:25:00,297 - graph_builder.relationship_manager - INFO - Relationship 'asset_to_host' result: {'success': 11, 'failed': 0, 'total': 11}
2026-02-13 17:25:00,297 - graph_builder.relationship_manager - INFO - Relationship 'asset_to_host' result: {'success': 11, 'failed': 0, 'total': 11}
2026-02-13 17:25:00,297 - graph_builder.relationship_manager - INFO - Relationship 'asset_to_host' result: {'success': 11, 'failed': 0, 'total': 11}
2026-02-13 17:25:00,297 - graph_builder.relationship_manager - INFO - Creating relationship 'host_to_software': NJS_Host-[:NJS_INSTALLED_ON]->NJS_Software
2026-02-13 17:25:00,297 - graph_builder.relationship_manager - INFO - Creating relationship 'host_to_software': NJS_Host-[:NJS_INSTALLED_ON]->NJS_Software
2026-02-13 17:25:00,297 - graph_builder.relationship_manager - INFO - Creating relationship 'host_to_software': NJS_Host-[:NJS_INSTALLED_ON]->NJS_Software
2026-02-13 17:25:00,297 - graph_builder.relationship_manager - INFO - Querying NJS_Host nodes for agent_id values...
2026-02-13 17:25:00,297 - graph_builder.relationship_manager - INFO - Querying NJS_Host nodes for agent_id values...
2026-02-13 17:25:00,297 - graph_builder.relationship_manager - INFO - Querying NJS_Host nodes for agent_id values...
2026-02-13 17:25:00,300 - graph_builder.relationship_manager - INFO - Found 5 agent_id values from NJS_Host nodes
2026-02-13 17:25:00,300 - graph_builder.relationship_manager - INFO - Found 5 agent_id values from NJS_Host nodes
2026-02-13 17:25:00,300 - graph_builder.relationship_manager - INFO - Found 5 agent_id values from NJS_Host nodes
2026-02-13 17:25:00,301 - graph_builder.relationship_manager - INFO - Loading source data from: C:\Users\sgade\OneDrive\Desktop\orbit_node\collected_data\20260210_201344\packages
2026-02-13 17:25:00,301 - graph_builder.relationship_manager - INFO - Loading source data from: C:\Users\sgade\OneDrive\Desktop\orbit_node\collected_data\20260210_201344\packages
2026-02-13 17:25:00,301 - graph_builder.relationship_manager - INFO - Loading source data from: C:\Users\sgade\OneDrive\Desktop\orbit_node\collected_data\20260210_201344\packages
2026-02-13 17:25:00,301 - graph_builder.relationship_manager - INFO - Source file pattern: Syscollector_Packages_{agent_id}.json
2026-02-13 17:25:00,301 - graph_builder.relationship_manager - INFO - Source file pattern: Syscollector_Packages_{agent_id}.json
2026-02-13 17:25:00,301 - graph_builder.relationship_manager - INFO - Source file pattern: Syscollector_Packages_{agent_id}.json
2026-02-13 17:25:00,301 - graph_builder.relationship_manager - INFO - Agent IDs: ['000', '001', '002', '003', '004']
2026-02-13 17:25:00,301 - graph_builder.relationship_manager - INFO - Agent IDs: ['000', '001', '002', '003', '004']
2026-02-13 17:25:00,301 - graph_builder.relationship_manager - INFO - Agent IDs: ['000', '001', '002', '003', '004']
2026-02-13 17:25:00,307 - graph_builder.relationship_manager - INFO - Loaded 726 items from source data
2026-02-13 17:25:00,307 - graph_builder.relationship_manager - INFO - Loaded 726 items from source data
2026-02-13 17:25:00,307 - graph_builder.relationship_manager - INFO - Loaded 726 items from source data
2026-02-13 17:25:00,308 - graph_builder.relationship_manager - INFO - Sample source item keys: ['scan', 'name', 'vendor', 'location', 'source', 'format', 'section', 'size', 'description', 'install_time']
2026-02-13 17:25:00,308 - graph_builder.relationship_manager - INFO - Sample source item keys: ['scan', 'name', 'vendor', 'location', 'source', 'format', 'section', 'size', 'description', 'install_time']
2026-02-13 17:25:00,308 - graph_builder.relationship_manager - INFO - Sample source item keys: ['scan', 'name', 'vendor', 'location', 'source', 'format', 'section', 'size', 'description', 'install_time']
2026-02-13 17:25:00,308 - graph_builder.relationship_manager - INFO - Prepared 726 relationships to create from source data
2026-02-13 17:25:00,308 - graph_builder.relationship_manager - INFO - Prepared 726 relationships to create from source data
2026-02-13 17:25:00,308 - graph_builder.relationship_manager - INFO - Prepared 726 relationships to create from source data
2026-02-13 17:25:00,309 - graph_builder.relationship_manager - INFO - Creating 726 relationships using source data
2026-02-13 17:25:00,309 - graph_builder.relationship_manager - INFO - Creating 726 relationships using source data
2026-02-13 17:25:00,309 - graph_builder.relationship_manager - INFO - Creating 726 relationships using source data
2026-02-13 17:25:00,309 - graph_builder.relationship_manager - INFO - Executing relationship creation query
2026-02-13 17:25:00,309 - graph_builder.relationship_manager - INFO - Executing relationship creation query
2026-02-13 17:25:00,309 - graph_builder.relationship_manager - INFO - Executing relationship creation query
2026-02-13 17:25:00,618 - graph_builder.relationship_manager - INFO - Query result: [{'count': 726}]
2026-02-13 17:25:00,618 - graph_builder.relationship_manager - INFO - Query result: [{'count': 726}]
2026-02-13 17:25:00,618 - graph_builder.relationship_manager - INFO - Query result: [{'count': 726}]
2026-02-13 17:25:00,619 - graph_builder.relationship_manager - INFO - Created 726 NJS_INSTALLED_ON relationships from NJS_Host to NJS_Software using source data
2026-02-13 17:25:00,619 - graph_builder.relationship_manager - INFO - Created 726 NJS_INSTALLED_ON relationships from NJS_Host to NJS_Software using source data
2026-02-13 17:25:00,619 - graph_builder.relationship_manager - INFO - Created 726 NJS_INSTALLED_ON relationships from NJS_Host to NJS_Software using source data
2026-02-13 17:25:00,620 - graph_builder.relationship_manager - INFO - Relationship 'host_to_software' result: {'success': 726, 'failed': 0, 'total': 726}
2026-02-13 17:25:00,620 - graph_builder.relationship_manager - INFO - Relationship 'host_to_software' result: {'success': 726, 'failed': 0, 'total': 726}
2026-02-13 17:25:00,620 - graph_builder.relationship_manager - INFO - Relationship 'host_to_software' result: {'success': 726, 'failed': 0, 'total': 726}
2026-02-13 17:25:00,620 - graph_builder.relationship_manager - INFO - Creating relationship 'asset_to_software': NJS_Asset-[:NJS_HAS_SOFTWARE]->NJS_Software
2026-02-13 17:25:00,620 - graph_builder.relationship_manager - INFO - Creating relationship 'asset_to_software': NJS_Asset-[:NJS_HAS_SOFTWARE]->NJS_Software
2026-02-13 17:25:00,620 - graph_builder.relationship_manager - INFO - Creating relationship 'asset_to_software': NJS_Asset-[:NJS_HAS_SOFTWARE]->NJS_Software
2026-02-13 17:25:00,620 - graph_builder.relationship_manager - INFO - Querying NJS_Asset nodes for asset_id values...
2026-02-13 17:25:00,620 - graph_builder.relationship_manager - INFO - Querying NJS_Asset nodes for asset_id values...
2026-02-13 17:25:00,620 - graph_builder.relationship_manager - INFO - Querying NJS_Asset nodes for asset_id values...
2026-02-13 17:25:00,623 - graph_builder.relationship_manager - INFO - Found 5 asset_id values from NJS_Asset nodes
2026-02-13 17:25:00,623 - graph_builder.relationship_manager - INFO - Found 5 asset_id values from NJS_Asset nodes
2026-02-13 17:25:00,623 - graph_builder.relationship_manager - INFO - Found 5 asset_id values from NJS_Asset nodes
2026-02-13 17:25:00,623 - graph_builder.relationship_manager - INFO - Loading source data from: C:\Users\sgade\OneDrive\Desktop\orbit_node\collected_data\20260210_201344\packages
2026-02-13 17:25:00,623 - graph_builder.relationship_manager - INFO - Loading source data from: C:\Users\sgade\OneDrive\Desktop\orbit_node\collected_data\20260210_201344\packages
2026-02-13 17:25:00,623 - graph_builder.relationship_manager - INFO - Loading source data from: C:\Users\sgade\OneDrive\Desktop\orbit_node\collected_data\20260210_201344\packages
2026-02-13 17:25:00,623 - graph_builder.relationship_manager - INFO - Source file pattern: Syscollector_Packages_{agent_id}.json
2026-02-13 17:25:00,623 - graph_builder.relationship_manager - INFO - Source file pattern: Syscollector_Packages_{agent_id}.json
2026-02-13 17:25:00,623 - graph_builder.relationship_manager - INFO - Source file pattern: Syscollector_Packages_{agent_id}.json
2026-02-13 17:25:00,624 - graph_builder.relationship_manager - INFO - Agent IDs: ['000', '001', '002', '003', '004']
2026-02-13 17:25:00,624 - graph_builder.relationship_manager - INFO - Agent IDs: ['000', '001', '002', '003', '004']
2026-02-13 17:25:00,624 - graph_builder.relationship_manager - INFO - Agent IDs: ['000', '001', '002', '003', '004']
2026-02-13 17:25:00,628 - graph_builder.relationship_manager - INFO - Loaded 726 items from source data
2026-02-13 17:25:00,628 - graph_builder.relationship_manager - INFO - Loaded 726 items from source data
2026-02-13 17:25:00,628 - graph_builder.relationship_manager - INFO - Loaded 726 items from source data
2026-02-13 17:25:00,629 - graph_builder.relationship_manager - INFO - Sample source item keys: ['scan', 'name', 'vendor', 'location', 'source', 'format', 'section', 'size', 'description', 'install_time']
2026-02-13 17:25:00,629 - graph_builder.relationship_manager - INFO - Sample source item keys: ['scan', 'name', 'vendor', 'location', 'source', 'format', 'section', 'size', 'description', 'install_time']
2026-02-13 17:25:00,629 - graph_builder.relationship_manager - INFO - Sample source item keys: ['scan', 'name', 'vendor', 'location', 'source', 'format', 'section', 'size', 'description', 'install_time']
2026-02-13 17:25:00,630 - graph_builder.relationship_manager - INFO - Prepared 726 relationships to create from source data
2026-02-13 17:25:00,630 - graph_builder.relationship_manager - INFO - Prepared 726 relationships to create from source data
2026-02-13 17:25:00,630 - graph_builder.relationship_manager - INFO - Prepared 726 relationships to create from source data
2026-02-13 17:25:00,630 - graph_builder.relationship_manager - INFO - Creating 726 relationships using source data
2026-02-13 17:25:00,630 - graph_builder.relationship_manager - INFO - Creating 726 relationships using source data
2026-02-13 17:25:00,630 - graph_builder.relationship_manager - INFO - Creating 726 relationships using source data
2026-02-13 17:25:00,630 - graph_builder.relationship_manager - INFO - Executing relationship creation query
2026-02-13 17:25:00,630 - graph_builder.relationship_manager - INFO - Executing relationship creation query
2026-02-13 17:25:00,630 - graph_builder.relationship_manager - INFO - Executing relationship creation query
2026-02-13 17:25:00,771 - graph_builder.relationship_manager - INFO - Query result: [{'count': 726}]
2026-02-13 17:25:00,771 - graph_builder.relationship_manager - INFO - Query result: [{'count': 726}]
2026-02-13 17:25:00,771 - graph_builder.relationship_manager - INFO - Query result: [{'count': 726}]
2026-02-13 17:25:00,772 - graph_builder.relationship_manager - INFO - Created 726 NJS_HAS_SOFTWARE relationships from NJS_Asset to NJS_Software using source data
2026-02-13 17:25:00,772 - graph_builder.relationship_manager - INFO - Created 726 NJS_HAS_SOFTWARE relationships from NJS_Asset to NJS_Software using source data
2026-02-13 17:25:00,772 - graph_builder.relationship_manager - INFO - Created 726 NJS_HAS_SOFTWARE relationships from NJS_Asset to NJS_Software using source data
2026-02-13 17:25:00,773 - graph_builder.relationship_manager - INFO - Relationship 'asset_to_software' result: {'success': 726, 'failed': 0, 'total': 726}
2026-02-13 17:25:00,773 - graph_builder.relationship_manager - INFO - Relationship 'asset_to_software' result: {'success': 726, 'failed': 0, 'total': 726}
2026-02-13 17:25:00,773 - graph_builder.relationship_manager - INFO - Relationship 'asset_to_software' result: {'success': 726, 'failed': 0, 'total': 726}
2026-02-13 17:25:00,773 - graph_builder.relationship_manager - INFO - Creating relationship 'software_to_vulnerability': NJS_Software-[:NJS_VULNERABLE_TO]->NJS_Vulnerability
2026-02-13 17:25:00,773 - graph_builder.relationship_manager - INFO - Creating relationship 'software_to_vulnerability': NJS_Software-[:NJS_VULNERABLE_TO]->NJS_Vulnerability
2026-02-13 17:25:00,773 - graph_builder.relationship_manager - INFO - Creating relationship 'software_to_vulnerability': NJS_Software-[:NJS_VULNERABLE_TO]->NJS_Vulnerability
2026-02-13 17:25:00,773 - graph_builder.relationship_manager - INFO - Querying NJS_Software nodes for name values...
2026-02-13 17:25:00,773 - graph_builder.relationship_manager - INFO - Querying NJS_Software nodes for name values...
2026-02-13 17:25:00,773 - graph_builder.relationship_manager - INFO - Querying NJS_Software nodes for name values...
2026-02-13 17:25:00,800 - graph_builder.relationship_manager - INFO - Found 583 name values from NJS_Software nodes
2026-02-13 17:25:00,800 - graph_builder.relationship_manager - INFO - Found 583 name values from NJS_Software nodes
2026-02-13 17:25:00,800 - graph_builder.relationship_manager - INFO - Found 583 name values from NJS_Software nodes
2026-02-13 17:25:00,803 - graph_builder.relationship_manager - INFO - Loading all agent files for 5 agents
2026-02-13 17:25:00,803 - graph_builder.relationship_manager - INFO - Loading all agent files for 5 agents
2026-02-13 17:25:00,803 - graph_builder.relationship_manager - INFO - Loading all agent files for 5 agents
2026-02-13 17:25:00,804 - graph_builder.relationship_manager - INFO - Loading source data from: C:\Users\sgade\OneDrive\Desktop\orbit_node\collected_data\20260210_201344\vulnerabilities
2026-02-13 17:25:00,804 - graph_builder.relationship_manager - INFO - Loading source data from: C:\Users\sgade\OneDrive\Desktop\orbit_node\collected_data\20260210_201344\vulnerabilities
2026-02-13 17:25:00,804 - graph_builder.relationship_manager - INFO - Loading source data from: C:\Users\sgade\OneDrive\Desktop\orbit_node\collected_data\20260210_201344\vulnerabilities
2026-02-13 17:25:00,804 - graph_builder.relationship_manager - INFO - Source file pattern: Vulnerabilities_{agent_id}.json
2026-02-13 17:25:00,804 - graph_builder.relationship_manager - INFO - Source file pattern: Vulnerabilities_{agent_id}.json
2026-02-13 17:25:00,804 - graph_builder.relationship_manager - INFO - Source file pattern: Vulnerabilities_{agent_id}.json
2026-02-13 17:25:00,804 - graph_builder.relationship_manager - INFO - Agent IDs: ['000', '001', '002', '003', '004']
2026-02-13 17:25:00,804 - graph_builder.relationship_manager - INFO - Agent IDs: ['000', '001', '002', '003', '004']
2026-02-13 17:25:00,804 - graph_builder.relationship_manager - INFO - Agent IDs: ['000', '001', '002', '003', '004']
2026-02-13 17:25:00,806 - graph_builder.relationship_manager - INFO - Loaded 53 items from source data
2026-02-13 17:25:00,806 - graph_builder.relationship_manager - INFO - Loaded 53 items from source data
2026-02-13 17:25:00,806 - graph_builder.relationship_manager - INFO - Loaded 53 items from source data
2026-02-13 17:25:00,806 - graph_builder.relationship_manager - INFO - Sample source item keys: ['agent_id', 'agent_name', 'cve', 'severity', 'title', 'description', 'published', 'status', 'cvss', 'package_name']
2026-02-13 17:25:00,806 - graph_builder.relationship_manager - INFO - Sample source item keys: ['agent_id', 'agent_name', 'cve', 'severity', 'title', 'description', 'published', 'status', 'cvss', 'package_name']
2026-02-13 17:25:00,806 - graph_builder.relationship_manager - INFO - Sample source item keys: ['agent_id', 'agent_name', 'cve', 'severity', 'title', 'description', 'published', 'status', 'cvss', 'package_name']
2026-02-13 17:25:00,807 - graph_builder.relationship_manager - INFO - Prepared 53 relationships to create from source data
2026-02-13 17:25:00,807 - graph_builder.relationship_manager - INFO - Prepared 53 relationships to create from source data
2026-02-13 17:25:00,807 - graph_builder.relationship_manager - INFO - Prepared 53 relationships to create from source data
2026-02-13 17:25:00,807 - graph_builder.relationship_manager - INFO - Creating 53 relationships using source data
2026-02-13 17:25:00,807 - graph_builder.relationship_manager - INFO - Creating 53 relationships using source data
2026-02-13 17:25:00,807 - graph_builder.relationship_manager - INFO - Creating 53 relationships using source data
2026-02-13 17:25:00,808 - graph_builder.relationship_manager - INFO - Executing relationship creation query
2026-02-13 17:25:00,808 - graph_builder.relationship_manager - INFO - Executing relationship creation query
2026-02-13 17:25:00,808 - graph_builder.relationship_manager - INFO - Executing relationship creation query
2026-02-13 17:25:00,893 - graph_builder.relationship_manager - INFO - Query result: [{'count': 53}]
2026-02-13 17:25:00,893 - graph_builder.relationship_manager - INFO - Query result: [{'count': 53}]
2026-02-13 17:25:00,893 - graph_builder.relationship_manager - INFO - Query result: [{'count': 53}]
2026-02-13 17:25:00,893 - graph_builder.relationship_manager - INFO - Created 53 NJS_VULNERABLE_TO relationships from NJS_Software to NJS_Vulnerability using source data
2026-02-13 17:25:00,893 - graph_builder.relationship_manager - INFO - Created 53 NJS_VULNERABLE_TO relationships from NJS_Software to NJS_Vulnerability using source data
2026-02-13 17:25:00,893 - graph_builder.relationship_manager - INFO - Created 53 NJS_VULNERABLE_TO relationships from NJS_Software to NJS_Vulnerability using source data
2026-02-13 17:25:00,894 - graph_builder.relationship_manager - INFO - Relationship 'software_to_vulnerability' result: {'success': 53, 'failed': 0, 'total': 53}
2026-02-13 17:25:00,894 - graph_builder.relationship_manager - INFO - Relationship 'software_to_vulnerability' result: {'success': 53, 'failed': 0, 'total': 53}
2026-02-13 17:25:00,894 - graph_builder.relationship_manager - INFO - Relationship 'software_to_vulnerability' result: {'success': 53, 'failed': 0, 'total': 53}
2026-02-13 17:25:00,894 - graph_builder.relationship_manager - INFO - Creating relationship 'asset_to_vulnerability': NJS_Asset-[:NJS_AFFECTED_BY]->NJS_Vulnerability
2026-02-13 17:25:00,894 - graph_builder.relationship_manager - INFO - Creating relationship 'asset_to_vulnerability': NJS_Asset-[:NJS_AFFECTED_BY]->NJS_Vulnerability
2026-02-13 17:25:00,894 - graph_builder.relationship_manager - INFO - Creating relationship 'asset_to_vulnerability': NJS_Asset-[:NJS_AFFECTED_BY]->NJS_Vulnerability
2026-02-13 17:25:00,894 - graph_builder.relationship_manager - INFO - Querying NJS_Asset nodes for asset_id values...
2026-02-13 17:25:00,894 - graph_builder.relationship_manager - INFO - Querying NJS_Asset nodes for asset_id values...
2026-02-13 17:25:00,894 - graph_builder.relationship_manager - INFO - Querying NJS_Asset nodes for asset_id values...
2026-02-13 17:25:00,897 - graph_builder.relationship_manager - INFO - Found 5 asset_id values from NJS_Asset nodes
2026-02-13 17:25:00,897 - graph_builder.relationship_manager - INFO - Found 5 asset_id values from NJS_Asset nodes
2026-02-13 17:25:00,897 - graph_builder.relationship_manager - INFO - Found 5 asset_id values from NJS_Asset nodes
2026-02-13 17:25:00,900 - graph_builder.relationship_manager - INFO - Loading all agent files for 5 agents
2026-02-13 17:25:00,900 - graph_builder.relationship_manager - INFO - Loading all agent files for 5 agents
2026-02-13 17:25:00,900 - graph_builder.relationship_manager - INFO - Loading all agent files for 5 agents
2026-02-13 17:25:00,900 - graph_builder.relationship_manager - INFO - Loading source data from: C:\Users\sgade\OneDrive\Desktop\orbit_node\collected_data\20260210_201344\vulnerabilities
2026-02-13 17:25:00,900 - graph_builder.relationship_manager - INFO - Loading source data from: C:\Users\sgade\OneDrive\Desktop\orbit_node\collected_data\20260210_201344\vulnerabilities
2026-02-13 17:25:00,900 - graph_builder.relationship_manager - INFO - Loading source data from: C:\Users\sgade\OneDrive\Desktop\orbit_node\collected_data\20260210_201344\vulnerabilities
2026-02-13 17:25:00,901 - graph_builder.relationship_manager - INFO - Source file pattern: Vulnerabilities_{agent_id}.json
2026-02-13 17:25:00,901 - graph_builder.relationship_manager - INFO - Source file pattern: Vulnerabilities_{agent_id}.json
2026-02-13 17:25:00,901 - graph_builder.relationship_manager - INFO - Source file pattern: Vulnerabilities_{agent_id}.json
2026-02-13 17:25:00,901 - graph_builder.relationship_manager - INFO - Agent IDs: ['000', '001', '002', '003', '004']
2026-02-13 17:25:00,901 - graph_builder.relationship_manager - INFO - Agent IDs: ['000', '001', '002', '003', '004']
2026-02-13 17:25:00,901 - graph_builder.relationship_manager - INFO - Agent IDs: ['000', '001', '002', '003', '004']
2026-02-13 17:25:00,903 - graph_builder.relationship_manager - INFO - Loaded 53 items from source data
2026-02-13 17:25:00,903 - graph_builder.relationship_manager - INFO - Loaded 53 items from source data
2026-02-13 17:25:00,903 - graph_builder.relationship_manager - INFO - Loaded 53 items from source data
2026-02-13 17:25:00,903 - graph_builder.relationship_manager - INFO - Sample source item keys: ['agent_id', 'agent_name', 'cve', 'severity', 'title', 'description', 'published', 'status', 'cvss', 'package_name']
2026-02-13 17:25:00,903 - graph_builder.relationship_manager - INFO - Sample source item keys: ['agent_id', 'agent_name', 'cve', 'severity', 'title', 'description', 'published', 'status', 'cvss', 'package_name']
2026-02-13 17:25:00,903 - graph_builder.relationship_manager - INFO - Sample source item keys: ['agent_id', 'agent_name', 'cve', 'severity', 'title', 'description', 'published', 'status', 'cvss', 'package_name']
2026-02-13 17:25:00,904 - graph_builder.relationship_manager - INFO - Prepared 53 relationships to create from source data
2026-02-13 17:25:00,904 - graph_builder.relationship_manager - INFO - Prepared 53 relationships to create from source data
2026-02-13 17:25:00,904 - graph_builder.relationship_manager - INFO - Prepared 53 relationships to create from source data
2026-02-13 17:25:00,904 - graph_builder.relationship_manager - INFO - Creating 53 relationships using source data
2026-02-13 17:25:00,904 - graph_builder.relationship_manager - INFO - Creating 53 relationships using source data
2026-02-13 17:25:00,904 - graph_builder.relationship_manager - INFO - Creating 53 relationships using source data
2026-02-13 17:25:00,904 - graph_builder.relationship_manager - INFO - Executing relationship creation query
2026-02-13 17:25:00,904 - graph_builder.relationship_manager - INFO - Executing relationship creation query
2026-02-13 17:25:00,904 - graph_builder.relationship_manager - INFO - Executing relationship creation query
2026-02-13 17:25:00,985 - graph_builder.relationship_manager - INFO - Query result: [{'count': 53}]
2026-02-13 17:25:00,985 - graph_builder.relationship_manager - INFO - Query result: [{'count': 53}]
2026-02-13 17:25:00,985 - graph_builder.relationship_manager - INFO - Query result: [{'count': 53}]
2026-02-13 17:25:00,986 - graph_builder.relationship_manager - INFO - Created 53 NJS_AFFECTED_BY relationships from NJS_Asset to NJS_Vulnerability using source data
2026-02-13 17:25:00,986 - graph_builder.relationship_manager - INFO - Created 53 NJS_AFFECTED_BY relationships from NJS_Asset to NJS_Vulnerability using source data
2026-02-13 17:25:00,986 - graph_builder.relationship_manager - INFO - Created 53 NJS_AFFECTED_BY relationships from NJS_Asset to NJS_Vulnerability using source data
2026-02-13 17:25:00,986 - graph_builder.relationship_manager - INFO - Relationship 'asset_to_vulnerability' result: {'success': 53, 'failed': 0, 'total': 53}
2026-02-13 17:25:00,986 - graph_builder.relationship_manager - INFO - Relationship 'asset_to_vulnerability' result: {'success': 53, 'failed': 0, 'total': 53}
2026-02-13 17:25:00,986 - graph_builder.relationship_manager - INFO - Relationship 'asset_to_vulnerability' result: {'success': 53, 'failed': 0, 'total': 53}
2026-02-13 17:25:00,986 - graph_builder.relationship_manager - INFO - Creating relationship 'asset_to_assetgroup': NJS_Asset-[:NJS_BELONGS_TO]->NJS_AssetGroup
2026-02-13 17:25:00,986 - graph_builder.relationship_manager - INFO - Creating relationship 'asset_to_assetgroup': NJS_Asset-[:NJS_BELONGS_TO]->NJS_AssetGroup
2026-02-13 17:25:00,986 - graph_builder.relationship_manager - INFO - Creating relationship 'asset_to_assetgroup': NJS_Asset-[:NJS_BELONGS_TO]->NJS_AssetGroup
2026-02-13 17:25:00,987 - graph_builder.relationship_manager - INFO - Querying NJS_Asset nodes for asset_id values...
2026-02-13 17:25:00,987 - graph_builder.relationship_manager - INFO - Querying NJS_Asset nodes for asset_id values...
2026-02-13 17:25:00,987 - graph_builder.relationship_manager - INFO - Querying NJS_Asset nodes for asset_id values...
2026-02-13 17:25:00,989 - graph_builder.relationship_manager - INFO - Found 5 asset_id values from NJS_Asset nodes
2026-02-13 17:25:00,989 - graph_builder.relationship_manager - INFO - Found 5 asset_id values from NJS_Asset nodes
2026-02-13 17:25:00,989 - graph_builder.relationship_manager - INFO - Found 5 asset_id values from NJS_Asset nodes
2026-02-13 17:25:00,990 - graph_builder.relationship_manager - INFO - Loading source data from: C:\Users\sgade\OneDrive\Desktop\orbit_node\collected_data\20260210_201344\agents_manager
2026-02-13 17:25:00,990 - graph_builder.relationship_manager - INFO - Loading source data from: C:\Users\sgade\OneDrive\Desktop\orbit_node\collected_data\20260210_201344\agents_manager
2026-02-13 17:25:00,990 - graph_builder.relationship_manager - INFO - Loading source data from: C:\Users\sgade\OneDrive\Desktop\orbit_node\collected_data\20260210_201344\agents_manager
2026-02-13 17:25:00,990 - graph_builder.relationship_manager - INFO - Source file pattern: All_Agents.json
2026-02-13 17:25:00,990 - graph_builder.relationship_manager - INFO - Source file pattern: All_Agents.json
2026-02-13 17:25:00,990 - graph_builder.relationship_manager - INFO - Source file pattern: All_Agents.json
2026-02-13 17:25:00,990 - graph_builder.relationship_manager - INFO - Agent IDs: None (single file)
2026-02-13 17:25:00,990 - graph_builder.relationship_manager - INFO - Agent IDs: None (single file)
2026-02-13 17:25:00,990 - graph_builder.relationship_manager - INFO - Agent IDs: None (single file)
2026-02-13 17:25:00,991 - graph_builder.relationship_manager - INFO - Loaded 5 items from source data
2026-02-13 17:25:00,991 - graph_builder.relationship_manager - INFO - Loaded 5 items from source data
2026-02-13 17:25:00,991 - graph_builder.relationship_manager - INFO - Loaded 5 items from source data
2026-02-13 17:25:00,991 - graph_builder.relationship_manager - INFO - Sample source item keys: ['os', 'name', 'ip', 'dateAdd', 'id', 'manager', 'registerIP', 'lastKeepAlive', 'group_config_status', 'status_code']
2026-02-13 17:25:00,991 - graph_builder.relationship_manager - INFO - Sample source item keys: ['os', 'name', 'ip', 'dateAdd', 'id', 'manager', 'registerIP', 'lastKeepAlive', 'group_config_status', 'status_code']
2026-02-13 17:25:00,991 - graph_builder.relationship_manager - INFO - Sample source item keys: ['os', 'name', 'ip', 'dateAdd', 'id', 'manager', 'registerIP', 'lastKeepAlive', 'group_config_status', 'status_code']
2026-02-13 17:25:00,991 - graph_builder.relationship_manager - INFO - Prepared 4 relationships to create from source data
2026-02-13 17:25:00,991 - graph_builder.relationship_manager - INFO - Prepared 4 relationships to create from source data
2026-02-13 17:25:00,991 - graph_builder.relationship_manager - INFO - Prepared 4 relationships to create from source data
2026-02-13 17:25:00,992 - graph_builder.relationship_manager - INFO - Creating 4 relationships using source data
2026-02-13 17:25:00,992 - graph_builder.relationship_manager - INFO - Creating 4 relationships using source data
2026-02-13 17:25:00,992 - graph_builder.relationship_manager - INFO - Creating 4 relationships using source data
2026-02-13 17:25:00,992 - graph_builder.relationship_manager - INFO - Executing relationship creation query
2026-02-13 17:25:00,992 - graph_builder.relationship_manager - INFO - Executing relationship creation query
2026-02-13 17:25:00,992 - graph_builder.relationship_manager - INFO - Executing relationship creation query
2026-02-13 17:25:01,071 - graph_builder.relationship_manager - INFO - Query result: [{'count': 4}]
2026-02-13 17:25:01,071 - graph_builder.relationship_manager - INFO - Query result: [{'count': 4}]
2026-02-13 17:25:01,071 - graph_builder.relationship_manager - INFO - Query result: [{'count': 4}]
2026-02-13 17:25:01,071 - graph_builder.relationship_manager - INFO - Created 4 NJS_BELONGS_TO relationships from NJS_Asset to NJS_AssetGroup using source data
2026-02-13 17:25:01,071 - graph_builder.relationship_manager - INFO - Created 4 NJS_BELONGS_TO relationships from NJS_Asset to NJS_AssetGroup using source data
2026-02-13 17:25:01,071 - graph_builder.relationship_manager - INFO - Created 4 NJS_BELONGS_TO relationships from NJS_Asset to NJS_AssetGroup using source data
2026-02-13 17:25:01,072 - graph_builder.relationship_manager - INFO - Relationship 'asset_to_assetgroup' result: {'success': 4, 'failed': 0, 'total': 4}
2026-02-13 17:25:01,072 - graph_builder.relationship_manager - INFO - Relationship 'asset_to_assetgroup' result: {'success': 4, 'failed': 0, 'total': 4}
2026-02-13 17:25:01,072 - graph_builder.relationship_manager - INFO - Relationship 'asset_to_assetgroup' result: {'success': 4, 'failed': 0, 'total': 4}
2026-02-13 17:25:01,072 - graph_builder.relationship_manager - INFO - Creating relationship 'asset_to_hardware': NJS_Asset-[:NJS_HAS_HARDWARE]->NJS_Hardware
2026-02-13 17:25:01,072 - graph_builder.relationship_manager - INFO - Creating relationship 'asset_to_hardware': NJS_Asset-[:NJS_HAS_HARDWARE]->NJS_Hardware
2026-02-13 17:25:01,072 - graph_builder.relationship_manager - INFO - Creating relationship 'asset_to_hardware': NJS_Asset-[:NJS_HAS_HARDWARE]->NJS_Hardware
2026-02-13 17:25:01,072 - graph_builder.relationship_manager - INFO - Querying NJS_Asset nodes for asset_id values...
2026-02-13 17:25:01,072 - graph_builder.relationship_manager - INFO - Querying NJS_Asset nodes for asset_id values...
2026-02-13 17:25:01,072 - graph_builder.relationship_manager - INFO - Querying NJS_Asset nodes for asset_id values...
2026-02-13 17:25:01,075 - graph_builder.relationship_manager - INFO - Found 5 asset_id values from NJS_Asset nodes
2026-02-13 17:25:01,075 - graph_builder.relationship_manager - INFO - Found 5 asset_id values from NJS_Asset nodes
2026-02-13 17:25:01,075 - graph_builder.relationship_manager - INFO - Found 5 asset_id values from NJS_Asset nodes
2026-02-13 17:25:01,075 - graph_builder.relationship_manager - INFO - Loading source data from: C:\Users\sgade\OneDrive\Desktop\orbit_node\collected_data\20260210_201344\hardware
2026-02-13 17:25:01,075 - graph_builder.relationship_manager - INFO - Loading source data from: C:\Users\sgade\OneDrive\Desktop\orbit_node\collected_data\20260210_201344\hardware
2026-02-13 17:25:01,075 - graph_builder.relationship_manager - INFO - Loading source data from: C:\Users\sgade\OneDrive\Desktop\orbit_node\collected_data\20260210_201344\hardware
2026-02-13 17:25:01,076 - graph_builder.relationship_manager - INFO - Source file pattern: Syscollector_Hardware_{agent_id}.json
2026-02-13 17:25:01,076 - graph_builder.relationship_manager - INFO - Source file pattern: Syscollector_Hardware_{agent_id}.json
2026-02-13 17:25:01,076 - graph_builder.relationship_manager - INFO - Source file pattern: Syscollector_Hardware_{agent_id}.json
2026-02-13 17:25:01,076 - graph_builder.relationship_manager - INFO - Agent IDs: ['000', '001', '002', '003', '004']
2026-02-13 17:25:01,076 - graph_builder.relationship_manager - INFO - Agent IDs: ['000', '001', '002', '003', '004']
2026-02-13 17:25:01,076 - graph_builder.relationship_manager - INFO - Agent IDs: ['000', '001', '002', '003', '004']
2026-02-13 17:25:01,078 - graph_builder.relationship_manager - INFO - Loaded 5 items from source data
2026-02-13 17:25:01,078 - graph_builder.relationship_manager - INFO - Loaded 5 items from source data
2026-02-13 17:25:01,078 - graph_builder.relationship_manager - INFO - Loaded 5 items from source data
2026-02-13 17:25:01,078 - graph_builder.relationship_manager - INFO - Sample source item keys: ['cpu', 'ram', 'scan', 'board_serial', 'agent_id', '_agent_id']
2026-02-13 17:25:01,078 - graph_builder.relationship_manager - INFO - Sample source item keys: ['cpu', 'ram', 'scan', 'board_serial', 'agent_id', '_agent_id']
2026-02-13 17:25:01,078 - graph_builder.relationship_manager - INFO - Sample source item keys: ['cpu', 'ram', 'scan', 'board_serial', 'agent_id', '_agent_id']
2026-02-13 17:25:01,079 - graph_builder.relationship_manager - INFO - Prepared 5 relationships to create from source data
2026-02-13 17:25:01,079 - graph_builder.relationship_manager - INFO - Prepared 5 relationships to create from source data
2026-02-13 17:25:01,079 - graph_builder.relationship_manager - INFO - Prepared 5 relationships to create from source data
2026-02-13 17:25:01,079 - graph_builder.relationship_manager - INFO - Creating 5 relationships using source data
2026-02-13 17:25:01,079 - graph_builder.relationship_manager - INFO - Creating 5 relationships using source data
2026-02-13 17:25:01,079 - graph_builder.relationship_manager - INFO - Creating 5 relationships using source data
2026-02-13 17:25:01,079 - graph_builder.relationship_manager - INFO - Executing relationship creation query
2026-02-13 17:25:01,079 - graph_builder.relationship_manager - INFO - Executing relationship creation query
2026-02-13 17:25:01,079 - graph_builder.relationship_manager - INFO - Executing relationship creation query
2026-02-13 17:25:01,173 - graph_builder.relationship_manager - INFO - Query result: [{'count': 11}]
2026-02-13 17:25:01,173 - graph_builder.relationship_manager - INFO - Query result: [{'count': 11}]
2026-02-13 17:25:01,173 - graph_builder.relationship_manager - INFO - Query result: [{'count': 11}]
2026-02-13 17:25:01,174 - graph_builder.relationship_manager - INFO - Created 11 NJS_HAS_HARDWARE relationships from NJS_Asset to NJS_Hardware using source data
2026-02-13 17:25:01,174 - graph_builder.relationship_manager - INFO - Created 11 NJS_HAS_HARDWARE relationships from NJS_Asset to NJS_Hardware using source data
2026-02-13 17:25:01,174 - graph_builder.relationship_manager - INFO - Created 11 NJS_HAS_HARDWARE relationships from NJS_Asset to NJS_Hardware using source data
2026-02-13 17:25:01,174 - graph_builder.relationship_manager - INFO - Relationship 'asset_to_hardware' result: {'success': 11, 'failed': 0, 'total': 11}
2026-02-13 17:25:01,174 - graph_builder.relationship_manager - INFO - Relationship 'asset_to_hardware' result: {'success': 11, 'failed': 0, 'total': 11}
2026-02-13 17:25:01,174 - graph_builder.relationship_manager - INFO - Relationship 'asset_to_hardware' result: {'success': 11, 'failed': 0, 'total': 11}
2026-02-13 17:25:01,174 - graph_builder.relationship_manager - INFO - ============================================================
2026-02-13 17:25:01,174 - graph_builder.relationship_manager - INFO - ============================================================
2026-02-13 17:25:01,174 - graph_builder.relationship_manager - INFO - ============================================================
2026-02-13 17:25:01,174 - graph_builder.relationship_manager - INFO - Relationship creation from config completed
2026-02-13 17:25:01,174 - graph_builder.relationship_manager - INFO - Relationship creation from config completed
2026-02-13 17:25:01,174 - graph_builder.relationship_manager - INFO - Relationship creation from config completed
2026-02-13 17:25:01,175 - graph_builder.relationship_manager - INFO - Total relationships processed: 7
2026-02-13 17:25:01,175 - graph_builder.relationship_manager - INFO - Total relationships processed: 7
2026-02-13 17:25:01,175 - graph_builder.relationship_manager - INFO - Total relationships processed: 7
2026-02-13 17:25:01,175 - graph_builder.relationship_manager - INFO - ============================================================
2026-02-13 17:25:01,175 - graph_builder.relationship_manager - INFO - ============================================================
2026-02-13 17:25:01,175 - graph_builder.relationship_manager - INFO - ============================================================
2026-02-13 17:25:01,175 - graph_builder.graph_builder - INFO - asset_to_host: 11 relationships created
2026-02-13 17:25:01,175 - graph_builder.graph_builder - INFO - asset_to_host: 11 relationships created
2026-02-13 17:25:01,175 - graph_builder.graph_builder - INFO - asset_to_host: 11 relationships created
2026-02-13 17:25:01,175 - graph_builder.graph_builder - INFO - host_to_software: 726 relationships created
2026-02-13 17:25:01,175 - graph_builder.graph_builder - INFO - host_to_software: 726 relationships created
2026-02-13 17:25:01,175 - graph_builder.graph_builder - INFO - host_to_software: 726 relationships created
2026-02-13 17:25:01,175 - graph_builder.graph_builder - INFO - asset_to_software: 726 relationships created
2026-02-13 17:25:01,175 - graph_builder.graph_builder - INFO - asset_to_software: 726 relationships created
2026-02-13 17:25:01,175 - graph_builder.graph_builder - INFO - asset_to_software: 726 relationships created
2026-02-13 17:25:01,176 - graph_builder.graph_builder - INFO - software_to_vulnerability: 53 relationships created
2026-02-13 17:25:01,176 - graph_builder.graph_builder - INFO - software_to_vulnerability: 53 relationships created
2026-02-13 17:25:01,176 - graph_builder.graph_builder - INFO - software_to_vulnerability: 53 relationships created
2026-02-13 17:25:01,176 - graph_builder.graph_builder - INFO - asset_to_vulnerability: 53 relationships created
2026-02-13 17:25:01,176 - graph_builder.graph_builder - INFO - asset_to_vulnerability: 53 relationships created
2026-02-13 17:25:01,176 - graph_builder.graph_builder - INFO - asset_to_vulnerability: 53 relationships created
2026-02-13 17:25:01,176 - graph_builder.graph_builder - INFO - asset_to_assetgroup: 4 relationships created
2026-02-13 17:25:01,176 - graph_builder.graph_builder - INFO - asset_to_assetgroup: 4 relationships created
2026-02-13 17:25:01,176 - graph_builder.graph_builder - INFO - asset_to_assetgroup: 4 relationships created
2026-02-13 17:25:01,176 - graph_builder.graph_builder - INFO - asset_to_hardware: 11 relationships created
2026-02-13 17:25:01,176 - graph_builder.graph_builder - INFO - asset_to_hardware: 11 relationships created
2026-02-13 17:25:01,176 - graph_builder.graph_builder - INFO - asset_to_hardware: 11 relationships created
2026-02-13 17:25:01,176 - __main__ - INFO - Relationship creation process completed
2026-02-13 17:25:01,176 - __main__ - INFO - Relationship results: {'asset_to_host': {'success': 11, 'failed': 0, 'total': 11}, 'host_to_software': {'success': 726, 'failed': 0, 'total': 726}, 'asset_to_software': {'success': 726, 'failed': 0, 'total': 726}, 'software_to_vulnerability': {'success': 53, 'failed': 0, 'total': 53}, 'asset_to_vulnerability': {'success': 53, 'failed': 0, 'total': 53}, 'asset_to_assetgroup': {'success': 4, 'failed': 0, 'total': 4}, 'asset_to_hardware': {'success': 11, 'failed': 0, 'total': 11}}
2026-02-13 17:25:01,176 - __main__ - INFO - ============================================================
2026-02-13 17:25:01,179 - graph_builder.neo4j_connection - INFO - Neo4j connection closed
2026-02-13 17:25:01,179 - graph_builder.neo4j_connection - INFO - Neo4j connection closed
2026-02-13 17:25:01,179 - graph_builder.neo4j_connection - INFO - Neo4j connection closed
2026-02-13 17:25:01,179 - __main__ - INFO - Graph building process completed successfully
2026-02-13 17:35:46,182 - __main__ - INFO - ============================================================
2026-02-13 17:35:46,182 - __main__ - INFO - Neo4j Graph Builder
2026-02-13 17:35:46,183 - __main__ - INFO - ============================================================
2026-02-13 17:35:46,185 - __main__ - INFO - Using latest extraction folder: 20260213_164345
2026-02-13 17:35:46,185 - __main__ - INFO - Full path: C:\Users\sgade\OneDrive\Desktop\orbit_node\extracted_data\20260213_164345
2026-02-13 17:35:46,185 - __main__ - INFO - Found asset nodes file in latest extraction folder: C:\Users\sgade\OneDrive\Desktop\orbit_node\extracted_data\20260213_164345\asset_nodes.json
2026-02-13 17:35:46,186 - __main__ - INFO - Using latest extraction folder: 20260213_164345
2026-02-13 17:35:46,187 - __main__ - INFO - Full path: C:\Users\sgade\OneDrive\Desktop\orbit_node\extracted_data\20260213_164345
2026-02-13 17:35:46,188 - __main__ - INFO - Found host nodes file in latest extraction folder: C:\Users\sgade\OneDrive\Desktop\orbit_node\extracted_data\20260213_164345\host_nodes.json
2026-02-13 17:35:46,189 - __main__ - INFO - Using latest extraction folder: 20260213_164345
2026-02-13 17:35:46,190 - __main__ - INFO - Full path: C:\Users\sgade\OneDrive\Desktop\orbit_node\extracted_data\20260213_164345
2026-02-13 17:35:46,190 - __main__ - INFO - Found software nodes file in latest extraction folder: C:\Users\sgade\OneDrive\Desktop\orbit_node\extracted_data\20260213_164345\software_nodes.json
2026-02-13 17:35:46,191 - __main__ - INFO - Using latest extraction folder: 20260213_164345
2026-02-13 17:35:46,191 - __main__ - INFO - Full path: C:\Users\sgade\OneDrive\Desktop\orbit_node\extracted_data\20260213_164345
2026-02-13 17:35:46,192 - __main__ - INFO - Found vulnerability nodes file in latest extraction folder: C:\Users\sgade\OneDrive\Desktop\orbit_node\extracted_data\20260213_164345\vulnerability_nodes.json
2026-02-13 17:35:46,193 - __main__ - INFO - Using latest extraction folder: 20260213_164345
2026-02-13 17:35:46,193 - __main__ - INFO - Full path: C:\Users\sgade\OneDrive\Desktop\orbit_node\extracted_data\20260213_164345
2026-02-13 17:35:46,194 - __main__ - INFO - Found assetgroup nodes file in latest extraction folder: C:\Users\sgade\OneDrive\Desktop\orbit_node\extracted_data\20260213_164345\assetgroup_nodes.json
2026-02-13 17:35:46,195 - __main__ - INFO - Using latest extraction folder: 20260213_164345
2026-02-13 17:35:46,195 - __main__ - INFO - Full path: C:\Users\sgade\OneDrive\Desktop\orbit_node\extracted_data\20260213_164345
2026-02-13 17:35:46,196 - __main__ - INFO - Found hardware nodes file in latest extraction folder: C:\Users\sgade\OneDrive\Desktop\orbit_node\extracted_data\20260213_164345\hardware_nodes.json
2026-02-13 17:35:46,196 - __main__ - INFO - 
Initializing graph builder...
2026-02-13 17:35:46,202 - graph_builder.neo4j_connection - INFO - Loaded Neo4j configuration from C:\Users\sgade\OneDrive\Desktop\orbit_node\config\neo4j_config.yaml
2026-02-13 17:35:46,202 - graph_builder.neo4j_connection - INFO - Loaded Neo4j configuration from C:\Users\sgade\OneDrive\Desktop\orbit_node\config\neo4j_config.yaml
2026-02-13 17:35:46,202 - graph_builder.neo4j_connection - INFO - Loaded Neo4j configuration from C:\Users\sgade\OneDrive\Desktop\orbit_node\config\neo4j_config.yaml
2026-02-13 17:35:46,203 - graph_builder.neo4j_connection - INFO - Connecting to Neo4j at bolt://localhost:7687 with username: neo4j
2026-02-13 17:35:46,203 - graph_builder.neo4j_connection - INFO - Connecting to Neo4j at bolt://localhost:7687 with username: neo4j
2026-02-13 17:35:46,203 - graph_builder.neo4j_connection - INFO - Connecting to Neo4j at bolt://localhost:7687 with username: neo4j
2026-02-13 17:35:48,298 - graph_builder.neo4j_connection - INFO - Neo4j connection test successful
2026-02-13 17:35:48,298 - graph_builder.neo4j_connection - INFO - Neo4j connection test successful
2026-02-13 17:35:48,298 - graph_builder.neo4j_connection - INFO - Neo4j connection test successful
2026-02-13 17:35:48,298 - graph_builder.neo4j_connection - INFO - Successfully connected to Neo4j at bolt://localhost:7687
2026-02-13 17:35:48,298 - graph_builder.neo4j_connection - INFO - Successfully connected to Neo4j at bolt://localhost:7687
2026-02-13 17:35:48,298 - graph_builder.neo4j_connection - INFO - Successfully connected to Neo4j at bolt://localhost:7687
2026-02-13 17:35:48,382 - graph_builder.constraints_manager - INFO - Loaded graph configuration from C:\Users\sgade\OneDrive\Desktop\orbit_node\config\graph_config.yaml
2026-02-13 17:35:48,382 - graph_builder.constraints_manager - INFO - Loaded graph configuration from C:\Users\sgade\OneDrive\Desktop\orbit_node\config\graph_config.yaml
2026-02-13 17:35:48,382 - graph_builder.constraints_manager - INFO - Loaded graph configuration from C:\Users\sgade\OneDrive\Desktop\orbit_node\config\graph_config.yaml
2026-02-13 17:35:48,467 - graph_builder.relationship_manager - INFO - Loaded graph configuration from C:\Users\sgade\OneDrive\Desktop\orbit_node\config\graph_config.yaml
2026-02-13 17:35:48,467 - graph_builder.relationship_manager - INFO - Loaded graph configuration from C:\Users\sgade\OneDrive\Desktop\orbit_node\config\graph_config.yaml
2026-02-13 17:35:48,467 - graph_builder.relationship_manager - INFO - Loaded graph configuration from C:\Users\sgade\OneDrive\Desktop\orbit_node\config\graph_config.yaml
2026-02-13 17:35:48,475 - graph_builder.relationship_manager - INFO - Loaded paths configuration from C:\Users\sgade\OneDrive\Desktop\orbit_node\config\paths_config.yaml
2026-02-13 17:35:48,475 - graph_builder.relationship_manager - INFO - Loaded paths configuration from C:\Users\sgade\OneDrive\Desktop\orbit_node\config\paths_config.yaml
2026-02-13 17:35:48,475 - graph_builder.relationship_manager - INFO - Loaded paths configuration from C:\Users\sgade\OneDrive\Desktop\orbit_node\config\paths_config.yaml
2026-02-13 17:35:48,476 - graph_builder.relationship_manager - INFO - Looking for collected data in: C:\Users\sgade\OneDrive\Desktop\orbit_node\collected_data
2026-02-13 17:35:48,476 - graph_builder.relationship_manager - INFO - Looking for collected data in: C:\Users\sgade\OneDrive\Desktop\orbit_node\collected_data
2026-02-13 17:35:48,476 - graph_builder.relationship_manager - INFO - Looking for collected data in: C:\Users\sgade\OneDrive\Desktop\orbit_node\collected_data
2026-02-13 17:35:48,477 - graph_builder.relationship_manager - INFO - Using latest collected data directory: 20260210_201344
2026-02-13 17:35:48,477 - graph_builder.relationship_manager - INFO - Using latest collected data directory: 20260210_201344
2026-02-13 17:35:48,477 - graph_builder.relationship_manager - INFO - Using latest collected data directory: 20260210_201344
2026-02-13 17:35:48,477 - graph_builder.relationship_manager - INFO - Full path: C:\Users\sgade\OneDrive\Desktop\orbit_node\collected_data\20260210_201344
2026-02-13 17:35:48,477 - graph_builder.relationship_manager - INFO - Full path: C:\Users\sgade\OneDrive\Desktop\orbit_node\collected_data\20260210_201344
2026-02-13 17:35:48,477 - graph_builder.relationship_manager - INFO - Full path: C:\Users\sgade\OneDrive\Desktop\orbit_node\collected_data\20260210_201344
2026-02-13 17:35:48,478 - __main__ - INFO - 
Setting up constraints...
2026-02-13 17:35:48,478 - graph_builder.graph_builder - INFO - ============================================================
2026-02-13 17:35:48,478 - graph_builder.graph_builder - INFO - ============================================================
2026-02-13 17:35:48,478 - graph_builder.graph_builder - INFO - ============================================================
2026-02-13 17:35:48,478 - graph_builder.graph_builder - INFO - Setting up Neo4j constraints and indexes
2026-02-13 17:35:48,478 - graph_builder.graph_builder - INFO - Setting up Neo4j constraints and indexes
2026-02-13 17:35:48,478 - graph_builder.graph_builder - INFO - Setting up Neo4j constraints and indexes
2026-02-13 17:35:48,479 - graph_builder.graph_builder - INFO - ============================================================
2026-02-13 17:35:48,479 - graph_builder.graph_builder - INFO - ============================================================
2026-02-13 17:35:48,479 - graph_builder.graph_builder - INFO - ============================================================
2026-02-13 17:35:48,479 - graph_builder.constraints_manager - INFO - Creating constraints for node type: asset
2026-02-13 17:35:48,479 - graph_builder.constraints_manager - INFO - Creating constraints for node type: asset
2026-02-13 17:35:48,479 - graph_builder.constraints_manager - INFO - Creating constraints for node type: asset
2026-02-13 17:35:48,483 - graph_builder.constraints_manager - INFO - Created UNIQUE constraint 'unique_asset_id' on NJS_Asset(asset_id)
2026-02-13 17:35:48,483 - graph_builder.constraints_manager - INFO - Created UNIQUE constraint 'unique_asset_id' on NJS_Asset(asset_id)
2026-02-13 17:35:48,483 - graph_builder.constraints_manager - INFO - Created UNIQUE constraint 'unique_asset_id' on NJS_Asset(asset_id)
2026-02-13 17:35:48,484 - graph_builder.constraints_manager - INFO - Creating constraints for node type: host
2026-02-13 17:35:48,484 - graph_builder.constraints_manager - INFO - Creating constraints for node type: host
2026-02-13 17:35:48,484 - graph_builder.constraints_manager - INFO - Creating constraints for node type: host
2026-02-13 17:35:48,488 - graph_builder.constraints_manager - INFO - Created composite UNIQUE constraint 'unique_host_composite' on NJS_Host(agent_id, os_name)
2026-02-13 17:35:48,488 - graph_builder.constraints_manager - INFO - Created composite UNIQUE constraint 'unique_host_composite' on NJS_Host(agent_id, os_name)
2026-02-13 17:35:48,488 - graph_builder.constraints_manager - INFO - Created composite UNIQUE constraint 'unique_host_composite' on NJS_Host(agent_id, os_name)
2026-02-13 17:35:48,488 - graph_builder.constraints_manager - INFO - Creating constraints for node type: software
2026-02-13 17:35:48,488 - graph_builder.constraints_manager - INFO - Creating constraints for node type: software
2026-02-13 17:35:48,488 - graph_builder.constraints_manager - INFO - Creating constraints for node type: software
2026-02-13 17:35:48,491 - graph_builder.constraints_manager - INFO - Created UNIQUE constraint 'unique_software_name' on NJS_Software(name)
2026-02-13 17:35:48,491 - graph_builder.constraints_manager - INFO - Created UNIQUE constraint 'unique_software_name' on NJS_Software(name)
2026-02-13 17:35:48,491 - graph_builder.constraints_manager - INFO - Created UNIQUE constraint 'unique_software_name' on NJS_Software(name)
2026-02-13 17:35:48,491 - graph_builder.constraints_manager - INFO - Creating constraints for node type: vulnerability
2026-02-13 17:35:48,491 - graph_builder.constraints_manager - INFO - Creating constraints for node type: vulnerability
2026-02-13 17:35:48,491 - graph_builder.constraints_manager - INFO - Creating constraints for node type: vulnerability
2026-02-13 17:35:48,496 - graph_builder.constraints_manager - INFO - Created UNIQUE constraint 'unique_cve_id' on NJS_Vulnerability(cve_id)
2026-02-13 17:35:48,496 - graph_builder.constraints_manager - INFO - Created UNIQUE constraint 'unique_cve_id' on NJS_Vulnerability(cve_id)
2026-02-13 17:35:48,496 - graph_builder.constraints_manager - INFO - Created UNIQUE constraint 'unique_cve_id' on NJS_Vulnerability(cve_id)
2026-02-13 17:35:48,496 - graph_builder.constraints_manager - INFO - Creating constraints for node type: assetgroup
2026-02-13 17:35:48,496 - graph_builder.constraints_manager - INFO - Creating constraints for node type: assetgroup
2026-02-13 17:35:48,496 - graph_builder.constraints_manager - INFO - Creating constraints for node type: assetgroup
2026-02-13 17:35:48,501 - graph_builder.constraints_manager - INFO - Created UNIQUE constraint 'unique_assetgroup_name' on NJS_AssetGroup(name)
2026-02-13 17:35:48,501 - graph_builder.constraints_manager - INFO - Created UNIQUE constraint 'unique_assetgroup_name' on NJS_AssetGroup(name)
2026-02-13 17:35:48,501 - graph_builder.constraints_manager - INFO - Created UNIQUE constraint 'unique_assetgroup_name' on NJS_AssetGroup(name)
2026-02-13 17:35:48,502 - graph_builder.constraints_manager - INFO - Creating constraints for node type: hardware
2026-02-13 17:35:48,502 - graph_builder.constraints_manager - INFO - Creating constraints for node type: hardware
2026-02-13 17:35:48,502 - graph_builder.constraints_manager - INFO - Creating constraints for node type: hardware
2026-02-13 17:35:48,507 - graph_builder.constraints_manager - INFO - Created composite UNIQUE constraint 'unique_hardware_composite' on NJS_Hardware(agent_id, name)
2026-02-13 17:35:48,507 - graph_builder.constraints_manager - INFO - Created composite UNIQUE constraint 'unique_hardware_composite' on NJS_Hardware(agent_id, name)
2026-02-13 17:35:48,507 - graph_builder.constraints_manager - INFO - Created composite UNIQUE constraint 'unique_hardware_composite' on NJS_Hardware(agent_id, name)
2026-02-13 17:35:48,508 - graph_builder.constraints_manager - INFO - Creating constraints for node type: scanevent
2026-02-13 17:35:48,508 - graph_builder.constraints_manager - INFO - Creating constraints for node type: scanevent
2026-02-13 17:35:48,508 - graph_builder.constraints_manager - INFO - Creating constraints for node type: scanevent
2026-02-13 17:35:48,513 - graph_builder.constraints_manager - INFO - Created UNIQUE constraint 'unique_scanevent_id' on ScanEvent(event_id)
2026-02-13 17:35:48,513 - graph_builder.constraints_manager - INFO - Created UNIQUE constraint 'unique_scanevent_id' on ScanEvent(event_id)
2026-02-13 17:35:48,513 - graph_builder.constraints_manager - INFO - Created UNIQUE constraint 'unique_scanevent_id' on ScanEvent(event_id)
2026-02-13 17:35:48,513 - graph_builder.graph_builder - INFO - asset: 1/1 constraints created successfully
2026-02-13 17:35:48,513 - graph_builder.graph_builder - INFO - asset: 1/1 constraints created successfully
2026-02-13 17:35:48,513 - graph_builder.graph_builder - INFO - asset: 1/1 constraints created successfully
2026-02-13 17:35:48,514 - graph_builder.graph_builder - INFO - host: 1/1 constraints created successfully
2026-02-13 17:35:48,514 - graph_builder.graph_builder - INFO - host: 1/1 constraints created successfully
2026-02-13 17:35:48,514 - graph_builder.graph_builder - INFO - host: 1/1 constraints created successfully
2026-02-13 17:35:48,514 - graph_builder.graph_builder - INFO - software: 1/1 constraints created successfully
2026-02-13 17:35:48,514 - graph_builder.graph_builder - INFO - software: 1/1 constraints created successfully
2026-02-13 17:35:48,514 - graph_builder.graph_builder - INFO - software: 1/1 constraints created successfully
2026-02-13 17:35:48,515 - graph_builder.graph_builder - INFO - vulnerability: 1/1 constraints created successfully
2026-02-13 17:35:48,515 - graph_builder.graph_builder - INFO - vulnerability: 1/1 constraints created successfully
2026-02-13 17:35:48,515 - graph_builder.graph_builder - INFO - vulnerability: 1/1 constraints created successfully
2026-02-13 17:35:48,515 - graph_builder.graph_builder - INFO - assetgroup: 1/1 constraints created successfully
2026-02-13 17:35:48,515 - graph_builder.graph_builder - INFO - assetgroup: 1/1 constraints created successfully
2026-02-13 17:35:48,515 - graph_builder.graph_builder - INFO - assetgroup: 1/1 constraints created successfully
2026-02-13 17:35:48,516 - graph_builder.graph_builder - INFO - hardware: 1/1 constraints created successfully
2026-02-13 17:35:48,516 - graph_builder.graph_builder - INFO - hardware: 1/1 constraints created successfully
2026-02-13 17:35:48,516 - graph_builder.graph_builder - INFO - hardware: 1/1 constraints created successfully
2026-02-13 17:35:48,516 - graph_builder.graph_builder - INFO - scanevent: 1/1 constraints created successfully
2026-02-13 17:35:48,516 - graph_builder.graph_builder - INFO - scanevent: 1/1 constraints created successfully
2026-02-13 17:35:48,516 - graph_builder.graph_builder - INFO - scanevent: 1/1 constraints created successfully
2026-02-13 17:35:48,516 - __main__ - INFO - Constraints setup completed successfully
2026-02-13 17:35:48,517 - __main__ - INFO - 
============================================================
2026-02-13 17:35:48,517 - __main__ - INFO - Creating ScanEvent
2026-02-13 17:35:48,517 - __main__ - INFO - ============================================================
2026-02-13 17:35:48,619 - graph_builder.scanevent_manager - INFO - Created ScanEvent: NODE_N1_SCAN_00004_1770982043
2026-02-13 17:35:48,619 - graph_builder.scanevent_manager - INFO - Created ScanEvent: NODE_N1_SCAN_00004_1770982043
2026-02-13 17:35:48,619 - graph_builder.scanevent_manager - INFO - Created ScanEvent: NODE_N1_SCAN_00004_1770982043
2026-02-13 17:35:48,619 - graph_builder.scanevent_manager - INFO -   Description: STANDARD_BASELINE_LOAD
2026-02-13 17:35:48,619 - graph_builder.scanevent_manager - INFO -   Description: STANDARD_BASELINE_LOAD
2026-02-13 17:35:48,619 - graph_builder.scanevent_manager - INFO -   Description: STANDARD_BASELINE_LOAD
2026-02-13 17:35:48,620 - graph_builder.scanevent_manager - INFO -   Time: 2026-02-13T16:57:23.606436
2026-02-13 17:35:48,620 - graph_builder.scanevent_manager - INFO -   Time: 2026-02-13T16:57:23.606436
2026-02-13 17:35:48,620 - graph_builder.scanevent_manager - INFO -   Time: 2026-02-13T16:57:23.606436
2026-02-13 17:35:48,620 - graph_builder.scanevent_manager - INFO -   Status: Created
2026-02-13 17:35:48,620 - graph_builder.scanevent_manager - INFO -   Status: Created
2026-02-13 17:35:48,620 - graph_builder.scanevent_manager - INFO -   Status: Created
2026-02-13 17:35:48,621 - __main__ - INFO - ScanEvent created: NODE_N1_SCAN_00004_1770982043
2026-02-13 17:35:48,621 - __main__ - INFO - ============================================================
2026-02-13 17:35:48,621 - __main__ - INFO - 
Adding event_id (NODE_N1_SCAN_00004_1770982043) to all nodes...
2026-02-13 17:35:48,649 - __main__ - INFO - 
Inserting asset nodes...
2026-02-13 17:35:48,649 - graph_builder.graph_builder - INFO - ============================================================
2026-02-13 17:35:48,649 - graph_builder.graph_builder - INFO - ============================================================
2026-02-13 17:35:48,649 - graph_builder.graph_builder - INFO - ============================================================
2026-02-13 17:35:48,650 - graph_builder.graph_builder - INFO - Inserting ASSET nodes into Neo4j
2026-02-13 17:35:48,650 - graph_builder.graph_builder - INFO - Inserting ASSET nodes into Neo4j
2026-02-13 17:35:48,650 - graph_builder.graph_builder - INFO - Inserting ASSET nodes into Neo4j
2026-02-13 17:35:48,650 - graph_builder.graph_builder - INFO - ============================================================
2026-02-13 17:35:48,650 - graph_builder.graph_builder - INFO - ============================================================
2026-02-13 17:35:48,650 - graph_builder.graph_builder - INFO - ============================================================
2026-02-13 17:35:48,651 - graph_builder.node_inserter - INFO - Loading nodes from: C:\Users\sgade\OneDrive\Desktop\orbit_node\extracted_data\20260213_164345\asset_nodes_with_event_id.json
2026-02-13 17:35:48,651 - graph_builder.node_inserter - INFO - Loading nodes from: C:\Users\sgade\OneDrive\Desktop\orbit_node\extracted_data\20260213_164345\asset_nodes_with_event_id.json
2026-02-13 17:35:48,651 - graph_builder.node_inserter - INFO - Loading nodes from: C:\Users\sgade\OneDrive\Desktop\orbit_node\extracted_data\20260213_164345\asset_nodes_with_event_id.json
2026-02-13 17:35:48,652 - graph_builder.node_inserter - INFO - Loaded 5 nodes from JSON file
2026-02-13 17:35:48,652 - graph_builder.node_inserter - INFO - Loaded 5 nodes from JSON file
2026-02-13 17:35:48,652 - graph_builder.node_inserter - INFO - Loaded 5 nodes from JSON file
2026-02-13 17:35:48,656 - graph_builder.graph_builder - INFO - Existing NJS_Asset nodes in database: 5
2026-02-13 17:35:48,656 - graph_builder.graph_builder - INFO - Existing NJS_Asset nodes in database: 5
2026-02-13 17:35:48,656 - graph_builder.graph_builder - INFO - Existing NJS_Asset nodes in database: 5
2026-02-13 17:35:48,656 - graph_builder.node_inserter - INFO - Inserting 5 NJS_Asset nodes in batches of 100
2026-02-13 17:35:48,656 - graph_builder.node_inserter - INFO - Inserting 5 NJS_Asset nodes in batches of 100
2026-02-13 17:35:48,656 - graph_builder.node_inserter - INFO - Inserting 5 NJS_Asset nodes in batches of 100
2026-02-13 17:35:48,657 - graph_builder.node_inserter - INFO - Processing batch 1/1 (5 nodes)
2026-02-13 17:35:48,657 - graph_builder.node_inserter - INFO - Processing batch 1/1 (5 nodes)
2026-02-13 17:35:48,657 - graph_builder.node_inserter - INFO - Processing batch 1/1 (5 nodes)
2026-02-13 17:35:48,718 - graph_builder.node_inserter - INFO - Batch insertion complete: 5 succeeded, 0 failed
2026-02-13 17:35:48,718 - graph_builder.node_inserter - INFO - Batch insertion complete: 5 succeeded, 0 failed
2026-02-13 17:35:48,718 - graph_builder.node_inserter - INFO - Batch insertion complete: 5 succeeded, 0 failed
2026-02-13 17:35:48,721 - graph_builder.graph_builder - INFO - Total NJS_Asset nodes in database after insertion: 5
2026-02-13 17:35:48,721 - graph_builder.graph_builder - INFO - Total NJS_Asset nodes in database after insertion: 5
2026-02-13 17:35:48,721 - graph_builder.graph_builder - INFO - Total NJS_Asset nodes in database after insertion: 5
2026-02-13 17:35:48,721 - __main__ - INFO - 
Inserting host nodes...
2026-02-13 17:35:48,721 - graph_builder.graph_builder - INFO - ============================================================
2026-02-13 17:35:48,721 - graph_builder.graph_builder - INFO - ============================================================
2026-02-13 17:35:48,721 - graph_builder.graph_builder - INFO - ============================================================
2026-02-13 17:35:48,722 - graph_builder.graph_builder - INFO - Inserting HOST nodes into Neo4j
2026-02-13 17:35:48,722 - graph_builder.graph_builder - INFO - Inserting HOST nodes into Neo4j
2026-02-13 17:35:48,722 - graph_builder.graph_builder - INFO - Inserting HOST nodes into Neo4j
2026-02-13 17:35:48,722 - graph_builder.graph_builder - INFO - ============================================================
2026-02-13 17:35:48,722 - graph_builder.graph_builder - INFO - ============================================================
2026-02-13 17:35:48,722 - graph_builder.graph_builder - INFO - ============================================================
2026-02-13 17:35:48,723 - graph_builder.node_inserter - INFO - Loading nodes from: C:\Users\sgade\OneDrive\Desktop\orbit_node\extracted_data\20260213_164345\host_nodes_with_event_id.json
2026-02-13 17:35:48,723 - graph_builder.node_inserter - INFO - Loading nodes from: C:\Users\sgade\OneDrive\Desktop\orbit_node\extracted_data\20260213_164345\host_nodes_with_event_id.json
2026-02-13 17:35:48,723 - graph_builder.node_inserter - INFO - Loading nodes from: C:\Users\sgade\OneDrive\Desktop\orbit_node\extracted_data\20260213_164345\host_nodes_with_event_id.json
2026-02-13 17:35:48,723 - graph_builder.node_inserter - INFO - Loaded 5 nodes from JSON file
2026-02-13 17:35:48,723 - graph_builder.node_inserter - INFO - Loaded 5 nodes from JSON file
2026-02-13 17:35:48,723 - graph_builder.node_inserter - INFO - Loaded 5 nodes from JSON file
2026-02-13 17:35:48,727 - graph_builder.graph_builder - INFO - Existing NJS_Host nodes in database: 5
2026-02-13 17:35:48,727 - graph_builder.graph_builder - INFO - Existing NJS_Host nodes in database: 5
2026-02-13 17:35:48,727 - graph_builder.graph_builder - INFO - Existing NJS_Host nodes in database: 5
2026-02-13 17:35:48,727 - graph_builder.node_inserter - INFO - Inserting 5 NJS_Host nodes in batches of 100
2026-02-13 17:35:48,727 - graph_builder.node_inserter - INFO - Inserting 5 NJS_Host nodes in batches of 100
2026-02-13 17:35:48,727 - graph_builder.node_inserter - INFO - Inserting 5 NJS_Host nodes in batches of 100
2026-02-13 17:35:48,728 - graph_builder.node_inserter - INFO - Processing batch 1/1 (5 nodes)
2026-02-13 17:35:48,728 - graph_builder.node_inserter - INFO - Processing batch 1/1 (5 nodes)
2026-02-13 17:35:48,728 - graph_builder.node_inserter - INFO - Processing batch 1/1 (5 nodes)
2026-02-13 17:35:48,752 - graph_builder.node_inserter - INFO - Batch insertion complete: 5 succeeded, 0 failed
2026-02-13 17:35:48,752 - graph_builder.node_inserter - INFO - Batch insertion complete: 5 succeeded, 0 failed
2026-02-13 17:35:48,752 - graph_builder.node_inserter - INFO - Batch insertion complete: 5 succeeded, 0 failed
2026-02-13 17:35:48,755 - graph_builder.graph_builder - INFO - Total NJS_Host nodes in database after insertion: 5
2026-02-13 17:35:48,755 - graph_builder.graph_builder - INFO - Total NJS_Host nodes in database after insertion: 5
2026-02-13 17:35:48,755 - graph_builder.graph_builder - INFO - Total NJS_Host nodes in database after insertion: 5
2026-02-13 17:35:48,755 - __main__ - INFO - 
Inserting software nodes...
2026-02-13 17:35:48,756 - graph_builder.graph_builder - INFO - ============================================================
2026-02-13 17:35:48,756 - graph_builder.graph_builder - INFO - ============================================================
2026-02-13 17:35:48,756 - graph_builder.graph_builder - INFO - ============================================================
2026-02-13 17:35:48,756 - graph_builder.graph_builder - INFO - Inserting SOFTWARE nodes into Neo4j
2026-02-13 17:35:48,756 - graph_builder.graph_builder - INFO - Inserting SOFTWARE nodes into Neo4j
2026-02-13 17:35:48,756 - graph_builder.graph_builder - INFO - Inserting SOFTWARE nodes into Neo4j
2026-02-13 17:35:48,756 - graph_builder.graph_builder - INFO - ============================================================
2026-02-13 17:35:48,756 - graph_builder.graph_builder - INFO - ============================================================
2026-02-13 17:35:48,756 - graph_builder.graph_builder - INFO - ============================================================
2026-02-13 17:35:48,757 - graph_builder.node_inserter - INFO - Loading nodes from: C:\Users\sgade\OneDrive\Desktop\orbit_node\extracted_data\20260213_164345\software_nodes_with_event_id.json
2026-02-13 17:35:48,757 - graph_builder.node_inserter - INFO - Loading nodes from: C:\Users\sgade\OneDrive\Desktop\orbit_node\extracted_data\20260213_164345\software_nodes_with_event_id.json
2026-02-13 17:35:48,757 - graph_builder.node_inserter - INFO - Loading nodes from: C:\Users\sgade\OneDrive\Desktop\orbit_node\extracted_data\20260213_164345\software_nodes_with_event_id.json
2026-02-13 17:35:48,762 - graph_builder.node_inserter - INFO - Loaded 726 nodes from JSON file
2026-02-13 17:35:48,762 - graph_builder.node_inserter - INFO - Loaded 726 nodes from JSON file
2026-02-13 17:35:48,762 - graph_builder.node_inserter - INFO - Loaded 726 nodes from JSON file
2026-02-13 17:35:48,766 - graph_builder.graph_builder - INFO - Existing NJS_Software nodes in database: 583
2026-02-13 17:35:48,766 - graph_builder.graph_builder - INFO - Existing NJS_Software nodes in database: 583
2026-02-13 17:35:48,766 - graph_builder.graph_builder - INFO - Existing NJS_Software nodes in database: 583
2026-02-13 17:35:48,766 - graph_builder.node_inserter - INFO - Inserting 726 NJS_Software nodes in batches of 100
2026-02-13 17:35:48,766 - graph_builder.node_inserter - INFO - Inserting 726 NJS_Software nodes in batches of 100
2026-02-13 17:35:48,766 - graph_builder.node_inserter - INFO - Inserting 726 NJS_Software nodes in batches of 100
2026-02-13 17:35:48,767 - graph_builder.node_inserter - INFO - Processing batch 1/8 (100 nodes)
2026-02-13 17:35:48,767 - graph_builder.node_inserter - INFO - Processing batch 1/8 (100 nodes)
2026-02-13 17:35:48,767 - graph_builder.node_inserter - INFO - Processing batch 1/8 (100 nodes)
2026-02-13 17:35:49,182 - graph_builder.node_inserter - INFO - Processing batch 2/8 (100 nodes)
2026-02-13 17:35:49,182 - graph_builder.node_inserter - INFO - Processing batch 2/8 (100 nodes)
2026-02-13 17:35:49,182 - graph_builder.node_inserter - INFO - Processing batch 2/8 (100 nodes)
2026-02-13 17:35:49,513 - graph_builder.node_inserter - INFO - Processing batch 3/8 (100 nodes)
2026-02-13 17:35:49,513 - graph_builder.node_inserter - INFO - Processing batch 3/8 (100 nodes)
2026-02-13 17:35:49,513 - graph_builder.node_inserter - INFO - Processing batch 3/8 (100 nodes)
2026-02-13 17:35:49,906 - graph_builder.node_inserter - INFO - Processing batch 4/8 (100 nodes)
2026-02-13 17:35:49,906 - graph_builder.node_inserter - INFO - Processing batch 4/8 (100 nodes)
2026-02-13 17:35:49,906 - graph_builder.node_inserter - INFO - Processing batch 4/8 (100 nodes)
2026-02-13 17:35:50,285 - graph_builder.node_inserter - INFO - Processing batch 5/8 (100 nodes)
2026-02-13 17:35:50,285 - graph_builder.node_inserter - INFO - Processing batch 5/8 (100 nodes)
2026-02-13 17:35:50,285 - graph_builder.node_inserter - INFO - Processing batch 5/8 (100 nodes)
2026-02-13 17:35:50,623 - graph_builder.node_inserter - INFO - Processing batch 6/8 (100 nodes)
2026-02-13 17:35:50,623 - graph_builder.node_inserter - INFO - Processing batch 6/8 (100 nodes)
2026-02-13 17:35:50,623 - graph_builder.node_inserter - INFO - Processing batch 6/8 (100 nodes)
2026-02-13 17:35:50,963 - graph_builder.node_inserter - INFO - Processing batch 7/8 (100 nodes)
2026-02-13 17:35:50,963 - graph_builder.node_inserter - INFO - Processing batch 7/8 (100 nodes)
2026-02-13 17:35:50,963 - graph_builder.node_inserter - INFO - Processing batch 7/8 (100 nodes)
2026-02-13 17:35:51,292 - graph_builder.node_inserter - INFO - Processing batch 8/8 (26 nodes)
2026-02-13 17:35:51,292 - graph_builder.node_inserter - INFO - Processing batch 8/8 (26 nodes)
2026-02-13 17:35:51,292 - graph_builder.node_inserter - INFO - Processing batch 8/8 (26 nodes)
2026-02-13 17:35:51,377 - graph_builder.node_inserter - INFO - Batch insertion complete: 726 succeeded, 0 failed
2026-02-13 17:35:51,377 - graph_builder.node_inserter - INFO - Batch insertion complete: 726 succeeded, 0 failed
2026-02-13 17:35:51,377 - graph_builder.node_inserter - INFO - Batch insertion complete: 726 succeeded, 0 failed
2026-02-13 17:35:51,379 - graph_builder.graph_builder - INFO - Total NJS_Software nodes in database after insertion: 583
2026-02-13 17:35:51,379 - graph_builder.graph_builder - INFO - Total NJS_Software nodes in database after insertion: 583
2026-02-13 17:35:51,379 - graph_builder.graph_builder - INFO - Total NJS_Software nodes in database after insertion: 583
2026-02-13 17:35:51,380 - __main__ - INFO - 
Inserting vulnerability nodes...
2026-02-13 17:35:51,380 - graph_builder.graph_builder - INFO - ============================================================
2026-02-13 17:35:51,380 - graph_builder.graph_builder - INFO - ============================================================
2026-02-13 17:35:51,380 - graph_builder.graph_builder - INFO - ============================================================
2026-02-13 17:35:51,380 - graph_builder.graph_builder - INFO - Inserting VULNERABILITY nodes into Neo4j
2026-02-13 17:35:51,380 - graph_builder.graph_builder - INFO - Inserting VULNERABILITY nodes into Neo4j
2026-02-13 17:35:51,380 - graph_builder.graph_builder - INFO - Inserting VULNERABILITY nodes into Neo4j
2026-02-13 17:35:51,381 - graph_builder.graph_builder - INFO - ============================================================
2026-02-13 17:35:51,381 - graph_builder.graph_builder - INFO - ============================================================
2026-02-13 17:35:51,381 - graph_builder.graph_builder - INFO - ============================================================
2026-02-13 17:35:51,381 - graph_builder.node_inserter - INFO - Loading nodes from: C:\Users\sgade\OneDrive\Desktop\orbit_node\extracted_data\20260213_164345\vulnerability_nodes_with_event_id.json
2026-02-13 17:35:51,381 - graph_builder.node_inserter - INFO - Loading nodes from: C:\Users\sgade\OneDrive\Desktop\orbit_node\extracted_data\20260213_164345\vulnerability_nodes_with_event_id.json
2026-02-13 17:35:51,381 - graph_builder.node_inserter - INFO - Loading nodes from: C:\Users\sgade\OneDrive\Desktop\orbit_node\extracted_data\20260213_164345\vulnerability_nodes_with_event_id.json
2026-02-13 17:35:51,382 - graph_builder.node_inserter - INFO - Loaded 53 nodes from JSON file
2026-02-13 17:35:51,382 - graph_builder.node_inserter - INFO - Loaded 53 nodes from JSON file
2026-02-13 17:35:51,382 - graph_builder.node_inserter - INFO - Loaded 53 nodes from JSON file
2026-02-13 17:35:51,384 - graph_builder.graph_builder - INFO - Existing NJS_Vulnerability nodes in database: 40
2026-02-13 17:35:51,384 - graph_builder.graph_builder - INFO - Existing NJS_Vulnerability nodes in database: 40
2026-02-13 17:35:51,384 - graph_builder.graph_builder - INFO - Existing NJS_Vulnerability nodes in database: 40
2026-02-13 17:35:51,385 - graph_builder.node_inserter - INFO - Inserting 53 NJS_Vulnerability nodes in batches of 100
2026-02-13 17:35:51,385 - graph_builder.node_inserter - INFO - Inserting 53 NJS_Vulnerability nodes in batches of 100
2026-02-13 17:35:51,385 - graph_builder.node_inserter - INFO - Inserting 53 NJS_Vulnerability nodes in batches of 100
2026-02-13 17:35:51,385 - graph_builder.node_inserter - INFO - Processing batch 1/1 (53 nodes)
2026-02-13 17:35:51,385 - graph_builder.node_inserter - INFO - Processing batch 1/1 (53 nodes)
2026-02-13 17:35:51,385 - graph_builder.node_inserter - INFO - Processing batch 1/1 (53 nodes)
2026-02-13 17:35:51,560 - graph_builder.node_inserter - INFO - Batch insertion complete: 53 succeeded, 0 failed
2026-02-13 17:35:51,560 - graph_builder.node_inserter - INFO - Batch insertion complete: 53 succeeded, 0 failed
2026-02-13 17:35:51,560 - graph_builder.node_inserter - INFO - Batch insertion complete: 53 succeeded, 0 failed
2026-02-13 17:35:51,563 - graph_builder.graph_builder - INFO - Total NJS_Vulnerability nodes in database after insertion: 40
2026-02-13 17:35:51,563 - graph_builder.graph_builder - INFO - Total NJS_Vulnerability nodes in database after insertion: 40
2026-02-13 17:35:51,563 - graph_builder.graph_builder - INFO - Total NJS_Vulnerability nodes in database after insertion: 40
2026-02-13 17:35:51,563 - __main__ - INFO - 
Inserting assetgroup nodes...
2026-02-13 17:35:51,563 - graph_builder.graph_builder - INFO - ============================================================
2026-02-13 17:35:51,563 - graph_builder.graph_builder - INFO - ============================================================
2026-02-13 17:35:51,563 - graph_builder.graph_builder - INFO - ============================================================
2026-02-13 17:35:51,564 - graph_builder.graph_builder - INFO - Inserting ASSETGROUP nodes into Neo4j
2026-02-13 17:35:51,564 - graph_builder.graph_builder - INFO - Inserting ASSETGROUP nodes into Neo4j
2026-02-13 17:35:51,564 - graph_builder.graph_builder - INFO - Inserting ASSETGROUP nodes into Neo4j
2026-02-13 17:35:51,564 - graph_builder.graph_builder - INFO - ============================================================
2026-02-13 17:35:51,564 - graph_builder.graph_builder - INFO - ============================================================
2026-02-13 17:35:51,564 - graph_builder.graph_builder - INFO - ============================================================
2026-02-13 17:35:51,564 - graph_builder.node_inserter - INFO - Loading nodes from: C:\Users\sgade\OneDrive\Desktop\orbit_node\extracted_data\20260213_164345\assetgroup_nodes_with_event_id.json
2026-02-13 17:35:51,564 - graph_builder.node_inserter - INFO - Loading nodes from: C:\Users\sgade\OneDrive\Desktop\orbit_node\extracted_data\20260213_164345\assetgroup_nodes_with_event_id.json
2026-02-13 17:35:51,564 - graph_builder.node_inserter - INFO - Loading nodes from: C:\Users\sgade\OneDrive\Desktop\orbit_node\extracted_data\20260213_164345\assetgroup_nodes_with_event_id.json
2026-02-13 17:35:51,565 - graph_builder.node_inserter - INFO - Loaded 1 nodes from JSON file
2026-02-13 17:35:51,565 - graph_builder.node_inserter - INFO - Loaded 1 nodes from JSON file
2026-02-13 17:35:51,565 - graph_builder.node_inserter - INFO - Loaded 1 nodes from JSON file
2026-02-13 17:35:51,567 - graph_builder.graph_builder - INFO - Existing NJS_AssetGroup nodes in database: 1
2026-02-13 17:35:51,567 - graph_builder.graph_builder - INFO - Existing NJS_AssetGroup nodes in database: 1
2026-02-13 17:35:51,567 - graph_builder.graph_builder - INFO - Existing NJS_AssetGroup nodes in database: 1
2026-02-13 17:35:51,567 - graph_builder.node_inserter - INFO - Inserting 1 NJS_AssetGroup nodes in batches of 100
2026-02-13 17:35:51,567 - graph_builder.node_inserter - INFO - Inserting 1 NJS_AssetGroup nodes in batches of 100
2026-02-13 17:35:51,567 - graph_builder.node_inserter - INFO - Inserting 1 NJS_AssetGroup nodes in batches of 100
2026-02-13 17:35:51,568 - graph_builder.node_inserter - INFO - Processing batch 1/1 (1 nodes)
2026-02-13 17:35:51,568 - graph_builder.node_inserter - INFO - Processing batch 1/1 (1 nodes)
2026-02-13 17:35:51,568 - graph_builder.node_inserter - INFO - Processing batch 1/1 (1 nodes)
2026-02-13 17:35:51,572 - graph_builder.node_inserter - INFO - Batch insertion complete: 1 succeeded, 0 failed
2026-02-13 17:35:51,572 - graph_builder.node_inserter - INFO - Batch insertion complete: 1 succeeded, 0 failed
2026-02-13 17:35:51,572 - graph_builder.node_inserter - INFO - Batch insertion complete: 1 succeeded, 0 failed
2026-02-13 17:35:51,573 - graph_builder.graph_builder - INFO - Total NJS_AssetGroup nodes in database after insertion: 1
2026-02-13 17:35:51,573 - graph_builder.graph_builder - INFO - Total NJS_AssetGroup nodes in database after insertion: 1
2026-02-13 17:35:51,573 - graph_builder.graph_builder - INFO - Total NJS_AssetGroup nodes in database after insertion: 1
2026-02-13 17:35:51,574 - __main__ - INFO - 
Inserting hardware nodes...
2026-02-13 17:35:51,574 - graph_builder.graph_builder - INFO - ============================================================
2026-02-13 17:35:51,574 - graph_builder.graph_builder - INFO - ============================================================
2026-02-13 17:35:51,574 - graph_builder.graph_builder - INFO - ============================================================
2026-02-13 17:35:51,574 - graph_builder.graph_builder - INFO - Inserting HARDWARE nodes into Neo4j
2026-02-13 17:35:51,574 - graph_builder.graph_builder - INFO - Inserting HARDWARE nodes into Neo4j
2026-02-13 17:35:51,574 - graph_builder.graph_builder - INFO - Inserting HARDWARE nodes into Neo4j
2026-02-13 17:35:51,575 - graph_builder.graph_builder - INFO - ============================================================
2026-02-13 17:35:51,575 - graph_builder.graph_builder - INFO - ============================================================
2026-02-13 17:35:51,575 - graph_builder.graph_builder - INFO - ============================================================
2026-02-13 17:35:51,575 - graph_builder.node_inserter - INFO - Loading nodes from: C:\Users\sgade\OneDrive\Desktop\orbit_node\extracted_data\20260213_164345\hardware_nodes_with_event_id.json
2026-02-13 17:35:51,575 - graph_builder.node_inserter - INFO - Loading nodes from: C:\Users\sgade\OneDrive\Desktop\orbit_node\extracted_data\20260213_164345\hardware_nodes_with_event_id.json
2026-02-13 17:35:51,575 - graph_builder.node_inserter - INFO - Loading nodes from: C:\Users\sgade\OneDrive\Desktop\orbit_node\extracted_data\20260213_164345\hardware_nodes_with_event_id.json
2026-02-13 17:35:51,575 - graph_builder.node_inserter - INFO - Loaded 5 nodes from JSON file
2026-02-13 17:35:51,575 - graph_builder.node_inserter - INFO - Loaded 5 nodes from JSON file
2026-02-13 17:35:51,575 - graph_builder.node_inserter - INFO - Loaded 5 nodes from JSON file
2026-02-13 17:35:51,577 - graph_builder.graph_builder - INFO - Existing NJS_Hardware nodes in database: 5
2026-02-13 17:35:51,577 - graph_builder.graph_builder - INFO - Existing NJS_Hardware nodes in database: 5
2026-02-13 17:35:51,577 - graph_builder.graph_builder - INFO - Existing NJS_Hardware nodes in database: 5
2026-02-13 17:35:51,577 - graph_builder.node_inserter - INFO - Inserting 5 NJS_Hardware nodes in batches of 100
2026-02-13 17:35:51,577 - graph_builder.node_inserter - INFO - Inserting 5 NJS_Hardware nodes in batches of 100
2026-02-13 17:35:51,577 - graph_builder.node_inserter - INFO - Inserting 5 NJS_Hardware nodes in batches of 100
2026-02-13 17:35:51,578 - graph_builder.node_inserter - INFO - Processing batch 1/1 (5 nodes)
2026-02-13 17:35:51,578 - graph_builder.node_inserter - INFO - Processing batch 1/1 (5 nodes)
2026-02-13 17:35:51,578 - graph_builder.node_inserter - INFO - Processing batch 1/1 (5 nodes)
2026-02-13 17:35:51,596 - graph_builder.node_inserter - INFO - Batch insertion complete: 5 succeeded, 0 failed
2026-02-13 17:35:51,596 - graph_builder.node_inserter - INFO - Batch insertion complete: 5 succeeded, 0 failed
2026-02-13 17:35:51,596 - graph_builder.node_inserter - INFO - Batch insertion complete: 5 succeeded, 0 failed
2026-02-13 17:35:51,598 - graph_builder.graph_builder - INFO - Total NJS_Hardware nodes in database after insertion: 5
2026-02-13 17:35:51,598 - graph_builder.graph_builder - INFO - Total NJS_Hardware nodes in database after insertion: 5
2026-02-13 17:35:51,598 - graph_builder.graph_builder - INFO - Total NJS_Hardware nodes in database after insertion: 5
2026-02-13 17:35:51,599 - __main__ - INFO - 
============================================================
2026-02-13 17:35:51,599 - __main__ - INFO - CREATING RELATIONSHIPS
2026-02-13 17:35:51,600 - __main__ - INFO - ============================================================
2026-02-13 17:35:51,600 - __main__ - INFO - Starting relationship creation process...
2026-02-13 17:35:51,600 - graph_builder.graph_builder - INFO - ============================================================
2026-02-13 17:35:51,600 - graph_builder.graph_builder - INFO - ============================================================
2026-02-13 17:35:51,600 - graph_builder.graph_builder - INFO - ============================================================
2026-02-13 17:35:51,601 - graph_builder.graph_builder - INFO - Creating Relationships
2026-02-13 17:35:51,601 - graph_builder.graph_builder - INFO - Creating Relationships
2026-02-13 17:35:51,601 - graph_builder.graph_builder - INFO - Creating Relationships
2026-02-13 17:35:51,601 - graph_builder.graph_builder - INFO - ============================================================
2026-02-13 17:35:51,601 - graph_builder.graph_builder - INFO - ============================================================
2026-02-13 17:35:51,601 - graph_builder.graph_builder - INFO - ============================================================
2026-02-13 17:35:51,601 - graph_builder.relationship_manager - INFO - ============================================================
2026-02-13 17:35:51,601 - graph_builder.relationship_manager - INFO - ============================================================
2026-02-13 17:35:51,601 - graph_builder.relationship_manager - INFO - ============================================================
2026-02-13 17:35:51,602 - graph_builder.relationship_manager - INFO - Starting relationship creation from config
2026-02-13 17:35:51,602 - graph_builder.relationship_manager - INFO - Starting relationship creation from config
2026-02-13 17:35:51,602 - graph_builder.relationship_manager - INFO - Starting relationship creation from config
2026-02-13 17:35:51,602 - graph_builder.relationship_manager - INFO - ============================================================
2026-02-13 17:35:51,602 - graph_builder.relationship_manager - INFO - ============================================================
2026-02-13 17:35:51,602 - graph_builder.relationship_manager - INFO - ============================================================
2026-02-13 17:35:51,602 - graph_builder.relationship_manager - INFO - Found 13 relationship definitions in config
2026-02-13 17:35:51,602 - graph_builder.relationship_manager - INFO - Found 13 relationship definitions in config
2026-02-13 17:35:51,602 - graph_builder.relationship_manager - INFO - Found 13 relationship definitions in config
2026-02-13 17:35:51,603 - graph_builder.relationship_manager - INFO - Creating relationship 'asset_to_host': NJS_Asset-[:NJS_HAS_OS]->NJS_Host
2026-02-13 17:35:51,603 - graph_builder.relationship_manager - INFO - Creating relationship 'asset_to_host': NJS_Asset-[:NJS_HAS_OS]->NJS_Host
2026-02-13 17:35:51,603 - graph_builder.relationship_manager - INFO - Creating relationship 'asset_to_host': NJS_Asset-[:NJS_HAS_OS]->NJS_Host
2026-02-13 17:35:51,603 - graph_builder.relationship_manager - INFO - Querying NJS_Asset nodes for asset_id values...
2026-02-13 17:35:51,603 - graph_builder.relationship_manager - INFO - Querying NJS_Asset nodes for asset_id values...
2026-02-13 17:35:51,603 - graph_builder.relationship_manager - INFO - Querying NJS_Asset nodes for asset_id values...
2026-02-13 17:35:51,606 - graph_builder.relationship_manager - INFO - Found 5 asset_id values from NJS_Asset nodes
2026-02-13 17:35:51,606 - graph_builder.relationship_manager - INFO - Found 5 asset_id values from NJS_Asset nodes
2026-02-13 17:35:51,606 - graph_builder.relationship_manager - INFO - Found 5 asset_id values from NJS_Asset nodes
2026-02-13 17:35:51,606 - graph_builder.relationship_manager - INFO - Loading source data from: C:\Users\sgade\OneDrive\Desktop\orbit_node\collected_data\20260210_201344\host
2026-02-13 17:35:51,606 - graph_builder.relationship_manager - INFO - Loading source data from: C:\Users\sgade\OneDrive\Desktop\orbit_node\collected_data\20260210_201344\host
2026-02-13 17:35:51,606 - graph_builder.relationship_manager - INFO - Loading source data from: C:\Users\sgade\OneDrive\Desktop\orbit_node\collected_data\20260210_201344\host
2026-02-13 17:35:51,607 - graph_builder.relationship_manager - INFO - Source file pattern: Syscollector_OS_Info_{agent_id}.json
2026-02-13 17:35:51,607 - graph_builder.relationship_manager - INFO - Source file pattern: Syscollector_OS_Info_{agent_id}.json
2026-02-13 17:35:51,607 - graph_builder.relationship_manager - INFO - Source file pattern: Syscollector_OS_Info_{agent_id}.json
2026-02-13 17:35:51,607 - graph_builder.relationship_manager - INFO - Agent IDs: ['000', '001', '002', '003', '004']
2026-02-13 17:35:51,607 - graph_builder.relationship_manager - INFO - Agent IDs: ['000', '001', '002', '003', '004']
2026-02-13 17:35:51,607 - graph_builder.relationship_manager - INFO - Agent IDs: ['000', '001', '002', '003', '004']
2026-02-13 17:35:51,609 - graph_builder.relationship_manager - INFO - Loaded 5 items from source data
2026-02-13 17:35:51,609 - graph_builder.relationship_manager - INFO - Loaded 5 items from source data
2026-02-13 17:35:51,609 - graph_builder.relationship_manager - INFO - Loaded 5 items from source data
2026-02-13 17:35:51,610 - graph_builder.relationship_manager - INFO - Sample source item keys: ['os', 'scan', 'architecture', 'release', 'sysname', 'hostname', 'version', 'agent_id', '_agent_id']
2026-02-13 17:35:51,610 - graph_builder.relationship_manager - INFO - Sample source item keys: ['os', 'scan', 'architecture', 'release', 'sysname', 'hostname', 'version', 'agent_id', '_agent_id']
2026-02-13 17:35:51,610 - graph_builder.relationship_manager - INFO - Sample source item keys: ['os', 'scan', 'architecture', 'release', 'sysname', 'hostname', 'version', 'agent_id', '_agent_id']
2026-02-13 17:35:51,610 - graph_builder.relationship_manager - INFO - Prepared 5 relationships to create from source data
2026-02-13 17:35:51,610 - graph_builder.relationship_manager - INFO - Prepared 5 relationships to create from source data
2026-02-13 17:35:51,610 - graph_builder.relationship_manager - INFO - Prepared 5 relationships to create from source data
2026-02-13 17:35:51,611 - graph_builder.relationship_manager - INFO - Creating 5 relationships using source data
2026-02-13 17:35:51,611 - graph_builder.relationship_manager - INFO - Creating 5 relationships using source data
2026-02-13 17:35:51,611 - graph_builder.relationship_manager - INFO - Creating 5 relationships using source data
2026-02-13 17:35:51,611 - graph_builder.relationship_manager - INFO - Executing relationship creation query
2026-02-13 17:35:51,611 - graph_builder.relationship_manager - INFO - Executing relationship creation query
2026-02-13 17:35:51,611 - graph_builder.relationship_manager - INFO - Executing relationship creation query
2026-02-13 17:35:51,659 - graph_builder.relationship_manager - INFO - Query result: [{'count': 11}]
2026-02-13 17:35:51,659 - graph_builder.relationship_manager - INFO - Query result: [{'count': 11}]
2026-02-13 17:35:51,659 - graph_builder.relationship_manager - INFO - Query result: [{'count': 11}]
2026-02-13 17:35:51,659 - graph_builder.relationship_manager - INFO - Created 11 NJS_HAS_OS relationships from NJS_Asset to NJS_Host using source data
2026-02-13 17:35:51,659 - graph_builder.relationship_manager - INFO - Created 11 NJS_HAS_OS relationships from NJS_Asset to NJS_Host using source data
2026-02-13 17:35:51,659 - graph_builder.relationship_manager - INFO - Created 11 NJS_HAS_OS relationships from NJS_Asset to NJS_Host using source data
2026-02-13 17:35:51,660 - graph_builder.relationship_manager - INFO - Relationship 'asset_to_host' result: {'success': 11, 'failed': 0, 'total': 11}
2026-02-13 17:35:51,660 - graph_builder.relationship_manager - INFO - Relationship 'asset_to_host' result: {'success': 11, 'failed': 0, 'total': 11}
2026-02-13 17:35:51,660 - graph_builder.relationship_manager - INFO - Relationship 'asset_to_host' result: {'success': 11, 'failed': 0, 'total': 11}
2026-02-13 17:35:51,660 - graph_builder.relationship_manager - INFO - Creating relationship 'host_to_software': NJS_Host-[:NJS_INSTALLED_ON]->NJS_Software
2026-02-13 17:35:51,660 - graph_builder.relationship_manager - INFO - Creating relationship 'host_to_software': NJS_Host-[:NJS_INSTALLED_ON]->NJS_Software
2026-02-13 17:35:51,660 - graph_builder.relationship_manager - INFO - Creating relationship 'host_to_software': NJS_Host-[:NJS_INSTALLED_ON]->NJS_Software
2026-02-13 17:35:51,660 - graph_builder.relationship_manager - INFO - Querying NJS_Host nodes for agent_id values...
2026-02-13 17:35:51,660 - graph_builder.relationship_manager - INFO - Querying NJS_Host nodes for agent_id values...
2026-02-13 17:35:51,660 - graph_builder.relationship_manager - INFO - Querying NJS_Host nodes for agent_id values...
2026-02-13 17:35:51,664 - graph_builder.relationship_manager - INFO - Found 5 agent_id values from NJS_Host nodes
2026-02-13 17:35:51,664 - graph_builder.relationship_manager - INFO - Found 5 agent_id values from NJS_Host nodes
2026-02-13 17:35:51,664 - graph_builder.relationship_manager - INFO - Found 5 agent_id values from NJS_Host nodes
2026-02-13 17:35:51,665 - graph_builder.relationship_manager - INFO - Loading source data from: C:\Users\sgade\OneDrive\Desktop\orbit_node\collected_data\20260210_201344\packages
2026-02-13 17:35:51,665 - graph_builder.relationship_manager - INFO - Loading source data from: C:\Users\sgade\OneDrive\Desktop\orbit_node\collected_data\20260210_201344\packages
2026-02-13 17:35:51,665 - graph_builder.relationship_manager - INFO - Loading source data from: C:\Users\sgade\OneDrive\Desktop\orbit_node\collected_data\20260210_201344\packages
2026-02-13 17:35:51,665 - graph_builder.relationship_manager - INFO - Source file pattern: Syscollector_Packages_{agent_id}.json
2026-02-13 17:35:51,665 - graph_builder.relationship_manager - INFO - Source file pattern: Syscollector_Packages_{agent_id}.json
2026-02-13 17:35:51,665 - graph_builder.relationship_manager - INFO - Source file pattern: Syscollector_Packages_{agent_id}.json
2026-02-13 17:35:51,666 - graph_builder.relationship_manager - INFO - Agent IDs: ['000', '001', '002', '003', '004']
2026-02-13 17:35:51,666 - graph_builder.relationship_manager - INFO - Agent IDs: ['000', '001', '002', '003', '004']
2026-02-13 17:35:51,666 - graph_builder.relationship_manager - INFO - Agent IDs: ['000', '001', '002', '003', '004']
2026-02-13 17:35:51,676 - graph_builder.relationship_manager - INFO - Loaded 726 items from source data
2026-02-13 17:35:51,676 - graph_builder.relationship_manager - INFO - Loaded 726 items from source data
2026-02-13 17:35:51,676 - graph_builder.relationship_manager - INFO - Loaded 726 items from source data
2026-02-13 17:35:51,676 - graph_builder.relationship_manager - INFO - Sample source item keys: ['scan', 'name', 'vendor', 'location', 'source', 'format', 'section', 'size', 'description', 'install_time']
2026-02-13 17:35:51,676 - graph_builder.relationship_manager - INFO - Sample source item keys: ['scan', 'name', 'vendor', 'location', 'source', 'format', 'section', 'size', 'description', 'install_time']
2026-02-13 17:35:51,676 - graph_builder.relationship_manager - INFO - Sample source item keys: ['scan', 'name', 'vendor', 'location', 'source', 'format', 'section', 'size', 'description', 'install_time']
2026-02-13 17:35:51,677 - graph_builder.relationship_manager - INFO - Prepared 726 relationships to create from source data
2026-02-13 17:35:51,677 - graph_builder.relationship_manager - INFO - Prepared 726 relationships to create from source data
2026-02-13 17:35:51,677 - graph_builder.relationship_manager - INFO - Prepared 726 relationships to create from source data
2026-02-13 17:35:51,678 - graph_builder.relationship_manager - INFO - Creating 726 relationships using source data
2026-02-13 17:35:51,678 - graph_builder.relationship_manager - INFO - Creating 726 relationships using source data
2026-02-13 17:35:51,678 - graph_builder.relationship_manager - INFO - Creating 726 relationships using source data
2026-02-13 17:35:51,678 - graph_builder.relationship_manager - INFO - Executing relationship creation query
2026-02-13 17:35:51,678 - graph_builder.relationship_manager - INFO - Executing relationship creation query
2026-02-13 17:35:51,678 - graph_builder.relationship_manager - INFO - Executing relationship creation query
2026-02-13 17:35:51,828 - graph_builder.relationship_manager - INFO - Query result: [{'count': 726}]
2026-02-13 17:35:51,828 - graph_builder.relationship_manager - INFO - Query result: [{'count': 726}]
2026-02-13 17:35:51,828 - graph_builder.relationship_manager - INFO - Query result: [{'count': 726}]
2026-02-13 17:35:51,828 - graph_builder.relationship_manager - INFO - Created 726 NJS_INSTALLED_ON relationships from NJS_Host to NJS_Software using source data
2026-02-13 17:35:51,828 - graph_builder.relationship_manager - INFO - Created 726 NJS_INSTALLED_ON relationships from NJS_Host to NJS_Software using source data
2026-02-13 17:35:51,828 - graph_builder.relationship_manager - INFO - Created 726 NJS_INSTALLED_ON relationships from NJS_Host to NJS_Software using source data
2026-02-13 17:35:51,830 - graph_builder.relationship_manager - INFO - Relationship 'host_to_software' result: {'success': 726, 'failed': 0, 'total': 726}
2026-02-13 17:35:51,830 - graph_builder.relationship_manager - INFO - Relationship 'host_to_software' result: {'success': 726, 'failed': 0, 'total': 726}
2026-02-13 17:35:51,830 - graph_builder.relationship_manager - INFO - Relationship 'host_to_software' result: {'success': 726, 'failed': 0, 'total': 726}
2026-02-13 17:35:51,830 - graph_builder.relationship_manager - INFO - Creating relationship 'asset_to_software': NJS_Asset-[:NJS_HAS_SOFTWARE]->NJS_Software
2026-02-13 17:35:51,830 - graph_builder.relationship_manager - INFO - Creating relationship 'asset_to_software': NJS_Asset-[:NJS_HAS_SOFTWARE]->NJS_Software
2026-02-13 17:35:51,830 - graph_builder.relationship_manager - INFO - Creating relationship 'asset_to_software': NJS_Asset-[:NJS_HAS_SOFTWARE]->NJS_Software
2026-02-13 17:35:51,831 - graph_builder.relationship_manager - INFO - Querying NJS_Asset nodes for asset_id values...
2026-02-13 17:35:51,831 - graph_builder.relationship_manager - INFO - Querying NJS_Asset nodes for asset_id values...
2026-02-13 17:35:51,831 - graph_builder.relationship_manager - INFO - Querying NJS_Asset nodes for asset_id values...
2026-02-13 17:35:51,834 - graph_builder.relationship_manager - INFO - Found 5 asset_id values from NJS_Asset nodes
2026-02-13 17:35:51,834 - graph_builder.relationship_manager - INFO - Found 5 asset_id values from NJS_Asset nodes
2026-02-13 17:35:51,834 - graph_builder.relationship_manager - INFO - Found 5 asset_id values from NJS_Asset nodes
2026-02-13 17:35:51,834 - graph_builder.relationship_manager - INFO - Loading source data from: C:\Users\sgade\OneDrive\Desktop\orbit_node\collected_data\20260210_201344\packages
2026-02-13 17:35:51,834 - graph_builder.relationship_manager - INFO - Loading source data from: C:\Users\sgade\OneDrive\Desktop\orbit_node\collected_data\20260210_201344\packages
2026-02-13 17:35:51,834 - graph_builder.relationship_manager - INFO - Loading source data from: C:\Users\sgade\OneDrive\Desktop\orbit_node\collected_data\20260210_201344\packages
2026-02-13 17:35:51,835 - graph_builder.relationship_manager - INFO - Source file pattern: Syscollector_Packages_{agent_id}.json
2026-02-13 17:35:51,835 - graph_builder.relationship_manager - INFO - Source file pattern: Syscollector_Packages_{agent_id}.json
2026-02-13 17:35:51,835 - graph_builder.relationship_manager - INFO - Source file pattern: Syscollector_Packages_{agent_id}.json
2026-02-13 17:35:51,835 - graph_builder.relationship_manager - INFO - Agent IDs: ['000', '001', '002', '003', '004']
2026-02-13 17:35:51,835 - graph_builder.relationship_manager - INFO - Agent IDs: ['000', '001', '002', '003', '004']
2026-02-13 17:35:51,835 - graph_builder.relationship_manager - INFO - Agent IDs: ['000', '001', '002', '003', '004']
2026-02-13 17:35:51,842 - graph_builder.relationship_manager - INFO - Loaded 726 items from source data
2026-02-13 17:35:51,842 - graph_builder.relationship_manager - INFO - Loaded 726 items from source data
2026-02-13 17:35:51,842 - graph_builder.relationship_manager - INFO - Loaded 726 items from source data
2026-02-13 17:35:51,842 - graph_builder.relationship_manager - INFO - Sample source item keys: ['scan', 'name', 'vendor', 'location', 'source', 'format', 'section', 'size', 'description', 'install_time']
2026-02-13 17:35:51,842 - graph_builder.relationship_manager - INFO - Sample source item keys: ['scan', 'name', 'vendor', 'location', 'source', 'format', 'section', 'size', 'description', 'install_time']
2026-02-13 17:35:51,842 - graph_builder.relationship_manager - INFO - Sample source item keys: ['scan', 'name', 'vendor', 'location', 'source', 'format', 'section', 'size', 'description', 'install_time']
2026-02-13 17:35:51,845 - graph_builder.relationship_manager - INFO - Prepared 726 relationships to create from source data
2026-02-13 17:35:51,845 - graph_builder.relationship_manager - INFO - Prepared 726 relationships to create from source data
2026-02-13 17:35:51,845 - graph_builder.relationship_manager - INFO - Prepared 726 relationships to create from source data
2026-02-13 17:35:51,845 - graph_builder.relationship_manager - INFO - Creating 726 relationships using source data
2026-02-13 17:35:51,845 - graph_builder.relationship_manager - INFO - Creating 726 relationships using source data
2026-02-13 17:35:51,845 - graph_builder.relationship_manager - INFO - Creating 726 relationships using source data
2026-02-13 17:35:51,845 - graph_builder.relationship_manager - INFO - Executing relationship creation query
2026-02-13 17:35:51,845 - graph_builder.relationship_manager - INFO - Executing relationship creation query
2026-02-13 17:35:51,845 - graph_builder.relationship_manager - INFO - Executing relationship creation query
2026-02-13 17:35:51,949 - graph_builder.relationship_manager - INFO - Query result: [{'count': 726}]
2026-02-13 17:35:51,949 - graph_builder.relationship_manager - INFO - Query result: [{'count': 726}]
2026-02-13 17:35:51,949 - graph_builder.relationship_manager - INFO - Query result: [{'count': 726}]
2026-02-13 17:35:51,950 - graph_builder.relationship_manager - INFO - Created 726 NJS_HAS_SOFTWARE relationships from NJS_Asset to NJS_Software using source data
2026-02-13 17:35:51,950 - graph_builder.relationship_manager - INFO - Created 726 NJS_HAS_SOFTWARE relationships from NJS_Asset to NJS_Software using source data
2026-02-13 17:35:51,950 - graph_builder.relationship_manager - INFO - Created 726 NJS_HAS_SOFTWARE relationships from NJS_Asset to NJS_Software using source data
2026-02-13 17:35:51,951 - graph_builder.relationship_manager - INFO - Relationship 'asset_to_software' result: {'success': 726, 'failed': 0, 'total': 726}
2026-02-13 17:35:51,951 - graph_builder.relationship_manager - INFO - Relationship 'asset_to_software' result: {'success': 726, 'failed': 0, 'total': 726}
2026-02-13 17:35:51,951 - graph_builder.relationship_manager - INFO - Relationship 'asset_to_software' result: {'success': 726, 'failed': 0, 'total': 726}
2026-02-13 17:35:51,951 - graph_builder.relationship_manager - INFO - Creating relationship 'software_to_vulnerability': NJS_Software-[:NJS_VULNERABLE_TO]->NJS_Vulnerability
2026-02-13 17:35:51,951 - graph_builder.relationship_manager - INFO - Creating relationship 'software_to_vulnerability': NJS_Software-[:NJS_VULNERABLE_TO]->NJS_Vulnerability
2026-02-13 17:35:51,951 - graph_builder.relationship_manager - INFO - Creating relationship 'software_to_vulnerability': NJS_Software-[:NJS_VULNERABLE_TO]->NJS_Vulnerability
2026-02-13 17:35:51,952 - graph_builder.relationship_manager - INFO - Querying NJS_Software nodes for name values...
2026-02-13 17:35:51,952 - graph_builder.relationship_manager - INFO - Querying NJS_Software nodes for name values...
2026-02-13 17:35:51,952 - graph_builder.relationship_manager - INFO - Querying NJS_Software nodes for name values...
2026-02-13 17:35:52,010 - graph_builder.relationship_manager - INFO - Found 583 name values from NJS_Software nodes
2026-02-13 17:35:52,010 - graph_builder.relationship_manager - INFO - Found 583 name values from NJS_Software nodes
2026-02-13 17:35:52,010 - graph_builder.relationship_manager - INFO - Found 583 name values from NJS_Software nodes
2026-02-13 17:35:52,014 - graph_builder.relationship_manager - INFO - Loading all agent files for 5 agents
2026-02-13 17:35:52,014 - graph_builder.relationship_manager - INFO - Loading all agent files for 5 agents
2026-02-13 17:35:52,014 - graph_builder.relationship_manager - INFO - Loading all agent files for 5 agents
2026-02-13 17:35:52,015 - graph_builder.relationship_manager - INFO - Loading source data from: C:\Users\sgade\OneDrive\Desktop\orbit_node\collected_data\20260210_201344\vulnerabilities
2026-02-13 17:35:52,015 - graph_builder.relationship_manager - INFO - Loading source data from: C:\Users\sgade\OneDrive\Desktop\orbit_node\collected_data\20260210_201344\vulnerabilities
2026-02-13 17:35:52,015 - graph_builder.relationship_manager - INFO - Loading source data from: C:\Users\sgade\OneDrive\Desktop\orbit_node\collected_data\20260210_201344\vulnerabilities
2026-02-13 17:35:52,015 - graph_builder.relationship_manager - INFO - Source file pattern: Vulnerabilities_{agent_id}.json
2026-02-13 17:35:52,015 - graph_builder.relationship_manager - INFO - Source file pattern: Vulnerabilities_{agent_id}.json
2026-02-13 17:35:52,015 - graph_builder.relationship_manager - INFO - Source file pattern: Vulnerabilities_{agent_id}.json
2026-02-13 17:35:52,015 - graph_builder.relationship_manager - INFO - Agent IDs: ['000', '001', '002', '003', '004']
2026-02-13 17:35:52,015 - graph_builder.relationship_manager - INFO - Agent IDs: ['000', '001', '002', '003', '004']
2026-02-13 17:35:52,015 - graph_builder.relationship_manager - INFO - Agent IDs: ['000', '001', '002', '003', '004']
2026-02-13 17:35:52,019 - graph_builder.relationship_manager - INFO - Loaded 53 items from source data
2026-02-13 17:35:52,019 - graph_builder.relationship_manager - INFO - Loaded 53 items from source data
2026-02-13 17:35:52,019 - graph_builder.relationship_manager - INFO - Loaded 53 items from source data
2026-02-13 17:35:52,019 - graph_builder.relationship_manager - INFO - Sample source item keys: ['agent_id', 'agent_name', 'cve', 'severity', 'title', 'description', 'published', 'status', 'cvss', 'package_name']
2026-02-13 17:35:52,019 - graph_builder.relationship_manager - INFO - Sample source item keys: ['agent_id', 'agent_name', 'cve', 'severity', 'title', 'description', 'published', 'status', 'cvss', 'package_name']
2026-02-13 17:35:52,019 - graph_builder.relationship_manager - INFO - Sample source item keys: ['agent_id', 'agent_name', 'cve', 'severity', 'title', 'description', 'published', 'status', 'cvss', 'package_name']
2026-02-13 17:35:52,020 - graph_builder.relationship_manager - INFO - Prepared 53 relationships to create from source data
2026-02-13 17:35:52,020 - graph_builder.relationship_manager - INFO - Prepared 53 relationships to create from source data
2026-02-13 17:35:52,020 - graph_builder.relationship_manager - INFO - Prepared 53 relationships to create from source data
2026-02-13 17:35:52,020 - graph_builder.relationship_manager - INFO - Creating 53 relationships using source data
2026-02-13 17:35:52,020 - graph_builder.relationship_manager - INFO - Creating 53 relationships using source data
2026-02-13 17:35:52,020 - graph_builder.relationship_manager - INFO - Creating 53 relationships using source data
2026-02-13 17:35:52,021 - graph_builder.relationship_manager - INFO - Executing relationship creation query
2026-02-13 17:35:52,021 - graph_builder.relationship_manager - INFO - Executing relationship creation query
2026-02-13 17:35:52,021 - graph_builder.relationship_manager - INFO - Executing relationship creation query
2026-02-13 17:35:52,076 - graph_builder.relationship_manager - INFO - Query result: [{'count': 53}]
2026-02-13 17:35:52,076 - graph_builder.relationship_manager - INFO - Query result: [{'count': 53}]
2026-02-13 17:35:52,076 - graph_builder.relationship_manager - INFO - Query result: [{'count': 53}]
2026-02-13 17:35:52,077 - graph_builder.relationship_manager - INFO - Created 53 NJS_VULNERABLE_TO relationships from NJS_Software to NJS_Vulnerability using source data
2026-02-13 17:35:52,077 - graph_builder.relationship_manager - INFO - Created 53 NJS_VULNERABLE_TO relationships from NJS_Software to NJS_Vulnerability using source data
2026-02-13 17:35:52,077 - graph_builder.relationship_manager - INFO - Created 53 NJS_VULNERABLE_TO relationships from NJS_Software to NJS_Vulnerability using source data
2026-02-13 17:35:52,078 - graph_builder.relationship_manager - INFO - Relationship 'software_to_vulnerability' result: {'success': 53, 'failed': 0, 'total': 53}
2026-02-13 17:35:52,078 - graph_builder.relationship_manager - INFO - Relationship 'software_to_vulnerability' result: {'success': 53, 'failed': 0, 'total': 53}
2026-02-13 17:35:52,078 - graph_builder.relationship_manager - INFO - Relationship 'software_to_vulnerability' result: {'success': 53, 'failed': 0, 'total': 53}
2026-02-13 17:35:52,078 - graph_builder.relationship_manager - INFO - Creating relationship 'asset_to_vulnerability': NJS_Asset-[:NJS_AFFECTED_BY]->NJS_Vulnerability
2026-02-13 17:35:52,078 - graph_builder.relationship_manager - INFO - Creating relationship 'asset_to_vulnerability': NJS_Asset-[:NJS_AFFECTED_BY]->NJS_Vulnerability
2026-02-13 17:35:52,078 - graph_builder.relationship_manager - INFO - Creating relationship 'asset_to_vulnerability': NJS_Asset-[:NJS_AFFECTED_BY]->NJS_Vulnerability
2026-02-13 17:35:52,078 - graph_builder.relationship_manager - INFO - Querying NJS_Asset nodes for asset_id values...
2026-02-13 17:35:52,078 - graph_builder.relationship_manager - INFO - Querying NJS_Asset nodes for asset_id values...
2026-02-13 17:35:52,078 - graph_builder.relationship_manager - INFO - Querying NJS_Asset nodes for asset_id values...
2026-02-13 17:35:52,082 - graph_builder.relationship_manager - INFO - Found 5 asset_id values from NJS_Asset nodes
2026-02-13 17:35:52,082 - graph_builder.relationship_manager - INFO - Found 5 asset_id values from NJS_Asset nodes
2026-02-13 17:35:52,082 - graph_builder.relationship_manager - INFO - Found 5 asset_id values from NJS_Asset nodes
2026-02-13 17:35:52,085 - graph_builder.relationship_manager - INFO - Loading all agent files for 5 agents
2026-02-13 17:35:52,085 - graph_builder.relationship_manager - INFO - Loading all agent files for 5 agents
2026-02-13 17:35:52,085 - graph_builder.relationship_manager - INFO - Loading all agent files for 5 agents
2026-02-13 17:35:52,085 - graph_builder.relationship_manager - INFO - Loading source data from: C:\Users\sgade\OneDrive\Desktop\orbit_node\collected_data\20260210_201344\vulnerabilities
2026-02-13 17:35:52,085 - graph_builder.relationship_manager - INFO - Loading source data from: C:\Users\sgade\OneDrive\Desktop\orbit_node\collected_data\20260210_201344\vulnerabilities
2026-02-13 17:35:52,085 - graph_builder.relationship_manager - INFO - Loading source data from: C:\Users\sgade\OneDrive\Desktop\orbit_node\collected_data\20260210_201344\vulnerabilities
2026-02-13 17:35:52,085 - graph_builder.relationship_manager - INFO - Source file pattern: Vulnerabilities_{agent_id}.json
2026-02-13 17:35:52,085 - graph_builder.relationship_manager - INFO - Source file pattern: Vulnerabilities_{agent_id}.json
2026-02-13 17:35:52,085 - graph_builder.relationship_manager - INFO - Source file pattern: Vulnerabilities_{agent_id}.json
2026-02-13 17:35:52,086 - graph_builder.relationship_manager - INFO - Agent IDs: ['000', '001', '002', '003', '004']
2026-02-13 17:35:52,086 - graph_builder.relationship_manager - INFO - Agent IDs: ['000', '001', '002', '003', '004']
2026-02-13 17:35:52,086 - graph_builder.relationship_manager - INFO - Agent IDs: ['000', '001', '002', '003', '004']
2026-02-13 17:35:52,089 - graph_builder.relationship_manager - INFO - Loaded 53 items from source data
2026-02-13 17:35:52,089 - graph_builder.relationship_manager - INFO - Loaded 53 items from source data
2026-02-13 17:35:52,089 - graph_builder.relationship_manager - INFO - Loaded 53 items from source data
2026-02-13 17:35:52,089 - graph_builder.relationship_manager - INFO - Sample source item keys: ['agent_id', 'agent_name', 'cve', 'severity', 'title', 'description', 'published', 'status', 'cvss', 'package_name']
2026-02-13 17:35:52,089 - graph_builder.relationship_manager - INFO - Sample source item keys: ['agent_id', 'agent_name', 'cve', 'severity', 'title', 'description', 'published', 'status', 'cvss', 'package_name']
2026-02-13 17:35:52,089 - graph_builder.relationship_manager - INFO - Sample source item keys: ['agent_id', 'agent_name', 'cve', 'severity', 'title', 'description', 'published', 'status', 'cvss', 'package_name']
2026-02-13 17:35:52,090 - graph_builder.relationship_manager - INFO - Prepared 53 relationships to create from source data
2026-02-13 17:35:52,090 - graph_builder.relationship_manager - INFO - Prepared 53 relationships to create from source data
2026-02-13 17:35:52,090 - graph_builder.relationship_manager - INFO - Prepared 53 relationships to create from source data
2026-02-13 17:35:52,090 - graph_builder.relationship_manager - INFO - Creating 53 relationships using source data
2026-02-13 17:35:52,090 - graph_builder.relationship_manager - INFO - Creating 53 relationships using source data
2026-02-13 17:35:52,090 - graph_builder.relationship_manager - INFO - Creating 53 relationships using source data
2026-02-13 17:35:52,091 - graph_builder.relationship_manager - INFO - Executing relationship creation query
2026-02-13 17:35:52,091 - graph_builder.relationship_manager - INFO - Executing relationship creation query
2026-02-13 17:35:52,091 - graph_builder.relationship_manager - INFO - Executing relationship creation query
2026-02-13 17:35:52,151 - graph_builder.relationship_manager - INFO - Query result: [{'count': 53}]
2026-02-13 17:35:52,151 - graph_builder.relationship_manager - INFO - Query result: [{'count': 53}]
2026-02-13 17:35:52,151 - graph_builder.relationship_manager - INFO - Query result: [{'count': 53}]
2026-02-13 17:35:52,152 - graph_builder.relationship_manager - INFO - Created 53 NJS_AFFECTED_BY relationships from NJS_Asset to NJS_Vulnerability using source data
2026-02-13 17:35:52,152 - graph_builder.relationship_manager - INFO - Created 53 NJS_AFFECTED_BY relationships from NJS_Asset to NJS_Vulnerability using source data
2026-02-13 17:35:52,152 - graph_builder.relationship_manager - INFO - Created 53 NJS_AFFECTED_BY relationships from NJS_Asset to NJS_Vulnerability using source data
2026-02-13 17:35:52,152 - graph_builder.relationship_manager - INFO - Relationship 'asset_to_vulnerability' result: {'success': 53, 'failed': 0, 'total': 53}
2026-02-13 17:35:52,152 - graph_builder.relationship_manager - INFO - Relationship 'asset_to_vulnerability' result: {'success': 53, 'failed': 0, 'total': 53}
2026-02-13 17:35:52,152 - graph_builder.relationship_manager - INFO - Relationship 'asset_to_vulnerability' result: {'success': 53, 'failed': 0, 'total': 53}
2026-02-13 17:35:52,153 - graph_builder.relationship_manager - INFO - Creating relationship 'asset_to_assetgroup': NJS_Asset-[:NJS_BELONGS_TO]->NJS_AssetGroup
2026-02-13 17:35:52,153 - graph_builder.relationship_manager - INFO - Creating relationship 'asset_to_assetgroup': NJS_Asset-[:NJS_BELONGS_TO]->NJS_AssetGroup
2026-02-13 17:35:52,153 - graph_builder.relationship_manager - INFO - Creating relationship 'asset_to_assetgroup': NJS_Asset-[:NJS_BELONGS_TO]->NJS_AssetGroup
2026-02-13 17:35:52,153 - graph_builder.relationship_manager - INFO - Querying NJS_Asset nodes for asset_id values...
2026-02-13 17:35:52,153 - graph_builder.relationship_manager - INFO - Querying NJS_Asset nodes for asset_id values...
2026-02-13 17:35:52,153 - graph_builder.relationship_manager - INFO - Querying NJS_Asset nodes for asset_id values...
2026-02-13 17:35:52,157 - graph_builder.relationship_manager - INFO - Found 5 asset_id values from NJS_Asset nodes
2026-02-13 17:35:52,157 - graph_builder.relationship_manager - INFO - Found 5 asset_id values from NJS_Asset nodes
2026-02-13 17:35:52,157 - graph_builder.relationship_manager - INFO - Found 5 asset_id values from NJS_Asset nodes
2026-02-13 17:35:52,158 - graph_builder.relationship_manager - INFO - Loading source data from: C:\Users\sgade\OneDrive\Desktop\orbit_node\collected_data\20260210_201344\agents_manager
2026-02-13 17:35:52,158 - graph_builder.relationship_manager - INFO - Loading source data from: C:\Users\sgade\OneDrive\Desktop\orbit_node\collected_data\20260210_201344\agents_manager
2026-02-13 17:35:52,158 - graph_builder.relationship_manager - INFO - Loading source data from: C:\Users\sgade\OneDrive\Desktop\orbit_node\collected_data\20260210_201344\agents_manager
2026-02-13 17:35:52,159 - graph_builder.relationship_manager - INFO - Source file pattern: All_Agents.json
2026-02-13 17:35:52,159 - graph_builder.relationship_manager - INFO - Source file pattern: All_Agents.json
2026-02-13 17:35:52,159 - graph_builder.relationship_manager - INFO - Source file pattern: All_Agents.json
2026-02-13 17:35:52,159 - graph_builder.relationship_manager - INFO - Agent IDs: None (single file)
2026-02-13 17:35:52,159 - graph_builder.relationship_manager - INFO - Agent IDs: None (single file)
2026-02-13 17:35:52,159 - graph_builder.relationship_manager - INFO - Agent IDs: None (single file)
2026-02-13 17:35:52,161 - graph_builder.relationship_manager - INFO - Loaded 5 items from source data
2026-02-13 17:35:52,161 - graph_builder.relationship_manager - INFO - Loaded 5 items from source data
2026-02-13 17:35:52,161 - graph_builder.relationship_manager - INFO - Loaded 5 items from source data
2026-02-13 17:35:52,161 - graph_builder.relationship_manager - INFO - Sample source item keys: ['os', 'name', 'ip', 'dateAdd', 'id', 'manager', 'registerIP', 'lastKeepAlive', 'group_config_status', 'status_code']
2026-02-13 17:35:52,161 - graph_builder.relationship_manager - INFO - Sample source item keys: ['os', 'name', 'ip', 'dateAdd', 'id', 'manager', 'registerIP', 'lastKeepAlive', 'group_config_status', 'status_code']
2026-02-13 17:35:52,161 - graph_builder.relationship_manager - INFO - Sample source item keys: ['os', 'name', 'ip', 'dateAdd', 'id', 'manager', 'registerIP', 'lastKeepAlive', 'group_config_status', 'status_code']
2026-02-13 17:35:52,162 - graph_builder.relationship_manager - INFO - Prepared 4 relationships to create from source data
2026-02-13 17:35:52,162 - graph_builder.relationship_manager - INFO - Prepared 4 relationships to create from source data
2026-02-13 17:35:52,162 - graph_builder.relationship_manager - INFO - Prepared 4 relationships to create from source data
2026-02-13 17:35:52,163 - graph_builder.relationship_manager - INFO - Creating 4 relationships using source data
2026-02-13 17:35:52,163 - graph_builder.relationship_manager - INFO - Creating 4 relationships using source data
2026-02-13 17:35:52,163 - graph_builder.relationship_manager - INFO - Creating 4 relationships using source data
2026-02-13 17:35:52,164 - graph_builder.relationship_manager - INFO - Executing relationship creation query
2026-02-13 17:35:52,164 - graph_builder.relationship_manager - INFO - Executing relationship creation query
2026-02-13 17:35:52,164 - graph_builder.relationship_manager - INFO - Executing relationship creation query
2026-02-13 17:35:52,171 - graph_builder.relationship_manager - INFO - Query result: [{'count': 4}]
2026-02-13 17:35:52,171 - graph_builder.relationship_manager - INFO - Query result: [{'count': 4}]
2026-02-13 17:35:52,171 - graph_builder.relationship_manager - INFO - Query result: [{'count': 4}]
2026-02-13 17:35:52,172 - graph_builder.relationship_manager - INFO - Created 4 NJS_BELONGS_TO relationships from NJS_Asset to NJS_AssetGroup using source data
2026-02-13 17:35:52,172 - graph_builder.relationship_manager - INFO - Created 4 NJS_BELONGS_TO relationships from NJS_Asset to NJS_AssetGroup using source data
2026-02-13 17:35:52,172 - graph_builder.relationship_manager - INFO - Created 4 NJS_BELONGS_TO relationships from NJS_Asset to NJS_AssetGroup using source data
2026-02-13 17:35:52,173 - graph_builder.relationship_manager - INFO - Relationship 'asset_to_assetgroup' result: {'success': 4, 'failed': 0, 'total': 4}
2026-02-13 17:35:52,173 - graph_builder.relationship_manager - INFO - Relationship 'asset_to_assetgroup' result: {'success': 4, 'failed': 0, 'total': 4}
2026-02-13 17:35:52,173 - graph_builder.relationship_manager - INFO - Relationship 'asset_to_assetgroup' result: {'success': 4, 'failed': 0, 'total': 4}
2026-02-13 17:35:52,173 - graph_builder.relationship_manager - INFO - Creating relationship 'asset_to_hardware': NJS_Asset-[:NJS_HAS_HARDWARE]->NJS_Hardware
2026-02-13 17:35:52,173 - graph_builder.relationship_manager - INFO - Creating relationship 'asset_to_hardware': NJS_Asset-[:NJS_HAS_HARDWARE]->NJS_Hardware
2026-02-13 17:35:52,173 - graph_builder.relationship_manager - INFO - Creating relationship 'asset_to_hardware': NJS_Asset-[:NJS_HAS_HARDWARE]->NJS_Hardware
2026-02-13 17:35:52,174 - graph_builder.relationship_manager - INFO - Querying NJS_Asset nodes for asset_id values...
2026-02-13 17:35:52,174 - graph_builder.relationship_manager - INFO - Querying NJS_Asset nodes for asset_id values...
2026-02-13 17:35:52,174 - graph_builder.relationship_manager - INFO - Querying NJS_Asset nodes for asset_id values...
2026-02-13 17:35:52,179 - graph_builder.relationship_manager - INFO - Found 5 asset_id values from NJS_Asset nodes
2026-02-13 17:35:52,179 - graph_builder.relationship_manager - INFO - Found 5 asset_id values from NJS_Asset nodes
2026-02-13 17:35:52,179 - graph_builder.relationship_manager - INFO - Found 5 asset_id values from NJS_Asset nodes
2026-02-13 17:35:52,180 - graph_builder.relationship_manager - INFO - Loading source data from: C:\Users\sgade\OneDrive\Desktop\orbit_node\collected_data\20260210_201344\hardware
2026-02-13 17:35:52,180 - graph_builder.relationship_manager - INFO - Loading source data from: C:\Users\sgade\OneDrive\Desktop\orbit_node\collected_data\20260210_201344\hardware
2026-02-13 17:35:52,180 - graph_builder.relationship_manager - INFO - Loading source data from: C:\Users\sgade\OneDrive\Desktop\orbit_node\collected_data\20260210_201344\hardware
2026-02-13 17:35:52,181 - graph_builder.relationship_manager - INFO - Source file pattern: Syscollector_Hardware_{agent_id}.json
2026-02-13 17:35:52,181 - graph_builder.relationship_manager - INFO - Source file pattern: Syscollector_Hardware_{agent_id}.json
2026-02-13 17:35:52,181 - graph_builder.relationship_manager - INFO - Source file pattern: Syscollector_Hardware_{agent_id}.json
2026-02-13 17:35:52,181 - graph_builder.relationship_manager - INFO - Agent IDs: ['000', '001', '002', '003', '004']
2026-02-13 17:35:52,181 - graph_builder.relationship_manager - INFO - Agent IDs: ['000', '001', '002', '003', '004']
2026-02-13 17:35:52,181 - graph_builder.relationship_manager - INFO - Agent IDs: ['000', '001', '002', '003', '004']
2026-02-13 17:35:52,186 - graph_builder.relationship_manager - INFO - Loaded 5 items from source data
2026-02-13 17:35:52,186 - graph_builder.relationship_manager - INFO - Loaded 5 items from source data
2026-02-13 17:35:52,186 - graph_builder.relationship_manager - INFO - Loaded 5 items from source data
2026-02-13 17:35:52,186 - graph_builder.relationship_manager - INFO - Sample source item keys: ['cpu', 'ram', 'scan', 'board_serial', 'agent_id', '_agent_id']
2026-02-13 17:35:52,186 - graph_builder.relationship_manager - INFO - Sample source item keys: ['cpu', 'ram', 'scan', 'board_serial', 'agent_id', '_agent_id']
2026-02-13 17:35:52,186 - graph_builder.relationship_manager - INFO - Sample source item keys: ['cpu', 'ram', 'scan', 'board_serial', 'agent_id', '_agent_id']
2026-02-13 17:35:52,187 - graph_builder.relationship_manager - INFO - Prepared 5 relationships to create from source data
2026-02-13 17:35:52,187 - graph_builder.relationship_manager - INFO - Prepared 5 relationships to create from source data
2026-02-13 17:35:52,187 - graph_builder.relationship_manager - INFO - Prepared 5 relationships to create from source data
2026-02-13 17:35:52,187 - graph_builder.relationship_manager - INFO - Creating 5 relationships using source data
2026-02-13 17:35:52,187 - graph_builder.relationship_manager - INFO - Creating 5 relationships using source data
2026-02-13 17:35:52,187 - graph_builder.relationship_manager - INFO - Creating 5 relationships using source data
2026-02-13 17:35:52,188 - graph_builder.relationship_manager - INFO - Executing relationship creation query
2026-02-13 17:35:52,188 - graph_builder.relationship_manager - INFO - Executing relationship creation query
2026-02-13 17:35:52,188 - graph_builder.relationship_manager - INFO - Executing relationship creation query
2026-02-13 17:35:52,243 - graph_builder.relationship_manager - INFO - Query result: [{'count': 11}]
2026-02-13 17:35:52,243 - graph_builder.relationship_manager - INFO - Query result: [{'count': 11}]
2026-02-13 17:35:52,243 - graph_builder.relationship_manager - INFO - Query result: [{'count': 11}]
2026-02-13 17:35:52,244 - graph_builder.relationship_manager - INFO - Created 11 NJS_HAS_HARDWARE relationships from NJS_Asset to NJS_Hardware using source data
2026-02-13 17:35:52,244 - graph_builder.relationship_manager - INFO - Created 11 NJS_HAS_HARDWARE relationships from NJS_Asset to NJS_Hardware using source data
2026-02-13 17:35:52,244 - graph_builder.relationship_manager - INFO - Created 11 NJS_HAS_HARDWARE relationships from NJS_Asset to NJS_Hardware using source data
2026-02-13 17:35:52,244 - graph_builder.relationship_manager - INFO - Relationship 'asset_to_hardware' result: {'success': 11, 'failed': 0, 'total': 11}
2026-02-13 17:35:52,244 - graph_builder.relationship_manager - INFO - Relationship 'asset_to_hardware' result: {'success': 11, 'failed': 0, 'total': 11}
2026-02-13 17:35:52,244 - graph_builder.relationship_manager - INFO - Relationship 'asset_to_hardware' result: {'success': 11, 'failed': 0, 'total': 11}
2026-02-13 17:35:52,245 - graph_builder.relationship_manager - INFO - Creating relationship 'asset_to_scanevent': NJS_Asset-[:NJS_CREATED_BY]->ScanEvent
2026-02-13 17:35:52,245 - graph_builder.relationship_manager - INFO - Creating relationship 'asset_to_scanevent': NJS_Asset-[:NJS_CREATED_BY]->ScanEvent
2026-02-13 17:35:52,245 - graph_builder.relationship_manager - INFO - Creating relationship 'asset_to_scanevent': NJS_Asset-[:NJS_CREATED_BY]->ScanEvent
2026-02-13 17:35:52,395 - graph_builder.relationship_manager - INFO - Created 5 NJS_CREATED_BY relationships from NJS_Asset to ScanEvent
2026-02-13 17:35:52,395 - graph_builder.relationship_manager - INFO - Created 5 NJS_CREATED_BY relationships from NJS_Asset to ScanEvent
2026-02-13 17:35:52,395 - graph_builder.relationship_manager - INFO - Created 5 NJS_CREATED_BY relationships from NJS_Asset to ScanEvent
2026-02-13 17:35:52,396 - graph_builder.relationship_manager - INFO - Relationship 'asset_to_scanevent' result: {'success': 5, 'failed': 0, 'total': 5}
2026-02-13 17:35:52,396 - graph_builder.relationship_manager - INFO - Relationship 'asset_to_scanevent' result: {'success': 5, 'failed': 0, 'total': 5}
2026-02-13 17:35:52,396 - graph_builder.relationship_manager - INFO - Relationship 'asset_to_scanevent' result: {'success': 5, 'failed': 0, 'total': 5}
2026-02-13 17:35:52,396 - graph_builder.relationship_manager - INFO - Creating relationship 'host_to_scanevent': NJS_Host-[:NJS_CREATED_BY]->ScanEvent
2026-02-13 17:35:52,396 - graph_builder.relationship_manager - INFO - Creating relationship 'host_to_scanevent': NJS_Host-[:NJS_CREATED_BY]->ScanEvent
2026-02-13 17:35:52,396 - graph_builder.relationship_manager - INFO - Creating relationship 'host_to_scanevent': NJS_Host-[:NJS_CREATED_BY]->ScanEvent
2026-02-13 17:35:52,470 - graph_builder.relationship_manager - INFO - Created 5 NJS_CREATED_BY relationships from NJS_Host to ScanEvent
2026-02-13 17:35:52,470 - graph_builder.relationship_manager - INFO - Created 5 NJS_CREATED_BY relationships from NJS_Host to ScanEvent
2026-02-13 17:35:52,470 - graph_builder.relationship_manager - INFO - Created 5 NJS_CREATED_BY relationships from NJS_Host to ScanEvent
2026-02-13 17:35:52,471 - graph_builder.relationship_manager - INFO - Relationship 'host_to_scanevent' result: {'success': 5, 'failed': 0, 'total': 5}
2026-02-13 17:35:52,471 - graph_builder.relationship_manager - INFO - Relationship 'host_to_scanevent' result: {'success': 5, 'failed': 0, 'total': 5}
2026-02-13 17:35:52,471 - graph_builder.relationship_manager - INFO - Relationship 'host_to_scanevent' result: {'success': 5, 'failed': 0, 'total': 5}
2026-02-13 17:35:52,472 - graph_builder.relationship_manager - INFO - Creating relationship 'software_to_scanevent': NJS_Software-[:NJS_CREATED_BY]->ScanEvent
2026-02-13 17:35:52,472 - graph_builder.relationship_manager - INFO - Creating relationship 'software_to_scanevent': NJS_Software-[:NJS_CREATED_BY]->ScanEvent
2026-02-13 17:35:52,472 - graph_builder.relationship_manager - INFO - Creating relationship 'software_to_scanevent': NJS_Software-[:NJS_CREATED_BY]->ScanEvent
2026-02-13 17:35:52,586 - graph_builder.relationship_manager - INFO - Created 583 NJS_CREATED_BY relationships from NJS_Software to ScanEvent
2026-02-13 17:35:52,586 - graph_builder.relationship_manager - INFO - Created 583 NJS_CREATED_BY relationships from NJS_Software to ScanEvent
2026-02-13 17:35:52,586 - graph_builder.relationship_manager - INFO - Created 583 NJS_CREATED_BY relationships from NJS_Software to ScanEvent
2026-02-13 17:35:52,587 - graph_builder.relationship_manager - INFO - Relationship 'software_to_scanevent' result: {'success': 583, 'failed': 0, 'total': 583}
2026-02-13 17:35:52,587 - graph_builder.relationship_manager - INFO - Relationship 'software_to_scanevent' result: {'success': 583, 'failed': 0, 'total': 583}
2026-02-13 17:35:52,587 - graph_builder.relationship_manager - INFO - Relationship 'software_to_scanevent' result: {'success': 583, 'failed': 0, 'total': 583}
2026-02-13 17:35:52,587 - graph_builder.relationship_manager - INFO - Creating relationship 'vulnerability_to_scanevent': NJS_Vulnerability-[:NJS_CREATED_BY]->ScanEvent
2026-02-13 17:35:52,587 - graph_builder.relationship_manager - INFO - Creating relationship 'vulnerability_to_scanevent': NJS_Vulnerability-[:NJS_CREATED_BY]->ScanEvent
2026-02-13 17:35:52,587 - graph_builder.relationship_manager - INFO - Creating relationship 'vulnerability_to_scanevent': NJS_Vulnerability-[:NJS_CREATED_BY]->ScanEvent
2026-02-13 17:35:52,693 - graph_builder.relationship_manager - INFO - Created 40 NJS_CREATED_BY relationships from NJS_Vulnerability to ScanEvent
2026-02-13 17:35:52,693 - graph_builder.relationship_manager - INFO - Created 40 NJS_CREATED_BY relationships from NJS_Vulnerability to ScanEvent
2026-02-13 17:35:52,693 - graph_builder.relationship_manager - INFO - Created 40 NJS_CREATED_BY relationships from NJS_Vulnerability to ScanEvent
2026-02-13 17:35:52,693 - graph_builder.relationship_manager - INFO - Relationship 'vulnerability_to_scanevent' result: {'success': 40, 'failed': 0, 'total': 40}
2026-02-13 17:35:52,693 - graph_builder.relationship_manager - INFO - Relationship 'vulnerability_to_scanevent' result: {'success': 40, 'failed': 0, 'total': 40}
2026-02-13 17:35:52,693 - graph_builder.relationship_manager - INFO - Relationship 'vulnerability_to_scanevent' result: {'success': 40, 'failed': 0, 'total': 40}
2026-02-13 17:35:52,694 - graph_builder.relationship_manager - INFO - Creating relationship 'assetgroup_to_scanevent': NJS_AssetGroup-[:NJS_CREATED_BY]->ScanEvent
2026-02-13 17:35:52,694 - graph_builder.relationship_manager - INFO - Creating relationship 'assetgroup_to_scanevent': NJS_AssetGroup-[:NJS_CREATED_BY]->ScanEvent
2026-02-13 17:35:52,694 - graph_builder.relationship_manager - INFO - Creating relationship 'assetgroup_to_scanevent': NJS_AssetGroup-[:NJS_CREATED_BY]->ScanEvent
2026-02-13 17:35:52,787 - graph_builder.relationship_manager - INFO - Created 1 NJS_CREATED_BY relationships from NJS_AssetGroup to ScanEvent
2026-02-13 17:35:52,787 - graph_builder.relationship_manager - INFO - Created 1 NJS_CREATED_BY relationships from NJS_AssetGroup to ScanEvent
2026-02-13 17:35:52,787 - graph_builder.relationship_manager - INFO - Created 1 NJS_CREATED_BY relationships from NJS_AssetGroup to ScanEvent
2026-02-13 17:35:52,788 - graph_builder.relationship_manager - INFO - Relationship 'assetgroup_to_scanevent' result: {'success': 1, 'failed': 0, 'total': 1}
2026-02-13 17:35:52,788 - graph_builder.relationship_manager - INFO - Relationship 'assetgroup_to_scanevent' result: {'success': 1, 'failed': 0, 'total': 1}
2026-02-13 17:35:52,788 - graph_builder.relationship_manager - INFO - Relationship 'assetgroup_to_scanevent' result: {'success': 1, 'failed': 0, 'total': 1}
2026-02-13 17:35:52,789 - graph_builder.relationship_manager - INFO - Creating relationship 'hardware_to_scanevent': NJS_Hardware-[:NJS_CREATED_BY]->ScanEvent
2026-02-13 17:35:52,789 - graph_builder.relationship_manager - INFO - Creating relationship 'hardware_to_scanevent': NJS_Hardware-[:NJS_CREATED_BY]->ScanEvent
2026-02-13 17:35:52,789 - graph_builder.relationship_manager - INFO - Creating relationship 'hardware_to_scanevent': NJS_Hardware-[:NJS_CREATED_BY]->ScanEvent
2026-02-13 17:35:52,878 - graph_builder.relationship_manager - INFO - Created 5 NJS_CREATED_BY relationships from NJS_Hardware to ScanEvent
2026-02-13 17:35:52,878 - graph_builder.relationship_manager - INFO - Created 5 NJS_CREATED_BY relationships from NJS_Hardware to ScanEvent
2026-02-13 17:35:52,878 - graph_builder.relationship_manager - INFO - Created 5 NJS_CREATED_BY relationships from NJS_Hardware to ScanEvent
2026-02-13 17:35:52,878 - graph_builder.relationship_manager - INFO - Relationship 'hardware_to_scanevent' result: {'success': 5, 'failed': 0, 'total': 5}
2026-02-13 17:35:52,878 - graph_builder.relationship_manager - INFO - Relationship 'hardware_to_scanevent' result: {'success': 5, 'failed': 0, 'total': 5}
2026-02-13 17:35:52,878 - graph_builder.relationship_manager - INFO - Relationship 'hardware_to_scanevent' result: {'success': 5, 'failed': 0, 'total': 5}
2026-02-13 17:35:52,879 - graph_builder.relationship_manager - INFO - ============================================================
2026-02-13 17:35:52,879 - graph_builder.relationship_manager - INFO - ============================================================
2026-02-13 17:35:52,879 - graph_builder.relationship_manager - INFO - ============================================================
2026-02-13 17:35:52,879 - graph_builder.relationship_manager - INFO - Relationship creation from config completed
2026-02-13 17:35:52,879 - graph_builder.relationship_manager - INFO - Relationship creation from config completed
2026-02-13 17:35:52,879 - graph_builder.relationship_manager - INFO - Relationship creation from config completed
2026-02-13 17:35:52,880 - graph_builder.relationship_manager - INFO - Total relationships processed: 13
2026-02-13 17:35:52,880 - graph_builder.relationship_manager - INFO - Total relationships processed: 13
2026-02-13 17:35:52,880 - graph_builder.relationship_manager - INFO - Total relationships processed: 13
2026-02-13 17:35:52,880 - graph_builder.relationship_manager - INFO - ============================================================
2026-02-13 17:35:52,880 - graph_builder.relationship_manager - INFO - ============================================================
2026-02-13 17:35:52,880 - graph_builder.relationship_manager - INFO - ============================================================
2026-02-13 17:35:52,880 - graph_builder.graph_builder - INFO - asset_to_host: 11 relationships created
2026-02-13 17:35:52,880 - graph_builder.graph_builder - INFO - asset_to_host: 11 relationships created
2026-02-13 17:35:52,880 - graph_builder.graph_builder - INFO - asset_to_host: 11 relationships created
2026-02-13 17:35:52,881 - graph_builder.graph_builder - INFO - host_to_software: 726 relationships created
2026-02-13 17:35:52,881 - graph_builder.graph_builder - INFO - host_to_software: 726 relationships created
2026-02-13 17:35:52,881 - graph_builder.graph_builder - INFO - host_to_software: 726 relationships created
2026-02-13 17:35:52,881 - graph_builder.graph_builder - INFO - asset_to_software: 726 relationships created
2026-02-13 17:35:52,881 - graph_builder.graph_builder - INFO - asset_to_software: 726 relationships created
2026-02-13 17:35:52,881 - graph_builder.graph_builder - INFO - asset_to_software: 726 relationships created
2026-02-13 17:35:52,882 - graph_builder.graph_builder - INFO - software_to_vulnerability: 53 relationships created
2026-02-13 17:35:52,882 - graph_builder.graph_builder - INFO - software_to_vulnerability: 53 relationships created
2026-02-13 17:35:52,882 - graph_builder.graph_builder - INFO - software_to_vulnerability: 53 relationships created
2026-02-13 17:35:52,882 - graph_builder.graph_builder - INFO - asset_to_vulnerability: 53 relationships created
2026-02-13 17:35:52,882 - graph_builder.graph_builder - INFO - asset_to_vulnerability: 53 relationships created
2026-02-13 17:35:52,882 - graph_builder.graph_builder - INFO - asset_to_vulnerability: 53 relationships created
2026-02-13 17:35:52,883 - graph_builder.graph_builder - INFO - asset_to_assetgroup: 4 relationships created
2026-02-13 17:35:52,883 - graph_builder.graph_builder - INFO - asset_to_assetgroup: 4 relationships created
2026-02-13 17:35:52,883 - graph_builder.graph_builder - INFO - asset_to_assetgroup: 4 relationships created
2026-02-13 17:35:52,883 - graph_builder.graph_builder - INFO - asset_to_hardware: 11 relationships created
2026-02-13 17:35:52,883 - graph_builder.graph_builder - INFO - asset_to_hardware: 11 relationships created
2026-02-13 17:35:52,883 - graph_builder.graph_builder - INFO - asset_to_hardware: 11 relationships created
2026-02-13 17:35:52,883 - graph_builder.graph_builder - INFO - asset_to_scanevent: 5 relationships created
2026-02-13 17:35:52,883 - graph_builder.graph_builder - INFO - asset_to_scanevent: 5 relationships created
2026-02-13 17:35:52,883 - graph_builder.graph_builder - INFO - asset_to_scanevent: 5 relationships created
2026-02-13 17:35:52,884 - graph_builder.graph_builder - INFO - host_to_scanevent: 5 relationships created
2026-02-13 17:35:52,884 - graph_builder.graph_builder - INFO - host_to_scanevent: 5 relationships created
2026-02-13 17:35:52,884 - graph_builder.graph_builder - INFO - host_to_scanevent: 5 relationships created
2026-02-13 17:35:52,884 - graph_builder.graph_builder - INFO - software_to_scanevent: 583 relationships created
2026-02-13 17:35:52,884 - graph_builder.graph_builder - INFO - software_to_scanevent: 583 relationships created
2026-02-13 17:35:52,884 - graph_builder.graph_builder - INFO - software_to_scanevent: 583 relationships created
2026-02-13 17:35:52,885 - graph_builder.graph_builder - INFO - vulnerability_to_scanevent: 40 relationships created
2026-02-13 17:35:52,885 - graph_builder.graph_builder - INFO - vulnerability_to_scanevent: 40 relationships created
2026-02-13 17:35:52,885 - graph_builder.graph_builder - INFO - vulnerability_to_scanevent: 40 relationships created
2026-02-13 17:35:52,885 - graph_builder.graph_builder - INFO - assetgroup_to_scanevent: 1 relationships created
2026-02-13 17:35:52,885 - graph_builder.graph_builder - INFO - assetgroup_to_scanevent: 1 relationships created
2026-02-13 17:35:52,885 - graph_builder.graph_builder - INFO - assetgroup_to_scanevent: 1 relationships created
2026-02-13 17:35:52,885 - graph_builder.graph_builder - INFO - hardware_to_scanevent: 5 relationships created
2026-02-13 17:35:52,885 - graph_builder.graph_builder - INFO - hardware_to_scanevent: 5 relationships created
2026-02-13 17:35:52,885 - graph_builder.graph_builder - INFO - hardware_to_scanevent: 5 relationships created
2026-02-13 17:35:52,886 - __main__ - INFO - Relationship creation process completed
2026-02-13 17:35:52,886 - __main__ - INFO - Relationship results: {'asset_to_host': {'success': 11, 'failed': 0, 'total': 11}, 'host_to_software': {'success': 726, 'failed': 0, 'total': 726}, 'asset_to_software': {'success': 726, 'failed': 0, 'total': 726}, 'software_to_vulnerability': {'success': 53, 'failed': 0, 'total': 53}, 'asset_to_vulnerability': {'success': 53, 'failed': 0, 'total': 53}, 'asset_to_assetgroup': {'success': 4, 'failed': 0, 'total': 4}, 'asset_to_hardware': {'success': 11, 'failed': 0, 'total': 11}, 'asset_to_scanevent': {'success': 5, 'failed': 0, 'total': 5}, 'host_to_scanevent': {'success': 5, 'failed': 0, 'total': 5}, 'software_to_scanevent': {'success': 583, 'failed': 0, 'total': 583}, 'vulnerability_to_scanevent': {'success': 40, 'failed': 0, 'total': 40}, 'assetgroup_to_scanevent': {'success': 1, 'failed': 0, 'total': 1}, 'hardware_to_scanevent': {'success': 5, 'failed': 0, 'total': 5}}
2026-02-13 17:35:52,886 - __main__ - INFO - ============================================================
2026-02-13 17:35:52,891 - graph_builder.neo4j_connection - INFO - Neo4j connection closed
2026-02-13 17:35:52,891 - graph_builder.neo4j_connection - INFO - Neo4j connection closed
2026-02-13 17:35:52,891 - graph_builder.neo4j_connection - INFO - Neo4j connection closed
2026-02-13 17:35:52,891 - __main__ - INFO - Graph building process completed successfully
2026-02-14 10:14:51,879 - __main__ - INFO - ============================================================
2026-02-14 10:14:51,880 - __main__ - INFO - Neo4j Graph Builder
2026-02-14 10:14:51,881 - __main__ - INFO - ============================================================
2026-02-14 10:14:51,882 - __main__ - INFO - Using latest extraction folder: 20260213_164345
2026-02-14 10:14:51,883 - __main__ - INFO - Full path: C:\Users\sgade\OneDrive\Desktop\orbit_node\extracted_data\20260213_164345
2026-02-14 10:14:51,883 - __main__ - INFO - Found asset nodes file in latest extraction folder: C:\Users\sgade\OneDrive\Desktop\orbit_node\extracted_data\20260213_164345\asset_nodes.json
2026-02-14 10:14:51,884 - __main__ - INFO - Using latest extraction folder: 20260213_164345
2026-02-14 10:14:51,884 - __main__ - INFO - Full path: C:\Users\sgade\OneDrive\Desktop\orbit_node\extracted_data\20260213_164345
2026-02-14 10:14:51,884 - __main__ - INFO - Found host nodes file in latest extraction folder: C:\Users\sgade\OneDrive\Desktop\orbit_node\extracted_data\20260213_164345\host_nodes.json
2026-02-14 10:14:51,885 - __main__ - INFO - Using latest extraction folder: 20260213_164345
2026-02-14 10:14:51,885 - __main__ - INFO - Full path: C:\Users\sgade\OneDrive\Desktop\orbit_node\extracted_data\20260213_164345
2026-02-14 10:14:51,886 - __main__ - INFO - Found software nodes file in latest extraction folder: C:\Users\sgade\OneDrive\Desktop\orbit_node\extracted_data\20260213_164345\software_nodes.json
2026-02-14 10:14:51,886 - __main__ - INFO - Using latest extraction folder: 20260213_164345
2026-02-14 10:14:51,887 - __main__ - INFO - Full path: C:\Users\sgade\OneDrive\Desktop\orbit_node\extracted_data\20260213_164345
2026-02-14 10:14:51,887 - __main__ - INFO - Found vulnerability nodes file in latest extraction folder: C:\Users\sgade\OneDrive\Desktop\orbit_node\extracted_data\20260213_164345\vulnerability_nodes.json
2026-02-14 10:14:51,888 - __main__ - INFO - Using latest extraction folder: 20260213_164345
2026-02-14 10:14:51,888 - __main__ - INFO - Full path: C:\Users\sgade\OneDrive\Desktop\orbit_node\extracted_data\20260213_164345
2026-02-14 10:14:51,888 - __main__ - INFO - Found assetgroup nodes file in latest extraction folder: C:\Users\sgade\OneDrive\Desktop\orbit_node\extracted_data\20260213_164345\assetgroup_nodes.json
2026-02-14 10:14:51,889 - __main__ - INFO - Using latest extraction folder: 20260213_164345
2026-02-14 10:14:51,889 - __main__ - INFO - Full path: C:\Users\sgade\OneDrive\Desktop\orbit_node\extracted_data\20260213_164345
2026-02-14 10:14:51,889 - __main__ - INFO - Found hardware nodes file in latest extraction folder: C:\Users\sgade\OneDrive\Desktop\orbit_node\extracted_data\20260213_164345\hardware_nodes.json
2026-02-14 10:14:51,890 - __main__ - INFO - 
Initializing graph builder...
2026-02-14 10:14:51,896 - graph_builder.neo4j_connection - INFO - Loaded Neo4j configuration from C:\Users\sgade\OneDrive\Desktop\orbit_node\config\neo4j_config.yaml
2026-02-14 10:14:51,896 - graph_builder.neo4j_connection - INFO - Loaded Neo4j configuration from C:\Users\sgade\OneDrive\Desktop\orbit_node\config\neo4j_config.yaml
2026-02-14 10:14:51,896 - graph_builder.neo4j_connection - INFO - Loaded Neo4j configuration from C:\Users\sgade\OneDrive\Desktop\orbit_node\config\neo4j_config.yaml
2026-02-14 10:14:51,897 - graph_builder.neo4j_connection - INFO - Connecting to Neo4j at neo4j+s://41d93103.databases.neo4j.io with username: neo4j
2026-02-14 10:14:51,897 - graph_builder.neo4j_connection - INFO - Connecting to Neo4j at neo4j+s://41d93103.databases.neo4j.io with username: neo4j
2026-02-14 10:14:51,897 - graph_builder.neo4j_connection - INFO - Connecting to Neo4j at neo4j+s://41d93103.databases.neo4j.io with username: neo4j
2026-02-14 10:14:51,897 - graph_builder.neo4j_connection - ERROR - Failed to connect to Neo4j: cannot import name 'TRUST_CUSTOM_CA_SIGNED_CERTIFICATES' from 'neo4j' (C:\Users\sgade\anaconda3\Lib\site-packages\neo4j\__init__.py)
2026-02-14 10:14:51,897 - graph_builder.neo4j_connection - ERROR - Failed to connect to Neo4j: cannot import name 'TRUST_CUSTOM_CA_SIGNED_CERTIFICATES' from 'neo4j' (C:\Users\sgade\anaconda3\Lib\site-packages\neo4j\__init__.py)
2026-02-14 10:14:51,897 - graph_builder.neo4j_connection - ERROR - Failed to connect to Neo4j: cannot import name 'TRUST_CUSTOM_CA_SIGNED_CERTIFICATES' from 'neo4j' (C:\Users\sgade\anaconda3\Lib\site-packages\neo4j\__init__.py)
2026-02-14 10:14:51,898 - __main__ - ERROR - Error during graph building: cannot import name 'TRUST_CUSTOM_CA_SIGNED_CERTIFICATES' from 'neo4j' (C:\Users\sgade\anaconda3\Lib\site-packages\neo4j\__init__.py)
Traceback (most recent call last):
  File "C:\Users\sgade\OneDrive\Desktop\orbit_node\scripts\build_graph.py", line 183, in main
    builder = GraphBuilder(
        neo4j_config_path=str(config_dir / "neo4j_config.yaml"),
        graph_config_path=str(config_dir / "graph_config.yaml")
    )
  File "C:\Users\sgade\OneDrive\Desktop\orbit_node\graph_builder\graph_builder.py", line 28, in __init__
    self.neo4j_conn = Neo4jConnection(neo4j_config_path)
                      ~~~~~~~~~~~~~~~^^^^^^^^^^^^^^^^^^^
  File "C:\Users\sgade\OneDrive\Desktop\orbit_node\graph_builder\neo4j_connection.py", line 22, in __init__
    self._connect()
    ~~~~~~~~~~~~~^^
  File "C:\Users\sgade\OneDrive\Desktop\orbit_node\graph_builder\neo4j_connection.py", line 85, in _connect
    from neo4j import TRUST_ALL_CERTIFICATES, TRUST_SYSTEM_CA_SIGNED_CERTIFICATES, TRUST_CUSTOM_CA_SIGNED_CERTIFICATES
ImportError: cannot import name 'TRUST_CUSTOM_CA_SIGNED_CERTIFICATES' from 'neo4j' (C:\Users\sgade\anaconda3\Lib\site-packages\neo4j\__init__.py). Did you mean: 'TRUST_SYSTEM_CA_SIGNED_CERTIFICATES'?
2026-02-14 10:16:50,427 - __main__ - INFO - ============================================================
2026-02-14 10:16:50,427 - __main__ - INFO - Neo4j Graph Builder
2026-02-14 10:16:50,428 - __main__ - INFO - ============================================================
2026-02-14 10:16:50,429 - __main__ - INFO - Using latest extraction folder: 20260213_164345
2026-02-14 10:16:50,430 - __main__ - INFO - Full path: C:\Users\sgade\OneDrive\Desktop\orbit_node\extracted_data\20260213_164345
2026-02-14 10:16:50,430 - __main__ - INFO - Found asset nodes file in latest extraction folder: C:\Users\sgade\OneDrive\Desktop\orbit_node\extracted_data\20260213_164345\asset_nodes.json
2026-02-14 10:16:50,431 - __main__ - INFO - Using latest extraction folder: 20260213_164345
2026-02-14 10:16:50,431 - __main__ - INFO - Full path: C:\Users\sgade\OneDrive\Desktop\orbit_node\extracted_data\20260213_164345
2026-02-14 10:16:50,432 - __main__ - INFO - Found host nodes file in latest extraction folder: C:\Users\sgade\OneDrive\Desktop\orbit_node\extracted_data\20260213_164345\host_nodes.json
2026-02-14 10:16:50,432 - __main__ - INFO - Using latest extraction folder: 20260213_164345
2026-02-14 10:16:50,432 - __main__ - INFO - Full path: C:\Users\sgade\OneDrive\Desktop\orbit_node\extracted_data\20260213_164345
2026-02-14 10:16:50,433 - __main__ - INFO - Found software nodes file in latest extraction folder: C:\Users\sgade\OneDrive\Desktop\orbit_node\extracted_data\20260213_164345\software_nodes.json
2026-02-14 10:16:50,433 - __main__ - INFO - Using latest extraction folder: 20260213_164345
2026-02-14 10:16:50,434 - __main__ - INFO - Full path: C:\Users\sgade\OneDrive\Desktop\orbit_node\extracted_data\20260213_164345
2026-02-14 10:16:50,434 - __main__ - INFO - Found vulnerability nodes file in latest extraction folder: C:\Users\sgade\OneDrive\Desktop\orbit_node\extracted_data\20260213_164345\vulnerability_nodes.json
2026-02-14 10:16:50,435 - __main__ - INFO - Using latest extraction folder: 20260213_164345
2026-02-14 10:16:50,435 - __main__ - INFO - Full path: C:\Users\sgade\OneDrive\Desktop\orbit_node\extracted_data\20260213_164345
2026-02-14 10:16:50,435 - __main__ - INFO - Found assetgroup nodes file in latest extraction folder: C:\Users\sgade\OneDrive\Desktop\orbit_node\extracted_data\20260213_164345\assetgroup_nodes.json
2026-02-14 10:16:50,436 - __main__ - INFO - Using latest extraction folder: 20260213_164345
2026-02-14 10:16:50,436 - __main__ - INFO - Full path: C:\Users\sgade\OneDrive\Desktop\orbit_node\extracted_data\20260213_164345
2026-02-14 10:16:50,436 - __main__ - INFO - Found hardware nodes file in latest extraction folder: C:\Users\sgade\OneDrive\Desktop\orbit_node\extracted_data\20260213_164345\hardware_nodes.json
2026-02-14 10:16:50,437 - __main__ - INFO - 
Initializing graph builder...
2026-02-14 10:16:50,443 - graph_builder.neo4j_connection - INFO - Loaded Neo4j configuration from C:\Users\sgade\OneDrive\Desktop\orbit_node\config\neo4j_config.yaml
2026-02-14 10:16:50,443 - graph_builder.neo4j_connection - INFO - Loaded Neo4j configuration from C:\Users\sgade\OneDrive\Desktop\orbit_node\config\neo4j_config.yaml
2026-02-14 10:16:50,443 - graph_builder.neo4j_connection - INFO - Loaded Neo4j configuration from C:\Users\sgade\OneDrive\Desktop\orbit_node\config\neo4j_config.yaml
2026-02-14 10:16:50,444 - graph_builder.neo4j_connection - INFO - Connecting to Neo4j at neo4j+s://41d93103.databases.neo4j.io with username: neo4j
2026-02-14 10:16:50,444 - graph_builder.neo4j_connection - INFO - Connecting to Neo4j at neo4j+s://41d93103.databases.neo4j.io with username: neo4j
2026-02-14 10:16:50,444 - graph_builder.neo4j_connection - INFO - Connecting to Neo4j at neo4j+s://41d93103.databases.neo4j.io with username: neo4j
2026-02-14 10:16:50,446 - graph_builder.neo4j_connection - ERROR - Failed to connect to Neo4j: The config settings "encrypted", "trust", "trusted_certificates", and "ssl_context" can only be used with the URI schemes ['bolt', 'neo4j']. Use the other URI schemes ['bolt+ssc', 'bolt+s', 'neo4j+ssc', 'neo4j+s'] for setting encryption settings.
2026-02-14 10:16:50,446 - graph_builder.neo4j_connection - ERROR - Failed to connect to Neo4j: The config settings "encrypted", "trust", "trusted_certificates", and "ssl_context" can only be used with the URI schemes ['bolt', 'neo4j']. Use the other URI schemes ['bolt+ssc', 'bolt+s', 'neo4j+ssc', 'neo4j+s'] for setting encryption settings.
2026-02-14 10:16:50,446 - graph_builder.neo4j_connection - ERROR - Failed to connect to Neo4j: The config settings "encrypted", "trust", "trusted_certificates", and "ssl_context" can only be used with the URI schemes ['bolt', 'neo4j']. Use the other URI schemes ['bolt+ssc', 'bolt+s', 'neo4j+ssc', 'neo4j+s'] for setting encryption settings.
2026-02-14 10:16:50,446 - __main__ - ERROR - Error during graph building: The config settings "encrypted", "trust", "trusted_certificates", and "ssl_context" can only be used with the URI schemes ['bolt', 'neo4j']. Use the other URI schemes ['bolt+ssc', 'bolt+s', 'neo4j+ssc', 'neo4j+s'] for setting encryption settings.
Traceback (most recent call last):
  File "C:\Users\sgade\OneDrive\Desktop\orbit_node\scripts\build_graph.py", line 183, in main
    builder = GraphBuilder(
        neo4j_config_path=str(config_dir / "neo4j_config.yaml"),
        graph_config_path=str(config_dir / "graph_config.yaml")
    )
  File "C:\Users\sgade\OneDrive\Desktop\orbit_node\graph_builder\graph_builder.py", line 28, in __init__
    self.neo4j_conn = Neo4jConnection(neo4j_config_path)
                      ~~~~~~~~~~~~~~~^^^^^^^^^^^^^^^^^^^
  File "C:\Users\sgade\OneDrive\Desktop\orbit_node\graph_builder\neo4j_connection.py", line 22, in __init__
    self._connect()
    ~~~~~~~~~~~~~^^
  File "C:\Users\sgade\OneDrive\Desktop\orbit_node\graph_builder\neo4j_connection.py", line 109, in _connect
    self.driver = GraphDatabase.driver(**connection_params)
                  ~~~~~~~~~~~~~~~~~~~~^^^^^^^^^^^^^^^^^^^^^
  File "C:\Users\sgade\anaconda3\Lib\site-packages\neo4j\_sync\driver.py", line 234, in driver
    raise ConfigurationError(
    ...<16 lines>...
    )
neo4j.exceptions.ConfigurationError: The config settings "encrypted", "trust", "trusted_certificates", and "ssl_context" can only be used with the URI schemes ['bolt', 'neo4j']. Use the other URI schemes ['bolt+ssc', 'bolt+s', 'neo4j+ssc', 'neo4j+s'] for setting encryption settings.
2026-02-14 10:18:13,384 - __main__ - INFO - ============================================================
2026-02-14 10:18:13,385 - __main__ - INFO - Neo4j Graph Builder
2026-02-14 10:18:13,385 - __main__ - INFO - ============================================================
2026-02-14 10:18:13,387 - __main__ - INFO - Using latest extraction folder: 20260213_164345
2026-02-14 10:18:13,387 - __main__ - INFO - Full path: C:\Users\sgade\OneDrive\Desktop\orbit_node\extracted_data\20260213_164345
2026-02-14 10:18:13,388 - __main__ - INFO - Found asset nodes file in latest extraction folder: C:\Users\sgade\OneDrive\Desktop\orbit_node\extracted_data\20260213_164345\asset_nodes.json
2026-02-14 10:18:13,389 - __main__ - INFO - Using latest extraction folder: 20260213_164345
2026-02-14 10:18:13,389 - __main__ - INFO - Full path: C:\Users\sgade\OneDrive\Desktop\orbit_node\extracted_data\20260213_164345
2026-02-14 10:18:13,390 - __main__ - INFO - Found host nodes file in latest extraction folder: C:\Users\sgade\OneDrive\Desktop\orbit_node\extracted_data\20260213_164345\host_nodes.json
2026-02-14 10:18:13,390 - __main__ - INFO - Using latest extraction folder: 20260213_164345
2026-02-14 10:18:13,391 - __main__ - INFO - Full path: C:\Users\sgade\OneDrive\Desktop\orbit_node\extracted_data\20260213_164345
2026-02-14 10:18:13,391 - __main__ - INFO - Found software nodes file in latest extraction folder: C:\Users\sgade\OneDrive\Desktop\orbit_node\extracted_data\20260213_164345\software_nodes.json
2026-02-14 10:18:13,392 - __main__ - INFO - Using latest extraction folder: 20260213_164345
2026-02-14 10:18:13,392 - __main__ - INFO - Full path: C:\Users\sgade\OneDrive\Desktop\orbit_node\extracted_data\20260213_164345
2026-02-14 10:18:13,392 - __main__ - INFO - Found vulnerability nodes file in latest extraction folder: C:\Users\sgade\OneDrive\Desktop\orbit_node\extracted_data\20260213_164345\vulnerability_nodes.json
2026-02-14 10:18:13,393 - __main__ - INFO - Using latest extraction folder: 20260213_164345
2026-02-14 10:18:13,393 - __main__ - INFO - Full path: C:\Users\sgade\OneDrive\Desktop\orbit_node\extracted_data\20260213_164345
2026-02-14 10:18:13,394 - __main__ - INFO - Found assetgroup nodes file in latest extraction folder: C:\Users\sgade\OneDrive\Desktop\orbit_node\extracted_data\20260213_164345\assetgroup_nodes.json
2026-02-14 10:18:13,394 - __main__ - INFO - Using latest extraction folder: 20260213_164345
2026-02-14 10:18:13,395 - __main__ - INFO - Full path: C:\Users\sgade\OneDrive\Desktop\orbit_node\extracted_data\20260213_164345
2026-02-14 10:18:13,395 - __main__ - INFO - Found hardware nodes file in latest extraction folder: C:\Users\sgade\OneDrive\Desktop\orbit_node\extracted_data\20260213_164345\hardware_nodes.json
2026-02-14 10:18:13,395 - __main__ - INFO - 
Initializing graph builder...
2026-02-14 10:18:13,400 - graph_builder.neo4j_connection - INFO - Loaded Neo4j configuration from C:\Users\sgade\OneDrive\Desktop\orbit_node\config\neo4j_config.yaml
2026-02-14 10:18:13,400 - graph_builder.neo4j_connection - INFO - Loaded Neo4j configuration from C:\Users\sgade\OneDrive\Desktop\orbit_node\config\neo4j_config.yaml
2026-02-14 10:18:13,400 - graph_builder.neo4j_connection - INFO - Loaded Neo4j configuration from C:\Users\sgade\OneDrive\Desktop\orbit_node\config\neo4j_config.yaml
2026-02-14 10:18:13,401 - graph_builder.neo4j_connection - INFO - Connecting to Neo4j at neo4j+s://41d93103.databases.neo4j.io with username: neo4j
2026-02-14 10:18:13,401 - graph_builder.neo4j_connection - INFO - Connecting to Neo4j at neo4j+s://41d93103.databases.neo4j.io with username: neo4j
2026-02-14 10:18:13,401 - graph_builder.neo4j_connection - INFO - Connecting to Neo4j at neo4j+s://41d93103.databases.neo4j.io with username: neo4j
2026-02-14 10:18:13,401 - graph_builder.neo4j_connection - INFO - URI already indicates encryption, skipping encrypted/trust parameters
2026-02-14 10:18:13,401 - graph_builder.neo4j_connection - INFO - URI already indicates encryption, skipping encrypted/trust parameters
2026-02-14 10:18:13,401 - graph_builder.neo4j_connection - INFO - URI already indicates encryption, skipping encrypted/trust parameters
2026-02-14 10:18:13,820 - neo4j - ERROR - Unable to retrieve routing information
2026-02-14 10:18:13,820 - graph_builder.neo4j_connection - ERROR - Neo4j connection test failed: Unable to retrieve routing information
2026-02-14 10:18:13,820 - graph_builder.neo4j_connection - ERROR - Neo4j connection test failed: Unable to retrieve routing information
2026-02-14 10:18:13,820 - graph_builder.neo4j_connection - ERROR - Neo4j connection test failed: Unable to retrieve routing information
2026-02-14 10:18:13,821 - graph_builder.neo4j_connection - ERROR - Failed to connect to Neo4j: Unable to retrieve routing information
2026-02-14 10:18:13,821 - graph_builder.neo4j_connection - ERROR - Failed to connect to Neo4j: Unable to retrieve routing information
2026-02-14 10:18:13,821 - graph_builder.neo4j_connection - ERROR - Failed to connect to Neo4j: Unable to retrieve routing information
2026-02-14 10:18:13,821 - __main__ - ERROR - Error during graph building: Unable to retrieve routing information
Traceback (most recent call last):
  File "C:\Users\sgade\OneDrive\Desktop\orbit_node\scripts\build_graph.py", line 183, in main
    builder = GraphBuilder(
        neo4j_config_path=str(config_dir / "neo4j_config.yaml"),
        graph_config_path=str(config_dir / "graph_config.yaml")
    )
  File "C:\Users\sgade\OneDrive\Desktop\orbit_node\graph_builder\graph_builder.py", line 28, in __init__
    self.neo4j_conn = Neo4jConnection(neo4j_config_path)
                      ~~~~~~~~~~~~~~~^^^^^^^^^^^^^^^^^^^
  File "C:\Users\sgade\OneDrive\Desktop\orbit_node\graph_builder\neo4j_connection.py", line 22, in __init__
    self._connect()
    ~~~~~~~~~~~~~^^
  File "C:\Users\sgade\OneDrive\Desktop\orbit_node\graph_builder\neo4j_connection.py", line 121, in _connect
    self.test_connection()
    ~~~~~~~~~~~~~~~~~~~~^^
  File "C:\Users\sgade\OneDrive\Desktop\orbit_node\graph_builder\neo4j_connection.py", line 144, in test_connection
    result = session.run("RETURN 1 as test")
  File "C:\Users\sgade\anaconda3\Lib\site-packages\neo4j\_sync\work\session.py", line 302, in run
    self._connect(self._config.default_access_mode)
    ~~~~~~~~~~~~~^^^^^^^^^^^^^^^^^^^^^^^^^^^^^^^^^^
  File "C:\Users\sgade\anaconda3\Lib\site-packages\neo4j\_sync\work\session.py", line 130, in _connect
    super()._connect(
    ~~~~~~~~~~~~~~~~^
        access_mode, auth=self._config.auth, **acquire_kwargs
        ^^^^^^^^^^^^^^^^^^^^^^^^^^^^^^^^^^^^^^^^^^^^^^^^^^^^^
    )
    ^
  File "C:\Users\sgade\anaconda3\Lib\site-packages\neo4j\_sync\work\workspace.py", line 178, in _connect
    self._connection = self._pool.acquire(**acquire_kwargs_)
                       ~~~~~~~~~~~~~~~~~~^^^^^^^^^^^^^^^^^^^
  File "C:\Users\sgade\anaconda3\Lib\site-packages\neo4j\_sync\io\_pool.py", line 910, in acquire
    self.ensure_routing_table_is_fresh(
    ~~~~~~~~~~~~~~~~~~~~~~~~~~~~~~~~~~^
        access_mode=access_mode, database=database,
        ^^^^^^^^^^^^^^^^^^^^^^^^^^^^^^^^^^^^^^^^^^^
        imp_user=None, bookmarks=bookmarks, auth=auth,
        ^^^^^^^^^^^^^^^^^^^^^^^^^^^^^^^^^^^^^^^^^^^^^^
        acquisition_timeout=timeout
        ^^^^^^^^^^^^^^^^^^^^^^^^^^^
    )
    ^
  File "C:\Users\sgade\anaconda3\Lib\site-packages\neo4j\_sync\io\_pool.py", line 852, in ensure_routing_table_is_fresh
    self.update_routing_table(
    ~~~~~~~~~~~~~~~~~~~~~~~~~^
        database=database, imp_user=imp_user, bookmarks=bookmarks,
        ^^^^^^^^^^^^^^^^^^^^^^^^^^^^^^^^^^^^^^^^^^^^^^^^^^^^^^^^^^
        auth=auth, acquisition_timeout=acquisition_timeout,
        ^^^^^^^^^^^^^^^^^^^^^^^^^^^^^^^^^^^^^^^^^^^^^^^^^^^
        database_callback=database_callback
        ^^^^^^^^^^^^^^^^^^^^^^^^^^^^^^^^^^^
    )
    ^
  File "C:\Users\sgade\anaconda3\Lib\site-packages\neo4j\_sync\io\_pool.py", line 802, in update_routing_table
    raise ServiceUnavailable("Unable to retrieve routing information")
neo4j.exceptions.ServiceUnavailable: Unable to retrieve routing information
2026-02-14 10:19:37,728 - __main__ - INFO - ============================================================
2026-02-14 10:19:37,729 - __main__ - INFO - Neo4j Graph Builder
2026-02-14 10:19:37,730 - __main__ - INFO - ============================================================
2026-02-14 10:19:37,732 - __main__ - INFO - Using latest extraction folder: 20260213_164345
2026-02-14 10:19:37,732 - __main__ - INFO - Full path: C:\Users\sgade\OneDrive\Desktop\orbit_node\extracted_data\20260213_164345
2026-02-14 10:19:37,733 - __main__ - INFO - Found asset nodes file in latest extraction folder: C:\Users\sgade\OneDrive\Desktop\orbit_node\extracted_data\20260213_164345\asset_nodes.json
2026-02-14 10:19:37,733 - __main__ - INFO - Using latest extraction folder: 20260213_164345
2026-02-14 10:19:37,734 - __main__ - INFO - Full path: C:\Users\sgade\OneDrive\Desktop\orbit_node\extracted_data\20260213_164345
2026-02-14 10:19:37,734 - __main__ - INFO - Found host nodes file in latest extraction folder: C:\Users\sgade\OneDrive\Desktop\orbit_node\extracted_data\20260213_164345\host_nodes.json
2026-02-14 10:19:37,735 - __main__ - INFO - Using latest extraction folder: 20260213_164345
2026-02-14 10:19:37,736 - __main__ - INFO - Full path: C:\Users\sgade\OneDrive\Desktop\orbit_node\extracted_data\20260213_164345
2026-02-14 10:19:37,736 - __main__ - INFO - Found software nodes file in latest extraction folder: C:\Users\sgade\OneDrive\Desktop\orbit_node\extracted_data\20260213_164345\software_nodes.json
2026-02-14 10:19:37,737 - __main__ - INFO - Using latest extraction folder: 20260213_164345
2026-02-14 10:19:37,738 - __main__ - INFO - Full path: C:\Users\sgade\OneDrive\Desktop\orbit_node\extracted_data\20260213_164345
2026-02-14 10:19:37,738 - __main__ - INFO - Found vulnerability nodes file in latest extraction folder: C:\Users\sgade\OneDrive\Desktop\orbit_node\extracted_data\20260213_164345\vulnerability_nodes.json
2026-02-14 10:19:37,739 - __main__ - INFO - Using latest extraction folder: 20260213_164345
2026-02-14 10:19:37,739 - __main__ - INFO - Full path: C:\Users\sgade\OneDrive\Desktop\orbit_node\extracted_data\20260213_164345
2026-02-14 10:19:37,740 - __main__ - INFO - Found assetgroup nodes file in latest extraction folder: C:\Users\sgade\OneDrive\Desktop\orbit_node\extracted_data\20260213_164345\assetgroup_nodes.json
2026-02-14 10:19:37,740 - __main__ - INFO - Using latest extraction folder: 20260213_164345
2026-02-14 10:19:37,741 - __main__ - INFO - Full path: C:\Users\sgade\OneDrive\Desktop\orbit_node\extracted_data\20260213_164345
2026-02-14 10:19:37,741 - __main__ - INFO - Found hardware nodes file in latest extraction folder: C:\Users\sgade\OneDrive\Desktop\orbit_node\extracted_data\20260213_164345\hardware_nodes.json
2026-02-14 10:19:37,741 - __main__ - INFO - 
Initializing graph builder...
2026-02-14 10:19:37,747 - graph_builder.neo4j_connection - INFO - Loaded Neo4j configuration from C:\Users\sgade\OneDrive\Desktop\orbit_node\config\neo4j_config.yaml
2026-02-14 10:19:37,747 - graph_builder.neo4j_connection - INFO - Loaded Neo4j configuration from C:\Users\sgade\OneDrive\Desktop\orbit_node\config\neo4j_config.yaml
2026-02-14 10:19:37,747 - graph_builder.neo4j_connection - INFO - Loaded Neo4j configuration from C:\Users\sgade\OneDrive\Desktop\orbit_node\config\neo4j_config.yaml
2026-02-14 10:19:37,748 - graph_builder.neo4j_connection - INFO - Connecting to Neo4j at bolt+s://41d93103.databases.neo4j.io with username: neo4j
2026-02-14 10:19:37,748 - graph_builder.neo4j_connection - INFO - Connecting to Neo4j at bolt+s://41d93103.databases.neo4j.io with username: neo4j
2026-02-14 10:19:37,748 - graph_builder.neo4j_connection - INFO - Connecting to Neo4j at bolt+s://41d93103.databases.neo4j.io with username: neo4j
2026-02-14 10:19:37,749 - graph_builder.neo4j_connection - INFO - URI already indicates encryption, skipping encrypted/trust parameters
2026-02-14 10:19:37,749 - graph_builder.neo4j_connection - INFO - URI already indicates encryption, skipping encrypted/trust parameters
2026-02-14 10:19:37,749 - graph_builder.neo4j_connection - INFO - URI already indicates encryption, skipping encrypted/trust parameters
2026-02-14 10:19:38,109 - graph_builder.neo4j_connection - ERROR - Neo4j connection test failed: Couldn't connect to 41d93103.databases.neo4j.io:7687 (resolved to ()):
[SSLCertVerificationError] Connection Failed. Please ensure that your database is listening on the correct host and port and that you have enabled encryption if required. Note that the default encryption setting has changed in Neo4j 4.0. See the docs for more information. Failed to establish encrypted connection. (code 1: Operation not permitted)
2026-02-14 10:19:38,109 - graph_builder.neo4j_connection - ERROR - Neo4j connection test failed: Couldn't connect to 41d93103.databases.neo4j.io:7687 (resolved to ()):
[SSLCertVerificationError] Connection Failed. Please ensure that your database is listening on the correct host and port and that you have enabled encryption if required. Note that the default encryption setting has changed in Neo4j 4.0. See the docs for more information. Failed to establish encrypted connection. (code 1: Operation not permitted)
2026-02-14 10:19:38,109 - graph_builder.neo4j_connection - ERROR - Neo4j connection test failed: Couldn't connect to 41d93103.databases.neo4j.io:7687 (resolved to ()):
[SSLCertVerificationError] Connection Failed. Please ensure that your database is listening on the correct host and port and that you have enabled encryption if required. Note that the default encryption setting has changed in Neo4j 4.0. See the docs for more information. Failed to establish encrypted connection. (code 1: Operation not permitted)
2026-02-14 10:19:38,110 - graph_builder.neo4j_connection - ERROR - Failed to connect to Neo4j: Couldn't connect to 41d93103.databases.neo4j.io:7687 (resolved to ()):
[SSLCertVerificationError] Connection Failed. Please ensure that your database is listening on the correct host and port and that you have enabled encryption if required. Note that the default encryption setting has changed in Neo4j 4.0. See the docs for more information. Failed to establish encrypted connection. (code 1: Operation not permitted)
2026-02-14 10:19:38,110 - graph_builder.neo4j_connection - ERROR - Failed to connect to Neo4j: Couldn't connect to 41d93103.databases.neo4j.io:7687 (resolved to ()):
[SSLCertVerificationError] Connection Failed. Please ensure that your database is listening on the correct host and port and that you have enabled encryption if required. Note that the default encryption setting has changed in Neo4j 4.0. See the docs for more information. Failed to establish encrypted connection. (code 1: Operation not permitted)
2026-02-14 10:19:38,110 - graph_builder.neo4j_connection - ERROR - Failed to connect to Neo4j: Couldn't connect to 41d93103.databases.neo4j.io:7687 (resolved to ()):
[SSLCertVerificationError] Connection Failed. Please ensure that your database is listening on the correct host and port and that you have enabled encryption if required. Note that the default encryption setting has changed in Neo4j 4.0. See the docs for more information. Failed to establish encrypted connection. (code 1: Operation not permitted)
2026-02-14 10:19:38,111 - __main__ - ERROR - Error during graph building: Couldn't connect to 41d93103.databases.neo4j.io:7687 (resolved to ()):
[SSLCertVerificationError] Connection Failed. Please ensure that your database is listening on the correct host and port and that you have enabled encryption if required. Note that the default encryption setting has changed in Neo4j 4.0. See the docs for more information. Failed to establish encrypted connection. (code 1: Operation not permitted)
Traceback (most recent call last):
  File "C:\Users\sgade\anaconda3\Lib\site-packages\neo4j\_async_compat\network\_bolt_socket.py", line 560, in _secure
    s = ssl_context.wrap_socket(s, server_hostname=sni_host)
  File "C:\Users\sgade\anaconda3\Lib\ssl.py", line 455, in wrap_socket
    return self.sslsocket_class._create(
           ~~~~~~~~~~~~~~~~~~~~~~~~~~~~^
        sock=sock,
        ^^^^^^^^^^
    ...<5 lines>...
        session=session
        ^^^^^^^^^^^^^^^
    )
    ^
  File "C:\Users\sgade\anaconda3\Lib\ssl.py", line 1076, in _create
    self.do_handshake()
    ~~~~~~~~~~~~~~~~~^^
  File "C:\Users\sgade\anaconda3\Lib\ssl.py", line 1372, in do_handshake
    self._sslobj.do_handshake()
    ~~~~~~~~~~~~~~~~~~~~~~~~~^^
ssl.SSLCertVerificationError: [SSL: CERTIFICATE_VERIFY_FAILED] certificate verify failed: self-signed certificate in certificate chain (_ssl.c:1032)

The above exception was the direct cause of the following exception:

Traceback (most recent call last):
  File "C:\Users\sgade\anaconda3\Lib\site-packages\neo4j\_async_compat\network\_bolt_socket.py", line 692, in connect
    s = BoltSocket._secure(s, resolved_address._host_name,
                           ssl_context)
  File "C:\Users\sgade\anaconda3\Lib\site-packages\neo4j\_async_compat\network\_bolt_socket.py", line 563, in _secure
    raise BoltSecurityError(
    ...<2 lines>...
    ) from cause
neo4j._exceptions.BoltSecurityError: [SSLCertVerificationError] Connection Failed. Please ensure that your database is listening on the correct host and port and that you have enabled encryption if required. Note that the default encryption setting has changed in Neo4j 4.0. See the docs for more information. Failed to establish encrypted connection. (code 1: Operation not permitted)

The above exception was the direct cause of the following exception:

Traceback (most recent call last):
  File "C:\Users\sgade\OneDrive\Desktop\orbit_node\scripts\build_graph.py", line 183, in main
    builder = GraphBuilder(
        neo4j_config_path=str(config_dir / "neo4j_config.yaml"),
        graph_config_path=str(config_dir / "graph_config.yaml")
    )
  File "C:\Users\sgade\OneDrive\Desktop\orbit_node\graph_builder\graph_builder.py", line 28, in __init__
    self.neo4j_conn = Neo4jConnection(neo4j_config_path)
                      ~~~~~~~~~~~~~~~^^^^^^^^^^^^^^^^^^^
  File "C:\Users\sgade\OneDrive\Desktop\orbit_node\graph_builder\neo4j_connection.py", line 22, in __init__
    self._connect()
    ~~~~~~~~~~~~~^^
  File "C:\Users\sgade\OneDrive\Desktop\orbit_node\graph_builder\neo4j_connection.py", line 121, in _connect
    self.test_connection()
    ~~~~~~~~~~~~~~~~~~~~^^
  File "C:\Users\sgade\OneDrive\Desktop\orbit_node\graph_builder\neo4j_connection.py", line 144, in test_connection
    result = session.run("RETURN 1 as test")
  File "C:\Users\sgade\anaconda3\Lib\site-packages\neo4j\_sync\work\session.py", line 302, in run
    self._connect(self._config.default_access_mode)
    ~~~~~~~~~~~~~^^^^^^^^^^^^^^^^^^^^^^^^^^^^^^^^^^
  File "C:\Users\sgade\anaconda3\Lib\site-packages\neo4j\_sync\work\session.py", line 130, in _connect
    super()._connect(
    ~~~~~~~~~~~~~~~~^
        access_mode, auth=self._config.auth, **acquire_kwargs
        ^^^^^^^^^^^^^^^^^^^^^^^^^^^^^^^^^^^^^^^^^^^^^^^^^^^^^
    )
    ^
  File "C:\Users\sgade\anaconda3\Lib\site-packages\neo4j\_sync\work\workspace.py", line 178, in _connect
    self._connection = self._pool.acquire(**acquire_kwargs_)
                       ~~~~~~~~~~~~~~~~~~^^^^^^^^^^^^^^^^^^^
  File "C:\Users\sgade\anaconda3\Lib\site-packages\neo4j\_sync\io\_pool.py", line 526, in acquire
    return self._acquire(
           ~~~~~~~~~~~~~^
        self.address, auth, deadline, liveness_check_timeout
        ^^^^^^^^^^^^^^^^^^^^^^^^^^^^^^^^^^^^^^^^^^^^^^^^^^^^
    )
    ^
  File "C:\Users\sgade\anaconda3\Lib\site-packages\neo4j\_sync\io\_pool.py", line 313, in _acquire
    return connection_creator()
  File "C:\Users\sgade\anaconda3\Lib\site-packages\neo4j\_sync\io\_pool.py", line 165, in connection_creator
    connection = self.opener(
        address, auth or self.pool_config.auth, deadline
    )
  File "C:\Users\sgade\anaconda3\Lib\site-packages\neo4j\_sync\io\_pool.py", line 500, in opener
    return Bolt.open(
           ~~~~~~~~~^
        addr, auth_manager=auth_manager, deadline=deadline,
        ^^^^^^^^^^^^^^^^^^^^^^^^^^^^^^^^^^^^^^^^^^^^^^^^^^^
        routing_context=None, pool_config=pool_config
        ^^^^^^^^^^^^^^^^^^^^^^^^^^^^^^^^^^^^^^^^^^^^^
    )
    ^
  File "C:\Users\sgade\anaconda3\Lib\site-packages\neo4j\_sync\io\_bolt.py", line 400, in open
    BoltSocket.connect(
    ~~~~~~~~~~~~~~~~~~^
        address,
        ^^^^^^^^
    ...<4 lines>...
        keep_alive=pool_config.keep_alive,
        ^^^^^^^^^^^^^^^^^^^^^^^^^^^^^^^^^^
    )
    ^
  File "C:\Users\sgade\anaconda3\Lib\site-packages\neo4j\_async_compat\network\_bolt_socket.py", line 718, in connect
    raise ServiceUnavailable(
    ...<4 lines>...
    ) from errors[0]
neo4j.exceptions.ServiceUnavailable: Couldn't connect to 41d93103.databases.neo4j.io:7687 (resolved to ()):
[SSLCertVerificationError] Connection Failed. Please ensure that your database is listening on the correct host and port and that you have enabled encryption if required. Note that the default encryption setting has changed in Neo4j 4.0. See the docs for more information. Failed to establish encrypted connection. (code 1: Operation not permitted)
2026-02-14 10:20:17,738 - __main__ - INFO - ============================================================
2026-02-14 10:20:17,739 - __main__ - INFO - Neo4j Graph Builder
2026-02-14 10:20:17,739 - __main__ - INFO - ============================================================
2026-02-14 10:20:17,740 - __main__ - INFO - Using latest extraction folder: 20260213_164345
2026-02-14 10:20:17,741 - __main__ - INFO - Full path: C:\Users\sgade\OneDrive\Desktop\orbit_node\extracted_data\20260213_164345
2026-02-14 10:20:17,741 - __main__ - INFO - Found asset nodes file in latest extraction folder: C:\Users\sgade\OneDrive\Desktop\orbit_node\extracted_data\20260213_164345\asset_nodes.json
2026-02-14 10:20:17,742 - __main__ - INFO - Using latest extraction folder: 20260213_164345
2026-02-14 10:20:17,742 - __main__ - INFO - Full path: C:\Users\sgade\OneDrive\Desktop\orbit_node\extracted_data\20260213_164345
2026-02-14 10:20:17,743 - __main__ - INFO - Found host nodes file in latest extraction folder: C:\Users\sgade\OneDrive\Desktop\orbit_node\extracted_data\20260213_164345\host_nodes.json
2026-02-14 10:20:17,743 - __main__ - INFO - Using latest extraction folder: 20260213_164345
2026-02-14 10:20:17,743 - __main__ - INFO - Full path: C:\Users\sgade\OneDrive\Desktop\orbit_node\extracted_data\20260213_164345
2026-02-14 10:20:17,744 - __main__ - INFO - Found software nodes file in latest extraction folder: C:\Users\sgade\OneDrive\Desktop\orbit_node\extracted_data\20260213_164345\software_nodes.json
2026-02-14 10:20:17,744 - __main__ - INFO - Using latest extraction folder: 20260213_164345
2026-02-14 10:20:17,744 - __main__ - INFO - Full path: C:\Users\sgade\OneDrive\Desktop\orbit_node\extracted_data\20260213_164345
2026-02-14 10:20:17,744 - __main__ - INFO - Found vulnerability nodes file in latest extraction folder: C:\Users\sgade\OneDrive\Desktop\orbit_node\extracted_data\20260213_164345\vulnerability_nodes.json
2026-02-14 10:20:17,745 - __main__ - INFO - Using latest extraction folder: 20260213_164345
2026-02-14 10:20:17,745 - __main__ - INFO - Full path: C:\Users\sgade\OneDrive\Desktop\orbit_node\extracted_data\20260213_164345
2026-02-14 10:20:17,745 - __main__ - INFO - Found assetgroup nodes file in latest extraction folder: C:\Users\sgade\OneDrive\Desktop\orbit_node\extracted_data\20260213_164345\assetgroup_nodes.json
2026-02-14 10:20:17,746 - __main__ - INFO - Using latest extraction folder: 20260213_164345
2026-02-14 10:20:17,746 - __main__ - INFO - Full path: C:\Users\sgade\OneDrive\Desktop\orbit_node\extracted_data\20260213_164345
2026-02-14 10:20:17,746 - __main__ - INFO - Found hardware nodes file in latest extraction folder: C:\Users\sgade\OneDrive\Desktop\orbit_node\extracted_data\20260213_164345\hardware_nodes.json
2026-02-14 10:20:17,746 - __main__ - INFO - 
Initializing graph builder...
2026-02-14 10:20:17,750 - graph_builder.neo4j_connection - INFO - Loaded Neo4j configuration from C:\Users\sgade\OneDrive\Desktop\orbit_node\config\neo4j_config.yaml
2026-02-14 10:20:17,750 - graph_builder.neo4j_connection - INFO - Loaded Neo4j configuration from C:\Users\sgade\OneDrive\Desktop\orbit_node\config\neo4j_config.yaml
2026-02-14 10:20:17,750 - graph_builder.neo4j_connection - INFO - Loaded Neo4j configuration from C:\Users\sgade\OneDrive\Desktop\orbit_node\config\neo4j_config.yaml
2026-02-14 10:20:17,750 - graph_builder.neo4j_connection - INFO - Connecting to Neo4j at bolt+s://41d93103.databases.neo4j.io with username: neo4j
2026-02-14 10:20:17,750 - graph_builder.neo4j_connection - INFO - Connecting to Neo4j at bolt+s://41d93103.databases.neo4j.io with username: neo4j
2026-02-14 10:20:17,750 - graph_builder.neo4j_connection - INFO - Connecting to Neo4j at bolt+s://41d93103.databases.neo4j.io with username: neo4j
2026-02-14 10:20:17,750 - graph_builder.neo4j_connection - INFO - URI already indicates encryption, skipping encrypted/trust parameters
2026-02-14 10:20:17,750 - graph_builder.neo4j_connection - INFO - URI already indicates encryption, skipping encrypted/trust parameters
2026-02-14 10:20:17,750 - graph_builder.neo4j_connection - INFO - URI already indicates encryption, skipping encrypted/trust parameters
2026-02-14 10:20:19,279 - graph_builder.neo4j_connection - INFO - Neo4j connection test successful
2026-02-14 10:20:19,279 - graph_builder.neo4j_connection - INFO - Neo4j connection test successful
2026-02-14 10:20:19,279 - graph_builder.neo4j_connection - INFO - Neo4j connection test successful
2026-02-14 10:20:19,280 - graph_builder.neo4j_connection - INFO - Successfully connected to Neo4j at bolt+s://41d93103.databases.neo4j.io
2026-02-14 10:20:19,280 - graph_builder.neo4j_connection - INFO - Successfully connected to Neo4j at bolt+s://41d93103.databases.neo4j.io
2026-02-14 10:20:19,280 - graph_builder.neo4j_connection - INFO - Successfully connected to Neo4j at bolt+s://41d93103.databases.neo4j.io
2026-02-14 10:20:19,382 - graph_builder.constraints_manager - INFO - Loaded graph configuration from C:\Users\sgade\OneDrive\Desktop\orbit_node\config\graph_config.yaml
2026-02-14 10:20:19,382 - graph_builder.constraints_manager - INFO - Loaded graph configuration from C:\Users\sgade\OneDrive\Desktop\orbit_node\config\graph_config.yaml
2026-02-14 10:20:19,382 - graph_builder.constraints_manager - INFO - Loaded graph configuration from C:\Users\sgade\OneDrive\Desktop\orbit_node\config\graph_config.yaml
2026-02-14 10:20:19,470 - graph_builder.relationship_manager - INFO - Loaded graph configuration from C:\Users\sgade\OneDrive\Desktop\orbit_node\config\graph_config.yaml
2026-02-14 10:20:19,470 - graph_builder.relationship_manager - INFO - Loaded graph configuration from C:\Users\sgade\OneDrive\Desktop\orbit_node\config\graph_config.yaml
2026-02-14 10:20:19,470 - graph_builder.relationship_manager - INFO - Loaded graph configuration from C:\Users\sgade\OneDrive\Desktop\orbit_node\config\graph_config.yaml
2026-02-14 10:20:19,487 - graph_builder.relationship_manager - INFO - Loaded paths configuration from C:\Users\sgade\OneDrive\Desktop\orbit_node\config\paths_config.yaml
2026-02-14 10:20:19,487 - graph_builder.relationship_manager - INFO - Loaded paths configuration from C:\Users\sgade\OneDrive\Desktop\orbit_node\config\paths_config.yaml
2026-02-14 10:20:19,487 - graph_builder.relationship_manager - INFO - Loaded paths configuration from C:\Users\sgade\OneDrive\Desktop\orbit_node\config\paths_config.yaml
2026-02-14 10:20:19,487 - graph_builder.relationship_manager - INFO - Looking for collected data in: C:\Users\sgade\OneDrive\Desktop\orbit_node\collected_data
2026-02-14 10:20:19,487 - graph_builder.relationship_manager - INFO - Looking for collected data in: C:\Users\sgade\OneDrive\Desktop\orbit_node\collected_data
2026-02-14 10:20:19,487 - graph_builder.relationship_manager - INFO - Looking for collected data in: C:\Users\sgade\OneDrive\Desktop\orbit_node\collected_data
2026-02-14 10:20:19,488 - graph_builder.relationship_manager - INFO - Using latest collected data directory: 20260210_201344
2026-02-14 10:20:19,488 - graph_builder.relationship_manager - INFO - Using latest collected data directory: 20260210_201344
2026-02-14 10:20:19,488 - graph_builder.relationship_manager - INFO - Using latest collected data directory: 20260210_201344
2026-02-14 10:20:19,489 - graph_builder.relationship_manager - INFO - Full path: C:\Users\sgade\OneDrive\Desktop\orbit_node\collected_data\20260210_201344
2026-02-14 10:20:19,489 - graph_builder.relationship_manager - INFO - Full path: C:\Users\sgade\OneDrive\Desktop\orbit_node\collected_data\20260210_201344
2026-02-14 10:20:19,489 - graph_builder.relationship_manager - INFO - Full path: C:\Users\sgade\OneDrive\Desktop\orbit_node\collected_data\20260210_201344
2026-02-14 10:20:19,489 - __main__ - INFO - 
Setting up constraints...
2026-02-14 10:20:19,489 - graph_builder.graph_builder - INFO - ============================================================
2026-02-14 10:20:19,489 - graph_builder.graph_builder - INFO - ============================================================
2026-02-14 10:20:19,489 - graph_builder.graph_builder - INFO - ============================================================
2026-02-14 10:20:19,490 - graph_builder.graph_builder - INFO - Setting up Neo4j constraints and indexes
2026-02-14 10:20:19,490 - graph_builder.graph_builder - INFO - Setting up Neo4j constraints and indexes
2026-02-14 10:20:19,490 - graph_builder.graph_builder - INFO - Setting up Neo4j constraints and indexes
2026-02-14 10:20:19,490 - graph_builder.graph_builder - INFO - ============================================================
2026-02-14 10:20:19,490 - graph_builder.graph_builder - INFO - ============================================================
2026-02-14 10:20:19,490 - graph_builder.graph_builder - INFO - ============================================================
2026-02-14 10:20:19,490 - graph_builder.constraints_manager - INFO - Creating constraints for node type: asset
2026-02-14 10:20:19,490 - graph_builder.constraints_manager - INFO - Creating constraints for node type: asset
2026-02-14 10:20:19,490 - graph_builder.constraints_manager - INFO - Creating constraints for node type: asset
2026-02-14 10:20:19,996 - graph_builder.constraints_manager - INFO - Created UNIQUE constraint 'unique_asset_id' on NJS_Asset(asset_id)
2026-02-14 10:20:19,996 - graph_builder.constraints_manager - INFO - Created UNIQUE constraint 'unique_asset_id' on NJS_Asset(asset_id)
2026-02-14 10:20:19,996 - graph_builder.constraints_manager - INFO - Created UNIQUE constraint 'unique_asset_id' on NJS_Asset(asset_id)
2026-02-14 10:20:19,996 - graph_builder.constraints_manager - INFO - Creating constraints for node type: host
2026-02-14 10:20:19,996 - graph_builder.constraints_manager - INFO - Creating constraints for node type: host
2026-02-14 10:20:19,996 - graph_builder.constraints_manager - INFO - Creating constraints for node type: host
2026-02-14 10:20:20,362 - graph_builder.constraints_manager - INFO - Created composite UNIQUE constraint 'unique_host_composite' on NJS_Host(agent_id, os_name)
2026-02-14 10:20:20,362 - graph_builder.constraints_manager - INFO - Created composite UNIQUE constraint 'unique_host_composite' on NJS_Host(agent_id, os_name)
2026-02-14 10:20:20,362 - graph_builder.constraints_manager - INFO - Created composite UNIQUE constraint 'unique_host_composite' on NJS_Host(agent_id, os_name)
2026-02-14 10:20:20,363 - graph_builder.constraints_manager - INFO - Creating constraints for node type: software
2026-02-14 10:20:20,363 - graph_builder.constraints_manager - INFO - Creating constraints for node type: software
2026-02-14 10:20:20,363 - graph_builder.constraints_manager - INFO - Creating constraints for node type: software
2026-02-14 10:20:20,816 - graph_builder.constraints_manager - INFO - Created UNIQUE constraint 'unique_software_name' on NJS_Software(name)
2026-02-14 10:20:20,816 - graph_builder.constraints_manager - INFO - Created UNIQUE constraint 'unique_software_name' on NJS_Software(name)
2026-02-14 10:20:20,816 - graph_builder.constraints_manager - INFO - Created UNIQUE constraint 'unique_software_name' on NJS_Software(name)
2026-02-14 10:20:20,817 - graph_builder.constraints_manager - INFO - Creating constraints for node type: vulnerability
2026-02-14 10:20:20,817 - graph_builder.constraints_manager - INFO - Creating constraints for node type: vulnerability
2026-02-14 10:20:20,817 - graph_builder.constraints_manager - INFO - Creating constraints for node type: vulnerability
2026-02-14 10:20:21,224 - graph_builder.constraints_manager - INFO - Created UNIQUE constraint 'unique_cve_id' on NJS_Vulnerability(cve_id)
2026-02-14 10:20:21,224 - graph_builder.constraints_manager - INFO - Created UNIQUE constraint 'unique_cve_id' on NJS_Vulnerability(cve_id)
2026-02-14 10:20:21,224 - graph_builder.constraints_manager - INFO - Created UNIQUE constraint 'unique_cve_id' on NJS_Vulnerability(cve_id)
2026-02-14 10:20:21,224 - graph_builder.constraints_manager - INFO - Creating constraints for node type: assetgroup
2026-02-14 10:20:21,224 - graph_builder.constraints_manager - INFO - Creating constraints for node type: assetgroup
2026-02-14 10:20:21,224 - graph_builder.constraints_manager - INFO - Creating constraints for node type: assetgroup
2026-02-14 10:20:21,532 - graph_builder.constraints_manager - INFO - Created UNIQUE constraint 'unique_assetgroup_name' on NJS_AssetGroup(name)
2026-02-14 10:20:21,532 - graph_builder.constraints_manager - INFO - Created UNIQUE constraint 'unique_assetgroup_name' on NJS_AssetGroup(name)
2026-02-14 10:20:21,532 - graph_builder.constraints_manager - INFO - Created UNIQUE constraint 'unique_assetgroup_name' on NJS_AssetGroup(name)
2026-02-14 10:20:21,533 - graph_builder.constraints_manager - INFO - Creating constraints for node type: hardware
2026-02-14 10:20:21,533 - graph_builder.constraints_manager - INFO - Creating constraints for node type: hardware
2026-02-14 10:20:21,533 - graph_builder.constraints_manager - INFO - Creating constraints for node type: hardware
2026-02-14 10:20:21,839 - graph_builder.constraints_manager - INFO - Created composite UNIQUE constraint 'unique_hardware_composite' on NJS_Hardware(agent_id, name)
2026-02-14 10:20:21,839 - graph_builder.constraints_manager - INFO - Created composite UNIQUE constraint 'unique_hardware_composite' on NJS_Hardware(agent_id, name)
2026-02-14 10:20:21,839 - graph_builder.constraints_manager - INFO - Created composite UNIQUE constraint 'unique_hardware_composite' on NJS_Hardware(agent_id, name)
2026-02-14 10:20:21,840 - graph_builder.constraints_manager - INFO - Creating constraints for node type: scanevent
2026-02-14 10:20:21,840 - graph_builder.constraints_manager - INFO - Creating constraints for node type: scanevent
2026-02-14 10:20:21,840 - graph_builder.constraints_manager - INFO - Creating constraints for node type: scanevent
2026-02-14 10:20:22,172 - graph_builder.constraints_manager - INFO - Created UNIQUE constraint 'unique_scanevent_id' on ScanEvent(event_id)
2026-02-14 10:20:22,172 - graph_builder.constraints_manager - INFO - Created UNIQUE constraint 'unique_scanevent_id' on ScanEvent(event_id)
2026-02-14 10:20:22,172 - graph_builder.constraints_manager - INFO - Created UNIQUE constraint 'unique_scanevent_id' on ScanEvent(event_id)
2026-02-14 10:20:22,172 - graph_builder.graph_builder - INFO - asset: 1/1 constraints created successfully
2026-02-14 10:20:22,172 - graph_builder.graph_builder - INFO - asset: 1/1 constraints created successfully
2026-02-14 10:20:22,172 - graph_builder.graph_builder - INFO - asset: 1/1 constraints created successfully
2026-02-14 10:20:22,173 - graph_builder.graph_builder - INFO - host: 1/1 constraints created successfully
2026-02-14 10:20:22,173 - graph_builder.graph_builder - INFO - host: 1/1 constraints created successfully
2026-02-14 10:20:22,173 - graph_builder.graph_builder - INFO - host: 1/1 constraints created successfully
2026-02-14 10:20:22,173 - graph_builder.graph_builder - INFO - software: 1/1 constraints created successfully
2026-02-14 10:20:22,173 - graph_builder.graph_builder - INFO - software: 1/1 constraints created successfully
2026-02-14 10:20:22,173 - graph_builder.graph_builder - INFO - software: 1/1 constraints created successfully
2026-02-14 10:20:22,173 - graph_builder.graph_builder - INFO - vulnerability: 1/1 constraints created successfully
2026-02-14 10:20:22,173 - graph_builder.graph_builder - INFO - vulnerability: 1/1 constraints created successfully
2026-02-14 10:20:22,173 - graph_builder.graph_builder - INFO - vulnerability: 1/1 constraints created successfully
2026-02-14 10:20:22,173 - graph_builder.graph_builder - INFO - assetgroup: 1/1 constraints created successfully
2026-02-14 10:20:22,173 - graph_builder.graph_builder - INFO - assetgroup: 1/1 constraints created successfully
2026-02-14 10:20:22,173 - graph_builder.graph_builder - INFO - assetgroup: 1/1 constraints created successfully
2026-02-14 10:20:22,173 - graph_builder.graph_builder - INFO - hardware: 1/1 constraints created successfully
2026-02-14 10:20:22,173 - graph_builder.graph_builder - INFO - hardware: 1/1 constraints created successfully
2026-02-14 10:20:22,173 - graph_builder.graph_builder - INFO - hardware: 1/1 constraints created successfully
2026-02-14 10:20:22,173 - graph_builder.graph_builder - INFO - scanevent: 1/1 constraints created successfully
2026-02-14 10:20:22,173 - graph_builder.graph_builder - INFO - scanevent: 1/1 constraints created successfully
2026-02-14 10:20:22,173 - graph_builder.graph_builder - INFO - scanevent: 1/1 constraints created successfully
2026-02-14 10:20:22,173 - __main__ - INFO - Constraints setup completed successfully
2026-02-14 10:20:22,174 - __main__ - INFO - 
============================================================
2026-02-14 10:20:22,174 - __main__ - INFO - Creating ScanEvent
2026-02-14 10:20:22,174 - __main__ - INFO - ============================================================
2026-02-14 10:20:22,864 - graph_builder.scanevent_manager - INFO - Created ScanEvent: NODE_N1_SCAN_00001_1770982043
2026-02-14 10:20:22,864 - graph_builder.scanevent_manager - INFO - Created ScanEvent: NODE_N1_SCAN_00001_1770982043
2026-02-14 10:20:22,864 - graph_builder.scanevent_manager - INFO - Created ScanEvent: NODE_N1_SCAN_00001_1770982043
2026-02-14 10:20:22,864 - graph_builder.scanevent_manager - INFO -   Description: STANDARD_BASELINE_LOAD
2026-02-14 10:20:22,864 - graph_builder.scanevent_manager - INFO -   Description: STANDARD_BASELINE_LOAD
2026-02-14 10:20:22,864 - graph_builder.scanevent_manager - INFO -   Description: STANDARD_BASELINE_LOAD
2026-02-14 10:20:22,865 - graph_builder.scanevent_manager - INFO -   Time: 2026-02-13T16:57:23.606436
2026-02-14 10:20:22,865 - graph_builder.scanevent_manager - INFO -   Time: 2026-02-13T16:57:23.606436
2026-02-14 10:20:22,865 - graph_builder.scanevent_manager - INFO -   Time: 2026-02-13T16:57:23.606436
2026-02-14 10:20:22,866 - graph_builder.scanevent_manager - INFO -   Status: Created
2026-02-14 10:20:22,866 - graph_builder.scanevent_manager - INFO -   Status: Created
2026-02-14 10:20:22,866 - graph_builder.scanevent_manager - INFO -   Status: Created
2026-02-14 10:20:22,866 - __main__ - INFO - ScanEvent created: NODE_N1_SCAN_00001_1770982043
2026-02-14 10:20:22,867 - __main__ - INFO - ============================================================
2026-02-14 10:20:22,867 - __main__ - INFO - 
Adding event_id (NODE_N1_SCAN_00001_1770982043) to all nodes...
2026-02-14 10:20:22,910 - __main__ - INFO - 
Inserting asset nodes...
2026-02-14 10:20:22,911 - graph_builder.graph_builder - INFO - ============================================================
2026-02-14 10:20:22,911 - graph_builder.graph_builder - INFO - ============================================================
2026-02-14 10:20:22,911 - graph_builder.graph_builder - INFO - ============================================================
2026-02-14 10:20:22,911 - graph_builder.graph_builder - INFO - Inserting ASSET nodes into Neo4j
2026-02-14 10:20:22,911 - graph_builder.graph_builder - INFO - Inserting ASSET nodes into Neo4j
2026-02-14 10:20:22,911 - graph_builder.graph_builder - INFO - Inserting ASSET nodes into Neo4j
2026-02-14 10:20:22,911 - graph_builder.graph_builder - INFO - ============================================================
2026-02-14 10:20:22,911 - graph_builder.graph_builder - INFO - ============================================================
2026-02-14 10:20:22,911 - graph_builder.graph_builder - INFO - ============================================================
2026-02-14 10:20:22,911 - graph_builder.node_inserter - INFO - Loading nodes from: C:\Users\sgade\OneDrive\Desktop\orbit_node\extracted_data\20260213_164345\asset_nodes_with_event_id.json
2026-02-14 10:20:22,911 - graph_builder.node_inserter - INFO - Loading nodes from: C:\Users\sgade\OneDrive\Desktop\orbit_node\extracted_data\20260213_164345\asset_nodes_with_event_id.json
2026-02-14 10:20:22,911 - graph_builder.node_inserter - INFO - Loading nodes from: C:\Users\sgade\OneDrive\Desktop\orbit_node\extracted_data\20260213_164345\asset_nodes_with_event_id.json
2026-02-14 10:20:22,912 - graph_builder.node_inserter - INFO - Loaded 5 nodes from JSON file
2026-02-14 10:20:22,912 - graph_builder.node_inserter - INFO - Loaded 5 nodes from JSON file
2026-02-14 10:20:22,912 - graph_builder.node_inserter - INFO - Loaded 5 nodes from JSON file
2026-02-14 10:20:23,070 - graph_builder.graph_builder - INFO - Existing NJS_Asset nodes in database: 0
2026-02-14 10:20:23,070 - graph_builder.graph_builder - INFO - Existing NJS_Asset nodes in database: 0
2026-02-14 10:20:23,070 - graph_builder.graph_builder - INFO - Existing NJS_Asset nodes in database: 0
2026-02-14 10:20:23,071 - graph_builder.node_inserter - INFO - Inserting 5 NJS_Asset nodes in batches of 100
2026-02-14 10:20:23,071 - graph_builder.node_inserter - INFO - Inserting 5 NJS_Asset nodes in batches of 100
2026-02-14 10:20:23,071 - graph_builder.node_inserter - INFO - Inserting 5 NJS_Asset nodes in batches of 100
2026-02-14 10:20:23,071 - graph_builder.node_inserter - INFO - Processing batch 1/1 (5 nodes)
2026-02-14 10:20:23,071 - graph_builder.node_inserter - INFO - Processing batch 1/1 (5 nodes)
2026-02-14 10:20:23,071 - graph_builder.node_inserter - INFO - Processing batch 1/1 (5 nodes)
2026-02-14 10:20:24,707 - graph_builder.node_inserter - INFO - Batch insertion complete: 5 succeeded, 0 failed
2026-02-14 10:20:24,707 - graph_builder.node_inserter - INFO - Batch insertion complete: 5 succeeded, 0 failed
2026-02-14 10:20:24,707 - graph_builder.node_inserter - INFO - Batch insertion complete: 5 succeeded, 0 failed
2026-02-14 10:20:24,809 - graph_builder.graph_builder - INFO - Total NJS_Asset nodes in database after insertion: 5
2026-02-14 10:20:24,809 - graph_builder.graph_builder - INFO - Total NJS_Asset nodes in database after insertion: 5
2026-02-14 10:20:24,809 - graph_builder.graph_builder - INFO - Total NJS_Asset nodes in database after insertion: 5
2026-02-14 10:20:24,809 - __main__ - INFO - 
Inserting host nodes...
2026-02-14 10:20:24,809 - graph_builder.graph_builder - INFO - ============================================================
2026-02-14 10:20:24,809 - graph_builder.graph_builder - INFO - ============================================================
2026-02-14 10:20:24,809 - graph_builder.graph_builder - INFO - ============================================================
2026-02-14 10:20:24,809 - graph_builder.graph_builder - INFO - Inserting HOST nodes into Neo4j
2026-02-14 10:20:24,809 - graph_builder.graph_builder - INFO - Inserting HOST nodes into Neo4j
2026-02-14 10:20:24,809 - graph_builder.graph_builder - INFO - Inserting HOST nodes into Neo4j
2026-02-14 10:20:24,809 - graph_builder.graph_builder - INFO - ============================================================
2026-02-14 10:20:24,809 - graph_builder.graph_builder - INFO - ============================================================
2026-02-14 10:20:24,809 - graph_builder.graph_builder - INFO - ============================================================
2026-02-14 10:20:24,810 - graph_builder.node_inserter - INFO - Loading nodes from: C:\Users\sgade\OneDrive\Desktop\orbit_node\extracted_data\20260213_164345\host_nodes_with_event_id.json
2026-02-14 10:20:24,810 - graph_builder.node_inserter - INFO - Loading nodes from: C:\Users\sgade\OneDrive\Desktop\orbit_node\extracted_data\20260213_164345\host_nodes_with_event_id.json
2026-02-14 10:20:24,810 - graph_builder.node_inserter - INFO - Loading nodes from: C:\Users\sgade\OneDrive\Desktop\orbit_node\extracted_data\20260213_164345\host_nodes_with_event_id.json
2026-02-14 10:20:24,811 - graph_builder.node_inserter - INFO - Loaded 5 nodes from JSON file
2026-02-14 10:20:24,811 - graph_builder.node_inserter - INFO - Loaded 5 nodes from JSON file
2026-02-14 10:20:24,811 - graph_builder.node_inserter - INFO - Loaded 5 nodes from JSON file
2026-02-14 10:20:24,904 - graph_builder.graph_builder - INFO - Existing NJS_Host nodes in database: 0
2026-02-14 10:20:24,904 - graph_builder.graph_builder - INFO - Existing NJS_Host nodes in database: 0
2026-02-14 10:20:24,904 - graph_builder.graph_builder - INFO - Existing NJS_Host nodes in database: 0
2026-02-14 10:20:24,905 - graph_builder.node_inserter - INFO - Inserting 5 NJS_Host nodes in batches of 100
2026-02-14 10:20:24,905 - graph_builder.node_inserter - INFO - Inserting 5 NJS_Host nodes in batches of 100
2026-02-14 10:20:24,905 - graph_builder.node_inserter - INFO - Inserting 5 NJS_Host nodes in batches of 100
2026-02-14 10:20:24,905 - graph_builder.node_inserter - INFO - Processing batch 1/1 (5 nodes)
2026-02-14 10:20:24,905 - graph_builder.node_inserter - INFO - Processing batch 1/1 (5 nodes)
2026-02-14 10:20:24,905 - graph_builder.node_inserter - INFO - Processing batch 1/1 (5 nodes)
2026-02-14 10:20:26,651 - graph_builder.node_inserter - INFO - Batch insertion complete: 5 succeeded, 0 failed
2026-02-14 10:20:26,651 - graph_builder.node_inserter - INFO - Batch insertion complete: 5 succeeded, 0 failed
2026-02-14 10:20:26,651 - graph_builder.node_inserter - INFO - Batch insertion complete: 5 succeeded, 0 failed
2026-02-14 10:20:26,755 - graph_builder.graph_builder - INFO - Total NJS_Host nodes in database after insertion: 5
2026-02-14 10:20:26,755 - graph_builder.graph_builder - INFO - Total NJS_Host nodes in database after insertion: 5
2026-02-14 10:20:26,755 - graph_builder.graph_builder - INFO - Total NJS_Host nodes in database after insertion: 5
2026-02-14 10:20:26,756 - __main__ - INFO - 
Inserting software nodes...
2026-02-14 10:20:26,756 - graph_builder.graph_builder - INFO - ============================================================
2026-02-14 10:20:26,756 - graph_builder.graph_builder - INFO - ============================================================
2026-02-14 10:20:26,756 - graph_builder.graph_builder - INFO - ============================================================
2026-02-14 10:20:26,756 - graph_builder.graph_builder - INFO - Inserting SOFTWARE nodes into Neo4j
2026-02-14 10:20:26,756 - graph_builder.graph_builder - INFO - Inserting SOFTWARE nodes into Neo4j
2026-02-14 10:20:26,756 - graph_builder.graph_builder - INFO - Inserting SOFTWARE nodes into Neo4j
2026-02-14 10:20:26,756 - graph_builder.graph_builder - INFO - ============================================================
2026-02-14 10:20:26,756 - graph_builder.graph_builder - INFO - ============================================================
2026-02-14 10:20:26,756 - graph_builder.graph_builder - INFO - ============================================================
2026-02-14 10:20:26,757 - graph_builder.node_inserter - INFO - Loading nodes from: C:\Users\sgade\OneDrive\Desktop\orbit_node\extracted_data\20260213_164345\software_nodes_with_event_id.json
2026-02-14 10:20:26,757 - graph_builder.node_inserter - INFO - Loading nodes from: C:\Users\sgade\OneDrive\Desktop\orbit_node\extracted_data\20260213_164345\software_nodes_with_event_id.json
2026-02-14 10:20:26,757 - graph_builder.node_inserter - INFO - Loading nodes from: C:\Users\sgade\OneDrive\Desktop\orbit_node\extracted_data\20260213_164345\software_nodes_with_event_id.json
2026-02-14 10:20:26,761 - graph_builder.node_inserter - INFO - Loaded 726 nodes from JSON file
2026-02-14 10:20:26,761 - graph_builder.node_inserter - INFO - Loaded 726 nodes from JSON file
2026-02-14 10:20:26,761 - graph_builder.node_inserter - INFO - Loaded 726 nodes from JSON file
2026-02-14 10:20:26,857 - graph_builder.graph_builder - INFO - Existing NJS_Software nodes in database: 0
2026-02-14 10:20:26,857 - graph_builder.graph_builder - INFO - Existing NJS_Software nodes in database: 0
2026-02-14 10:20:26,857 - graph_builder.graph_builder - INFO - Existing NJS_Software nodes in database: 0
2026-02-14 10:20:26,857 - graph_builder.node_inserter - INFO - Inserting 726 NJS_Software nodes in batches of 100
2026-02-14 10:20:26,857 - graph_builder.node_inserter - INFO - Inserting 726 NJS_Software nodes in batches of 100
2026-02-14 10:20:26,857 - graph_builder.node_inserter - INFO - Inserting 726 NJS_Software nodes in batches of 100
2026-02-14 10:20:26,858 - graph_builder.node_inserter - INFO - Processing batch 1/8 (100 nodes)
2026-02-14 10:20:26,858 - graph_builder.node_inserter - INFO - Processing batch 1/8 (100 nodes)
2026-02-14 10:20:26,858 - graph_builder.node_inserter - INFO - Processing batch 1/8 (100 nodes)
2026-02-14 10:20:56,453 - graph_builder.node_inserter - INFO - Processing batch 2/8 (100 nodes)
2026-02-14 10:20:56,453 - graph_builder.node_inserter - INFO - Processing batch 2/8 (100 nodes)
2026-02-14 10:20:56,453 - graph_builder.node_inserter - INFO - Processing batch 2/8 (100 nodes)
2026-02-14 10:21:27,073 - graph_builder.node_inserter - INFO - Processing batch 3/8 (100 nodes)
2026-02-14 10:21:27,073 - graph_builder.node_inserter - INFO - Processing batch 3/8 (100 nodes)
2026-02-14 10:21:27,073 - graph_builder.node_inserter - INFO - Processing batch 3/8 (100 nodes)
2026-02-14 10:21:56,873 - graph_builder.node_inserter - INFO - Processing batch 4/8 (100 nodes)
2026-02-14 10:21:56,873 - graph_builder.node_inserter - INFO - Processing batch 4/8 (100 nodes)
2026-02-14 10:21:56,873 - graph_builder.node_inserter - INFO - Processing batch 4/8 (100 nodes)
2026-02-14 10:22:25,995 - graph_builder.node_inserter - INFO - Processing batch 5/8 (100 nodes)
2026-02-14 10:22:25,995 - graph_builder.node_inserter - INFO - Processing batch 5/8 (100 nodes)
2026-02-14 10:22:25,995 - graph_builder.node_inserter - INFO - Processing batch 5/8 (100 nodes)
2026-02-14 10:22:53,081 - graph_builder.node_inserter - INFO - Processing batch 6/8 (100 nodes)
2026-02-14 10:22:53,081 - graph_builder.node_inserter - INFO - Processing batch 6/8 (100 nodes)
2026-02-14 10:22:53,081 - graph_builder.node_inserter - INFO - Processing batch 6/8 (100 nodes)
2026-02-14 10:23:21,765 - graph_builder.node_inserter - INFO - Processing batch 7/8 (100 nodes)
2026-02-14 10:23:21,765 - graph_builder.node_inserter - INFO - Processing batch 7/8 (100 nodes)
2026-02-14 10:23:21,765 - graph_builder.node_inserter - INFO - Processing batch 7/8 (100 nodes)
2026-02-14 10:23:49,569 - graph_builder.node_inserter - INFO - Processing batch 8/8 (26 nodes)
2026-02-14 10:23:49,569 - graph_builder.node_inserter - INFO - Processing batch 8/8 (26 nodes)
2026-02-14 10:23:49,569 - graph_builder.node_inserter - INFO - Processing batch 8/8 (26 nodes)
2026-02-14 10:23:57,326 - graph_builder.node_inserter - INFO - Batch insertion complete: 726 succeeded, 0 failed
2026-02-14 10:23:57,326 - graph_builder.node_inserter - INFO - Batch insertion complete: 726 succeeded, 0 failed
2026-02-14 10:23:57,326 - graph_builder.node_inserter - INFO - Batch insertion complete: 726 succeeded, 0 failed
2026-02-14 10:23:57,506 - graph_builder.graph_builder - INFO - Total NJS_Software nodes in database after insertion: 583
2026-02-14 10:23:57,506 - graph_builder.graph_builder - INFO - Total NJS_Software nodes in database after insertion: 583
2026-02-14 10:23:57,506 - graph_builder.graph_builder - INFO - Total NJS_Software nodes in database after insertion: 583
2026-02-14 10:23:57,506 - __main__ - INFO - 
Inserting vulnerability nodes...
2026-02-14 10:23:57,506 - graph_builder.graph_builder - INFO - ============================================================
2026-02-14 10:23:57,506 - graph_builder.graph_builder - INFO - ============================================================
2026-02-14 10:23:57,506 - graph_builder.graph_builder - INFO - ============================================================
2026-02-14 10:23:57,506 - graph_builder.graph_builder - INFO - Inserting VULNERABILITY nodes into Neo4j
2026-02-14 10:23:57,506 - graph_builder.graph_builder - INFO - Inserting VULNERABILITY nodes into Neo4j
2026-02-14 10:23:57,506 - graph_builder.graph_builder - INFO - Inserting VULNERABILITY nodes into Neo4j
2026-02-14 10:23:57,507 - graph_builder.graph_builder - INFO - ============================================================
2026-02-14 10:23:57,507 - graph_builder.graph_builder - INFO - ============================================================
2026-02-14 10:23:57,507 - graph_builder.graph_builder - INFO - ============================================================
2026-02-14 10:23:57,507 - graph_builder.node_inserter - INFO - Loading nodes from: C:\Users\sgade\OneDrive\Desktop\orbit_node\extracted_data\20260213_164345\vulnerability_nodes_with_event_id.json
2026-02-14 10:23:57,507 - graph_builder.node_inserter - INFO - Loading nodes from: C:\Users\sgade\OneDrive\Desktop\orbit_node\extracted_data\20260213_164345\vulnerability_nodes_with_event_id.json
2026-02-14 10:23:57,507 - graph_builder.node_inserter - INFO - Loading nodes from: C:\Users\sgade\OneDrive\Desktop\orbit_node\extracted_data\20260213_164345\vulnerability_nodes_with_event_id.json
2026-02-14 10:23:57,509 - graph_builder.node_inserter - INFO - Loaded 53 nodes from JSON file
2026-02-14 10:23:57,509 - graph_builder.node_inserter - INFO - Loaded 53 nodes from JSON file
2026-02-14 10:23:57,509 - graph_builder.node_inserter - INFO - Loaded 53 nodes from JSON file
2026-02-14 10:23:57,610 - graph_builder.graph_builder - INFO - Existing NJS_Vulnerability nodes in database: 0
2026-02-14 10:23:57,610 - graph_builder.graph_builder - INFO - Existing NJS_Vulnerability nodes in database: 0
2026-02-14 10:23:57,610 - graph_builder.graph_builder - INFO - Existing NJS_Vulnerability nodes in database: 0
2026-02-14 10:23:57,611 - graph_builder.node_inserter - INFO - Inserting 53 NJS_Vulnerability nodes in batches of 100
2026-02-14 10:23:57,611 - graph_builder.node_inserter - INFO - Inserting 53 NJS_Vulnerability nodes in batches of 100
2026-02-14 10:23:57,611 - graph_builder.node_inserter - INFO - Inserting 53 NJS_Vulnerability nodes in batches of 100
2026-02-14 10:23:57,611 - graph_builder.node_inserter - INFO - Processing batch 1/1 (53 nodes)
2026-02-14 10:23:57,611 - graph_builder.node_inserter - INFO - Processing batch 1/1 (53 nodes)
2026-02-14 10:23:57,611 - graph_builder.node_inserter - INFO - Processing batch 1/1 (53 nodes)
2026-02-14 10:24:13,993 - graph_builder.node_inserter - INFO - Batch insertion complete: 53 succeeded, 0 failed
2026-02-14 10:24:13,993 - graph_builder.node_inserter - INFO - Batch insertion complete: 53 succeeded, 0 failed
2026-02-14 10:24:13,993 - graph_builder.node_inserter - INFO - Batch insertion complete: 53 succeeded, 0 failed
2026-02-14 10:24:14,095 - graph_builder.graph_builder - INFO - Total NJS_Vulnerability nodes in database after insertion: 40
2026-02-14 10:24:14,095 - graph_builder.graph_builder - INFO - Total NJS_Vulnerability nodes in database after insertion: 40
2026-02-14 10:24:14,095 - graph_builder.graph_builder - INFO - Total NJS_Vulnerability nodes in database after insertion: 40
2026-02-14 10:24:14,096 - __main__ - INFO - 
Inserting assetgroup nodes...
2026-02-14 10:24:14,096 - graph_builder.graph_builder - INFO - ============================================================
2026-02-14 10:24:14,096 - graph_builder.graph_builder - INFO - ============================================================
2026-02-14 10:24:14,096 - graph_builder.graph_builder - INFO - ============================================================
2026-02-14 10:24:14,096 - graph_builder.graph_builder - INFO - Inserting ASSETGROUP nodes into Neo4j
2026-02-14 10:24:14,096 - graph_builder.graph_builder - INFO - Inserting ASSETGROUP nodes into Neo4j
2026-02-14 10:24:14,096 - graph_builder.graph_builder - INFO - Inserting ASSETGROUP nodes into Neo4j
2026-02-14 10:24:14,096 - graph_builder.graph_builder - INFO - ============================================================
2026-02-14 10:24:14,096 - graph_builder.graph_builder - INFO - ============================================================
2026-02-14 10:24:14,096 - graph_builder.graph_builder - INFO - ============================================================
2026-02-14 10:24:14,096 - graph_builder.node_inserter - INFO - Loading nodes from: C:\Users\sgade\OneDrive\Desktop\orbit_node\extracted_data\20260213_164345\assetgroup_nodes_with_event_id.json
2026-02-14 10:24:14,096 - graph_builder.node_inserter - INFO - Loading nodes from: C:\Users\sgade\OneDrive\Desktop\orbit_node\extracted_data\20260213_164345\assetgroup_nodes_with_event_id.json
2026-02-14 10:24:14,096 - graph_builder.node_inserter - INFO - Loading nodes from: C:\Users\sgade\OneDrive\Desktop\orbit_node\extracted_data\20260213_164345\assetgroup_nodes_with_event_id.json
2026-02-14 10:24:14,097 - graph_builder.node_inserter - INFO - Loaded 1 nodes from JSON file
2026-02-14 10:24:14,097 - graph_builder.node_inserter - INFO - Loaded 1 nodes from JSON file
2026-02-14 10:24:14,097 - graph_builder.node_inserter - INFO - Loaded 1 nodes from JSON file
2026-02-14 10:24:14,198 - graph_builder.graph_builder - INFO - Existing NJS_AssetGroup nodes in database: 0
2026-02-14 10:24:14,198 - graph_builder.graph_builder - INFO - Existing NJS_AssetGroup nodes in database: 0
2026-02-14 10:24:14,198 - graph_builder.graph_builder - INFO - Existing NJS_AssetGroup nodes in database: 0
2026-02-14 10:24:14,199 - graph_builder.node_inserter - INFO - Inserting 1 NJS_AssetGroup nodes in batches of 100
2026-02-14 10:24:14,199 - graph_builder.node_inserter - INFO - Inserting 1 NJS_AssetGroup nodes in batches of 100
2026-02-14 10:24:14,199 - graph_builder.node_inserter - INFO - Inserting 1 NJS_AssetGroup nodes in batches of 100
2026-02-14 10:24:14,199 - graph_builder.node_inserter - INFO - Processing batch 1/1 (1 nodes)
2026-02-14 10:24:14,199 - graph_builder.node_inserter - INFO - Processing batch 1/1 (1 nodes)
2026-02-14 10:24:14,199 - graph_builder.node_inserter - INFO - Processing batch 1/1 (1 nodes)
2026-02-14 10:24:14,505 - graph_builder.node_inserter - INFO - Batch insertion complete: 1 succeeded, 0 failed
2026-02-14 10:24:14,505 - graph_builder.node_inserter - INFO - Batch insertion complete: 1 succeeded, 0 failed
2026-02-14 10:24:14,505 - graph_builder.node_inserter - INFO - Batch insertion complete: 1 succeeded, 0 failed
2026-02-14 10:24:14,607 - graph_builder.graph_builder - INFO - Total NJS_AssetGroup nodes in database after insertion: 1
2026-02-14 10:24:14,607 - graph_builder.graph_builder - INFO - Total NJS_AssetGroup nodes in database after insertion: 1
2026-02-14 10:24:14,607 - graph_builder.graph_builder - INFO - Total NJS_AssetGroup nodes in database after insertion: 1
2026-02-14 10:24:14,607 - __main__ - INFO - 
Inserting hardware nodes...
2026-02-14 10:24:14,607 - graph_builder.graph_builder - INFO - ============================================================
2026-02-14 10:24:14,607 - graph_builder.graph_builder - INFO - ============================================================
2026-02-14 10:24:14,607 - graph_builder.graph_builder - INFO - ============================================================
2026-02-14 10:24:14,607 - graph_builder.graph_builder - INFO - Inserting HARDWARE nodes into Neo4j
2026-02-14 10:24:14,607 - graph_builder.graph_builder - INFO - Inserting HARDWARE nodes into Neo4j
2026-02-14 10:24:14,607 - graph_builder.graph_builder - INFO - Inserting HARDWARE nodes into Neo4j
2026-02-14 10:24:14,608 - graph_builder.graph_builder - INFO - ============================================================
2026-02-14 10:24:14,608 - graph_builder.graph_builder - INFO - ============================================================
2026-02-14 10:24:14,608 - graph_builder.graph_builder - INFO - ============================================================
2026-02-14 10:24:14,608 - graph_builder.node_inserter - INFO - Loading nodes from: C:\Users\sgade\OneDrive\Desktop\orbit_node\extracted_data\20260213_164345\hardware_nodes_with_event_id.json
2026-02-14 10:24:14,608 - graph_builder.node_inserter - INFO - Loading nodes from: C:\Users\sgade\OneDrive\Desktop\orbit_node\extracted_data\20260213_164345\hardware_nodes_with_event_id.json
2026-02-14 10:24:14,608 - graph_builder.node_inserter - INFO - Loading nodes from: C:\Users\sgade\OneDrive\Desktop\orbit_node\extracted_data\20260213_164345\hardware_nodes_with_event_id.json
2026-02-14 10:24:14,609 - graph_builder.node_inserter - INFO - Loaded 5 nodes from JSON file
2026-02-14 10:24:14,609 - graph_builder.node_inserter - INFO - Loaded 5 nodes from JSON file
2026-02-14 10:24:14,609 - graph_builder.node_inserter - INFO - Loaded 5 nodes from JSON file
2026-02-14 10:24:14,710 - graph_builder.graph_builder - INFO - Existing NJS_Hardware nodes in database: 0
2026-02-14 10:24:14,710 - graph_builder.graph_builder - INFO - Existing NJS_Hardware nodes in database: 0
2026-02-14 10:24:14,710 - graph_builder.graph_builder - INFO - Existing NJS_Hardware nodes in database: 0
2026-02-14 10:24:14,710 - graph_builder.node_inserter - INFO - Inserting 5 NJS_Hardware nodes in batches of 100
2026-02-14 10:24:14,710 - graph_builder.node_inserter - INFO - Inserting 5 NJS_Hardware nodes in batches of 100
2026-02-14 10:24:14,710 - graph_builder.node_inserter - INFO - Inserting 5 NJS_Hardware nodes in batches of 100
2026-02-14 10:24:14,710 - graph_builder.node_inserter - INFO - Processing batch 1/1 (5 nodes)
2026-02-14 10:24:14,710 - graph_builder.node_inserter - INFO - Processing batch 1/1 (5 nodes)
2026-02-14 10:24:14,710 - graph_builder.node_inserter - INFO - Processing batch 1/1 (5 nodes)
2026-02-14 10:24:16,245 - graph_builder.node_inserter - INFO - Batch insertion complete: 5 succeeded, 0 failed
2026-02-14 10:24:16,245 - graph_builder.node_inserter - INFO - Batch insertion complete: 5 succeeded, 0 failed
2026-02-14 10:24:16,245 - graph_builder.node_inserter - INFO - Batch insertion complete: 5 succeeded, 0 failed
2026-02-14 10:24:16,316 - graph_builder.graph_builder - INFO - Total NJS_Hardware nodes in database after insertion: 5
2026-02-14 10:24:16,316 - graph_builder.graph_builder - INFO - Total NJS_Hardware nodes in database after insertion: 5
2026-02-14 10:24:16,316 - graph_builder.graph_builder - INFO - Total NJS_Hardware nodes in database after insertion: 5
2026-02-14 10:24:16,317 - __main__ - INFO - 
============================================================
2026-02-14 10:24:16,317 - __main__ - INFO - CREATING RELATIONSHIPS
2026-02-14 10:24:16,317 - __main__ - INFO - ============================================================
2026-02-14 10:24:16,317 - __main__ - INFO - Starting relationship creation process...
2026-02-14 10:24:16,317 - graph_builder.graph_builder - INFO - ============================================================
2026-02-14 10:24:16,317 - graph_builder.graph_builder - INFO - ============================================================
2026-02-14 10:24:16,317 - graph_builder.graph_builder - INFO - ============================================================
2026-02-14 10:24:16,317 - graph_builder.graph_builder - INFO - Creating Relationships
2026-02-14 10:24:16,317 - graph_builder.graph_builder - INFO - Creating Relationships
2026-02-14 10:24:16,317 - graph_builder.graph_builder - INFO - Creating Relationships
2026-02-14 10:24:16,317 - graph_builder.graph_builder - INFO - ============================================================
2026-02-14 10:24:16,317 - graph_builder.graph_builder - INFO - ============================================================
2026-02-14 10:24:16,317 - graph_builder.graph_builder - INFO - ============================================================
2026-02-14 10:24:16,317 - graph_builder.relationship_manager - INFO - ============================================================
2026-02-14 10:24:16,317 - graph_builder.relationship_manager - INFO - ============================================================
2026-02-14 10:24:16,317 - graph_builder.relationship_manager - INFO - ============================================================
2026-02-14 10:24:16,318 - graph_builder.relationship_manager - INFO - Starting relationship creation from config
2026-02-14 10:24:16,318 - graph_builder.relationship_manager - INFO - Starting relationship creation from config
2026-02-14 10:24:16,318 - graph_builder.relationship_manager - INFO - Starting relationship creation from config
2026-02-14 10:24:16,318 - graph_builder.relationship_manager - INFO - ============================================================
2026-02-14 10:24:16,318 - graph_builder.relationship_manager - INFO - ============================================================
2026-02-14 10:24:16,318 - graph_builder.relationship_manager - INFO - ============================================================
2026-02-14 10:24:16,318 - graph_builder.relationship_manager - INFO - Found 13 relationship definitions in config
2026-02-14 10:24:16,318 - graph_builder.relationship_manager - INFO - Found 13 relationship definitions in config
2026-02-14 10:24:16,318 - graph_builder.relationship_manager - INFO - Found 13 relationship definitions in config
2026-02-14 10:24:16,318 - graph_builder.relationship_manager - INFO - Creating relationship 'asset_to_host': NJS_Asset-[:NJS_HAS_OS]->NJS_Host
2026-02-14 10:24:16,318 - graph_builder.relationship_manager - INFO - Creating relationship 'asset_to_host': NJS_Asset-[:NJS_HAS_OS]->NJS_Host
2026-02-14 10:24:16,318 - graph_builder.relationship_manager - INFO - Creating relationship 'asset_to_host': NJS_Asset-[:NJS_HAS_OS]->NJS_Host
2026-02-14 10:24:16,318 - graph_builder.relationship_manager - INFO - Querying NJS_Asset nodes for asset_id values...
2026-02-14 10:24:16,318 - graph_builder.relationship_manager - INFO - Querying NJS_Asset nodes for asset_id values...
2026-02-14 10:24:16,318 - graph_builder.relationship_manager - INFO - Querying NJS_Asset nodes for asset_id values...
2026-02-14 10:24:16,391 - graph_builder.relationship_manager - INFO - Found 5 asset_id values from NJS_Asset nodes
2026-02-14 10:24:16,391 - graph_builder.relationship_manager - INFO - Found 5 asset_id values from NJS_Asset nodes
2026-02-14 10:24:16,391 - graph_builder.relationship_manager - INFO - Found 5 asset_id values from NJS_Asset nodes
2026-02-14 10:24:16,392 - graph_builder.relationship_manager - INFO - Loading source data from: C:\Users\sgade\OneDrive\Desktop\orbit_node\collected_data\20260210_201344\host
2026-02-14 10:24:16,392 - graph_builder.relationship_manager - INFO - Loading source data from: C:\Users\sgade\OneDrive\Desktop\orbit_node\collected_data\20260210_201344\host
2026-02-14 10:24:16,392 - graph_builder.relationship_manager - INFO - Loading source data from: C:\Users\sgade\OneDrive\Desktop\orbit_node\collected_data\20260210_201344\host
2026-02-14 10:24:16,392 - graph_builder.relationship_manager - INFO - Source file pattern: Syscollector_OS_Info_{agent_id}.json
2026-02-14 10:24:16,392 - graph_builder.relationship_manager - INFO - Source file pattern: Syscollector_OS_Info_{agent_id}.json
2026-02-14 10:24:16,392 - graph_builder.relationship_manager - INFO - Source file pattern: Syscollector_OS_Info_{agent_id}.json
2026-02-14 10:24:16,393 - graph_builder.relationship_manager - INFO - Agent IDs: ['000', '001', '002', '003', '004']
2026-02-14 10:24:16,393 - graph_builder.relationship_manager - INFO - Agent IDs: ['000', '001', '002', '003', '004']
2026-02-14 10:24:16,393 - graph_builder.relationship_manager - INFO - Agent IDs: ['000', '001', '002', '003', '004']
2026-02-14 10:24:16,404 - graph_builder.relationship_manager - INFO - Loaded 5 items from source data
2026-02-14 10:24:16,404 - graph_builder.relationship_manager - INFO - Loaded 5 items from source data
2026-02-14 10:24:16,404 - graph_builder.relationship_manager - INFO - Loaded 5 items from source data
2026-02-14 10:24:16,405 - graph_builder.relationship_manager - INFO - Sample source item keys: ['os', 'scan', 'architecture', 'release', 'sysname', 'hostname', 'version', 'agent_id', '_agent_id']
2026-02-14 10:24:16,405 - graph_builder.relationship_manager - INFO - Sample source item keys: ['os', 'scan', 'architecture', 'release', 'sysname', 'hostname', 'version', 'agent_id', '_agent_id']
2026-02-14 10:24:16,405 - graph_builder.relationship_manager - INFO - Sample source item keys: ['os', 'scan', 'architecture', 'release', 'sysname', 'hostname', 'version', 'agent_id', '_agent_id']
2026-02-14 10:24:16,405 - graph_builder.relationship_manager - INFO - Prepared 5 relationships to create from source data
2026-02-14 10:24:16,405 - graph_builder.relationship_manager - INFO - Prepared 5 relationships to create from source data
2026-02-14 10:24:16,405 - graph_builder.relationship_manager - INFO - Prepared 5 relationships to create from source data
2026-02-14 10:24:16,406 - graph_builder.relationship_manager - INFO - Creating 5 relationships using source data
2026-02-14 10:24:16,406 - graph_builder.relationship_manager - INFO - Creating 5 relationships using source data
2026-02-14 10:24:16,406 - graph_builder.relationship_manager - INFO - Creating 5 relationships using source data
2026-02-14 10:24:16,406 - graph_builder.relationship_manager - INFO - Executing relationship creation query
2026-02-14 10:24:16,406 - graph_builder.relationship_manager - INFO - Executing relationship creation query
2026-02-14 10:24:16,406 - graph_builder.relationship_manager - INFO - Executing relationship creation query
2026-02-14 10:24:16,860 - graph_builder.relationship_manager - INFO - Query result: [{'count': 11}]
2026-02-14 10:24:16,860 - graph_builder.relationship_manager - INFO - Query result: [{'count': 11}]
2026-02-14 10:24:16,860 - graph_builder.relationship_manager - INFO - Query result: [{'count': 11}]
2026-02-14 10:24:16,860 - graph_builder.relationship_manager - INFO - Created 11 NJS_HAS_OS relationships from NJS_Asset to NJS_Host using source data
2026-02-14 10:24:16,860 - graph_builder.relationship_manager - INFO - Created 11 NJS_HAS_OS relationships from NJS_Asset to NJS_Host using source data
2026-02-14 10:24:16,860 - graph_builder.relationship_manager - INFO - Created 11 NJS_HAS_OS relationships from NJS_Asset to NJS_Host using source data
2026-02-14 10:24:16,860 - graph_builder.relationship_manager - INFO - Relationship 'asset_to_host' result: {'success': 11, 'failed': 0, 'total': 11}
2026-02-14 10:24:16,860 - graph_builder.relationship_manager - INFO - Relationship 'asset_to_host' result: {'success': 11, 'failed': 0, 'total': 11}
2026-02-14 10:24:16,860 - graph_builder.relationship_manager - INFO - Relationship 'asset_to_host' result: {'success': 11, 'failed': 0, 'total': 11}
2026-02-14 10:24:16,860 - graph_builder.relationship_manager - INFO - Creating relationship 'host_to_software': NJS_Host-[:NJS_INSTALLED_ON]->NJS_Software
2026-02-14 10:24:16,860 - graph_builder.relationship_manager - INFO - Creating relationship 'host_to_software': NJS_Host-[:NJS_INSTALLED_ON]->NJS_Software
2026-02-14 10:24:16,860 - graph_builder.relationship_manager - INFO - Creating relationship 'host_to_software': NJS_Host-[:NJS_INSTALLED_ON]->NJS_Software
2026-02-14 10:24:16,861 - graph_builder.relationship_manager - INFO - Querying NJS_Host nodes for agent_id values...
2026-02-14 10:24:16,861 - graph_builder.relationship_manager - INFO - Querying NJS_Host nodes for agent_id values...
2026-02-14 10:24:16,861 - graph_builder.relationship_manager - INFO - Querying NJS_Host nodes for agent_id values...
2026-02-14 10:24:16,961 - graph_builder.relationship_manager - INFO - Found 5 agent_id values from NJS_Host nodes
2026-02-14 10:24:16,961 - graph_builder.relationship_manager - INFO - Found 5 agent_id values from NJS_Host nodes
2026-02-14 10:24:16,961 - graph_builder.relationship_manager - INFO - Found 5 agent_id values from NJS_Host nodes
2026-02-14 10:24:16,961 - graph_builder.relationship_manager - INFO - Loading source data from: C:\Users\sgade\OneDrive\Desktop\orbit_node\collected_data\20260210_201344\packages
2026-02-14 10:24:16,961 - graph_builder.relationship_manager - INFO - Loading source data from: C:\Users\sgade\OneDrive\Desktop\orbit_node\collected_data\20260210_201344\packages
2026-02-14 10:24:16,961 - graph_builder.relationship_manager - INFO - Loading source data from: C:\Users\sgade\OneDrive\Desktop\orbit_node\collected_data\20260210_201344\packages
2026-02-14 10:24:16,961 - graph_builder.relationship_manager - INFO - Source file pattern: Syscollector_Packages_{agent_id}.json
2026-02-14 10:24:16,961 - graph_builder.relationship_manager - INFO - Source file pattern: Syscollector_Packages_{agent_id}.json
2026-02-14 10:24:16,961 - graph_builder.relationship_manager - INFO - Source file pattern: Syscollector_Packages_{agent_id}.json
2026-02-14 10:24:16,961 - graph_builder.relationship_manager - INFO - Agent IDs: ['000', '001', '002', '003', '004']
2026-02-14 10:24:16,961 - graph_builder.relationship_manager - INFO - Agent IDs: ['000', '001', '002', '003', '004']
2026-02-14 10:24:16,961 - graph_builder.relationship_manager - INFO - Agent IDs: ['000', '001', '002', '003', '004']
2026-02-14 10:24:16,982 - graph_builder.relationship_manager - INFO - Loaded 726 items from source data
2026-02-14 10:24:16,982 - graph_builder.relationship_manager - INFO - Loaded 726 items from source data
2026-02-14 10:24:16,982 - graph_builder.relationship_manager - INFO - Loaded 726 items from source data
2026-02-14 10:24:16,982 - graph_builder.relationship_manager - INFO - Sample source item keys: ['scan', 'name', 'vendor', 'location', 'source', 'format', 'section', 'size', 'description', 'install_time']
2026-02-14 10:24:16,982 - graph_builder.relationship_manager - INFO - Sample source item keys: ['scan', 'name', 'vendor', 'location', 'source', 'format', 'section', 'size', 'description', 'install_time']
2026-02-14 10:24:16,982 - graph_builder.relationship_manager - INFO - Sample source item keys: ['scan', 'name', 'vendor', 'location', 'source', 'format', 'section', 'size', 'description', 'install_time']
2026-02-14 10:24:16,983 - graph_builder.relationship_manager - INFO - Prepared 726 relationships to create from source data
2026-02-14 10:24:16,983 - graph_builder.relationship_manager - INFO - Prepared 726 relationships to create from source data
2026-02-14 10:24:16,983 - graph_builder.relationship_manager - INFO - Prepared 726 relationships to create from source data
2026-02-14 10:24:16,983 - graph_builder.relationship_manager - INFO - Creating 726 relationships using source data
2026-02-14 10:24:16,983 - graph_builder.relationship_manager - INFO - Creating 726 relationships using source data
2026-02-14 10:24:16,983 - graph_builder.relationship_manager - INFO - Creating 726 relationships using source data
2026-02-14 10:24:16,983 - graph_builder.relationship_manager - INFO - Executing relationship creation query
2026-02-14 10:24:16,983 - graph_builder.relationship_manager - INFO - Executing relationship creation query
2026-02-14 10:24:16,983 - graph_builder.relationship_manager - INFO - Executing relationship creation query
2026-02-14 10:24:17,580 - graph_builder.relationship_manager - INFO - Query result: [{'count': 726}]
2026-02-14 10:24:17,580 - graph_builder.relationship_manager - INFO - Query result: [{'count': 726}]
2026-02-14 10:24:17,580 - graph_builder.relationship_manager - INFO - Query result: [{'count': 726}]
2026-02-14 10:24:17,580 - graph_builder.relationship_manager - INFO - Created 726 NJS_INSTALLED_ON relationships from NJS_Host to NJS_Software using source data
2026-02-14 10:24:17,580 - graph_builder.relationship_manager - INFO - Created 726 NJS_INSTALLED_ON relationships from NJS_Host to NJS_Software using source data
2026-02-14 10:24:17,580 - graph_builder.relationship_manager - INFO - Created 726 NJS_INSTALLED_ON relationships from NJS_Host to NJS_Software using source data
2026-02-14 10:24:17,582 - graph_builder.relationship_manager - INFO - Relationship 'host_to_software' result: {'success': 726, 'failed': 0, 'total': 726}
2026-02-14 10:24:17,582 - graph_builder.relationship_manager - INFO - Relationship 'host_to_software' result: {'success': 726, 'failed': 0, 'total': 726}
2026-02-14 10:24:17,582 - graph_builder.relationship_manager - INFO - Relationship 'host_to_software' result: {'success': 726, 'failed': 0, 'total': 726}
2026-02-14 10:24:17,582 - graph_builder.relationship_manager - INFO - Creating relationship 'asset_to_software': NJS_Asset-[:NJS_HAS_SOFTWARE]->NJS_Software
2026-02-14 10:24:17,582 - graph_builder.relationship_manager - INFO - Creating relationship 'asset_to_software': NJS_Asset-[:NJS_HAS_SOFTWARE]->NJS_Software
2026-02-14 10:24:17,582 - graph_builder.relationship_manager - INFO - Creating relationship 'asset_to_software': NJS_Asset-[:NJS_HAS_SOFTWARE]->NJS_Software
2026-02-14 10:24:17,582 - graph_builder.relationship_manager - INFO - Querying NJS_Asset nodes for asset_id values...
2026-02-14 10:24:17,582 - graph_builder.relationship_manager - INFO - Querying NJS_Asset nodes for asset_id values...
2026-02-14 10:24:17,582 - graph_builder.relationship_manager - INFO - Querying NJS_Asset nodes for asset_id values...
2026-02-14 10:24:17,671 - graph_builder.relationship_manager - INFO - Found 5 asset_id values from NJS_Asset nodes
2026-02-14 10:24:17,671 - graph_builder.relationship_manager - INFO - Found 5 asset_id values from NJS_Asset nodes
2026-02-14 10:24:17,671 - graph_builder.relationship_manager - INFO - Found 5 asset_id values from NJS_Asset nodes
2026-02-14 10:24:17,671 - graph_builder.relationship_manager - INFO - Loading source data from: C:\Users\sgade\OneDrive\Desktop\orbit_node\collected_data\20260210_201344\packages
2026-02-14 10:24:17,671 - graph_builder.relationship_manager - INFO - Loading source data from: C:\Users\sgade\OneDrive\Desktop\orbit_node\collected_data\20260210_201344\packages
2026-02-14 10:24:17,671 - graph_builder.relationship_manager - INFO - Loading source data from: C:\Users\sgade\OneDrive\Desktop\orbit_node\collected_data\20260210_201344\packages
2026-02-14 10:24:17,672 - graph_builder.relationship_manager - INFO - Source file pattern: Syscollector_Packages_{agent_id}.json
2026-02-14 10:24:17,672 - graph_builder.relationship_manager - INFO - Source file pattern: Syscollector_Packages_{agent_id}.json
2026-02-14 10:24:17,672 - graph_builder.relationship_manager - INFO - Source file pattern: Syscollector_Packages_{agent_id}.json
2026-02-14 10:24:17,673 - graph_builder.relationship_manager - INFO - Agent IDs: ['000', '001', '002', '003', '004']
2026-02-14 10:24:17,673 - graph_builder.relationship_manager - INFO - Agent IDs: ['000', '001', '002', '003', '004']
2026-02-14 10:24:17,673 - graph_builder.relationship_manager - INFO - Agent IDs: ['000', '001', '002', '003', '004']
2026-02-14 10:24:17,683 - graph_builder.relationship_manager - INFO - Loaded 726 items from source data
2026-02-14 10:24:17,683 - graph_builder.relationship_manager - INFO - Loaded 726 items from source data
2026-02-14 10:24:17,683 - graph_builder.relationship_manager - INFO - Loaded 726 items from source data
2026-02-14 10:24:17,683 - graph_builder.relationship_manager - INFO - Sample source item keys: ['scan', 'name', 'vendor', 'location', 'source', 'format', 'section', 'size', 'description', 'install_time']
2026-02-14 10:24:17,683 - graph_builder.relationship_manager - INFO - Sample source item keys: ['scan', 'name', 'vendor', 'location', 'source', 'format', 'section', 'size', 'description', 'install_time']
2026-02-14 10:24:17,683 - graph_builder.relationship_manager - INFO - Sample source item keys: ['scan', 'name', 'vendor', 'location', 'source', 'format', 'section', 'size', 'description', 'install_time']
2026-02-14 10:24:17,684 - graph_builder.relationship_manager - INFO - Prepared 726 relationships to create from source data
2026-02-14 10:24:17,684 - graph_builder.relationship_manager - INFO - Prepared 726 relationships to create from source data
2026-02-14 10:24:17,684 - graph_builder.relationship_manager - INFO - Prepared 726 relationships to create from source data
2026-02-14 10:24:17,685 - graph_builder.relationship_manager - INFO - Creating 726 relationships using source data
2026-02-14 10:24:17,685 - graph_builder.relationship_manager - INFO - Creating 726 relationships using source data
2026-02-14 10:24:17,685 - graph_builder.relationship_manager - INFO - Creating 726 relationships using source data
2026-02-14 10:24:17,685 - graph_builder.relationship_manager - INFO - Executing relationship creation query
2026-02-14 10:24:17,685 - graph_builder.relationship_manager - INFO - Executing relationship creation query
2026-02-14 10:24:17,685 - graph_builder.relationship_manager - INFO - Executing relationship creation query
2026-02-14 10:24:18,107 - graph_builder.relationship_manager - INFO - Query result: [{'count': 726}]
2026-02-14 10:24:18,107 - graph_builder.relationship_manager - INFO - Query result: [{'count': 726}]
2026-02-14 10:24:18,107 - graph_builder.relationship_manager - INFO - Query result: [{'count': 726}]
2026-02-14 10:24:18,108 - graph_builder.relationship_manager - INFO - Created 726 NJS_HAS_SOFTWARE relationships from NJS_Asset to NJS_Software using source data
2026-02-14 10:24:18,108 - graph_builder.relationship_manager - INFO - Created 726 NJS_HAS_SOFTWARE relationships from NJS_Asset to NJS_Software using source data
2026-02-14 10:24:18,108 - graph_builder.relationship_manager - INFO - Created 726 NJS_HAS_SOFTWARE relationships from NJS_Asset to NJS_Software using source data
2026-02-14 10:24:18,110 - graph_builder.relationship_manager - INFO - Relationship 'asset_to_software' result: {'success': 726, 'failed': 0, 'total': 726}
2026-02-14 10:24:18,110 - graph_builder.relationship_manager - INFO - Relationship 'asset_to_software' result: {'success': 726, 'failed': 0, 'total': 726}
2026-02-14 10:24:18,110 - graph_builder.relationship_manager - INFO - Relationship 'asset_to_software' result: {'success': 726, 'failed': 0, 'total': 726}
2026-02-14 10:24:18,110 - graph_builder.relationship_manager - INFO - Creating relationship 'software_to_vulnerability': NJS_Software-[:NJS_VULNERABLE_TO]->NJS_Vulnerability
2026-02-14 10:24:18,110 - graph_builder.relationship_manager - INFO - Creating relationship 'software_to_vulnerability': NJS_Software-[:NJS_VULNERABLE_TO]->NJS_Vulnerability
2026-02-14 10:24:18,110 - graph_builder.relationship_manager - INFO - Creating relationship 'software_to_vulnerability': NJS_Software-[:NJS_VULNERABLE_TO]->NJS_Vulnerability
2026-02-14 10:24:18,111 - graph_builder.relationship_manager - INFO - Querying NJS_Software nodes for name values...
2026-02-14 10:24:18,111 - graph_builder.relationship_manager - INFO - Querying NJS_Software nodes for name values...
2026-02-14 10:24:18,111 - graph_builder.relationship_manager - INFO - Querying NJS_Software nodes for name values...
2026-02-14 10:24:18,454 - graph_builder.relationship_manager - INFO - Found 583 name values from NJS_Software nodes
2026-02-14 10:24:18,454 - graph_builder.relationship_manager - INFO - Found 583 name values from NJS_Software nodes
2026-02-14 10:24:18,454 - graph_builder.relationship_manager - INFO - Found 583 name values from NJS_Software nodes
2026-02-14 10:24:18,523 - graph_builder.relationship_manager - INFO - Loading all agent files for 5 agents
2026-02-14 10:24:18,523 - graph_builder.relationship_manager - INFO - Loading all agent files for 5 agents
2026-02-14 10:24:18,523 - graph_builder.relationship_manager - INFO - Loading all agent files for 5 agents
2026-02-14 10:24:18,524 - graph_builder.relationship_manager - INFO - Loading source data from: C:\Users\sgade\OneDrive\Desktop\orbit_node\collected_data\20260210_201344\vulnerabilities
2026-02-14 10:24:18,524 - graph_builder.relationship_manager - INFO - Loading source data from: C:\Users\sgade\OneDrive\Desktop\orbit_node\collected_data\20260210_201344\vulnerabilities
2026-02-14 10:24:18,524 - graph_builder.relationship_manager - INFO - Loading source data from: C:\Users\sgade\OneDrive\Desktop\orbit_node\collected_data\20260210_201344\vulnerabilities
2026-02-14 10:24:18,524 - graph_builder.relationship_manager - INFO - Source file pattern: Vulnerabilities_{agent_id}.json
2026-02-14 10:24:18,524 - graph_builder.relationship_manager - INFO - Source file pattern: Vulnerabilities_{agent_id}.json
2026-02-14 10:24:18,524 - graph_builder.relationship_manager - INFO - Source file pattern: Vulnerabilities_{agent_id}.json
2026-02-14 10:24:18,525 - graph_builder.relationship_manager - INFO - Agent IDs: ['000', '001', '002', '003', '004']
2026-02-14 10:24:18,525 - graph_builder.relationship_manager - INFO - Agent IDs: ['000', '001', '002', '003', '004']
2026-02-14 10:24:18,525 - graph_builder.relationship_manager - INFO - Agent IDs: ['000', '001', '002', '003', '004']
2026-02-14 10:24:18,537 - graph_builder.relationship_manager - INFO - Loaded 53 items from source data
2026-02-14 10:24:18,537 - graph_builder.relationship_manager - INFO - Loaded 53 items from source data
2026-02-14 10:24:18,537 - graph_builder.relationship_manager - INFO - Loaded 53 items from source data
2026-02-14 10:24:18,538 - graph_builder.relationship_manager - INFO - Sample source item keys: ['agent_id', 'agent_name', 'cve', 'severity', 'title', 'description', 'published', 'status', 'cvss', 'package_name']
2026-02-14 10:24:18,538 - graph_builder.relationship_manager - INFO - Sample source item keys: ['agent_id', 'agent_name', 'cve', 'severity', 'title', 'description', 'published', 'status', 'cvss', 'package_name']
2026-02-14 10:24:18,538 - graph_builder.relationship_manager - INFO - Sample source item keys: ['agent_id', 'agent_name', 'cve', 'severity', 'title', 'description', 'published', 'status', 'cvss', 'package_name']
2026-02-14 10:24:18,538 - graph_builder.relationship_manager - INFO - Prepared 53 relationships to create from source data
2026-02-14 10:24:18,538 - graph_builder.relationship_manager - INFO - Prepared 53 relationships to create from source data
2026-02-14 10:24:18,538 - graph_builder.relationship_manager - INFO - Prepared 53 relationships to create from source data
2026-02-14 10:24:18,539 - graph_builder.relationship_manager - INFO - Creating 53 relationships using source data
2026-02-14 10:24:18,539 - graph_builder.relationship_manager - INFO - Creating 53 relationships using source data
2026-02-14 10:24:18,539 - graph_builder.relationship_manager - INFO - Creating 53 relationships using source data
2026-02-14 10:24:18,539 - graph_builder.relationship_manager - INFO - Executing relationship creation query
2026-02-14 10:24:18,539 - graph_builder.relationship_manager - INFO - Executing relationship creation query
2026-02-14 10:24:18,539 - graph_builder.relationship_manager - INFO - Executing relationship creation query
2026-02-14 10:24:18,908 - graph_builder.relationship_manager - INFO - Query result: [{'count': 53}]
2026-02-14 10:24:18,908 - graph_builder.relationship_manager - INFO - Query result: [{'count': 53}]
2026-02-14 10:24:18,908 - graph_builder.relationship_manager - INFO - Query result: [{'count': 53}]
2026-02-14 10:24:18,909 - graph_builder.relationship_manager - INFO - Created 53 NJS_VULNERABLE_TO relationships from NJS_Software to NJS_Vulnerability using source data
2026-02-14 10:24:18,909 - graph_builder.relationship_manager - INFO - Created 53 NJS_VULNERABLE_TO relationships from NJS_Software to NJS_Vulnerability using source data
2026-02-14 10:24:18,909 - graph_builder.relationship_manager - INFO - Created 53 NJS_VULNERABLE_TO relationships from NJS_Software to NJS_Vulnerability using source data
2026-02-14 10:24:18,910 - graph_builder.relationship_manager - INFO - Relationship 'software_to_vulnerability' result: {'success': 53, 'failed': 0, 'total': 53}
2026-02-14 10:24:18,910 - graph_builder.relationship_manager - INFO - Relationship 'software_to_vulnerability' result: {'success': 53, 'failed': 0, 'total': 53}
2026-02-14 10:24:18,910 - graph_builder.relationship_manager - INFO - Relationship 'software_to_vulnerability' result: {'success': 53, 'failed': 0, 'total': 53}
2026-02-14 10:24:18,911 - graph_builder.relationship_manager - INFO - Creating relationship 'asset_to_vulnerability': NJS_Asset-[:NJS_AFFECTED_BY]->NJS_Vulnerability
2026-02-14 10:24:18,911 - graph_builder.relationship_manager - INFO - Creating relationship 'asset_to_vulnerability': NJS_Asset-[:NJS_AFFECTED_BY]->NJS_Vulnerability
2026-02-14 10:24:18,911 - graph_builder.relationship_manager - INFO - Creating relationship 'asset_to_vulnerability': NJS_Asset-[:NJS_AFFECTED_BY]->NJS_Vulnerability
2026-02-14 10:24:18,911 - graph_builder.relationship_manager - INFO - Querying NJS_Asset nodes for asset_id values...
2026-02-14 10:24:18,911 - graph_builder.relationship_manager - INFO - Querying NJS_Asset nodes for asset_id values...
2026-02-14 10:24:18,911 - graph_builder.relationship_manager - INFO - Querying NJS_Asset nodes for asset_id values...
2026-02-14 10:24:18,972 - graph_builder.relationship_manager - INFO - Found 5 asset_id values from NJS_Asset nodes
2026-02-14 10:24:18,972 - graph_builder.relationship_manager - INFO - Found 5 asset_id values from NJS_Asset nodes
2026-02-14 10:24:18,972 - graph_builder.relationship_manager - INFO - Found 5 asset_id values from NJS_Asset nodes
2026-02-14 10:24:19,082 - graph_builder.relationship_manager - INFO - Loading all agent files for 5 agents
2026-02-14 10:24:19,082 - graph_builder.relationship_manager - INFO - Loading all agent files for 5 agents
2026-02-14 10:24:19,082 - graph_builder.relationship_manager - INFO - Loading all agent files for 5 agents
2026-02-14 10:24:19,082 - graph_builder.relationship_manager - INFO - Loading source data from: C:\Users\sgade\OneDrive\Desktop\orbit_node\collected_data\20260210_201344\vulnerabilities
2026-02-14 10:24:19,082 - graph_builder.relationship_manager - INFO - Loading source data from: C:\Users\sgade\OneDrive\Desktop\orbit_node\collected_data\20260210_201344\vulnerabilities
2026-02-14 10:24:19,082 - graph_builder.relationship_manager - INFO - Loading source data from: C:\Users\sgade\OneDrive\Desktop\orbit_node\collected_data\20260210_201344\vulnerabilities
2026-02-14 10:24:19,083 - graph_builder.relationship_manager - INFO - Source file pattern: Vulnerabilities_{agent_id}.json
2026-02-14 10:24:19,083 - graph_builder.relationship_manager - INFO - Source file pattern: Vulnerabilities_{agent_id}.json
2026-02-14 10:24:19,083 - graph_builder.relationship_manager - INFO - Source file pattern: Vulnerabilities_{agent_id}.json
2026-02-14 10:24:19,083 - graph_builder.relationship_manager - INFO - Agent IDs: ['000', '001', '002', '003', '004']
2026-02-14 10:24:19,083 - graph_builder.relationship_manager - INFO - Agent IDs: ['000', '001', '002', '003', '004']
2026-02-14 10:24:19,083 - graph_builder.relationship_manager - INFO - Agent IDs: ['000', '001', '002', '003', '004']
2026-02-14 10:24:19,085 - graph_builder.relationship_manager - INFO - Loaded 53 items from source data
2026-02-14 10:24:19,085 - graph_builder.relationship_manager - INFO - Loaded 53 items from source data
2026-02-14 10:24:19,085 - graph_builder.relationship_manager - INFO - Loaded 53 items from source data
2026-02-14 10:24:19,086 - graph_builder.relationship_manager - INFO - Sample source item keys: ['agent_id', 'agent_name', 'cve', 'severity', 'title', 'description', 'published', 'status', 'cvss', 'package_name']
2026-02-14 10:24:19,086 - graph_builder.relationship_manager - INFO - Sample source item keys: ['agent_id', 'agent_name', 'cve', 'severity', 'title', 'description', 'published', 'status', 'cvss', 'package_name']
2026-02-14 10:24:19,086 - graph_builder.relationship_manager - INFO - Sample source item keys: ['agent_id', 'agent_name', 'cve', 'severity', 'title', 'description', 'published', 'status', 'cvss', 'package_name']
2026-02-14 10:24:19,086 - graph_builder.relationship_manager - INFO - Prepared 53 relationships to create from source data
2026-02-14 10:24:19,086 - graph_builder.relationship_manager - INFO - Prepared 53 relationships to create from source data
2026-02-14 10:24:19,086 - graph_builder.relationship_manager - INFO - Prepared 53 relationships to create from source data
2026-02-14 10:24:19,086 - graph_builder.relationship_manager - INFO - Creating 53 relationships using source data
2026-02-14 10:24:19,086 - graph_builder.relationship_manager - INFO - Creating 53 relationships using source data
2026-02-14 10:24:19,086 - graph_builder.relationship_manager - INFO - Creating 53 relationships using source data
2026-02-14 10:24:19,086 - graph_builder.relationship_manager - INFO - Executing relationship creation query
2026-02-14 10:24:19,086 - graph_builder.relationship_manager - INFO - Executing relationship creation query
2026-02-14 10:24:19,086 - graph_builder.relationship_manager - INFO - Executing relationship creation query
2026-02-14 10:24:19,420 - graph_builder.relationship_manager - INFO - Query result: [{'count': 53}]
2026-02-14 10:24:19,420 - graph_builder.relationship_manager - INFO - Query result: [{'count': 53}]
2026-02-14 10:24:19,420 - graph_builder.relationship_manager - INFO - Query result: [{'count': 53}]
2026-02-14 10:24:19,420 - graph_builder.relationship_manager - INFO - Created 53 NJS_AFFECTED_BY relationships from NJS_Asset to NJS_Vulnerability using source data
2026-02-14 10:24:19,420 - graph_builder.relationship_manager - INFO - Created 53 NJS_AFFECTED_BY relationships from NJS_Asset to NJS_Vulnerability using source data
2026-02-14 10:24:19,420 - graph_builder.relationship_manager - INFO - Created 53 NJS_AFFECTED_BY relationships from NJS_Asset to NJS_Vulnerability using source data
2026-02-14 10:24:19,420 - graph_builder.relationship_manager - INFO - Relationship 'asset_to_vulnerability' result: {'success': 53, 'failed': 0, 'total': 53}
2026-02-14 10:24:19,420 - graph_builder.relationship_manager - INFO - Relationship 'asset_to_vulnerability' result: {'success': 53, 'failed': 0, 'total': 53}
2026-02-14 10:24:19,420 - graph_builder.relationship_manager - INFO - Relationship 'asset_to_vulnerability' result: {'success': 53, 'failed': 0, 'total': 53}
2026-02-14 10:24:19,421 - graph_builder.relationship_manager - INFO - Creating relationship 'asset_to_assetgroup': NJS_Asset-[:NJS_BELONGS_TO]->NJS_AssetGroup
2026-02-14 10:24:19,421 - graph_builder.relationship_manager - INFO - Creating relationship 'asset_to_assetgroup': NJS_Asset-[:NJS_BELONGS_TO]->NJS_AssetGroup
2026-02-14 10:24:19,421 - graph_builder.relationship_manager - INFO - Creating relationship 'asset_to_assetgroup': NJS_Asset-[:NJS_BELONGS_TO]->NJS_AssetGroup
2026-02-14 10:24:19,421 - graph_builder.relationship_manager - INFO - Querying NJS_Asset nodes for asset_id values...
2026-02-14 10:24:19,421 - graph_builder.relationship_manager - INFO - Querying NJS_Asset nodes for asset_id values...
2026-02-14 10:24:19,421 - graph_builder.relationship_manager - INFO - Querying NJS_Asset nodes for asset_id values...
2026-02-14 10:24:19,523 - graph_builder.relationship_manager - INFO - Found 5 asset_id values from NJS_Asset nodes
2026-02-14 10:24:19,523 - graph_builder.relationship_manager - INFO - Found 5 asset_id values from NJS_Asset nodes
2026-02-14 10:24:19,523 - graph_builder.relationship_manager - INFO - Found 5 asset_id values from NJS_Asset nodes
2026-02-14 10:24:19,524 - graph_builder.relationship_manager - INFO - Loading source data from: C:\Users\sgade\OneDrive\Desktop\orbit_node\collected_data\20260210_201344\agents_manager
2026-02-14 10:24:19,524 - graph_builder.relationship_manager - INFO - Loading source data from: C:\Users\sgade\OneDrive\Desktop\orbit_node\collected_data\20260210_201344\agents_manager
2026-02-14 10:24:19,524 - graph_builder.relationship_manager - INFO - Loading source data from: C:\Users\sgade\OneDrive\Desktop\orbit_node\collected_data\20260210_201344\agents_manager
2026-02-14 10:24:19,524 - graph_builder.relationship_manager - INFO - Source file pattern: All_Agents.json
2026-02-14 10:24:19,524 - graph_builder.relationship_manager - INFO - Source file pattern: All_Agents.json
2026-02-14 10:24:19,524 - graph_builder.relationship_manager - INFO - Source file pattern: All_Agents.json
2026-02-14 10:24:19,524 - graph_builder.relationship_manager - INFO - Agent IDs: None (single file)
2026-02-14 10:24:19,524 - graph_builder.relationship_manager - INFO - Agent IDs: None (single file)
2026-02-14 10:24:19,524 - graph_builder.relationship_manager - INFO - Agent IDs: None (single file)
2026-02-14 10:24:19,528 - graph_builder.relationship_manager - INFO - Loaded 5 items from source data
2026-02-14 10:24:19,528 - graph_builder.relationship_manager - INFO - Loaded 5 items from source data
2026-02-14 10:24:19,528 - graph_builder.relationship_manager - INFO - Loaded 5 items from source data
2026-02-14 10:24:19,528 - graph_builder.relationship_manager - INFO - Sample source item keys: ['os', 'name', 'ip', 'dateAdd', 'id', 'manager', 'registerIP', 'lastKeepAlive', 'group_config_status', 'status_code']
2026-02-14 10:24:19,528 - graph_builder.relationship_manager - INFO - Sample source item keys: ['os', 'name', 'ip', 'dateAdd', 'id', 'manager', 'registerIP', 'lastKeepAlive', 'group_config_status', 'status_code']
2026-02-14 10:24:19,528 - graph_builder.relationship_manager - INFO - Sample source item keys: ['os', 'name', 'ip', 'dateAdd', 'id', 'manager', 'registerIP', 'lastKeepAlive', 'group_config_status', 'status_code']
2026-02-14 10:24:19,528 - graph_builder.relationship_manager - INFO - Prepared 4 relationships to create from source data
2026-02-14 10:24:19,528 - graph_builder.relationship_manager - INFO - Prepared 4 relationships to create from source data
2026-02-14 10:24:19,528 - graph_builder.relationship_manager - INFO - Prepared 4 relationships to create from source data
2026-02-14 10:24:19,528 - graph_builder.relationship_manager - INFO - Creating 4 relationships using source data
2026-02-14 10:24:19,528 - graph_builder.relationship_manager - INFO - Creating 4 relationships using source data
2026-02-14 10:24:19,528 - graph_builder.relationship_manager - INFO - Creating 4 relationships using source data
2026-02-14 10:24:19,529 - graph_builder.relationship_manager - INFO - Executing relationship creation query
2026-02-14 10:24:19,529 - graph_builder.relationship_manager - INFO - Executing relationship creation query
2026-02-14 10:24:19,529 - graph_builder.relationship_manager - INFO - Executing relationship creation query
2026-02-14 10:24:19,802 - graph_builder.relationship_manager - INFO - Query result: [{'count': 4}]
2026-02-14 10:24:19,802 - graph_builder.relationship_manager - INFO - Query result: [{'count': 4}]
2026-02-14 10:24:19,802 - graph_builder.relationship_manager - INFO - Query result: [{'count': 4}]
2026-02-14 10:24:19,802 - graph_builder.relationship_manager - INFO - Created 4 NJS_BELONGS_TO relationships from NJS_Asset to NJS_AssetGroup using source data
2026-02-14 10:24:19,802 - graph_builder.relationship_manager - INFO - Created 4 NJS_BELONGS_TO relationships from NJS_Asset to NJS_AssetGroup using source data
2026-02-14 10:24:19,802 - graph_builder.relationship_manager - INFO - Created 4 NJS_BELONGS_TO relationships from NJS_Asset to NJS_AssetGroup using source data
2026-02-14 10:24:19,803 - graph_builder.relationship_manager - INFO - Relationship 'asset_to_assetgroup' result: {'success': 4, 'failed': 0, 'total': 4}
2026-02-14 10:24:19,803 - graph_builder.relationship_manager - INFO - Relationship 'asset_to_assetgroup' result: {'success': 4, 'failed': 0, 'total': 4}
2026-02-14 10:24:19,803 - graph_builder.relationship_manager - INFO - Relationship 'asset_to_assetgroup' result: {'success': 4, 'failed': 0, 'total': 4}
2026-02-14 10:24:19,803 - graph_builder.relationship_manager - INFO - Creating relationship 'asset_to_hardware': NJS_Asset-[:NJS_HAS_HARDWARE]->NJS_Hardware
2026-02-14 10:24:19,803 - graph_builder.relationship_manager - INFO - Creating relationship 'asset_to_hardware': NJS_Asset-[:NJS_HAS_HARDWARE]->NJS_Hardware
2026-02-14 10:24:19,803 - graph_builder.relationship_manager - INFO - Creating relationship 'asset_to_hardware': NJS_Asset-[:NJS_HAS_HARDWARE]->NJS_Hardware
2026-02-14 10:24:19,803 - graph_builder.relationship_manager - INFO - Querying NJS_Asset nodes for asset_id values...
2026-02-14 10:24:19,803 - graph_builder.relationship_manager - INFO - Querying NJS_Asset nodes for asset_id values...
2026-02-14 10:24:19,803 - graph_builder.relationship_manager - INFO - Querying NJS_Asset nodes for asset_id values...
2026-02-14 10:24:19,862 - graph_builder.relationship_manager - INFO - Found 5 asset_id values from NJS_Asset nodes
2026-02-14 10:24:19,862 - graph_builder.relationship_manager - INFO - Found 5 asset_id values from NJS_Asset nodes
2026-02-14 10:24:19,862 - graph_builder.relationship_manager - INFO - Found 5 asset_id values from NJS_Asset nodes
2026-02-14 10:24:19,862 - graph_builder.relationship_manager - INFO - Loading source data from: C:\Users\sgade\OneDrive\Desktop\orbit_node\collected_data\20260210_201344\hardware
2026-02-14 10:24:19,862 - graph_builder.relationship_manager - INFO - Loading source data from: C:\Users\sgade\OneDrive\Desktop\orbit_node\collected_data\20260210_201344\hardware
2026-02-14 10:24:19,862 - graph_builder.relationship_manager - INFO - Loading source data from: C:\Users\sgade\OneDrive\Desktop\orbit_node\collected_data\20260210_201344\hardware
2026-02-14 10:24:19,862 - graph_builder.relationship_manager - INFO - Source file pattern: Syscollector_Hardware_{agent_id}.json
2026-02-14 10:24:19,862 - graph_builder.relationship_manager - INFO - Source file pattern: Syscollector_Hardware_{agent_id}.json
2026-02-14 10:24:19,862 - graph_builder.relationship_manager - INFO - Source file pattern: Syscollector_Hardware_{agent_id}.json
2026-02-14 10:24:19,862 - graph_builder.relationship_manager - INFO - Agent IDs: ['000', '001', '002', '003', '004']
2026-02-14 10:24:19,862 - graph_builder.relationship_manager - INFO - Agent IDs: ['000', '001', '002', '003', '004']
2026-02-14 10:24:19,862 - graph_builder.relationship_manager - INFO - Agent IDs: ['000', '001', '002', '003', '004']
2026-02-14 10:24:19,873 - graph_builder.relationship_manager - INFO - Loaded 5 items from source data
2026-02-14 10:24:19,873 - graph_builder.relationship_manager - INFO - Loaded 5 items from source data
2026-02-14 10:24:19,873 - graph_builder.relationship_manager - INFO - Loaded 5 items from source data
2026-02-14 10:24:19,873 - graph_builder.relationship_manager - INFO - Sample source item keys: ['cpu', 'ram', 'scan', 'board_serial', 'agent_id', '_agent_id']
2026-02-14 10:24:19,873 - graph_builder.relationship_manager - INFO - Sample source item keys: ['cpu', 'ram', 'scan', 'board_serial', 'agent_id', '_agent_id']
2026-02-14 10:24:19,873 - graph_builder.relationship_manager - INFO - Sample source item keys: ['cpu', 'ram', 'scan', 'board_serial', 'agent_id', '_agent_id']
2026-02-14 10:24:19,874 - graph_builder.relationship_manager - INFO - Prepared 5 relationships to create from source data
2026-02-14 10:24:19,874 - graph_builder.relationship_manager - INFO - Prepared 5 relationships to create from source data
2026-02-14 10:24:19,874 - graph_builder.relationship_manager - INFO - Prepared 5 relationships to create from source data
2026-02-14 10:24:19,874 - graph_builder.relationship_manager - INFO - Creating 5 relationships using source data
2026-02-14 10:24:19,874 - graph_builder.relationship_manager - INFO - Creating 5 relationships using source data
2026-02-14 10:24:19,874 - graph_builder.relationship_manager - INFO - Creating 5 relationships using source data
2026-02-14 10:24:19,874 - graph_builder.relationship_manager - INFO - Executing relationship creation query
2026-02-14 10:24:19,874 - graph_builder.relationship_manager - INFO - Executing relationship creation query
2026-02-14 10:24:19,874 - graph_builder.relationship_manager - INFO - Executing relationship creation query
2026-02-14 10:24:20,195 - graph_builder.relationship_manager - INFO - Query result: [{'count': 11}]
2026-02-14 10:24:20,195 - graph_builder.relationship_manager - INFO - Query result: [{'count': 11}]
2026-02-14 10:24:20,195 - graph_builder.relationship_manager - INFO - Query result: [{'count': 11}]
2026-02-14 10:24:20,195 - graph_builder.relationship_manager - INFO - Created 11 NJS_HAS_HARDWARE relationships from NJS_Asset to NJS_Hardware using source data
2026-02-14 10:24:20,195 - graph_builder.relationship_manager - INFO - Created 11 NJS_HAS_HARDWARE relationships from NJS_Asset to NJS_Hardware using source data
2026-02-14 10:24:20,195 - graph_builder.relationship_manager - INFO - Created 11 NJS_HAS_HARDWARE relationships from NJS_Asset to NJS_Hardware using source data
2026-02-14 10:24:20,196 - graph_builder.relationship_manager - INFO - Relationship 'asset_to_hardware' result: {'success': 11, 'failed': 0, 'total': 11}
2026-02-14 10:24:20,196 - graph_builder.relationship_manager - INFO - Relationship 'asset_to_hardware' result: {'success': 11, 'failed': 0, 'total': 11}
2026-02-14 10:24:20,196 - graph_builder.relationship_manager - INFO - Relationship 'asset_to_hardware' result: {'success': 11, 'failed': 0, 'total': 11}
2026-02-14 10:24:20,196 - graph_builder.relationship_manager - INFO - Creating relationship 'asset_to_scanevent': NJS_Asset-[:NJS_CREATED_BY]->ScanEvent
2026-02-14 10:24:20,196 - graph_builder.relationship_manager - INFO - Creating relationship 'asset_to_scanevent': NJS_Asset-[:NJS_CREATED_BY]->ScanEvent
2026-02-14 10:24:20,196 - graph_builder.relationship_manager - INFO - Creating relationship 'asset_to_scanevent': NJS_Asset-[:NJS_CREATED_BY]->ScanEvent
2026-02-14 10:24:20,603 - graph_builder.relationship_manager - INFO - Created 5 NJS_CREATED_BY relationships from NJS_Asset to ScanEvent
2026-02-14 10:24:20,603 - graph_builder.relationship_manager - INFO - Created 5 NJS_CREATED_BY relationships from NJS_Asset to ScanEvent
2026-02-14 10:24:20,603 - graph_builder.relationship_manager - INFO - Created 5 NJS_CREATED_BY relationships from NJS_Asset to ScanEvent
2026-02-14 10:24:20,603 - graph_builder.relationship_manager - INFO - Relationship 'asset_to_scanevent' result: {'success': 5, 'failed': 0, 'total': 5}
2026-02-14 10:24:20,603 - graph_builder.relationship_manager - INFO - Relationship 'asset_to_scanevent' result: {'success': 5, 'failed': 0, 'total': 5}
2026-02-14 10:24:20,603 - graph_builder.relationship_manager - INFO - Relationship 'asset_to_scanevent' result: {'success': 5, 'failed': 0, 'total': 5}
2026-02-14 10:24:20,604 - graph_builder.relationship_manager - INFO - Creating relationship 'host_to_scanevent': NJS_Host-[:NJS_CREATED_BY]->ScanEvent
2026-02-14 10:24:20,604 - graph_builder.relationship_manager - INFO - Creating relationship 'host_to_scanevent': NJS_Host-[:NJS_CREATED_BY]->ScanEvent
2026-02-14 10:24:20,604 - graph_builder.relationship_manager - INFO - Creating relationship 'host_to_scanevent': NJS_Host-[:NJS_CREATED_BY]->ScanEvent
2026-02-14 10:24:20,956 - graph_builder.relationship_manager - INFO - Created 5 NJS_CREATED_BY relationships from NJS_Host to ScanEvent
2026-02-14 10:24:20,956 - graph_builder.relationship_manager - INFO - Created 5 NJS_CREATED_BY relationships from NJS_Host to ScanEvent
2026-02-14 10:24:20,956 - graph_builder.relationship_manager - INFO - Created 5 NJS_CREATED_BY relationships from NJS_Host to ScanEvent
2026-02-14 10:24:20,957 - graph_builder.relationship_manager - INFO - Relationship 'host_to_scanevent' result: {'success': 5, 'failed': 0, 'total': 5}
2026-02-14 10:24:20,957 - graph_builder.relationship_manager - INFO - Relationship 'host_to_scanevent' result: {'success': 5, 'failed': 0, 'total': 5}
2026-02-14 10:24:20,957 - graph_builder.relationship_manager - INFO - Relationship 'host_to_scanevent' result: {'success': 5, 'failed': 0, 'total': 5}
2026-02-14 10:24:20,957 - graph_builder.relationship_manager - INFO - Creating relationship 'software_to_scanevent': NJS_Software-[:NJS_CREATED_BY]->ScanEvent
2026-02-14 10:24:20,957 - graph_builder.relationship_manager - INFO - Creating relationship 'software_to_scanevent': NJS_Software-[:NJS_CREATED_BY]->ScanEvent
2026-02-14 10:24:20,957 - graph_builder.relationship_manager - INFO - Creating relationship 'software_to_scanevent': NJS_Software-[:NJS_CREATED_BY]->ScanEvent
2026-02-14 10:24:21,453 - graph_builder.relationship_manager - INFO - Created 583 NJS_CREATED_BY relationships from NJS_Software to ScanEvent
2026-02-14 10:24:21,453 - graph_builder.relationship_manager - INFO - Created 583 NJS_CREATED_BY relationships from NJS_Software to ScanEvent
2026-02-14 10:24:21,453 - graph_builder.relationship_manager - INFO - Created 583 NJS_CREATED_BY relationships from NJS_Software to ScanEvent
2026-02-14 10:24:21,454 - graph_builder.relationship_manager - INFO - Relationship 'software_to_scanevent' result: {'success': 583, 'failed': 0, 'total': 583}
2026-02-14 10:24:21,454 - graph_builder.relationship_manager - INFO - Relationship 'software_to_scanevent' result: {'success': 583, 'failed': 0, 'total': 583}
2026-02-14 10:24:21,454 - graph_builder.relationship_manager - INFO - Relationship 'software_to_scanevent' result: {'success': 583, 'failed': 0, 'total': 583}
2026-02-14 10:24:21,454 - graph_builder.relationship_manager - INFO - Creating relationship 'vulnerability_to_scanevent': NJS_Vulnerability-[:NJS_CREATED_BY]->ScanEvent
2026-02-14 10:24:21,454 - graph_builder.relationship_manager - INFO - Creating relationship 'vulnerability_to_scanevent': NJS_Vulnerability-[:NJS_CREATED_BY]->ScanEvent
2026-02-14 10:24:21,454 - graph_builder.relationship_manager - INFO - Creating relationship 'vulnerability_to_scanevent': NJS_Vulnerability-[:NJS_CREATED_BY]->ScanEvent
2026-02-14 10:24:21,775 - graph_builder.relationship_manager - INFO - Created 40 NJS_CREATED_BY relationships from NJS_Vulnerability to ScanEvent
2026-02-14 10:24:21,775 - graph_builder.relationship_manager - INFO - Created 40 NJS_CREATED_BY relationships from NJS_Vulnerability to ScanEvent
2026-02-14 10:24:21,775 - graph_builder.relationship_manager - INFO - Created 40 NJS_CREATED_BY relationships from NJS_Vulnerability to ScanEvent
2026-02-14 10:24:21,776 - graph_builder.relationship_manager - INFO - Relationship 'vulnerability_to_scanevent' result: {'success': 40, 'failed': 0, 'total': 40}
2026-02-14 10:24:21,776 - graph_builder.relationship_manager - INFO - Relationship 'vulnerability_to_scanevent' result: {'success': 40, 'failed': 0, 'total': 40}
2026-02-14 10:24:21,776 - graph_builder.relationship_manager - INFO - Relationship 'vulnerability_to_scanevent' result: {'success': 40, 'failed': 0, 'total': 40}
2026-02-14 10:24:21,776 - graph_builder.relationship_manager - INFO - Creating relationship 'assetgroup_to_scanevent': NJS_AssetGroup-[:NJS_CREATED_BY]->ScanEvent
2026-02-14 10:24:21,776 - graph_builder.relationship_manager - INFO - Creating relationship 'assetgroup_to_scanevent': NJS_AssetGroup-[:NJS_CREATED_BY]->ScanEvent
2026-02-14 10:24:21,776 - graph_builder.relationship_manager - INFO - Creating relationship 'assetgroup_to_scanevent': NJS_AssetGroup-[:NJS_CREATED_BY]->ScanEvent
2026-02-14 10:24:22,083 - graph_builder.relationship_manager - INFO - Created 1 NJS_CREATED_BY relationships from NJS_AssetGroup to ScanEvent
2026-02-14 10:24:22,083 - graph_builder.relationship_manager - INFO - Created 1 NJS_CREATED_BY relationships from NJS_AssetGroup to ScanEvent
2026-02-14 10:24:22,083 - graph_builder.relationship_manager - INFO - Created 1 NJS_CREATED_BY relationships from NJS_AssetGroup to ScanEvent
2026-02-14 10:24:22,083 - graph_builder.relationship_manager - INFO - Relationship 'assetgroup_to_scanevent' result: {'success': 1, 'failed': 0, 'total': 1}
2026-02-14 10:24:22,083 - graph_builder.relationship_manager - INFO - Relationship 'assetgroup_to_scanevent' result: {'success': 1, 'failed': 0, 'total': 1}
2026-02-14 10:24:22,083 - graph_builder.relationship_manager - INFO - Relationship 'assetgroup_to_scanevent' result: {'success': 1, 'failed': 0, 'total': 1}
2026-02-14 10:24:22,083 - graph_builder.relationship_manager - INFO - Creating relationship 'hardware_to_scanevent': NJS_Hardware-[:NJS_CREATED_BY]->ScanEvent
2026-02-14 10:24:22,083 - graph_builder.relationship_manager - INFO - Creating relationship 'hardware_to_scanevent': NJS_Hardware-[:NJS_CREATED_BY]->ScanEvent
2026-02-14 10:24:22,083 - graph_builder.relationship_manager - INFO - Creating relationship 'hardware_to_scanevent': NJS_Hardware-[:NJS_CREATED_BY]->ScanEvent
2026-02-14 10:24:22,390 - graph_builder.relationship_manager - INFO - Created 5 NJS_CREATED_BY relationships from NJS_Hardware to ScanEvent
2026-02-14 10:24:22,390 - graph_builder.relationship_manager - INFO - Created 5 NJS_CREATED_BY relationships from NJS_Hardware to ScanEvent
2026-02-14 10:24:22,390 - graph_builder.relationship_manager - INFO - Created 5 NJS_CREATED_BY relationships from NJS_Hardware to ScanEvent
2026-02-14 10:24:22,390 - graph_builder.relationship_manager - INFO - Relationship 'hardware_to_scanevent' result: {'success': 5, 'failed': 0, 'total': 5}
2026-02-14 10:24:22,390 - graph_builder.relationship_manager - INFO - Relationship 'hardware_to_scanevent' result: {'success': 5, 'failed': 0, 'total': 5}
2026-02-14 10:24:22,390 - graph_builder.relationship_manager - INFO - Relationship 'hardware_to_scanevent' result: {'success': 5, 'failed': 0, 'total': 5}
2026-02-14 10:24:22,391 - graph_builder.relationship_manager - INFO - ============================================================
2026-02-14 10:24:22,391 - graph_builder.relationship_manager - INFO - ============================================================
2026-02-14 10:24:22,391 - graph_builder.relationship_manager - INFO - ============================================================
2026-02-14 10:24:22,391 - graph_builder.relationship_manager - INFO - Relationship creation from config completed
2026-02-14 10:24:22,391 - graph_builder.relationship_manager - INFO - Relationship creation from config completed
2026-02-14 10:24:22,391 - graph_builder.relationship_manager - INFO - Relationship creation from config completed
2026-02-14 10:24:22,391 - graph_builder.relationship_manager - INFO - Total relationships processed: 13
2026-02-14 10:24:22,391 - graph_builder.relationship_manager - INFO - Total relationships processed: 13
2026-02-14 10:24:22,391 - graph_builder.relationship_manager - INFO - Total relationships processed: 13
2026-02-14 10:24:22,391 - graph_builder.relationship_manager - INFO - ============================================================
2026-02-14 10:24:22,391 - graph_builder.relationship_manager - INFO - ============================================================
2026-02-14 10:24:22,391 - graph_builder.relationship_manager - INFO - ============================================================
2026-02-14 10:24:22,391 - graph_builder.graph_builder - INFO - asset_to_host: 11 relationships created
2026-02-14 10:24:22,391 - graph_builder.graph_builder - INFO - asset_to_host: 11 relationships created
2026-02-14 10:24:22,391 - graph_builder.graph_builder - INFO - asset_to_host: 11 relationships created
2026-02-14 10:24:22,391 - graph_builder.graph_builder - INFO - host_to_software: 726 relationships created
2026-02-14 10:24:22,391 - graph_builder.graph_builder - INFO - host_to_software: 726 relationships created
2026-02-14 10:24:22,391 - graph_builder.graph_builder - INFO - host_to_software: 726 relationships created
2026-02-14 10:24:22,392 - graph_builder.graph_builder - INFO - asset_to_software: 726 relationships created
2026-02-14 10:24:22,392 - graph_builder.graph_builder - INFO - asset_to_software: 726 relationships created
2026-02-14 10:24:22,392 - graph_builder.graph_builder - INFO - asset_to_software: 726 relationships created
2026-02-14 10:24:22,392 - graph_builder.graph_builder - INFO - software_to_vulnerability: 53 relationships created
2026-02-14 10:24:22,392 - graph_builder.graph_builder - INFO - software_to_vulnerability: 53 relationships created
2026-02-14 10:24:22,392 - graph_builder.graph_builder - INFO - software_to_vulnerability: 53 relationships created
2026-02-14 10:24:22,392 - graph_builder.graph_builder - INFO - asset_to_vulnerability: 53 relationships created
2026-02-14 10:24:22,392 - graph_builder.graph_builder - INFO - asset_to_vulnerability: 53 relationships created
2026-02-14 10:24:22,392 - graph_builder.graph_builder - INFO - asset_to_vulnerability: 53 relationships created
2026-02-14 10:24:22,392 - graph_builder.graph_builder - INFO - asset_to_assetgroup: 4 relationships created
2026-02-14 10:24:22,392 - graph_builder.graph_builder - INFO - asset_to_assetgroup: 4 relationships created
2026-02-14 10:24:22,392 - graph_builder.graph_builder - INFO - asset_to_assetgroup: 4 relationships created
2026-02-14 10:24:22,392 - graph_builder.graph_builder - INFO - asset_to_hardware: 11 relationships created
2026-02-14 10:24:22,392 - graph_builder.graph_builder - INFO - asset_to_hardware: 11 relationships created
2026-02-14 10:24:22,392 - graph_builder.graph_builder - INFO - asset_to_hardware: 11 relationships created
2026-02-14 10:24:22,392 - graph_builder.graph_builder - INFO - asset_to_scanevent: 5 relationships created
2026-02-14 10:24:22,392 - graph_builder.graph_builder - INFO - asset_to_scanevent: 5 relationships created
2026-02-14 10:24:22,392 - graph_builder.graph_builder - INFO - asset_to_scanevent: 5 relationships created
2026-02-14 10:24:22,392 - graph_builder.graph_builder - INFO - host_to_scanevent: 5 relationships created
2026-02-14 10:24:22,392 - graph_builder.graph_builder - INFO - host_to_scanevent: 5 relationships created
2026-02-14 10:24:22,392 - graph_builder.graph_builder - INFO - host_to_scanevent: 5 relationships created
2026-02-14 10:24:22,393 - graph_builder.graph_builder - INFO - software_to_scanevent: 583 relationships created
2026-02-14 10:24:22,393 - graph_builder.graph_builder - INFO - software_to_scanevent: 583 relationships created
2026-02-14 10:24:22,393 - graph_builder.graph_builder - INFO - software_to_scanevent: 583 relationships created
2026-02-14 10:24:22,393 - graph_builder.graph_builder - INFO - vulnerability_to_scanevent: 40 relationships created
2026-02-14 10:24:22,393 - graph_builder.graph_builder - INFO - vulnerability_to_scanevent: 40 relationships created
2026-02-14 10:24:22,393 - graph_builder.graph_builder - INFO - vulnerability_to_scanevent: 40 relationships created
2026-02-14 10:24:22,393 - graph_builder.graph_builder - INFO - assetgroup_to_scanevent: 1 relationships created
2026-02-14 10:24:22,393 - graph_builder.graph_builder - INFO - assetgroup_to_scanevent: 1 relationships created
2026-02-14 10:24:22,393 - graph_builder.graph_builder - INFO - assetgroup_to_scanevent: 1 relationships created
2026-02-14 10:24:22,393 - graph_builder.graph_builder - INFO - hardware_to_scanevent: 5 relationships created
2026-02-14 10:24:22,393 - graph_builder.graph_builder - INFO - hardware_to_scanevent: 5 relationships created
2026-02-14 10:24:22,393 - graph_builder.graph_builder - INFO - hardware_to_scanevent: 5 relationships created
2026-02-14 10:24:22,393 - __main__ - INFO - Relationship creation process completed
2026-02-14 10:24:22,394 - __main__ - INFO - Relationship results: {'asset_to_host': {'success': 11, 'failed': 0, 'total': 11}, 'host_to_software': {'success': 726, 'failed': 0, 'total': 726}, 'asset_to_software': {'success': 726, 'failed': 0, 'total': 726}, 'software_to_vulnerability': {'success': 53, 'failed': 0, 'total': 53}, 'asset_to_vulnerability': {'success': 53, 'failed': 0, 'total': 53}, 'asset_to_assetgroup': {'success': 4, 'failed': 0, 'total': 4}, 'asset_to_hardware': {'success': 11, 'failed': 0, 'total': 11}, 'asset_to_scanevent': {'success': 5, 'failed': 0, 'total': 5}, 'host_to_scanevent': {'success': 5, 'failed': 0, 'total': 5}, 'software_to_scanevent': {'success': 583, 'failed': 0, 'total': 583}, 'vulnerability_to_scanevent': {'success': 40, 'failed': 0, 'total': 40}, 'assetgroup_to_scanevent': {'success': 1, 'failed': 0, 'total': 1}, 'hardware_to_scanevent': {'success': 5, 'failed': 0, 'total': 5}}
2026-02-14 10:24:22,394 - __main__ - INFO - ============================================================
2026-02-14 10:24:22,396 - graph_builder.neo4j_connection - INFO - Neo4j connection closed
2026-02-14 10:24:22,396 - graph_builder.neo4j_connection - INFO - Neo4j connection closed
2026-02-14 10:24:22,396 - graph_builder.neo4j_connection - INFO - Neo4j connection closed
2026-02-14 10:24:22,397 - __main__ - INFO - Graph building process completed successfully
2026-02-14 10:28:32,071 - __main__ - INFO - ============================================================
2026-02-14 10:28:32,072 - __main__ - INFO - Neo4j Graph Builder
2026-02-14 10:28:32,072 - __main__ - INFO - ============================================================
2026-02-14 10:28:32,073 - __main__ - INFO - Using latest extraction folder: 20260213_164345
2026-02-14 10:28:32,073 - __main__ - INFO - Full path: C:\Users\sgade\OneDrive\Desktop\orbit_node\extracted_data\20260213_164345
2026-02-14 10:28:32,073 - __main__ - INFO - Found asset nodes file in latest extraction folder: C:\Users\sgade\OneDrive\Desktop\orbit_node\extracted_data\20260213_164345\asset_nodes.json
2026-02-14 10:28:32,074 - __main__ - INFO - Using latest extraction folder: 20260213_164345
2026-02-14 10:28:32,074 - __main__ - INFO - Full path: C:\Users\sgade\OneDrive\Desktop\orbit_node\extracted_data\20260213_164345
2026-02-14 10:28:32,074 - __main__ - INFO - Found host nodes file in latest extraction folder: C:\Users\sgade\OneDrive\Desktop\orbit_node\extracted_data\20260213_164345\host_nodes.json
2026-02-14 10:28:32,075 - __main__ - INFO - Using latest extraction folder: 20260213_164345
2026-02-14 10:28:32,075 - __main__ - INFO - Full path: C:\Users\sgade\OneDrive\Desktop\orbit_node\extracted_data\20260213_164345
2026-02-14 10:28:32,075 - __main__ - INFO - Found software nodes file in latest extraction folder: C:\Users\sgade\OneDrive\Desktop\orbit_node\extracted_data\20260213_164345\software_nodes.json
2026-02-14 10:28:32,076 - __main__ - INFO - Using latest extraction folder: 20260213_164345
2026-02-14 10:28:32,076 - __main__ - INFO - Full path: C:\Users\sgade\OneDrive\Desktop\orbit_node\extracted_data\20260213_164345
2026-02-14 10:28:32,076 - __main__ - INFO - Found vulnerability nodes file in latest extraction folder: C:\Users\sgade\OneDrive\Desktop\orbit_node\extracted_data\20260213_164345\vulnerability_nodes.json
2026-02-14 10:28:32,076 - __main__ - INFO - Using latest extraction folder: 20260213_164345
2026-02-14 10:28:32,076 - __main__ - INFO - Full path: C:\Users\sgade\OneDrive\Desktop\orbit_node\extracted_data\20260213_164345
2026-02-14 10:28:32,077 - __main__ - INFO - Found assetgroup nodes file in latest extraction folder: C:\Users\sgade\OneDrive\Desktop\orbit_node\extracted_data\20260213_164345\assetgroup_nodes.json
2026-02-14 10:28:32,077 - __main__ - INFO - Using latest extraction folder: 20260213_164345
2026-02-14 10:28:32,077 - __main__ - INFO - Full path: C:\Users\sgade\OneDrive\Desktop\orbit_node\extracted_data\20260213_164345
2026-02-14 10:28:32,077 - __main__ - INFO - Found hardware nodes file in latest extraction folder: C:\Users\sgade\OneDrive\Desktop\orbit_node\extracted_data\20260213_164345\hardware_nodes.json
2026-02-14 10:28:32,078 - __main__ - INFO - 
Initializing graph builder...
2026-02-14 10:28:32,083 - graph_builder.neo4j_connection - INFO - Loaded Neo4j configuration from C:\Users\sgade\OneDrive\Desktop\orbit_node\config\neo4j_config.yaml
2026-02-14 10:28:32,083 - graph_builder.neo4j_connection - INFO - Loaded Neo4j configuration from C:\Users\sgade\OneDrive\Desktop\orbit_node\config\neo4j_config.yaml
2026-02-14 10:28:32,083 - graph_builder.neo4j_connection - INFO - Loaded Neo4j configuration from C:\Users\sgade\OneDrive\Desktop\orbit_node\config\neo4j_config.yaml
2026-02-14 10:28:32,083 - graph_builder.neo4j_connection - INFO - Connecting to Neo4j at bolt+ssc://41d93103.databases.neo4j.io with username: neo4j
2026-02-14 10:28:32,083 - graph_builder.neo4j_connection - INFO - Connecting to Neo4j at bolt+ssc://41d93103.databases.neo4j.io with username: neo4j
2026-02-14 10:28:32,083 - graph_builder.neo4j_connection - INFO - Connecting to Neo4j at bolt+ssc://41d93103.databases.neo4j.io with username: neo4j
2026-02-14 10:28:32,083 - graph_builder.neo4j_connection - INFO - URI already indicates encryption (bolt+s:// or neo4j+s://)
2026-02-14 10:28:32,083 - graph_builder.neo4j_connection - INFO - URI already indicates encryption (bolt+s:// or neo4j+s://)
2026-02-14 10:28:32,083 - graph_builder.neo4j_connection - INFO - URI already indicates encryption (bolt+s:// or neo4j+s://)
2026-02-14 10:28:32,083 - graph_builder.neo4j_connection - INFO - SSL certificate verification handled automatically by driver
2026-02-14 10:28:32,083 - graph_builder.neo4j_connection - INFO - SSL certificate verification handled automatically by driver
2026-02-14 10:28:32,083 - graph_builder.neo4j_connection - INFO - SSL certificate verification handled automatically by driver
2026-02-14 10:28:32,083 - graph_builder.neo4j_connection - INFO - If connection fails, check: network, firewall, or Aura instance status
2026-02-14 10:28:32,083 - graph_builder.neo4j_connection - INFO - If connection fails, check: network, firewall, or Aura instance status
2026-02-14 10:28:32,083 - graph_builder.neo4j_connection - INFO - If connection fails, check: network, firewall, or Aura instance status
2026-02-14 10:28:32,934 - graph_builder.neo4j_connection - INFO - Neo4j connection test successful
2026-02-14 10:28:32,934 - graph_builder.neo4j_connection - INFO - Neo4j connection test successful
2026-02-14 10:28:32,934 - graph_builder.neo4j_connection - INFO - Neo4j connection test successful
2026-02-14 10:28:32,935 - graph_builder.neo4j_connection - INFO - Successfully connected to Neo4j at bolt+ssc://41d93103.databases.neo4j.io
2026-02-14 10:28:32,935 - graph_builder.neo4j_connection - INFO - Successfully connected to Neo4j at bolt+ssc://41d93103.databases.neo4j.io
2026-02-14 10:28:32,935 - graph_builder.neo4j_connection - INFO - Successfully connected to Neo4j at bolt+ssc://41d93103.databases.neo4j.io
2026-02-14 10:28:33,026 - graph_builder.constraints_manager - INFO - Loaded graph configuration from C:\Users\sgade\OneDrive\Desktop\orbit_node\config\graph_config.yaml
2026-02-14 10:28:33,026 - graph_builder.constraints_manager - INFO - Loaded graph configuration from C:\Users\sgade\OneDrive\Desktop\orbit_node\config\graph_config.yaml
2026-02-14 10:28:33,026 - graph_builder.constraints_manager - INFO - Loaded graph configuration from C:\Users\sgade\OneDrive\Desktop\orbit_node\config\graph_config.yaml
2026-02-14 10:28:33,108 - graph_builder.relationship_manager - INFO - Loaded graph configuration from C:\Users\sgade\OneDrive\Desktop\orbit_node\config\graph_config.yaml
2026-02-14 10:28:33,108 - graph_builder.relationship_manager - INFO - Loaded graph configuration from C:\Users\sgade\OneDrive\Desktop\orbit_node\config\graph_config.yaml
2026-02-14 10:28:33,108 - graph_builder.relationship_manager - INFO - Loaded graph configuration from C:\Users\sgade\OneDrive\Desktop\orbit_node\config\graph_config.yaml
2026-02-14 10:28:33,114 - graph_builder.relationship_manager - INFO - Loaded paths configuration from C:\Users\sgade\OneDrive\Desktop\orbit_node\config\paths_config.yaml
2026-02-14 10:28:33,114 - graph_builder.relationship_manager - INFO - Loaded paths configuration from C:\Users\sgade\OneDrive\Desktop\orbit_node\config\paths_config.yaml
2026-02-14 10:28:33,114 - graph_builder.relationship_manager - INFO - Loaded paths configuration from C:\Users\sgade\OneDrive\Desktop\orbit_node\config\paths_config.yaml
2026-02-14 10:28:33,115 - graph_builder.relationship_manager - INFO - Looking for collected data in: C:\Users\sgade\OneDrive\Desktop\orbit_node\collected_data
2026-02-14 10:28:33,115 - graph_builder.relationship_manager - INFO - Looking for collected data in: C:\Users\sgade\OneDrive\Desktop\orbit_node\collected_data
2026-02-14 10:28:33,115 - graph_builder.relationship_manager - INFO - Looking for collected data in: C:\Users\sgade\OneDrive\Desktop\orbit_node\collected_data
2026-02-14 10:28:33,116 - graph_builder.relationship_manager - INFO - Using latest collected data directory: 20260210_201344
2026-02-14 10:28:33,116 - graph_builder.relationship_manager - INFO - Using latest collected data directory: 20260210_201344
2026-02-14 10:28:33,116 - graph_builder.relationship_manager - INFO - Using latest collected data directory: 20260210_201344
2026-02-14 10:28:33,116 - graph_builder.relationship_manager - INFO - Full path: C:\Users\sgade\OneDrive\Desktop\orbit_node\collected_data\20260210_201344
2026-02-14 10:28:33,116 - graph_builder.relationship_manager - INFO - Full path: C:\Users\sgade\OneDrive\Desktop\orbit_node\collected_data\20260210_201344
2026-02-14 10:28:33,116 - graph_builder.relationship_manager - INFO - Full path: C:\Users\sgade\OneDrive\Desktop\orbit_node\collected_data\20260210_201344
2026-02-14 10:28:33,116 - __main__ - INFO - 
Setting up constraints...
2026-02-14 10:28:33,117 - graph_builder.graph_builder - INFO - ============================================================
2026-02-14 10:28:33,117 - graph_builder.graph_builder - INFO - ============================================================
2026-02-14 10:28:33,117 - graph_builder.graph_builder - INFO - ============================================================
2026-02-14 10:28:33,117 - graph_builder.graph_builder - INFO - Setting up Neo4j constraints and indexes
2026-02-14 10:28:33,117 - graph_builder.graph_builder - INFO - Setting up Neo4j constraints and indexes
2026-02-14 10:28:33,117 - graph_builder.graph_builder - INFO - Setting up Neo4j constraints and indexes
2026-02-14 10:28:33,117 - graph_builder.graph_builder - INFO - ============================================================
2026-02-14 10:28:33,117 - graph_builder.graph_builder - INFO - ============================================================
2026-02-14 10:28:33,117 - graph_builder.graph_builder - INFO - ============================================================
2026-02-14 10:28:33,117 - graph_builder.constraints_manager - INFO - Creating constraints for node type: asset
2026-02-14 10:28:33,117 - graph_builder.constraints_manager - INFO - Creating constraints for node type: asset
2026-02-14 10:28:33,117 - graph_builder.constraints_manager - INFO - Creating constraints for node type: asset
2026-02-14 10:28:33,348 - graph_builder.constraints_manager - INFO - Created UNIQUE constraint 'unique_asset_id' on NJS_Asset(asset_id)
2026-02-14 10:28:33,348 - graph_builder.constraints_manager - INFO - Created UNIQUE constraint 'unique_asset_id' on NJS_Asset(asset_id)
2026-02-14 10:28:33,348 - graph_builder.constraints_manager - INFO - Created UNIQUE constraint 'unique_asset_id' on NJS_Asset(asset_id)
2026-02-14 10:28:33,349 - graph_builder.constraints_manager - INFO - Creating constraints for node type: host
2026-02-14 10:28:33,349 - graph_builder.constraints_manager - INFO - Creating constraints for node type: host
2026-02-14 10:28:33,349 - graph_builder.constraints_manager - INFO - Creating constraints for node type: host
2026-02-14 10:28:33,698 - graph_builder.constraints_manager - INFO - Created composite UNIQUE constraint 'unique_host_composite' on NJS_Host(agent_id, os_name)
2026-02-14 10:28:33,698 - graph_builder.constraints_manager - INFO - Created composite UNIQUE constraint 'unique_host_composite' on NJS_Host(agent_id, os_name)
2026-02-14 10:28:33,698 - graph_builder.constraints_manager - INFO - Created composite UNIQUE constraint 'unique_host_composite' on NJS_Host(agent_id, os_name)
2026-02-14 10:28:33,699 - graph_builder.constraints_manager - INFO - Creating constraints for node type: software
2026-02-14 10:28:33,699 - graph_builder.constraints_manager - INFO - Creating constraints for node type: software
2026-02-14 10:28:33,699 - graph_builder.constraints_manager - INFO - Creating constraints for node type: software
2026-02-14 10:28:34,005 - graph_builder.constraints_manager - INFO - Created UNIQUE constraint 'unique_software_name' on NJS_Software(name)
2026-02-14 10:28:34,005 - graph_builder.constraints_manager - INFO - Created UNIQUE constraint 'unique_software_name' on NJS_Software(name)
2026-02-14 10:28:34,005 - graph_builder.constraints_manager - INFO - Created UNIQUE constraint 'unique_software_name' on NJS_Software(name)
2026-02-14 10:28:34,005 - graph_builder.constraints_manager - INFO - Creating constraints for node type: vulnerability
2026-02-14 10:28:34,005 - graph_builder.constraints_manager - INFO - Creating constraints for node type: vulnerability
2026-02-14 10:28:34,005 - graph_builder.constraints_manager - INFO - Creating constraints for node type: vulnerability
2026-02-14 10:28:34,408 - graph_builder.constraints_manager - INFO - Created UNIQUE constraint 'unique_cve_id' on NJS_Vulnerability(cve_id)
2026-02-14 10:28:34,408 - graph_builder.constraints_manager - INFO - Created UNIQUE constraint 'unique_cve_id' on NJS_Vulnerability(cve_id)
2026-02-14 10:28:34,408 - graph_builder.constraints_manager - INFO - Created UNIQUE constraint 'unique_cve_id' on NJS_Vulnerability(cve_id)
2026-02-14 10:28:34,409 - graph_builder.constraints_manager - INFO - Creating constraints for node type: assetgroup
2026-02-14 10:28:34,409 - graph_builder.constraints_manager - INFO - Creating constraints for node type: assetgroup
2026-02-14 10:28:34,409 - graph_builder.constraints_manager - INFO - Creating constraints for node type: assetgroup
2026-02-14 10:28:34,673 - graph_builder.constraints_manager - INFO - Created UNIQUE constraint 'unique_assetgroup_name' on NJS_AssetGroup(name)
2026-02-14 10:28:34,673 - graph_builder.constraints_manager - INFO - Created UNIQUE constraint 'unique_assetgroup_name' on NJS_AssetGroup(name)
2026-02-14 10:28:34,673 - graph_builder.constraints_manager - INFO - Created UNIQUE constraint 'unique_assetgroup_name' on NJS_AssetGroup(name)
2026-02-14 10:28:34,673 - graph_builder.constraints_manager - INFO - Creating constraints for node type: hardware
2026-02-14 10:28:34,673 - graph_builder.constraints_manager - INFO - Creating constraints for node type: hardware
2026-02-14 10:28:34,673 - graph_builder.constraints_manager - INFO - Creating constraints for node type: hardware
2026-02-14 10:28:34,938 - graph_builder.constraints_manager - INFO - Created composite UNIQUE constraint 'unique_hardware_composite' on NJS_Hardware(agent_id, name)
2026-02-14 10:28:34,938 - graph_builder.constraints_manager - INFO - Created composite UNIQUE constraint 'unique_hardware_composite' on NJS_Hardware(agent_id, name)
2026-02-14 10:28:34,938 - graph_builder.constraints_manager - INFO - Created composite UNIQUE constraint 'unique_hardware_composite' on NJS_Hardware(agent_id, name)
2026-02-14 10:28:34,938 - graph_builder.constraints_manager - INFO - Creating constraints for node type: scanevent
2026-02-14 10:28:34,938 - graph_builder.constraints_manager - INFO - Creating constraints for node type: scanevent
2026-02-14 10:28:34,938 - graph_builder.constraints_manager - INFO - Creating constraints for node type: scanevent
2026-02-14 10:28:35,186 - graph_builder.constraints_manager - INFO - Created UNIQUE constraint 'unique_scanevent_id' on ScanEvent(event_id)
2026-02-14 10:28:35,186 - graph_builder.constraints_manager - INFO - Created UNIQUE constraint 'unique_scanevent_id' on ScanEvent(event_id)
2026-02-14 10:28:35,186 - graph_builder.constraints_manager - INFO - Created UNIQUE constraint 'unique_scanevent_id' on ScanEvent(event_id)
2026-02-14 10:28:35,187 - graph_builder.graph_builder - INFO - asset: 1/1 constraints created successfully
2026-02-14 10:28:35,187 - graph_builder.graph_builder - INFO - asset: 1/1 constraints created successfully
2026-02-14 10:28:35,187 - graph_builder.graph_builder - INFO - asset: 1/1 constraints created successfully
2026-02-14 10:28:35,187 - graph_builder.graph_builder - INFO - host: 1/1 constraints created successfully
2026-02-14 10:28:35,187 - graph_builder.graph_builder - INFO - host: 1/1 constraints created successfully
2026-02-14 10:28:35,187 - graph_builder.graph_builder - INFO - host: 1/1 constraints created successfully
2026-02-14 10:28:35,187 - graph_builder.graph_builder - INFO - software: 1/1 constraints created successfully
2026-02-14 10:28:35,187 - graph_builder.graph_builder - INFO - software: 1/1 constraints created successfully
2026-02-14 10:28:35,187 - graph_builder.graph_builder - INFO - software: 1/1 constraints created successfully
2026-02-14 10:28:35,187 - graph_builder.graph_builder - INFO - vulnerability: 1/1 constraints created successfully
2026-02-14 10:28:35,187 - graph_builder.graph_builder - INFO - vulnerability: 1/1 constraints created successfully
2026-02-14 10:28:35,187 - graph_builder.graph_builder - INFO - vulnerability: 1/1 constraints created successfully
2026-02-14 10:28:35,188 - graph_builder.graph_builder - INFO - assetgroup: 1/1 constraints created successfully
2026-02-14 10:28:35,188 - graph_builder.graph_builder - INFO - assetgroup: 1/1 constraints created successfully
2026-02-14 10:28:35,188 - graph_builder.graph_builder - INFO - assetgroup: 1/1 constraints created successfully
2026-02-14 10:28:35,188 - graph_builder.graph_builder - INFO - hardware: 1/1 constraints created successfully
2026-02-14 10:28:35,188 - graph_builder.graph_builder - INFO - hardware: 1/1 constraints created successfully
2026-02-14 10:28:35,188 - graph_builder.graph_builder - INFO - hardware: 1/1 constraints created successfully
2026-02-14 10:28:35,188 - graph_builder.graph_builder - INFO - scanevent: 1/1 constraints created successfully
2026-02-14 10:28:35,188 - graph_builder.graph_builder - INFO - scanevent: 1/1 constraints created successfully
2026-02-14 10:28:35,188 - graph_builder.graph_builder - INFO - scanevent: 1/1 constraints created successfully
2026-02-14 10:28:35,188 - __main__ - INFO - Constraints setup completed successfully
2026-02-14 10:28:35,188 - __main__ - INFO - 
============================================================
2026-02-14 10:28:35,188 - __main__ - INFO - Creating ScanEvent
2026-02-14 10:28:35,188 - __main__ - INFO - ============================================================
2026-02-15 16:35:16,897 - __main__ - INFO - ============================================================
2026-02-15 16:35:16,899 - __main__ - INFO - Neo4j Graph Builder
2026-02-15 16:35:16,899 - __main__ - INFO - ============================================================
2026-02-15 16:35:16,901 - __main__ - INFO - Using latest extraction folder: 20260215_161934_530
2026-02-15 16:35:16,901 - __main__ - INFO - Full path: C:\Users\sgade\OneDrive\Desktop\orbit_node\extracted_data\20260215_161934_530
2026-02-15 16:35:16,901 - __main__ - INFO - Found asset nodes file in organized nodes/ folder: C:\Users\sgade\OneDrive\Desktop\orbit_node\extracted_data\20260215_161934_530\nodes\asset_nodes.json
2026-02-15 16:35:16,902 - __main__ - INFO - Using latest extraction folder: 20260215_161934_530
2026-02-15 16:35:16,902 - __main__ - INFO - Full path: C:\Users\sgade\OneDrive\Desktop\orbit_node\extracted_data\20260215_161934_530
2026-02-15 16:35:16,903 - __main__ - INFO - Found host nodes file in organized nodes/ folder: C:\Users\sgade\OneDrive\Desktop\orbit_node\extracted_data\20260215_161934_530\nodes\host_nodes.json
2026-02-15 16:35:16,904 - __main__ - INFO - Using latest extraction folder: 20260215_161934_530
2026-02-15 16:35:16,904 - __main__ - INFO - Full path: C:\Users\sgade\OneDrive\Desktop\orbit_node\extracted_data\20260215_161934_530
2026-02-15 16:35:16,904 - __main__ - INFO - Found software nodes file in organized nodes/ folder: C:\Users\sgade\OneDrive\Desktop\orbit_node\extracted_data\20260215_161934_530\nodes\software_nodes.json
2026-02-15 16:35:16,905 - __main__ - INFO - Using latest extraction folder: 20260215_161934_530
2026-02-15 16:35:16,905 - __main__ - INFO - Full path: C:\Users\sgade\OneDrive\Desktop\orbit_node\extracted_data\20260215_161934_530
2026-02-15 16:35:16,905 - __main__ - INFO - Found vulnerability nodes file in organized nodes/ folder: C:\Users\sgade\OneDrive\Desktop\orbit_node\extracted_data\20260215_161934_530\nodes\vulnerability_nodes.json
2026-02-15 16:35:16,906 - __main__ - INFO - Using latest extraction folder: 20260215_161934_530
2026-02-15 16:35:16,906 - __main__ - INFO - Full path: C:\Users\sgade\OneDrive\Desktop\orbit_node\extracted_data\20260215_161934_530
2026-02-15 16:35:16,907 - __main__ - INFO - Found assetgroup nodes file in organized nodes/ folder: C:\Users\sgade\OneDrive\Desktop\orbit_node\extracted_data\20260215_161934_530\nodes\assetgroup_nodes.json
2026-02-15 16:35:16,909 - __main__ - INFO - Using latest extraction folder: 20260215_161934_530
2026-02-15 16:35:16,909 - __main__ - INFO - Full path: C:\Users\sgade\OneDrive\Desktop\orbit_node\extracted_data\20260215_161934_530
2026-02-15 16:35:16,910 - __main__ - INFO - Found hardware nodes file in organized nodes/ folder: C:\Users\sgade\OneDrive\Desktop\orbit_node\extracted_data\20260215_161934_530\nodes\hardware_nodes.json
2026-02-15 16:35:16,910 - __main__ - INFO - 
Initializing graph builder...
2026-02-15 16:35:16,913 - graph_builder.neo4j_connection - ERROR - Error parsing Neo4j config YAML: while scanning a simple key
  in "C:\Users\sgade\OneDrive\Desktop\orbit_node\config\neo4j_config.yaml", line 20, column 3
could not find expected ':'
  in "C:\Users\sgade\OneDrive\Desktop\orbit_node\config\neo4j_config.yaml", line 21, column 3
2026-02-15 16:35:16,913 - graph_builder.neo4j_connection - ERROR - Error parsing Neo4j config YAML: while scanning a simple key
  in "C:\Users\sgade\OneDrive\Desktop\orbit_node\config\neo4j_config.yaml", line 20, column 3
could not find expected ':'
  in "C:\Users\sgade\OneDrive\Desktop\orbit_node\config\neo4j_config.yaml", line 21, column 3
2026-02-15 16:35:16,913 - graph_builder.neo4j_connection - ERROR - Error parsing Neo4j config YAML: while scanning a simple key
  in "C:\Users\sgade\OneDrive\Desktop\orbit_node\config\neo4j_config.yaml", line 20, column 3
could not find expected ':'
  in "C:\Users\sgade\OneDrive\Desktop\orbit_node\config\neo4j_config.yaml", line 21, column 3
2026-02-15 16:35:16,914 - __main__ - ERROR - Error during graph building: while scanning a simple key
  in "C:\Users\sgade\OneDrive\Desktop\orbit_node\config\neo4j_config.yaml", line 20, column 3
could not find expected ':'
  in "C:\Users\sgade\OneDrive\Desktop\orbit_node\config\neo4j_config.yaml", line 21, column 3
Traceback (most recent call last):
  File "C:\Users\sgade\OneDrive\Desktop\orbit_node\scripts\build_graph.py", line 193, in main
    builder = GraphBuilder(
        neo4j_config_path=str(config_dir / "neo4j_config.yaml"),
        graph_config_path=str(config_dir / "graph_config.yaml")
    )
  File "C:\Users\sgade\OneDrive\Desktop\orbit_node\graph_builder\graph_builder.py", line 28, in __init__
    self.neo4j_conn = Neo4jConnection(neo4j_config_path)
                      ~~~~~~~~~~~~~~~^^^^^^^^^^^^^^^^^^^
  File "C:\Users\sgade\OneDrive\Desktop\orbit_node\graph_builder\neo4j_connection.py", line 20, in __init__
    self.config = self._load_config(config_path)
                  ~~~~~~~~~~~~~~~~~^^^^^^^^^^^^^
  File "C:\Users\sgade\OneDrive\Desktop\orbit_node\graph_builder\neo4j_connection.py", line 37, in _load_config
    config = yaml.safe_load(f)
  File "C:\Users\sgade\anaconda3\Lib\site-packages\yaml\__init__.py", line 125, in safe_load
    return load(stream, SafeLoader)
  File "C:\Users\sgade\anaconda3\Lib\site-packages\yaml\__init__.py", line 81, in load
    return loader.get_single_data()
           ~~~~~~~~~~~~~~~~~~~~~~^^
  File "C:\Users\sgade\anaconda3\Lib\site-packages\yaml\constructor.py", line 49, in get_single_data
    node = self.get_single_node()
  File "C:\Users\sgade\anaconda3\Lib\site-packages\yaml\composer.py", line 36, in get_single_node
    document = self.compose_document()
  File "C:\Users\sgade\anaconda3\Lib\site-packages\yaml\composer.py", line 55, in compose_document
    node = self.compose_node(None, None)
  File "C:\Users\sgade\anaconda3\Lib\site-packages\yaml\composer.py", line 84, in compose_node
    node = self.compose_mapping_node(anchor)
  File "C:\Users\sgade\anaconda3\Lib\site-packages\yaml\composer.py", line 133, in compose_mapping_node
    item_value = self.compose_node(node, item_key)
  File "C:\Users\sgade\anaconda3\Lib\site-packages\yaml\composer.py", line 84, in compose_node
    node = self.compose_mapping_node(anchor)
  File "C:\Users\sgade\anaconda3\Lib\site-packages\yaml\composer.py", line 127, in compose_mapping_node
    while not self.check_event(MappingEndEvent):
              ~~~~~~~~~~~~~~~~^^^^^^^^^^^^^^^^^
  File "C:\Users\sgade\anaconda3\Lib\site-packages\yaml\parser.py", line 98, in check_event
    self.current_event = self.state()
                         ~~~~~~~~~~^^
  File "C:\Users\sgade\anaconda3\Lib\site-packages\yaml\parser.py", line 428, in parse_block_mapping_key
    if self.check_token(KeyToken):
       ~~~~~~~~~~~~~~~~^^^^^^^^^^
  File "C:\Users\sgade\anaconda3\Lib\site-packages\yaml\scanner.py", line 115, in check_token
    while self.need_more_tokens():
          ~~~~~~~~~~~~~~~~~~~~~^^
  File "C:\Users\sgade\anaconda3\Lib\site-packages\yaml\scanner.py", line 152, in need_more_tokens
    self.stale_possible_simple_keys()
    ~~~~~~~~~~~~~~~~~~~~~~~~~~~~~~~^^
  File "C:\Users\sgade\anaconda3\Lib\site-packages\yaml\scanner.py", line 291, in stale_possible_simple_keys
    raise ScannerError("while scanning a simple key", key.mark,
            "could not find expected ':'", self.get_mark())
yaml.scanner.ScannerError: while scanning a simple key
  in "C:\Users\sgade\OneDrive\Desktop\orbit_node\config\neo4j_config.yaml", line 20, column 3
could not find expected ':'
  in "C:\Users\sgade\OneDrive\Desktop\orbit_node\config\neo4j_config.yaml", line 21, column 3
2026-02-15 16:36:05,671 - __main__ - INFO - ============================================================
2026-02-15 16:36:05,672 - __main__ - INFO - Neo4j Graph Builder
2026-02-15 16:36:05,672 - __main__ - INFO - ============================================================
2026-02-15 16:36:05,674 - __main__ - INFO - Using latest extraction folder: 20260215_161934_530
2026-02-15 16:36:05,674 - __main__ - INFO - Full path: C:\Users\sgade\OneDrive\Desktop\orbit_node\extracted_data\20260215_161934_530
2026-02-15 16:36:05,675 - __main__ - INFO - Found asset nodes file in organized nodes/ folder: C:\Users\sgade\OneDrive\Desktop\orbit_node\extracted_data\20260215_161934_530\nodes\asset_nodes.json
2026-02-15 16:36:05,675 - __main__ - INFO - Using latest extraction folder: 20260215_161934_530
2026-02-15 16:36:05,676 - __main__ - INFO - Full path: C:\Users\sgade\OneDrive\Desktop\orbit_node\extracted_data\20260215_161934_530
2026-02-15 16:36:05,676 - __main__ - INFO - Found host nodes file in organized nodes/ folder: C:\Users\sgade\OneDrive\Desktop\orbit_node\extracted_data\20260215_161934_530\nodes\host_nodes.json
2026-02-15 16:36:05,677 - __main__ - INFO - Using latest extraction folder: 20260215_161934_530
2026-02-15 16:36:05,677 - __main__ - INFO - Full path: C:\Users\sgade\OneDrive\Desktop\orbit_node\extracted_data\20260215_161934_530
2026-02-15 16:36:05,677 - __main__ - INFO - Found software nodes file in organized nodes/ folder: C:\Users\sgade\OneDrive\Desktop\orbit_node\extracted_data\20260215_161934_530\nodes\software_nodes.json
2026-02-15 16:36:05,678 - __main__ - INFO - Using latest extraction folder: 20260215_161934_530
2026-02-15 16:36:05,678 - __main__ - INFO - Full path: C:\Users\sgade\OneDrive\Desktop\orbit_node\extracted_data\20260215_161934_530
2026-02-15 16:36:05,679 - __main__ - INFO - Found vulnerability nodes file in organized nodes/ folder: C:\Users\sgade\OneDrive\Desktop\orbit_node\extracted_data\20260215_161934_530\nodes\vulnerability_nodes.json
2026-02-15 16:36:05,680 - __main__ - INFO - Using latest extraction folder: 20260215_161934_530
2026-02-15 16:36:05,680 - __main__ - INFO - Full path: C:\Users\sgade\OneDrive\Desktop\orbit_node\extracted_data\20260215_161934_530
2026-02-15 16:36:05,680 - __main__ - INFO - Found assetgroup nodes file in organized nodes/ folder: C:\Users\sgade\OneDrive\Desktop\orbit_node\extracted_data\20260215_161934_530\nodes\assetgroup_nodes.json
2026-02-15 16:36:05,681 - __main__ - INFO - Using latest extraction folder: 20260215_161934_530
2026-02-15 16:36:05,681 - __main__ - INFO - Full path: C:\Users\sgade\OneDrive\Desktop\orbit_node\extracted_data\20260215_161934_530
2026-02-15 16:36:05,682 - __main__ - INFO - Found hardware nodes file in organized nodes/ folder: C:\Users\sgade\OneDrive\Desktop\orbit_node\extracted_data\20260215_161934_530\nodes\hardware_nodes.json
2026-02-15 16:36:05,683 - __main__ - INFO - 
Initializing graph builder...
2026-02-15 16:36:05,689 - graph_builder.neo4j_connection - INFO - Loaded Neo4j configuration from C:\Users\sgade\OneDrive\Desktop\orbit_node\config\neo4j_config.yaml
2026-02-15 16:36:05,689 - graph_builder.neo4j_connection - INFO - Loaded Neo4j configuration from C:\Users\sgade\OneDrive\Desktop\orbit_node\config\neo4j_config.yaml
2026-02-15 16:36:05,689 - graph_builder.neo4j_connection - INFO - Loaded Neo4j configuration from C:\Users\sgade\OneDrive\Desktop\orbit_node\config\neo4j_config.yaml
2026-02-15 16:36:05,690 - graph_builder.neo4j_connection - INFO - Connecting to Neo4j at bolt://localhost:7687 with username: neo4j
2026-02-15 16:36:05,690 - graph_builder.neo4j_connection - INFO - Connecting to Neo4j at bolt://localhost:7687 with username: neo4j
2026-02-15 16:36:05,690 - graph_builder.neo4j_connection - INFO - Connecting to Neo4j at bolt://localhost:7687 with username: neo4j
2026-02-15 16:36:07,805 - graph_builder.neo4j_connection - ERROR - Neo4j connection test failed: Couldn't connect to localhost:7687 (resolved to ()):
Failed to establish connection to ResolvedIPv6Address(('::1', 7687, 0, 0)) (reason [WinError 10061] No connection could be made because the target machine actively refused it)
[SSLEOFError] Connection Failed. Please ensure that your database is listening on the correct host and port and that you have enabled encryption if required. Note that the default encryption setting has changed in Neo4j 4.0. See the docs for more information. Failed to establish encrypted connection. (code 8: Exec format error)
2026-02-15 16:36:07,805 - graph_builder.neo4j_connection - ERROR - Neo4j connection test failed: Couldn't connect to localhost:7687 (resolved to ()):
Failed to establish connection to ResolvedIPv6Address(('::1', 7687, 0, 0)) (reason [WinError 10061] No connection could be made because the target machine actively refused it)
[SSLEOFError] Connection Failed. Please ensure that your database is listening on the correct host and port and that you have enabled encryption if required. Note that the default encryption setting has changed in Neo4j 4.0. See the docs for more information. Failed to establish encrypted connection. (code 8: Exec format error)
2026-02-15 16:36:07,805 - graph_builder.neo4j_connection - ERROR - Neo4j connection test failed: Couldn't connect to localhost:7687 (resolved to ()):
Failed to establish connection to ResolvedIPv6Address(('::1', 7687, 0, 0)) (reason [WinError 10061] No connection could be made because the target machine actively refused it)
[SSLEOFError] Connection Failed. Please ensure that your database is listening on the correct host and port and that you have enabled encryption if required. Note that the default encryption setting has changed in Neo4j 4.0. See the docs for more information. Failed to establish encrypted connection. (code 8: Exec format error)
2026-02-15 16:36:07,805 - graph_builder.neo4j_connection - ERROR - Failed to connect to Neo4j: Couldn't connect to localhost:7687 (resolved to ()):
Failed to establish connection to ResolvedIPv6Address(('::1', 7687, 0, 0)) (reason [WinError 10061] No connection could be made because the target machine actively refused it)
[SSLEOFError] Connection Failed. Please ensure that your database is listening on the correct host and port and that you have enabled encryption if required. Note that the default encryption setting has changed in Neo4j 4.0. See the docs for more information. Failed to establish encrypted connection. (code 8: Exec format error)
2026-02-15 16:36:07,805 - graph_builder.neo4j_connection - ERROR - Failed to connect to Neo4j: Couldn't connect to localhost:7687 (resolved to ()):
Failed to establish connection to ResolvedIPv6Address(('::1', 7687, 0, 0)) (reason [WinError 10061] No connection could be made because the target machine actively refused it)
[SSLEOFError] Connection Failed. Please ensure that your database is listening on the correct host and port and that you have enabled encryption if required. Note that the default encryption setting has changed in Neo4j 4.0. See the docs for more information. Failed to establish encrypted connection. (code 8: Exec format error)
2026-02-15 16:36:07,805 - graph_builder.neo4j_connection - ERROR - Failed to connect to Neo4j: Couldn't connect to localhost:7687 (resolved to ()):
Failed to establish connection to ResolvedIPv6Address(('::1', 7687, 0, 0)) (reason [WinError 10061] No connection could be made because the target machine actively refused it)
[SSLEOFError] Connection Failed. Please ensure that your database is listening on the correct host and port and that you have enabled encryption if required. Note that the default encryption setting has changed in Neo4j 4.0. See the docs for more information. Failed to establish encrypted connection. (code 8: Exec format error)
2026-02-15 16:36:07,806 - __main__ - ERROR - Error during graph building: Couldn't connect to localhost:7687 (resolved to ()):
Failed to establish connection to ResolvedIPv6Address(('::1', 7687, 0, 0)) (reason [WinError 10061] No connection could be made because the target machine actively refused it)
[SSLEOFError] Connection Failed. Please ensure that your database is listening on the correct host and port and that you have enabled encryption if required. Note that the default encryption setting has changed in Neo4j 4.0. See the docs for more information. Failed to establish encrypted connection. (code 8: Exec format error)
Traceback (most recent call last):
  File "C:\Users\sgade\anaconda3\Lib\site-packages\neo4j\_async_compat\network\_bolt_socket.py", line 528, in _connect
    s.connect(resolved_address)
    ~~~~~~~~~^^^^^^^^^^^^^^^^^^
ConnectionRefusedError: [WinError 10061] No connection could be made because the target machine actively refused it

The above exception was the direct cause of the following exception:

Traceback (most recent call last):
  File "C:\Users\sgade\anaconda3\Lib\site-packages\neo4j\_async_compat\network\_bolt_socket.py", line 690, in connect
    s = BoltSocket._connect(resolved_address, tcp_timeout,
                            keep_alive)
  File "C:\Users\sgade\anaconda3\Lib\site-packages\neo4j\_async_compat\network\_bolt_socket.py", line 546, in _connect
    raise ServiceUnavailable(
    ...<2 lines>...
    ) from error
neo4j.exceptions.ServiceUnavailable: Failed to establish connection to ResolvedIPv6Address(('::1', 7687, 0, 0)) (reason [WinError 10061] No connection could be made because the target machine actively refused it)

The above exception was the direct cause of the following exception:

Traceback (most recent call last):
  File "C:\Users\sgade\OneDrive\Desktop\orbit_node\scripts\build_graph.py", line 193, in main
    builder = GraphBuilder(
        neo4j_config_path=str(config_dir / "neo4j_config.yaml"),
        graph_config_path=str(config_dir / "graph_config.yaml")
    )
  File "C:\Users\sgade\OneDrive\Desktop\orbit_node\graph_builder\graph_builder.py", line 28, in __init__
    self.neo4j_conn = Neo4jConnection(neo4j_config_path)
                      ~~~~~~~~~~~~~~~^^^^^^^^^^^^^^^^^^^
  File "C:\Users\sgade\OneDrive\Desktop\orbit_node\graph_builder\neo4j_connection.py", line 22, in __init__
    self._connect()
    ~~~~~~~~~~~~~^^
  File "C:\Users\sgade\OneDrive\Desktop\orbit_node\graph_builder\neo4j_connection.py", line 128, in _connect
    self.test_connection()
    ~~~~~~~~~~~~~~~~~~~~^^
  File "C:\Users\sgade\OneDrive\Desktop\orbit_node\graph_builder\neo4j_connection.py", line 151, in test_connection
    result = session.run("RETURN 1 as test")
  File "C:\Users\sgade\anaconda3\Lib\site-packages\neo4j\_sync\work\session.py", line 302, in run
    self._connect(self._config.default_access_mode)
    ~~~~~~~~~~~~~^^^^^^^^^^^^^^^^^^^^^^^^^^^^^^^^^^
  File "C:\Users\sgade\anaconda3\Lib\site-packages\neo4j\_sync\work\session.py", line 130, in _connect
    super()._connect(
    ~~~~~~~~~~~~~~~~^
        access_mode, auth=self._config.auth, **acquire_kwargs
        ^^^^^^^^^^^^^^^^^^^^^^^^^^^^^^^^^^^^^^^^^^^^^^^^^^^^^
    )
    ^
  File "C:\Users\sgade\anaconda3\Lib\site-packages\neo4j\_sync\work\workspace.py", line 178, in _connect
    self._connection = self._pool.acquire(**acquire_kwargs_)
                       ~~~~~~~~~~~~~~~~~~^^^^^^^^^^^^^^^^^^^
  File "C:\Users\sgade\anaconda3\Lib\site-packages\neo4j\_sync\io\_pool.py", line 526, in acquire
    return self._acquire(
           ~~~~~~~~~~~~~^
        self.address, auth, deadline, liveness_check_timeout
        ^^^^^^^^^^^^^^^^^^^^^^^^^^^^^^^^^^^^^^^^^^^^^^^^^^^^
    )
    ^
  File "C:\Users\sgade\anaconda3\Lib\site-packages\neo4j\_sync\io\_pool.py", line 313, in _acquire
    return connection_creator()
  File "C:\Users\sgade\anaconda3\Lib\site-packages\neo4j\_sync\io\_pool.py", line 165, in connection_creator
    connection = self.opener(
        address, auth or self.pool_config.auth, deadline
    )
  File "C:\Users\sgade\anaconda3\Lib\site-packages\neo4j\_sync\io\_pool.py", line 500, in opener
    return Bolt.open(
           ~~~~~~~~~^
        addr, auth_manager=auth_manager, deadline=deadline,
        ^^^^^^^^^^^^^^^^^^^^^^^^^^^^^^^^^^^^^^^^^^^^^^^^^^^
        routing_context=None, pool_config=pool_config
        ^^^^^^^^^^^^^^^^^^^^^^^^^^^^^^^^^^^^^^^^^^^^^
    )
    ^
  File "C:\Users\sgade\anaconda3\Lib\site-packages\neo4j\_sync\io\_bolt.py", line 400, in open
    BoltSocket.connect(
    ~~~~~~~~~~~~~~~~~~^
        address,
        ^^^^^^^^
    ...<4 lines>...
        keep_alive=pool_config.keep_alive,
        ^^^^^^^^^^^^^^^^^^^^^^^^^^^^^^^^^^
    )
    ^
  File "C:\Users\sgade\anaconda3\Lib\site-packages\neo4j\_async_compat\network\_bolt_socket.py", line 718, in connect
    raise ServiceUnavailable(
    ...<4 lines>...
    ) from errors[0]
neo4j.exceptions.ServiceUnavailable: Couldn't connect to localhost:7687 (resolved to ()):
Failed to establish connection to ResolvedIPv6Address(('::1', 7687, 0, 0)) (reason [WinError 10061] No connection could be made because the target machine actively refused it)
[SSLEOFError] Connection Failed. Please ensure that your database is listening on the correct host and port and that you have enabled encryption if required. Note that the default encryption setting has changed in Neo4j 4.0. See the docs for more information. Failed to establish encrypted connection. (code 8: Exec format error)
2026-02-15 16:36:44,893 - __main__ - INFO - ============================================================
2026-02-15 16:36:44,893 - __main__ - INFO - Neo4j Graph Builder
2026-02-15 16:36:44,894 - __main__ - INFO - ============================================================
2026-02-15 16:36:44,895 - __main__ - INFO - Using latest extraction folder: 20260215_161934_530
2026-02-15 16:36:44,896 - __main__ - INFO - Full path: C:\Users\sgade\OneDrive\Desktop\orbit_node\extracted_data\20260215_161934_530
2026-02-15 16:36:44,896 - __main__ - INFO - Found asset nodes file in organized nodes/ folder: C:\Users\sgade\OneDrive\Desktop\orbit_node\extracted_data\20260215_161934_530\nodes\asset_nodes.json
2026-02-15 16:36:44,897 - __main__ - INFO - Using latest extraction folder: 20260215_161934_530
2026-02-15 16:36:44,897 - __main__ - INFO - Full path: C:\Users\sgade\OneDrive\Desktop\orbit_node\extracted_data\20260215_161934_530
2026-02-15 16:36:44,898 - __main__ - INFO - Found host nodes file in organized nodes/ folder: C:\Users\sgade\OneDrive\Desktop\orbit_node\extracted_data\20260215_161934_530\nodes\host_nodes.json
2026-02-15 16:36:44,898 - __main__ - INFO - Using latest extraction folder: 20260215_161934_530
2026-02-15 16:36:44,898 - __main__ - INFO - Full path: C:\Users\sgade\OneDrive\Desktop\orbit_node\extracted_data\20260215_161934_530
2026-02-15 16:36:44,899 - __main__ - INFO - Found software nodes file in organized nodes/ folder: C:\Users\sgade\OneDrive\Desktop\orbit_node\extracted_data\20260215_161934_530\nodes\software_nodes.json
2026-02-15 16:36:44,899 - __main__ - INFO - Using latest extraction folder: 20260215_161934_530
2026-02-15 16:36:44,899 - __main__ - INFO - Full path: C:\Users\sgade\OneDrive\Desktop\orbit_node\extracted_data\20260215_161934_530
2026-02-15 16:36:44,900 - __main__ - INFO - Found vulnerability nodes file in organized nodes/ folder: C:\Users\sgade\OneDrive\Desktop\orbit_node\extracted_data\20260215_161934_530\nodes\vulnerability_nodes.json
2026-02-15 16:36:44,900 - __main__ - INFO - Using latest extraction folder: 20260215_161934_530
2026-02-15 16:36:44,900 - __main__ - INFO - Full path: C:\Users\sgade\OneDrive\Desktop\orbit_node\extracted_data\20260215_161934_530
2026-02-15 16:36:44,901 - __main__ - INFO - Found assetgroup nodes file in organized nodes/ folder: C:\Users\sgade\OneDrive\Desktop\orbit_node\extracted_data\20260215_161934_530\nodes\assetgroup_nodes.json
2026-02-15 16:36:44,901 - __main__ - INFO - Using latest extraction folder: 20260215_161934_530
2026-02-15 16:36:44,901 - __main__ - INFO - Full path: C:\Users\sgade\OneDrive\Desktop\orbit_node\extracted_data\20260215_161934_530
2026-02-15 16:36:44,901 - __main__ - INFO - Found hardware nodes file in organized nodes/ folder: C:\Users\sgade\OneDrive\Desktop\orbit_node\extracted_data\20260215_161934_530\nodes\hardware_nodes.json
2026-02-15 16:36:44,902 - __main__ - INFO - 
Initializing graph builder...
2026-02-15 16:36:44,908 - graph_builder.neo4j_connection - INFO - Loaded Neo4j configuration from C:\Users\sgade\OneDrive\Desktop\orbit_node\config\neo4j_config.yaml
2026-02-15 16:36:44,908 - graph_builder.neo4j_connection - INFO - Loaded Neo4j configuration from C:\Users\sgade\OneDrive\Desktop\orbit_node\config\neo4j_config.yaml
2026-02-15 16:36:44,908 - graph_builder.neo4j_connection - INFO - Loaded Neo4j configuration from C:\Users\sgade\OneDrive\Desktop\orbit_node\config\neo4j_config.yaml
2026-02-15 16:36:44,908 - graph_builder.neo4j_connection - INFO - Connecting to Neo4j at bolt://localhost:7687 with username: neo4j
2026-02-15 16:36:44,908 - graph_builder.neo4j_connection - INFO - Connecting to Neo4j at bolt://localhost:7687 with username: neo4j
2026-02-15 16:36:44,908 - graph_builder.neo4j_connection - INFO - Connecting to Neo4j at bolt://localhost:7687 with username: neo4j
2026-02-15 16:36:46,988 - graph_builder.neo4j_connection - ERROR - Neo4j connection test failed: Couldn't connect to localhost:7687 (resolved to ()):
Failed to establish connection to ResolvedIPv6Address(('::1', 7687, 0, 0)) (reason [WinError 10061] No connection could be made because the target machine actively refused it)
[SSLEOFError] Connection Failed. Please ensure that your database is listening on the correct host and port and that you have enabled encryption if required. Note that the default encryption setting has changed in Neo4j 4.0. See the docs for more information. Failed to establish encrypted connection. (code 8: Exec format error)
2026-02-15 16:36:46,988 - graph_builder.neo4j_connection - ERROR - Neo4j connection test failed: Couldn't connect to localhost:7687 (resolved to ()):
Failed to establish connection to ResolvedIPv6Address(('::1', 7687, 0, 0)) (reason [WinError 10061] No connection could be made because the target machine actively refused it)
[SSLEOFError] Connection Failed. Please ensure that your database is listening on the correct host and port and that you have enabled encryption if required. Note that the default encryption setting has changed in Neo4j 4.0. See the docs for more information. Failed to establish encrypted connection. (code 8: Exec format error)
2026-02-15 16:36:46,988 - graph_builder.neo4j_connection - ERROR - Neo4j connection test failed: Couldn't connect to localhost:7687 (resolved to ()):
Failed to establish connection to ResolvedIPv6Address(('::1', 7687, 0, 0)) (reason [WinError 10061] No connection could be made because the target machine actively refused it)
[SSLEOFError] Connection Failed. Please ensure that your database is listening on the correct host and port and that you have enabled encryption if required. Note that the default encryption setting has changed in Neo4j 4.0. See the docs for more information. Failed to establish encrypted connection. (code 8: Exec format error)
2026-02-15 16:36:46,989 - graph_builder.neo4j_connection - ERROR - Failed to connect to Neo4j: Couldn't connect to localhost:7687 (resolved to ()):
Failed to establish connection to ResolvedIPv6Address(('::1', 7687, 0, 0)) (reason [WinError 10061] No connection could be made because the target machine actively refused it)
[SSLEOFError] Connection Failed. Please ensure that your database is listening on the correct host and port and that you have enabled encryption if required. Note that the default encryption setting has changed in Neo4j 4.0. See the docs for more information. Failed to establish encrypted connection. (code 8: Exec format error)
2026-02-15 16:36:46,989 - graph_builder.neo4j_connection - ERROR - Failed to connect to Neo4j: Couldn't connect to localhost:7687 (resolved to ()):
Failed to establish connection to ResolvedIPv6Address(('::1', 7687, 0, 0)) (reason [WinError 10061] No connection could be made because the target machine actively refused it)
[SSLEOFError] Connection Failed. Please ensure that your database is listening on the correct host and port and that you have enabled encryption if required. Note that the default encryption setting has changed in Neo4j 4.0. See the docs for more information. Failed to establish encrypted connection. (code 8: Exec format error)
2026-02-15 16:36:46,989 - graph_builder.neo4j_connection - ERROR - Failed to connect to Neo4j: Couldn't connect to localhost:7687 (resolved to ()):
Failed to establish connection to ResolvedIPv6Address(('::1', 7687, 0, 0)) (reason [WinError 10061] No connection could be made because the target machine actively refused it)
[SSLEOFError] Connection Failed. Please ensure that your database is listening on the correct host and port and that you have enabled encryption if required. Note that the default encryption setting has changed in Neo4j 4.0. See the docs for more information. Failed to establish encrypted connection. (code 8: Exec format error)
2026-02-15 16:36:46,989 - __main__ - ERROR - Error during graph building: Couldn't connect to localhost:7687 (resolved to ()):
Failed to establish connection to ResolvedIPv6Address(('::1', 7687, 0, 0)) (reason [WinError 10061] No connection could be made because the target machine actively refused it)
[SSLEOFError] Connection Failed. Please ensure that your database is listening on the correct host and port and that you have enabled encryption if required. Note that the default encryption setting has changed in Neo4j 4.0. See the docs for more information. Failed to establish encrypted connection. (code 8: Exec format error)
Traceback (most recent call last):
  File "C:\Users\sgade\anaconda3\Lib\site-packages\neo4j\_async_compat\network\_bolt_socket.py", line 528, in _connect
    s.connect(resolved_address)
    ~~~~~~~~~^^^^^^^^^^^^^^^^^^
ConnectionRefusedError: [WinError 10061] No connection could be made because the target machine actively refused it

The above exception was the direct cause of the following exception:

Traceback (most recent call last):
  File "C:\Users\sgade\anaconda3\Lib\site-packages\neo4j\_async_compat\network\_bolt_socket.py", line 690, in connect
    s = BoltSocket._connect(resolved_address, tcp_timeout,
                            keep_alive)
  File "C:\Users\sgade\anaconda3\Lib\site-packages\neo4j\_async_compat\network\_bolt_socket.py", line 546, in _connect
    raise ServiceUnavailable(
    ...<2 lines>...
    ) from error
neo4j.exceptions.ServiceUnavailable: Failed to establish connection to ResolvedIPv6Address(('::1', 7687, 0, 0)) (reason [WinError 10061] No connection could be made because the target machine actively refused it)

The above exception was the direct cause of the following exception:

Traceback (most recent call last):
  File "C:\Users\sgade\OneDrive\Desktop\orbit_node\scripts\build_graph.py", line 193, in main
    builder = GraphBuilder(
        neo4j_config_path=str(config_dir / "neo4j_config.yaml"),
        graph_config_path=str(config_dir / "graph_config.yaml")
    )
  File "C:\Users\sgade\OneDrive\Desktop\orbit_node\graph_builder\graph_builder.py", line 28, in __init__
    self.neo4j_conn = Neo4jConnection(neo4j_config_path)
                      ~~~~~~~~~~~~~~~^^^^^^^^^^^^^^^^^^^
  File "C:\Users\sgade\OneDrive\Desktop\orbit_node\graph_builder\neo4j_connection.py", line 22, in __init__
    self._connect()
    ~~~~~~~~~~~~~^^
  File "C:\Users\sgade\OneDrive\Desktop\orbit_node\graph_builder\neo4j_connection.py", line 128, in _connect
    self.test_connection()
    ~~~~~~~~~~~~~~~~~~~~^^
  File "C:\Users\sgade\OneDrive\Desktop\orbit_node\graph_builder\neo4j_connection.py", line 151, in test_connection
    result = session.run("RETURN 1 as test")
  File "C:\Users\sgade\anaconda3\Lib\site-packages\neo4j\_sync\work\session.py", line 302, in run
    self._connect(self._config.default_access_mode)
    ~~~~~~~~~~~~~^^^^^^^^^^^^^^^^^^^^^^^^^^^^^^^^^^
  File "C:\Users\sgade\anaconda3\Lib\site-packages\neo4j\_sync\work\session.py", line 130, in _connect
    super()._connect(
    ~~~~~~~~~~~~~~~~^
        access_mode, auth=self._config.auth, **acquire_kwargs
        ^^^^^^^^^^^^^^^^^^^^^^^^^^^^^^^^^^^^^^^^^^^^^^^^^^^^^
    )
    ^
  File "C:\Users\sgade\anaconda3\Lib\site-packages\neo4j\_sync\work\workspace.py", line 178, in _connect
    self._connection = self._pool.acquire(**acquire_kwargs_)
                       ~~~~~~~~~~~~~~~~~~^^^^^^^^^^^^^^^^^^^
  File "C:\Users\sgade\anaconda3\Lib\site-packages\neo4j\_sync\io\_pool.py", line 526, in acquire
    return self._acquire(
           ~~~~~~~~~~~~~^
        self.address, auth, deadline, liveness_check_timeout
        ^^^^^^^^^^^^^^^^^^^^^^^^^^^^^^^^^^^^^^^^^^^^^^^^^^^^
    )
    ^
  File "C:\Users\sgade\anaconda3\Lib\site-packages\neo4j\_sync\io\_pool.py", line 313, in _acquire
    return connection_creator()
  File "C:\Users\sgade\anaconda3\Lib\site-packages\neo4j\_sync\io\_pool.py", line 165, in connection_creator
    connection = self.opener(
        address, auth or self.pool_config.auth, deadline
    )
  File "C:\Users\sgade\anaconda3\Lib\site-packages\neo4j\_sync\io\_pool.py", line 500, in opener
    return Bolt.open(
           ~~~~~~~~~^
        addr, auth_manager=auth_manager, deadline=deadline,
        ^^^^^^^^^^^^^^^^^^^^^^^^^^^^^^^^^^^^^^^^^^^^^^^^^^^
        routing_context=None, pool_config=pool_config
        ^^^^^^^^^^^^^^^^^^^^^^^^^^^^^^^^^^^^^^^^^^^^^
    )
    ^
  File "C:\Users\sgade\anaconda3\Lib\site-packages\neo4j\_sync\io\_bolt.py", line 400, in open
    BoltSocket.connect(
    ~~~~~~~~~~~~~~~~~~^
        address,
        ^^^^^^^^
    ...<4 lines>...
        keep_alive=pool_config.keep_alive,
        ^^^^^^^^^^^^^^^^^^^^^^^^^^^^^^^^^^
    )
    ^
  File "C:\Users\sgade\anaconda3\Lib\site-packages\neo4j\_async_compat\network\_bolt_socket.py", line 718, in connect
    raise ServiceUnavailable(
    ...<4 lines>...
    ) from errors[0]
neo4j.exceptions.ServiceUnavailable: Couldn't connect to localhost:7687 (resolved to ()):
Failed to establish connection to ResolvedIPv6Address(('::1', 7687, 0, 0)) (reason [WinError 10061] No connection could be made because the target machine actively refused it)
[SSLEOFError] Connection Failed. Please ensure that your database is listening on the correct host and port and that you have enabled encryption if required. Note that the default encryption setting has changed in Neo4j 4.0. See the docs for more information. Failed to establish encrypted connection. (code 8: Exec format error)
2026-02-15 16:36:56,028 - __main__ - INFO - ============================================================
2026-02-15 16:36:56,029 - __main__ - INFO - Neo4j Graph Builder
2026-02-15 16:36:56,029 - __main__ - INFO - ============================================================
2026-02-15 16:36:56,032 - __main__ - INFO - Using latest extraction folder: 20260215_161934_530
2026-02-15 16:36:56,032 - __main__ - INFO - Full path: C:\Users\sgade\OneDrive\Desktop\orbit_node\extracted_data\20260215_161934_530
2026-02-15 16:36:56,032 - __main__ - INFO - Found asset nodes file in organized nodes/ folder: C:\Users\sgade\OneDrive\Desktop\orbit_node\extracted_data\20260215_161934_530\nodes\asset_nodes.json
2026-02-15 16:36:56,033 - __main__ - INFO - Using latest extraction folder: 20260215_161934_530
2026-02-15 16:36:56,034 - __main__ - INFO - Full path: C:\Users\sgade\OneDrive\Desktop\orbit_node\extracted_data\20260215_161934_530
2026-02-15 16:36:56,034 - __main__ - INFO - Found host nodes file in organized nodes/ folder: C:\Users\sgade\OneDrive\Desktop\orbit_node\extracted_data\20260215_161934_530\nodes\host_nodes.json
2026-02-15 16:36:56,035 - __main__ - INFO - Using latest extraction folder: 20260215_161934_530
2026-02-15 16:36:56,035 - __main__ - INFO - Full path: C:\Users\sgade\OneDrive\Desktop\orbit_node\extracted_data\20260215_161934_530
2026-02-15 16:36:56,036 - __main__ - INFO - Found software nodes file in organized nodes/ folder: C:\Users\sgade\OneDrive\Desktop\orbit_node\extracted_data\20260215_161934_530\nodes\software_nodes.json
2026-02-15 16:36:56,037 - __main__ - INFO - Using latest extraction folder: 20260215_161934_530
2026-02-15 16:36:56,037 - __main__ - INFO - Full path: C:\Users\sgade\OneDrive\Desktop\orbit_node\extracted_data\20260215_161934_530
2026-02-15 16:36:56,038 - __main__ - INFO - Found vulnerability nodes file in organized nodes/ folder: C:\Users\sgade\OneDrive\Desktop\orbit_node\extracted_data\20260215_161934_530\nodes\vulnerability_nodes.json
2026-02-15 16:36:56,038 - __main__ - INFO - Using latest extraction folder: 20260215_161934_530
2026-02-15 16:36:56,039 - __main__ - INFO - Full path: C:\Users\sgade\OneDrive\Desktop\orbit_node\extracted_data\20260215_161934_530
2026-02-15 16:36:56,039 - __main__ - INFO - Found assetgroup nodes file in organized nodes/ folder: C:\Users\sgade\OneDrive\Desktop\orbit_node\extracted_data\20260215_161934_530\nodes\assetgroup_nodes.json
2026-02-15 16:36:56,040 - __main__ - INFO - Using latest extraction folder: 20260215_161934_530
2026-02-15 16:36:56,040 - __main__ - INFO - Full path: C:\Users\sgade\OneDrive\Desktop\orbit_node\extracted_data\20260215_161934_530
2026-02-15 16:36:56,041 - __main__ - INFO - Found hardware nodes file in organized nodes/ folder: C:\Users\sgade\OneDrive\Desktop\orbit_node\extracted_data\20260215_161934_530\nodes\hardware_nodes.json
2026-02-15 16:36:56,041 - __main__ - INFO - 
Initializing graph builder...
2026-02-15 16:36:56,047 - graph_builder.neo4j_connection - INFO - Loaded Neo4j configuration from C:\Users\sgade\OneDrive\Desktop\orbit_node\config\neo4j_config.yaml
2026-02-15 16:36:56,047 - graph_builder.neo4j_connection - INFO - Loaded Neo4j configuration from C:\Users\sgade\OneDrive\Desktop\orbit_node\config\neo4j_config.yaml
2026-02-15 16:36:56,047 - graph_builder.neo4j_connection - INFO - Loaded Neo4j configuration from C:\Users\sgade\OneDrive\Desktop\orbit_node\config\neo4j_config.yaml
2026-02-15 16:36:56,047 - graph_builder.neo4j_connection - INFO - Connecting to Neo4j at bolt://localhost:7687 with username: neo4j
2026-02-15 16:36:56,047 - graph_builder.neo4j_connection - INFO - Connecting to Neo4j at bolt://localhost:7687 with username: neo4j
2026-02-15 16:36:56,047 - graph_builder.neo4j_connection - INFO - Connecting to Neo4j at bolt://localhost:7687 with username: neo4j
2026-02-15 16:36:58,196 - graph_builder.neo4j_connection - INFO - Neo4j connection test successful
2026-02-15 16:36:58,196 - graph_builder.neo4j_connection - INFO - Neo4j connection test successful
2026-02-15 16:36:58,196 - graph_builder.neo4j_connection - INFO - Neo4j connection test successful
2026-02-15 16:36:58,198 - graph_builder.neo4j_connection - INFO - Successfully connected to Neo4j at bolt://localhost:7687
2026-02-15 16:36:58,198 - graph_builder.neo4j_connection - INFO - Successfully connected to Neo4j at bolt://localhost:7687
2026-02-15 16:36:58,198 - graph_builder.neo4j_connection - INFO - Successfully connected to Neo4j at bolt://localhost:7687
2026-02-15 16:36:58,315 - graph_builder.constraints_manager - INFO - Loaded graph configuration from C:\Users\sgade\OneDrive\Desktop\orbit_node\config\graph_config.yaml
2026-02-15 16:36:58,315 - graph_builder.constraints_manager - INFO - Loaded graph configuration from C:\Users\sgade\OneDrive\Desktop\orbit_node\config\graph_config.yaml
2026-02-15 16:36:58,315 - graph_builder.constraints_manager - INFO - Loaded graph configuration from C:\Users\sgade\OneDrive\Desktop\orbit_node\config\graph_config.yaml
2026-02-15 16:36:58,413 - graph_builder.relationship_manager - INFO - Loaded graph configuration from C:\Users\sgade\OneDrive\Desktop\orbit_node\config\graph_config.yaml
2026-02-15 16:36:58,413 - graph_builder.relationship_manager - INFO - Loaded graph configuration from C:\Users\sgade\OneDrive\Desktop\orbit_node\config\graph_config.yaml
2026-02-15 16:36:58,413 - graph_builder.relationship_manager - INFO - Loaded graph configuration from C:\Users\sgade\OneDrive\Desktop\orbit_node\config\graph_config.yaml
2026-02-15 16:36:58,427 - graph_builder.relationship_manager - INFO - Loaded paths configuration from C:\Users\sgade\OneDrive\Desktop\orbit_node\config\paths_config.yaml
2026-02-15 16:36:58,427 - graph_builder.relationship_manager - INFO - Loaded paths configuration from C:\Users\sgade\OneDrive\Desktop\orbit_node\config\paths_config.yaml
2026-02-15 16:36:58,427 - graph_builder.relationship_manager - INFO - Loaded paths configuration from C:\Users\sgade\OneDrive\Desktop\orbit_node\config\paths_config.yaml
2026-02-15 16:36:58,427 - graph_builder.relationship_manager - INFO - Looking for collected data in: C:\Users\sgade\OneDrive\Desktop\orbit_node\collected_data
2026-02-15 16:36:58,427 - graph_builder.relationship_manager - INFO - Looking for collected data in: C:\Users\sgade\OneDrive\Desktop\orbit_node\collected_data
2026-02-15 16:36:58,427 - graph_builder.relationship_manager - INFO - Looking for collected data in: C:\Users\sgade\OneDrive\Desktop\orbit_node\collected_data
2026-02-15 16:36:58,429 - graph_builder.relationship_manager - INFO - Using latest collected data directory: 20260210_201344
2026-02-15 16:36:58,429 - graph_builder.relationship_manager - INFO - Using latest collected data directory: 20260210_201344
2026-02-15 16:36:58,429 - graph_builder.relationship_manager - INFO - Using latest collected data directory: 20260210_201344
2026-02-15 16:36:58,429 - graph_builder.relationship_manager - INFO - Full path: C:\Users\sgade\OneDrive\Desktop\orbit_node\collected_data\20260210_201344
2026-02-15 16:36:58,429 - graph_builder.relationship_manager - INFO - Full path: C:\Users\sgade\OneDrive\Desktop\orbit_node\collected_data\20260210_201344
2026-02-15 16:36:58,429 - graph_builder.relationship_manager - INFO - Full path: C:\Users\sgade\OneDrive\Desktop\orbit_node\collected_data\20260210_201344
2026-02-15 16:36:58,430 - __main__ - INFO - 
Setting up constraints...
2026-02-15 16:36:58,431 - graph_builder.graph_builder - INFO - ============================================================
2026-02-15 16:36:58,431 - graph_builder.graph_builder - INFO - ============================================================
2026-02-15 16:36:58,431 - graph_builder.graph_builder - INFO - ============================================================
2026-02-15 16:36:58,431 - graph_builder.graph_builder - INFO - Setting up Neo4j constraints and indexes
2026-02-15 16:36:58,431 - graph_builder.graph_builder - INFO - Setting up Neo4j constraints and indexes
2026-02-15 16:36:58,431 - graph_builder.graph_builder - INFO - Setting up Neo4j constraints and indexes
2026-02-15 16:36:58,432 - graph_builder.graph_builder - INFO - ============================================================
2026-02-15 16:36:58,432 - graph_builder.graph_builder - INFO - ============================================================
2026-02-15 16:36:58,432 - graph_builder.graph_builder - INFO - ============================================================
2026-02-15 16:36:58,432 - graph_builder.constraints_manager - INFO - Creating constraints for node type: asset
2026-02-15 16:36:58,432 - graph_builder.constraints_manager - INFO - Creating constraints for node type: asset
2026-02-15 16:36:58,432 - graph_builder.constraints_manager - INFO - Creating constraints for node type: asset
2026-02-15 16:36:58,826 - graph_builder.constraints_manager - INFO - Created UNIQUE constraint 'unique_asset_id' on NJS_Asset(asset_id)
2026-02-15 16:36:58,826 - graph_builder.constraints_manager - INFO - Created UNIQUE constraint 'unique_asset_id' on NJS_Asset(asset_id)
2026-02-15 16:36:58,826 - graph_builder.constraints_manager - INFO - Created UNIQUE constraint 'unique_asset_id' on NJS_Asset(asset_id)
2026-02-15 16:36:58,826 - graph_builder.constraints_manager - INFO - Creating constraints for node type: host
2026-02-15 16:36:58,826 - graph_builder.constraints_manager - INFO - Creating constraints for node type: host
2026-02-15 16:36:58,826 - graph_builder.constraints_manager - INFO - Creating constraints for node type: host
2026-02-15 16:36:58,922 - graph_builder.constraints_manager - INFO - Created composite UNIQUE constraint 'unique_host_composite' on NJS_Host(agent_id, os_name)
2026-02-15 16:36:58,922 - graph_builder.constraints_manager - INFO - Created composite UNIQUE constraint 'unique_host_composite' on NJS_Host(agent_id, os_name)
2026-02-15 16:36:58,922 - graph_builder.constraints_manager - INFO - Created composite UNIQUE constraint 'unique_host_composite' on NJS_Host(agent_id, os_name)
2026-02-15 16:36:58,923 - graph_builder.constraints_manager - INFO - Creating constraints for node type: software
2026-02-15 16:36:58,923 - graph_builder.constraints_manager - INFO - Creating constraints for node type: software
2026-02-15 16:36:58,923 - graph_builder.constraints_manager - INFO - Creating constraints for node type: software
2026-02-15 16:36:59,000 - graph_builder.constraints_manager - INFO - Created UNIQUE constraint 'unique_software_name' on NJS_Software(name)
2026-02-15 16:36:59,000 - graph_builder.constraints_manager - INFO - Created UNIQUE constraint 'unique_software_name' on NJS_Software(name)
2026-02-15 16:36:59,000 - graph_builder.constraints_manager - INFO - Created UNIQUE constraint 'unique_software_name' on NJS_Software(name)
2026-02-15 16:36:59,000 - graph_builder.constraints_manager - INFO - Creating constraints for node type: vulnerability
2026-02-15 16:36:59,000 - graph_builder.constraints_manager - INFO - Creating constraints for node type: vulnerability
2026-02-15 16:36:59,000 - graph_builder.constraints_manager - INFO - Creating constraints for node type: vulnerability
2026-02-15 16:36:59,073 - graph_builder.constraints_manager - INFO - Created UNIQUE constraint 'unique_cve_id' on NJS_Vulnerability(cve_id)
2026-02-15 16:36:59,073 - graph_builder.constraints_manager - INFO - Created UNIQUE constraint 'unique_cve_id' on NJS_Vulnerability(cve_id)
2026-02-15 16:36:59,073 - graph_builder.constraints_manager - INFO - Created UNIQUE constraint 'unique_cve_id' on NJS_Vulnerability(cve_id)
2026-02-15 16:36:59,074 - graph_builder.constraints_manager - INFO - Creating constraints for node type: assetgroup
2026-02-15 16:36:59,074 - graph_builder.constraints_manager - INFO - Creating constraints for node type: assetgroup
2026-02-15 16:36:59,074 - graph_builder.constraints_manager - INFO - Creating constraints for node type: assetgroup
2026-02-15 16:36:59,146 - graph_builder.constraints_manager - INFO - Created UNIQUE constraint 'unique_assetgroup_name' on NJS_AssetGroup(name)
2026-02-15 16:36:59,146 - graph_builder.constraints_manager - INFO - Created UNIQUE constraint 'unique_assetgroup_name' on NJS_AssetGroup(name)
2026-02-15 16:36:59,146 - graph_builder.constraints_manager - INFO - Created UNIQUE constraint 'unique_assetgroup_name' on NJS_AssetGroup(name)
2026-02-15 16:36:59,147 - graph_builder.constraints_manager - INFO - Creating constraints for node type: hardware
2026-02-15 16:36:59,147 - graph_builder.constraints_manager - INFO - Creating constraints for node type: hardware
2026-02-15 16:36:59,147 - graph_builder.constraints_manager - INFO - Creating constraints for node type: hardware
2026-02-15 16:36:59,198 - graph_builder.constraints_manager - INFO - Created composite UNIQUE constraint 'unique_hardware_composite' on NJS_Hardware(agent_id, name)
2026-02-15 16:36:59,198 - graph_builder.constraints_manager - INFO - Created composite UNIQUE constraint 'unique_hardware_composite' on NJS_Hardware(agent_id, name)
2026-02-15 16:36:59,198 - graph_builder.constraints_manager - INFO - Created composite UNIQUE constraint 'unique_hardware_composite' on NJS_Hardware(agent_id, name)
2026-02-15 16:36:59,199 - graph_builder.constraints_manager - INFO - Creating constraints for node type: scanevent
2026-02-15 16:36:59,199 - graph_builder.constraints_manager - INFO - Creating constraints for node type: scanevent
2026-02-15 16:36:59,199 - graph_builder.constraints_manager - INFO - Creating constraints for node type: scanevent
2026-02-15 16:36:59,253 - graph_builder.constraints_manager - INFO - Created UNIQUE constraint 'unique_scanevent_id' on ScanEvent(event_id)
2026-02-15 16:36:59,253 - graph_builder.constraints_manager - INFO - Created UNIQUE constraint 'unique_scanevent_id' on ScanEvent(event_id)
2026-02-15 16:36:59,253 - graph_builder.constraints_manager - INFO - Created UNIQUE constraint 'unique_scanevent_id' on ScanEvent(event_id)
2026-02-15 16:36:59,254 - graph_builder.graph_builder - INFO - asset: 1/1 constraints created successfully
2026-02-15 16:36:59,254 - graph_builder.graph_builder - INFO - asset: 1/1 constraints created successfully
2026-02-15 16:36:59,254 - graph_builder.graph_builder - INFO - asset: 1/1 constraints created successfully
2026-02-15 16:36:59,254 - graph_builder.graph_builder - INFO - host: 1/1 constraints created successfully
2026-02-15 16:36:59,254 - graph_builder.graph_builder - INFO - host: 1/1 constraints created successfully
2026-02-15 16:36:59,254 - graph_builder.graph_builder - INFO - host: 1/1 constraints created successfully
2026-02-15 16:36:59,255 - graph_builder.graph_builder - INFO - software: 1/1 constraints created successfully
2026-02-15 16:36:59,255 - graph_builder.graph_builder - INFO - software: 1/1 constraints created successfully
2026-02-15 16:36:59,255 - graph_builder.graph_builder - INFO - software: 1/1 constraints created successfully
2026-02-15 16:36:59,255 - graph_builder.graph_builder - INFO - vulnerability: 1/1 constraints created successfully
2026-02-15 16:36:59,255 - graph_builder.graph_builder - INFO - vulnerability: 1/1 constraints created successfully
2026-02-15 16:36:59,255 - graph_builder.graph_builder - INFO - vulnerability: 1/1 constraints created successfully
2026-02-15 16:36:59,256 - graph_builder.graph_builder - INFO - assetgroup: 1/1 constraints created successfully
2026-02-15 16:36:59,256 - graph_builder.graph_builder - INFO - assetgroup: 1/1 constraints created successfully
2026-02-15 16:36:59,256 - graph_builder.graph_builder - INFO - assetgroup: 1/1 constraints created successfully
2026-02-15 16:36:59,256 - graph_builder.graph_builder - INFO - hardware: 1/1 constraints created successfully
2026-02-15 16:36:59,256 - graph_builder.graph_builder - INFO - hardware: 1/1 constraints created successfully
2026-02-15 16:36:59,256 - graph_builder.graph_builder - INFO - hardware: 1/1 constraints created successfully
2026-02-15 16:36:59,257 - graph_builder.graph_builder - INFO - scanevent: 1/1 constraints created successfully
2026-02-15 16:36:59,257 - graph_builder.graph_builder - INFO - scanevent: 1/1 constraints created successfully
2026-02-15 16:36:59,257 - graph_builder.graph_builder - INFO - scanevent: 1/1 constraints created successfully
2026-02-15 16:36:59,257 - __main__ - INFO - Constraints setup completed successfully
2026-02-15 16:36:59,257 - __main__ - INFO - 
============================================================
2026-02-15 16:36:59,258 - __main__ - INFO - Creating ScanEvent
2026-02-15 16:36:59,258 - __main__ - INFO - ============================================================
2026-02-15 16:37:00,562 - graph_builder.scanevent_manager - INFO - Created ScanEvent: NODE_N1_SCAN_00001_1771152574
2026-02-15 16:37:00,562 - graph_builder.scanevent_manager - INFO - Created ScanEvent: NODE_N1_SCAN_00001_1771152574
2026-02-15 16:37:00,562 - graph_builder.scanevent_manager - INFO - Created ScanEvent: NODE_N1_SCAN_00001_1771152574
2026-02-15 16:37:00,563 - graph_builder.scanevent_manager - INFO -   Description: STANDARD_BASELINE_LOAD
2026-02-15 16:37:00,563 - graph_builder.scanevent_manager - INFO -   Description: STANDARD_BASELINE_LOAD
2026-02-15 16:37:00,563 - graph_builder.scanevent_manager - INFO -   Description: STANDARD_BASELINE_LOAD
2026-02-15 16:37:00,563 - graph_builder.scanevent_manager - INFO -   Time: 2026-02-15T16:19:34.538728
2026-02-15 16:37:00,563 - graph_builder.scanevent_manager - INFO -   Time: 2026-02-15T16:19:34.538728
2026-02-15 16:37:00,563 - graph_builder.scanevent_manager - INFO -   Time: 2026-02-15T16:19:34.538728
2026-02-15 16:37:00,564 - graph_builder.scanevent_manager - INFO -   Status: Created
2026-02-15 16:37:00,564 - graph_builder.scanevent_manager - INFO -   Status: Created
2026-02-15 16:37:00,564 - graph_builder.scanevent_manager - INFO -   Status: Created
2026-02-15 16:37:00,564 - __main__ - INFO - ScanEvent created: NODE_N1_SCAN_00001_1771152574
2026-02-15 16:37:00,565 - __main__ - INFO - ============================================================
2026-02-15 16:37:00,565 - __main__ - INFO - 
Adding event_id (NODE_N1_SCAN_00001_1771152574) to all nodes...
2026-02-15 16:37:00,609 - __main__ - INFO - 
Inserting asset nodes...
2026-02-15 16:37:00,609 - graph_builder.graph_builder - INFO - ============================================================
2026-02-15 16:37:00,609 - graph_builder.graph_builder - INFO - ============================================================
2026-02-15 16:37:00,609 - graph_builder.graph_builder - INFO - ============================================================
2026-02-15 16:37:00,610 - graph_builder.graph_builder - INFO - Inserting ASSET nodes into Neo4j
2026-02-15 16:37:00,610 - graph_builder.graph_builder - INFO - Inserting ASSET nodes into Neo4j
2026-02-15 16:37:00,610 - graph_builder.graph_builder - INFO - Inserting ASSET nodes into Neo4j
2026-02-15 16:37:00,610 - graph_builder.graph_builder - INFO - ============================================================
2026-02-15 16:37:00,610 - graph_builder.graph_builder - INFO - ============================================================
2026-02-15 16:37:00,610 - graph_builder.graph_builder - INFO - ============================================================
2026-02-15 16:37:00,611 - graph_builder.node_inserter - INFO - Loading nodes from: C:\Users\sgade\OneDrive\Desktop\orbit_node\extracted_data\20260215_161934_530\processed\asset_nodes_with_event_id.json
2026-02-15 16:37:00,611 - graph_builder.node_inserter - INFO - Loading nodes from: C:\Users\sgade\OneDrive\Desktop\orbit_node\extracted_data\20260215_161934_530\processed\asset_nodes_with_event_id.json
2026-02-15 16:37:00,611 - graph_builder.node_inserter - INFO - Loading nodes from: C:\Users\sgade\OneDrive\Desktop\orbit_node\extracted_data\20260215_161934_530\processed\asset_nodes_with_event_id.json
2026-02-15 16:37:00,612 - graph_builder.node_inserter - INFO - Loaded 5 nodes from JSON file
2026-02-15 16:37:00,612 - graph_builder.node_inserter - INFO - Loaded 5 nodes from JSON file
2026-02-15 16:37:00,612 - graph_builder.node_inserter - INFO - Loaded 5 nodes from JSON file
2026-02-15 16:37:00,695 - graph_builder.graph_builder - INFO - Existing NJS_Asset nodes in database: 0
2026-02-15 16:37:00,695 - graph_builder.graph_builder - INFO - Existing NJS_Asset nodes in database: 0
2026-02-15 16:37:00,695 - graph_builder.graph_builder - INFO - Existing NJS_Asset nodes in database: 0
2026-02-15 16:37:00,696 - graph_builder.node_inserter - INFO - Inserting 5 NJS_Asset nodes in batches of 100
2026-02-15 16:37:00,696 - graph_builder.node_inserter - INFO - Inserting 5 NJS_Asset nodes in batches of 100
2026-02-15 16:37:00,696 - graph_builder.node_inserter - INFO - Inserting 5 NJS_Asset nodes in batches of 100
2026-02-15 16:37:00,697 - graph_builder.node_inserter - INFO - Processing batch 1/1 (5 nodes)
2026-02-15 16:37:00,697 - graph_builder.node_inserter - INFO - Processing batch 1/1 (5 nodes)
2026-02-15 16:37:00,697 - graph_builder.node_inserter - INFO - Processing batch 1/1 (5 nodes)
2026-02-15 16:37:01,022 - graph_builder.node_inserter - INFO - Batch insertion complete: 5 succeeded, 0 failed
2026-02-15 16:37:01,022 - graph_builder.node_inserter - INFO - Batch insertion complete: 5 succeeded, 0 failed
2026-02-15 16:37:01,022 - graph_builder.node_inserter - INFO - Batch insertion complete: 5 succeeded, 0 failed
2026-02-15 16:37:01,030 - graph_builder.graph_builder - INFO - Total NJS_Asset nodes in database after insertion: 5
2026-02-15 16:37:01,030 - graph_builder.graph_builder - INFO - Total NJS_Asset nodes in database after insertion: 5
2026-02-15 16:37:01,030 - graph_builder.graph_builder - INFO - Total NJS_Asset nodes in database after insertion: 5
2026-02-15 16:37:01,031 - __main__ - INFO - 
Inserting host nodes...
2026-02-15 16:37:01,031 - graph_builder.graph_builder - INFO - ============================================================
2026-02-15 16:37:01,031 - graph_builder.graph_builder - INFO - ============================================================
2026-02-15 16:37:01,031 - graph_builder.graph_builder - INFO - ============================================================
2026-02-15 16:37:01,032 - graph_builder.graph_builder - INFO - Inserting HOST nodes into Neo4j
2026-02-15 16:37:01,032 - graph_builder.graph_builder - INFO - Inserting HOST nodes into Neo4j
2026-02-15 16:37:01,032 - graph_builder.graph_builder - INFO - Inserting HOST nodes into Neo4j
2026-02-15 16:37:01,032 - graph_builder.graph_builder - INFO - ============================================================
2026-02-15 16:37:01,032 - graph_builder.graph_builder - INFO - ============================================================
2026-02-15 16:37:01,032 - graph_builder.graph_builder - INFO - ============================================================
2026-02-15 16:37:01,033 - graph_builder.node_inserter - INFO - Loading nodes from: C:\Users\sgade\OneDrive\Desktop\orbit_node\extracted_data\20260215_161934_530\processed\host_nodes_with_event_id.json
2026-02-15 16:37:01,033 - graph_builder.node_inserter - INFO - Loading nodes from: C:\Users\sgade\OneDrive\Desktop\orbit_node\extracted_data\20260215_161934_530\processed\host_nodes_with_event_id.json
2026-02-15 16:37:01,033 - graph_builder.node_inserter - INFO - Loading nodes from: C:\Users\sgade\OneDrive\Desktop\orbit_node\extracted_data\20260215_161934_530\processed\host_nodes_with_event_id.json
2026-02-15 16:37:01,033 - graph_builder.node_inserter - INFO - Loaded 5 nodes from JSON file
2026-02-15 16:37:01,033 - graph_builder.node_inserter - INFO - Loaded 5 nodes from JSON file
2026-02-15 16:37:01,033 - graph_builder.node_inserter - INFO - Loaded 5 nodes from JSON file
2026-02-15 16:37:01,101 - graph_builder.graph_builder - INFO - Existing NJS_Host nodes in database: 0
2026-02-15 16:37:01,101 - graph_builder.graph_builder - INFO - Existing NJS_Host nodes in database: 0
2026-02-15 16:37:01,101 - graph_builder.graph_builder - INFO - Existing NJS_Host nodes in database: 0
2026-02-15 16:37:01,102 - graph_builder.node_inserter - INFO - Inserting 5 NJS_Host nodes in batches of 100
2026-02-15 16:37:01,102 - graph_builder.node_inserter - INFO - Inserting 5 NJS_Host nodes in batches of 100
2026-02-15 16:37:01,102 - graph_builder.node_inserter - INFO - Inserting 5 NJS_Host nodes in batches of 100
2026-02-15 16:37:01,102 - graph_builder.node_inserter - INFO - Processing batch 1/1 (5 nodes)
2026-02-15 16:37:01,102 - graph_builder.node_inserter - INFO - Processing batch 1/1 (5 nodes)
2026-02-15 16:37:01,102 - graph_builder.node_inserter - INFO - Processing batch 1/1 (5 nodes)
2026-02-15 16:37:01,564 - graph_builder.node_inserter - INFO - Batch insertion complete: 5 succeeded, 0 failed
2026-02-15 16:37:01,564 - graph_builder.node_inserter - INFO - Batch insertion complete: 5 succeeded, 0 failed
2026-02-15 16:37:01,564 - graph_builder.node_inserter - INFO - Batch insertion complete: 5 succeeded, 0 failed
2026-02-15 16:37:01,574 - graph_builder.graph_builder - INFO - Total NJS_Host nodes in database after insertion: 5
2026-02-15 16:37:01,574 - graph_builder.graph_builder - INFO - Total NJS_Host nodes in database after insertion: 5
2026-02-15 16:37:01,574 - graph_builder.graph_builder - INFO - Total NJS_Host nodes in database after insertion: 5
2026-02-15 16:37:01,575 - __main__ - INFO - 
Inserting software nodes...
2026-02-15 16:37:01,575 - graph_builder.graph_builder - INFO - ============================================================
2026-02-15 16:37:01,575 - graph_builder.graph_builder - INFO - ============================================================
2026-02-15 16:37:01,575 - graph_builder.graph_builder - INFO - ============================================================
2026-02-15 16:37:01,576 - graph_builder.graph_builder - INFO - Inserting SOFTWARE nodes into Neo4j
2026-02-15 16:37:01,576 - graph_builder.graph_builder - INFO - Inserting SOFTWARE nodes into Neo4j
2026-02-15 16:37:01,576 - graph_builder.graph_builder - INFO - Inserting SOFTWARE nodes into Neo4j
2026-02-15 16:37:01,576 - graph_builder.graph_builder - INFO - ============================================================
2026-02-15 16:37:01,576 - graph_builder.graph_builder - INFO - ============================================================
2026-02-15 16:37:01,576 - graph_builder.graph_builder - INFO - ============================================================
2026-02-15 16:37:01,577 - graph_builder.node_inserter - INFO - Loading nodes from: C:\Users\sgade\OneDrive\Desktop\orbit_node\extracted_data\20260215_161934_530\processed\software_nodes_with_event_id.json
2026-02-15 16:37:01,577 - graph_builder.node_inserter - INFO - Loading nodes from: C:\Users\sgade\OneDrive\Desktop\orbit_node\extracted_data\20260215_161934_530\processed\software_nodes_with_event_id.json
2026-02-15 16:37:01,577 - graph_builder.node_inserter - INFO - Loading nodes from: C:\Users\sgade\OneDrive\Desktop\orbit_node\extracted_data\20260215_161934_530\processed\software_nodes_with_event_id.json
2026-02-15 16:37:01,581 - graph_builder.node_inserter - INFO - Loaded 726 nodes from JSON file
2026-02-15 16:37:01,581 - graph_builder.node_inserter - INFO - Loaded 726 nodes from JSON file
2026-02-15 16:37:01,581 - graph_builder.node_inserter - INFO - Loaded 726 nodes from JSON file
2026-02-15 16:37:01,645 - graph_builder.graph_builder - INFO - Existing NJS_Software nodes in database: 0
2026-02-15 16:37:01,645 - graph_builder.graph_builder - INFO - Existing NJS_Software nodes in database: 0
2026-02-15 16:37:01,645 - graph_builder.graph_builder - INFO - Existing NJS_Software nodes in database: 0
2026-02-15 16:37:01,646 - graph_builder.node_inserter - INFO - Inserting 726 NJS_Software nodes in batches of 100
2026-02-15 16:37:01,646 - graph_builder.node_inserter - INFO - Inserting 726 NJS_Software nodes in batches of 100
2026-02-15 16:37:01,646 - graph_builder.node_inserter - INFO - Inserting 726 NJS_Software nodes in batches of 100
2026-02-15 16:37:01,647 - graph_builder.node_inserter - INFO - Processing batch 1/8 (100 nodes)
2026-02-15 16:37:01,647 - graph_builder.node_inserter - INFO - Processing batch 1/8 (100 nodes)
2026-02-15 16:37:01,647 - graph_builder.node_inserter - INFO - Processing batch 1/8 (100 nodes)
2026-02-15 16:37:03,309 - graph_builder.node_inserter - INFO - Processing batch 2/8 (100 nodes)
2026-02-15 16:37:03,309 - graph_builder.node_inserter - INFO - Processing batch 2/8 (100 nodes)
2026-02-15 16:37:03,309 - graph_builder.node_inserter - INFO - Processing batch 2/8 (100 nodes)
2026-02-15 16:37:04,992 - graph_builder.node_inserter - INFO - Processing batch 3/8 (100 nodes)
2026-02-15 16:37:04,992 - graph_builder.node_inserter - INFO - Processing batch 3/8 (100 nodes)
2026-02-15 16:37:04,992 - graph_builder.node_inserter - INFO - Processing batch 3/8 (100 nodes)
2026-02-15 16:37:06,056 - graph_builder.node_inserter - INFO - Processing batch 4/8 (100 nodes)
2026-02-15 16:37:06,056 - graph_builder.node_inserter - INFO - Processing batch 4/8 (100 nodes)
2026-02-15 16:37:06,056 - graph_builder.node_inserter - INFO - Processing batch 4/8 (100 nodes)
2026-02-15 16:37:06,891 - graph_builder.node_inserter - INFO - Processing batch 5/8 (100 nodes)
2026-02-15 16:37:06,891 - graph_builder.node_inserter - INFO - Processing batch 5/8 (100 nodes)
2026-02-15 16:37:06,891 - graph_builder.node_inserter - INFO - Processing batch 5/8 (100 nodes)
2026-02-15 16:37:07,575 - graph_builder.node_inserter - INFO - Processing batch 6/8 (100 nodes)
2026-02-15 16:37:07,575 - graph_builder.node_inserter - INFO - Processing batch 6/8 (100 nodes)
2026-02-15 16:37:07,575 - graph_builder.node_inserter - INFO - Processing batch 6/8 (100 nodes)
2026-02-15 16:37:08,265 - graph_builder.node_inserter - INFO - Processing batch 7/8 (100 nodes)
2026-02-15 16:37:08,265 - graph_builder.node_inserter - INFO - Processing batch 7/8 (100 nodes)
2026-02-15 16:37:08,265 - graph_builder.node_inserter - INFO - Processing batch 7/8 (100 nodes)
2026-02-15 16:37:08,894 - graph_builder.node_inserter - INFO - Processing batch 8/8 (26 nodes)
2026-02-15 16:37:08,894 - graph_builder.node_inserter - INFO - Processing batch 8/8 (26 nodes)
2026-02-15 16:37:08,894 - graph_builder.node_inserter - INFO - Processing batch 8/8 (26 nodes)
2026-02-15 16:37:09,055 - graph_builder.node_inserter - INFO - Batch insertion complete: 726 succeeded, 0 failed
2026-02-15 16:37:09,055 - graph_builder.node_inserter - INFO - Batch insertion complete: 726 succeeded, 0 failed
2026-02-15 16:37:09,055 - graph_builder.node_inserter - INFO - Batch insertion complete: 726 succeeded, 0 failed
2026-02-15 16:37:09,059 - graph_builder.graph_builder - INFO - Total NJS_Software nodes in database after insertion: 583
2026-02-15 16:37:09,059 - graph_builder.graph_builder - INFO - Total NJS_Software nodes in database after insertion: 583
2026-02-15 16:37:09,059 - graph_builder.graph_builder - INFO - Total NJS_Software nodes in database after insertion: 583
2026-02-15 16:37:09,059 - __main__ - INFO - 
Inserting vulnerability nodes...
2026-02-15 16:37:09,060 - graph_builder.graph_builder - INFO - ============================================================
2026-02-15 16:37:09,060 - graph_builder.graph_builder - INFO - ============================================================
2026-02-15 16:37:09,060 - graph_builder.graph_builder - INFO - ============================================================
2026-02-15 16:37:09,060 - graph_builder.graph_builder - INFO - Inserting VULNERABILITY nodes into Neo4j
2026-02-15 16:37:09,060 - graph_builder.graph_builder - INFO - Inserting VULNERABILITY nodes into Neo4j
2026-02-15 16:37:09,060 - graph_builder.graph_builder - INFO - Inserting VULNERABILITY nodes into Neo4j
2026-02-15 16:37:09,060 - graph_builder.graph_builder - INFO - ============================================================
2026-02-15 16:37:09,060 - graph_builder.graph_builder - INFO - ============================================================
2026-02-15 16:37:09,060 - graph_builder.graph_builder - INFO - ============================================================
2026-02-15 16:37:09,061 - graph_builder.node_inserter - INFO - Loading nodes from: C:\Users\sgade\OneDrive\Desktop\orbit_node\extracted_data\20260215_161934_530\processed\vulnerability_nodes_with_event_id.json
2026-02-15 16:37:09,061 - graph_builder.node_inserter - INFO - Loading nodes from: C:\Users\sgade\OneDrive\Desktop\orbit_node\extracted_data\20260215_161934_530\processed\vulnerability_nodes_with_event_id.json
2026-02-15 16:37:09,061 - graph_builder.node_inserter - INFO - Loading nodes from: C:\Users\sgade\OneDrive\Desktop\orbit_node\extracted_data\20260215_161934_530\processed\vulnerability_nodes_with_event_id.json
2026-02-15 16:37:09,062 - graph_builder.node_inserter - INFO - Loaded 53 nodes from JSON file
2026-02-15 16:37:09,062 - graph_builder.node_inserter - INFO - Loaded 53 nodes from JSON file
2026-02-15 16:37:09,062 - graph_builder.node_inserter - INFO - Loaded 53 nodes from JSON file
2026-02-15 16:37:09,118 - graph_builder.graph_builder - INFO - Existing NJS_Vulnerability nodes in database: 0
2026-02-15 16:37:09,118 - graph_builder.graph_builder - INFO - Existing NJS_Vulnerability nodes in database: 0
2026-02-15 16:37:09,118 - graph_builder.graph_builder - INFO - Existing NJS_Vulnerability nodes in database: 0
2026-02-15 16:37:09,119 - graph_builder.node_inserter - INFO - Inserting 53 NJS_Vulnerability nodes in batches of 100
2026-02-15 16:37:09,119 - graph_builder.node_inserter - INFO - Inserting 53 NJS_Vulnerability nodes in batches of 100
2026-02-15 16:37:09,119 - graph_builder.node_inserter - INFO - Inserting 53 NJS_Vulnerability nodes in batches of 100
2026-02-15 16:37:09,119 - graph_builder.node_inserter - INFO - Processing batch 1/1 (53 nodes)
2026-02-15 16:37:09,119 - graph_builder.node_inserter - INFO - Processing batch 1/1 (53 nodes)
2026-02-15 16:37:09,119 - graph_builder.node_inserter - INFO - Processing batch 1/1 (53 nodes)
2026-02-15 16:37:09,786 - graph_builder.node_inserter - INFO - Batch insertion complete: 53 succeeded, 0 failed
2026-02-15 16:37:09,786 - graph_builder.node_inserter - INFO - Batch insertion complete: 53 succeeded, 0 failed
2026-02-15 16:37:09,786 - graph_builder.node_inserter - INFO - Batch insertion complete: 53 succeeded, 0 failed
2026-02-15 16:37:09,790 - graph_builder.graph_builder - INFO - Total NJS_Vulnerability nodes in database after insertion: 40
2026-02-15 16:37:09,790 - graph_builder.graph_builder - INFO - Total NJS_Vulnerability nodes in database after insertion: 40
2026-02-15 16:37:09,790 - graph_builder.graph_builder - INFO - Total NJS_Vulnerability nodes in database after insertion: 40
2026-02-15 16:37:09,790 - __main__ - INFO - 
Inserting assetgroup nodes...
2026-02-15 16:37:09,791 - graph_builder.graph_builder - INFO - ============================================================
2026-02-15 16:37:09,791 - graph_builder.graph_builder - INFO - ============================================================
2026-02-15 16:37:09,791 - graph_builder.graph_builder - INFO - ============================================================
2026-02-15 16:37:09,791 - graph_builder.graph_builder - INFO - Inserting ASSETGROUP nodes into Neo4j
2026-02-15 16:37:09,791 - graph_builder.graph_builder - INFO - Inserting ASSETGROUP nodes into Neo4j
2026-02-15 16:37:09,791 - graph_builder.graph_builder - INFO - Inserting ASSETGROUP nodes into Neo4j
2026-02-15 16:37:09,792 - graph_builder.graph_builder - INFO - ============================================================
2026-02-15 16:37:09,792 - graph_builder.graph_builder - INFO - ============================================================
2026-02-15 16:37:09,792 - graph_builder.graph_builder - INFO - ============================================================
2026-02-15 16:37:09,793 - graph_builder.node_inserter - INFO - Loading nodes from: C:\Users\sgade\OneDrive\Desktop\orbit_node\extracted_data\20260215_161934_530\processed\assetgroup_nodes_with_event_id.json
2026-02-15 16:37:09,793 - graph_builder.node_inserter - INFO - Loading nodes from: C:\Users\sgade\OneDrive\Desktop\orbit_node\extracted_data\20260215_161934_530\processed\assetgroup_nodes_with_event_id.json
2026-02-15 16:37:09,793 - graph_builder.node_inserter - INFO - Loading nodes from: C:\Users\sgade\OneDrive\Desktop\orbit_node\extracted_data\20260215_161934_530\processed\assetgroup_nodes_with_event_id.json
2026-02-15 16:37:09,793 - graph_builder.node_inserter - INFO - Loaded 1 nodes from JSON file
2026-02-15 16:37:09,793 - graph_builder.node_inserter - INFO - Loaded 1 nodes from JSON file
2026-02-15 16:37:09,793 - graph_builder.node_inserter - INFO - Loaded 1 nodes from JSON file
2026-02-15 16:37:09,838 - graph_builder.graph_builder - INFO - Existing NJS_AssetGroup nodes in database: 0
2026-02-15 16:37:09,838 - graph_builder.graph_builder - INFO - Existing NJS_AssetGroup nodes in database: 0
2026-02-15 16:37:09,838 - graph_builder.graph_builder - INFO - Existing NJS_AssetGroup nodes in database: 0
2026-02-15 16:37:09,838 - graph_builder.node_inserter - INFO - Inserting 1 NJS_AssetGroup nodes in batches of 100
2026-02-15 16:37:09,838 - graph_builder.node_inserter - INFO - Inserting 1 NJS_AssetGroup nodes in batches of 100
2026-02-15 16:37:09,838 - graph_builder.node_inserter - INFO - Inserting 1 NJS_AssetGroup nodes in batches of 100
2026-02-15 16:37:09,839 - graph_builder.node_inserter - INFO - Processing batch 1/1 (1 nodes)
2026-02-15 16:37:09,839 - graph_builder.node_inserter - INFO - Processing batch 1/1 (1 nodes)
2026-02-15 16:37:09,839 - graph_builder.node_inserter - INFO - Processing batch 1/1 (1 nodes)
2026-02-15 16:37:09,900 - graph_builder.node_inserter - INFO - Batch insertion complete: 1 succeeded, 0 failed
2026-02-15 16:37:09,900 - graph_builder.node_inserter - INFO - Batch insertion complete: 1 succeeded, 0 failed
2026-02-15 16:37:09,900 - graph_builder.node_inserter - INFO - Batch insertion complete: 1 succeeded, 0 failed
2026-02-15 16:37:09,903 - graph_builder.graph_builder - INFO - Total NJS_AssetGroup nodes in database after insertion: 1
2026-02-15 16:37:09,903 - graph_builder.graph_builder - INFO - Total NJS_AssetGroup nodes in database after insertion: 1
2026-02-15 16:37:09,903 - graph_builder.graph_builder - INFO - Total NJS_AssetGroup nodes in database after insertion: 1
2026-02-15 16:37:09,904 - __main__ - INFO - 
Inserting hardware nodes...
2026-02-15 16:37:09,904 - graph_builder.graph_builder - INFO - ============================================================
2026-02-15 16:37:09,904 - graph_builder.graph_builder - INFO - ============================================================
2026-02-15 16:37:09,904 - graph_builder.graph_builder - INFO - ============================================================
2026-02-15 16:37:09,904 - graph_builder.graph_builder - INFO - Inserting HARDWARE nodes into Neo4j
2026-02-15 16:37:09,904 - graph_builder.graph_builder - INFO - Inserting HARDWARE nodes into Neo4j
2026-02-15 16:37:09,904 - graph_builder.graph_builder - INFO - Inserting HARDWARE nodes into Neo4j
2026-02-15 16:37:09,905 - graph_builder.graph_builder - INFO - ============================================================
2026-02-15 16:37:09,905 - graph_builder.graph_builder - INFO - ============================================================
2026-02-15 16:37:09,905 - graph_builder.graph_builder - INFO - ============================================================
2026-02-15 16:37:09,905 - graph_builder.node_inserter - INFO - Loading nodes from: C:\Users\sgade\OneDrive\Desktop\orbit_node\extracted_data\20260215_161934_530\processed\hardware_nodes_with_event_id.json
2026-02-15 16:37:09,905 - graph_builder.node_inserter - INFO - Loading nodes from: C:\Users\sgade\OneDrive\Desktop\orbit_node\extracted_data\20260215_161934_530\processed\hardware_nodes_with_event_id.json
2026-02-15 16:37:09,905 - graph_builder.node_inserter - INFO - Loading nodes from: C:\Users\sgade\OneDrive\Desktop\orbit_node\extracted_data\20260215_161934_530\processed\hardware_nodes_with_event_id.json
2026-02-15 16:37:09,906 - graph_builder.node_inserter - INFO - Loaded 5 nodes from JSON file
2026-02-15 16:37:09,906 - graph_builder.node_inserter - INFO - Loaded 5 nodes from JSON file
2026-02-15 16:37:09,906 - graph_builder.node_inserter - INFO - Loaded 5 nodes from JSON file
2026-02-15 16:37:09,946 - graph_builder.graph_builder - INFO - Existing NJS_Hardware nodes in database: 0
2026-02-15 16:37:09,946 - graph_builder.graph_builder - INFO - Existing NJS_Hardware nodes in database: 0
2026-02-15 16:37:09,946 - graph_builder.graph_builder - INFO - Existing NJS_Hardware nodes in database: 0
2026-02-15 16:37:09,947 - graph_builder.node_inserter - INFO - Inserting 5 NJS_Hardware nodes in batches of 100
2026-02-15 16:37:09,947 - graph_builder.node_inserter - INFO - Inserting 5 NJS_Hardware nodes in batches of 100
2026-02-15 16:37:09,947 - graph_builder.node_inserter - INFO - Inserting 5 NJS_Hardware nodes in batches of 100
2026-02-15 16:37:09,947 - graph_builder.node_inserter - INFO - Processing batch 1/1 (5 nodes)
2026-02-15 16:37:09,947 - graph_builder.node_inserter - INFO - Processing batch 1/1 (5 nodes)
2026-02-15 16:37:09,947 - graph_builder.node_inserter - INFO - Processing batch 1/1 (5 nodes)
2026-02-15 16:37:10,129 - graph_builder.node_inserter - INFO - Batch insertion complete: 5 succeeded, 0 failed
2026-02-15 16:37:10,129 - graph_builder.node_inserter - INFO - Batch insertion complete: 5 succeeded, 0 failed
2026-02-15 16:37:10,129 - graph_builder.node_inserter - INFO - Batch insertion complete: 5 succeeded, 0 failed
2026-02-15 16:37:10,134 - graph_builder.graph_builder - INFO - Total NJS_Hardware nodes in database after insertion: 5
2026-02-15 16:37:10,134 - graph_builder.graph_builder - INFO - Total NJS_Hardware nodes in database after insertion: 5
2026-02-15 16:37:10,134 - graph_builder.graph_builder - INFO - Total NJS_Hardware nodes in database after insertion: 5
2026-02-15 16:37:10,134 - __main__ - INFO - 
============================================================
2026-02-15 16:37:10,135 - __main__ - INFO - CREATING RELATIONSHIPS
2026-02-15 16:37:10,135 - __main__ - INFO - ============================================================
2026-02-15 16:37:10,135 - __main__ - INFO - Starting relationship creation process...
2026-02-15 16:37:10,136 - graph_builder.graph_builder - INFO - ============================================================
2026-02-15 16:37:10,136 - graph_builder.graph_builder - INFO - ============================================================
2026-02-15 16:37:10,136 - graph_builder.graph_builder - INFO - ============================================================
2026-02-15 16:37:10,136 - graph_builder.graph_builder - INFO - Creating Relationships
2026-02-15 16:37:10,136 - graph_builder.graph_builder - INFO - Creating Relationships
2026-02-15 16:37:10,136 - graph_builder.graph_builder - INFO - Creating Relationships
2026-02-15 16:37:10,137 - graph_builder.graph_builder - INFO - ============================================================
2026-02-15 16:37:10,137 - graph_builder.graph_builder - INFO - ============================================================
2026-02-15 16:37:10,137 - graph_builder.graph_builder - INFO - ============================================================
2026-02-15 16:37:10,137 - graph_builder.relationship_manager - INFO - ============================================================
2026-02-15 16:37:10,137 - graph_builder.relationship_manager - INFO - ============================================================
2026-02-15 16:37:10,137 - graph_builder.relationship_manager - INFO - ============================================================
2026-02-15 16:37:10,137 - graph_builder.relationship_manager - INFO - Starting relationship creation from config
2026-02-15 16:37:10,137 - graph_builder.relationship_manager - INFO - Starting relationship creation from config
2026-02-15 16:37:10,137 - graph_builder.relationship_manager - INFO - Starting relationship creation from config
2026-02-15 16:37:10,138 - graph_builder.relationship_manager - INFO - ============================================================
2026-02-15 16:37:10,138 - graph_builder.relationship_manager - INFO - ============================================================
2026-02-15 16:37:10,138 - graph_builder.relationship_manager - INFO - ============================================================
2026-02-15 16:37:10,138 - graph_builder.relationship_manager - INFO - Found 13 relationship definitions in config
2026-02-15 16:37:10,138 - graph_builder.relationship_manager - INFO - Found 13 relationship definitions in config
2026-02-15 16:37:10,138 - graph_builder.relationship_manager - INFO - Found 13 relationship definitions in config
2026-02-15 16:37:10,139 - graph_builder.relationship_manager - INFO - Creating relationship 'asset_to_host': NJS_Asset-[:NJS_HAS_OS]->NJS_Host
2026-02-15 16:37:10,139 - graph_builder.relationship_manager - INFO - Creating relationship 'asset_to_host': NJS_Asset-[:NJS_HAS_OS]->NJS_Host
2026-02-15 16:37:10,139 - graph_builder.relationship_manager - INFO - Creating relationship 'asset_to_host': NJS_Asset-[:NJS_HAS_OS]->NJS_Host
2026-02-15 16:37:10,139 - graph_builder.relationship_manager - INFO - Querying NJS_Asset nodes for asset_id values...
2026-02-15 16:37:10,139 - graph_builder.relationship_manager - INFO - Querying NJS_Asset nodes for asset_id values...
2026-02-15 16:37:10,139 - graph_builder.relationship_manager - INFO - Querying NJS_Asset nodes for asset_id values...
2026-02-15 16:37:10,221 - graph_builder.relationship_manager - INFO - Found 5 asset_id values from NJS_Asset nodes
2026-02-15 16:37:10,221 - graph_builder.relationship_manager - INFO - Found 5 asset_id values from NJS_Asset nodes
2026-02-15 16:37:10,221 - graph_builder.relationship_manager - INFO - Found 5 asset_id values from NJS_Asset nodes
2026-02-15 16:37:10,222 - graph_builder.relationship_manager - INFO - Loading source data from: C:\Users\sgade\OneDrive\Desktop\orbit_node\collected_data\20260210_201344\host
2026-02-15 16:37:10,222 - graph_builder.relationship_manager - INFO - Loading source data from: C:\Users\sgade\OneDrive\Desktop\orbit_node\collected_data\20260210_201344\host
2026-02-15 16:37:10,222 - graph_builder.relationship_manager - INFO - Loading source data from: C:\Users\sgade\OneDrive\Desktop\orbit_node\collected_data\20260210_201344\host
2026-02-15 16:37:10,222 - graph_builder.relationship_manager - INFO - Source file pattern: Syscollector_OS_Info_{agent_id}.json
2026-02-15 16:37:10,222 - graph_builder.relationship_manager - INFO - Source file pattern: Syscollector_OS_Info_{agent_id}.json
2026-02-15 16:37:10,222 - graph_builder.relationship_manager - INFO - Source file pattern: Syscollector_OS_Info_{agent_id}.json
2026-02-15 16:37:10,222 - graph_builder.relationship_manager - INFO - Agent IDs: ['000', '001', '002', '003', '004']
2026-02-15 16:37:10,222 - graph_builder.relationship_manager - INFO - Agent IDs: ['000', '001', '002', '003', '004']
2026-02-15 16:37:10,222 - graph_builder.relationship_manager - INFO - Agent IDs: ['000', '001', '002', '003', '004']
2026-02-15 16:37:10,226 - graph_builder.relationship_manager - INFO - Loaded 5 items from source data
2026-02-15 16:37:10,226 - graph_builder.relationship_manager - INFO - Loaded 5 items from source data
2026-02-15 16:37:10,226 - graph_builder.relationship_manager - INFO - Loaded 5 items from source data
2026-02-15 16:37:10,227 - graph_builder.relationship_manager - INFO - Sample source item keys: ['os', 'scan', 'architecture', 'release', 'sysname', 'hostname', 'version', 'agent_id', '_agent_id']
2026-02-15 16:37:10,227 - graph_builder.relationship_manager - INFO - Sample source item keys: ['os', 'scan', 'architecture', 'release', 'sysname', 'hostname', 'version', 'agent_id', '_agent_id']
2026-02-15 16:37:10,227 - graph_builder.relationship_manager - INFO - Sample source item keys: ['os', 'scan', 'architecture', 'release', 'sysname', 'hostname', 'version', 'agent_id', '_agent_id']
2026-02-15 16:37:10,227 - graph_builder.relationship_manager - INFO - Prepared 5 relationships to create from source data
2026-02-15 16:37:10,227 - graph_builder.relationship_manager - INFO - Prepared 5 relationships to create from source data
2026-02-15 16:37:10,227 - graph_builder.relationship_manager - INFO - Prepared 5 relationships to create from source data
2026-02-15 16:37:10,228 - graph_builder.relationship_manager - INFO - Creating 5 relationships using source data
2026-02-15 16:37:10,228 - graph_builder.relationship_manager - INFO - Creating 5 relationships using source data
2026-02-15 16:37:10,228 - graph_builder.relationship_manager - INFO - Creating 5 relationships using source data
2026-02-15 16:37:10,228 - graph_builder.relationship_manager - INFO - Executing relationship creation query
2026-02-15 16:37:10,228 - graph_builder.relationship_manager - INFO - Executing relationship creation query
2026-02-15 16:37:10,228 - graph_builder.relationship_manager - INFO - Executing relationship creation query
2026-02-15 16:37:10,575 - graph_builder.relationship_manager - INFO - Query result: [{'count': 11}]
2026-02-15 16:37:10,575 - graph_builder.relationship_manager - INFO - Query result: [{'count': 11}]
2026-02-15 16:37:10,575 - graph_builder.relationship_manager - INFO - Query result: [{'count': 11}]
2026-02-15 16:37:10,575 - graph_builder.relationship_manager - INFO - Created 11 NJS_HAS_OS relationships from NJS_Asset to NJS_Host using source data
2026-02-15 16:37:10,575 - graph_builder.relationship_manager - INFO - Created 11 NJS_HAS_OS relationships from NJS_Asset to NJS_Host using source data
2026-02-15 16:37:10,575 - graph_builder.relationship_manager - INFO - Created 11 NJS_HAS_OS relationships from NJS_Asset to NJS_Host using source data
2026-02-15 16:37:10,576 - graph_builder.relationship_manager - INFO - Relationship 'asset_to_host' result: {'success': 11, 'failed': 0, 'total': 11}
2026-02-15 16:37:10,576 - graph_builder.relationship_manager - INFO - Relationship 'asset_to_host' result: {'success': 11, 'failed': 0, 'total': 11}
2026-02-15 16:37:10,576 - graph_builder.relationship_manager - INFO - Relationship 'asset_to_host' result: {'success': 11, 'failed': 0, 'total': 11}
2026-02-15 16:37:10,576 - graph_builder.relationship_manager - INFO - Creating relationship 'host_to_software': NJS_Host-[:NJS_INSTALLED_ON]->NJS_Software
2026-02-15 16:37:10,576 - graph_builder.relationship_manager - INFO - Creating relationship 'host_to_software': NJS_Host-[:NJS_INSTALLED_ON]->NJS_Software
2026-02-15 16:37:10,576 - graph_builder.relationship_manager - INFO - Creating relationship 'host_to_software': NJS_Host-[:NJS_INSTALLED_ON]->NJS_Software
2026-02-15 16:37:10,576 - graph_builder.relationship_manager - INFO - Querying NJS_Host nodes for agent_id values...
2026-02-15 16:37:10,576 - graph_builder.relationship_manager - INFO - Querying NJS_Host nodes for agent_id values...
2026-02-15 16:37:10,576 - graph_builder.relationship_manager - INFO - Querying NJS_Host nodes for agent_id values...
2026-02-15 16:37:10,623 - graph_builder.relationship_manager - INFO - Found 5 agent_id values from NJS_Host nodes
2026-02-15 16:37:10,623 - graph_builder.relationship_manager - INFO - Found 5 agent_id values from NJS_Host nodes
2026-02-15 16:37:10,623 - graph_builder.relationship_manager - INFO - Found 5 agent_id values from NJS_Host nodes
2026-02-15 16:37:10,624 - graph_builder.relationship_manager - INFO - Loading source data from: C:\Users\sgade\OneDrive\Desktop\orbit_node\collected_data\20260210_201344\packages
2026-02-15 16:37:10,624 - graph_builder.relationship_manager - INFO - Loading source data from: C:\Users\sgade\OneDrive\Desktop\orbit_node\collected_data\20260210_201344\packages
2026-02-15 16:37:10,624 - graph_builder.relationship_manager - INFO - Loading source data from: C:\Users\sgade\OneDrive\Desktop\orbit_node\collected_data\20260210_201344\packages
2026-02-15 16:37:10,625 - graph_builder.relationship_manager - INFO - Source file pattern: Syscollector_Packages_{agent_id}.json
2026-02-15 16:37:10,625 - graph_builder.relationship_manager - INFO - Source file pattern: Syscollector_Packages_{agent_id}.json
2026-02-15 16:37:10,625 - graph_builder.relationship_manager - INFO - Source file pattern: Syscollector_Packages_{agent_id}.json
2026-02-15 16:37:10,625 - graph_builder.relationship_manager - INFO - Agent IDs: ['000', '001', '002', '003', '004']
2026-02-15 16:37:10,625 - graph_builder.relationship_manager - INFO - Agent IDs: ['000', '001', '002', '003', '004']
2026-02-15 16:37:10,625 - graph_builder.relationship_manager - INFO - Agent IDs: ['000', '001', '002', '003', '004']
2026-02-15 16:37:10,639 - graph_builder.relationship_manager - INFO - Loaded 726 items from source data
2026-02-15 16:37:10,639 - graph_builder.relationship_manager - INFO - Loaded 726 items from source data
2026-02-15 16:37:10,639 - graph_builder.relationship_manager - INFO - Loaded 726 items from source data
2026-02-15 16:37:10,639 - graph_builder.relationship_manager - INFO - Sample source item keys: ['scan', 'name', 'vendor', 'location', 'source', 'format', 'section', 'size', 'description', 'install_time']
2026-02-15 16:37:10,639 - graph_builder.relationship_manager - INFO - Sample source item keys: ['scan', 'name', 'vendor', 'location', 'source', 'format', 'section', 'size', 'description', 'install_time']
2026-02-15 16:37:10,639 - graph_builder.relationship_manager - INFO - Sample source item keys: ['scan', 'name', 'vendor', 'location', 'source', 'format', 'section', 'size', 'description', 'install_time']
2026-02-15 16:37:10,641 - graph_builder.relationship_manager - INFO - Prepared 726 relationships to create from source data
2026-02-15 16:37:10,641 - graph_builder.relationship_manager - INFO - Prepared 726 relationships to create from source data
2026-02-15 16:37:10,641 - graph_builder.relationship_manager - INFO - Prepared 726 relationships to create from source data
2026-02-15 16:37:10,641 - graph_builder.relationship_manager - INFO - Creating 726 relationships using source data
2026-02-15 16:37:10,641 - graph_builder.relationship_manager - INFO - Creating 726 relationships using source data
2026-02-15 16:37:10,641 - graph_builder.relationship_manager - INFO - Creating 726 relationships using source data
2026-02-15 16:37:10,642 - graph_builder.relationship_manager - INFO - Executing relationship creation query
2026-02-15 16:37:10,642 - graph_builder.relationship_manager - INFO - Executing relationship creation query
2026-02-15 16:37:10,642 - graph_builder.relationship_manager - INFO - Executing relationship creation query
2026-02-15 16:37:11,443 - graph_builder.relationship_manager - INFO - Query result: [{'count': 726}]
2026-02-15 16:37:11,443 - graph_builder.relationship_manager - INFO - Query result: [{'count': 726}]
2026-02-15 16:37:11,443 - graph_builder.relationship_manager - INFO - Query result: [{'count': 726}]
2026-02-15 16:37:11,443 - graph_builder.relationship_manager - INFO - Created 726 NJS_INSTALLED_ON relationships from NJS_Host to NJS_Software using source data
2026-02-15 16:37:11,443 - graph_builder.relationship_manager - INFO - Created 726 NJS_INSTALLED_ON relationships from NJS_Host to NJS_Software using source data
2026-02-15 16:37:11,443 - graph_builder.relationship_manager - INFO - Created 726 NJS_INSTALLED_ON relationships from NJS_Host to NJS_Software using source data
2026-02-15 16:37:11,444 - graph_builder.relationship_manager - INFO - Relationship 'host_to_software' result: {'success': 726, 'failed': 0, 'total': 726}
2026-02-15 16:37:11,444 - graph_builder.relationship_manager - INFO - Relationship 'host_to_software' result: {'success': 726, 'failed': 0, 'total': 726}
2026-02-15 16:37:11,444 - graph_builder.relationship_manager - INFO - Relationship 'host_to_software' result: {'success': 726, 'failed': 0, 'total': 726}
2026-02-15 16:37:11,445 - graph_builder.relationship_manager - INFO - Creating relationship 'asset_to_software': NJS_Asset-[:NJS_HAS_SOFTWARE]->NJS_Software
2026-02-15 16:37:11,445 - graph_builder.relationship_manager - INFO - Creating relationship 'asset_to_software': NJS_Asset-[:NJS_HAS_SOFTWARE]->NJS_Software
2026-02-15 16:37:11,445 - graph_builder.relationship_manager - INFO - Creating relationship 'asset_to_software': NJS_Asset-[:NJS_HAS_SOFTWARE]->NJS_Software
2026-02-15 16:37:11,445 - graph_builder.relationship_manager - INFO - Querying NJS_Asset nodes for asset_id values...
2026-02-15 16:37:11,445 - graph_builder.relationship_manager - INFO - Querying NJS_Asset nodes for asset_id values...
2026-02-15 16:37:11,445 - graph_builder.relationship_manager - INFO - Querying NJS_Asset nodes for asset_id values...
2026-02-15 16:37:11,451 - graph_builder.relationship_manager - INFO - Found 5 asset_id values from NJS_Asset nodes
2026-02-15 16:37:11,451 - graph_builder.relationship_manager - INFO - Found 5 asset_id values from NJS_Asset nodes
2026-02-15 16:37:11,451 - graph_builder.relationship_manager - INFO - Found 5 asset_id values from NJS_Asset nodes
2026-02-15 16:37:11,452 - graph_builder.relationship_manager - INFO - Loading source data from: C:\Users\sgade\OneDrive\Desktop\orbit_node\collected_data\20260210_201344\packages
2026-02-15 16:37:11,452 - graph_builder.relationship_manager - INFO - Loading source data from: C:\Users\sgade\OneDrive\Desktop\orbit_node\collected_data\20260210_201344\packages
2026-02-15 16:37:11,452 - graph_builder.relationship_manager - INFO - Loading source data from: C:\Users\sgade\OneDrive\Desktop\orbit_node\collected_data\20260210_201344\packages
2026-02-15 16:37:11,453 - graph_builder.relationship_manager - INFO - Source file pattern: Syscollector_Packages_{agent_id}.json
2026-02-15 16:37:11,453 - graph_builder.relationship_manager - INFO - Source file pattern: Syscollector_Packages_{agent_id}.json
2026-02-15 16:37:11,453 - graph_builder.relationship_manager - INFO - Source file pattern: Syscollector_Packages_{agent_id}.json
2026-02-15 16:37:11,453 - graph_builder.relationship_manager - INFO - Agent IDs: ['000', '001', '002', '003', '004']
2026-02-15 16:37:11,453 - graph_builder.relationship_manager - INFO - Agent IDs: ['000', '001', '002', '003', '004']
2026-02-15 16:37:11,453 - graph_builder.relationship_manager - INFO - Agent IDs: ['000', '001', '002', '003', '004']
2026-02-15 16:37:11,464 - graph_builder.relationship_manager - INFO - Loaded 726 items from source data
2026-02-15 16:37:11,464 - graph_builder.relationship_manager - INFO - Loaded 726 items from source data
2026-02-15 16:37:11,464 - graph_builder.relationship_manager - INFO - Loaded 726 items from source data
2026-02-15 16:37:11,465 - graph_builder.relationship_manager - INFO - Sample source item keys: ['scan', 'name', 'vendor', 'location', 'source', 'format', 'section', 'size', 'description', 'install_time']
2026-02-15 16:37:11,465 - graph_builder.relationship_manager - INFO - Sample source item keys: ['scan', 'name', 'vendor', 'location', 'source', 'format', 'section', 'size', 'description', 'install_time']
2026-02-15 16:37:11,465 - graph_builder.relationship_manager - INFO - Sample source item keys: ['scan', 'name', 'vendor', 'location', 'source', 'format', 'section', 'size', 'description', 'install_time']
2026-02-15 16:37:11,467 - graph_builder.relationship_manager - INFO - Prepared 726 relationships to create from source data
2026-02-15 16:37:11,467 - graph_builder.relationship_manager - INFO - Prepared 726 relationships to create from source data
2026-02-15 16:37:11,467 - graph_builder.relationship_manager - INFO - Prepared 726 relationships to create from source data
2026-02-15 16:37:11,468 - graph_builder.relationship_manager - INFO - Creating 726 relationships using source data
2026-02-15 16:37:11,468 - graph_builder.relationship_manager - INFO - Creating 726 relationships using source data
2026-02-15 16:37:11,468 - graph_builder.relationship_manager - INFO - Creating 726 relationships using source data
2026-02-15 16:37:11,468 - graph_builder.relationship_manager - INFO - Executing relationship creation query
2026-02-15 16:37:11,468 - graph_builder.relationship_manager - INFO - Executing relationship creation query
2026-02-15 16:37:11,468 - graph_builder.relationship_manager - INFO - Executing relationship creation query
2026-02-15 16:37:11,854 - graph_builder.relationship_manager - INFO - Query result: [{'count': 726}]
2026-02-15 16:37:11,854 - graph_builder.relationship_manager - INFO - Query result: [{'count': 726}]
2026-02-15 16:37:11,854 - graph_builder.relationship_manager - INFO - Query result: [{'count': 726}]
2026-02-15 16:37:11,854 - graph_builder.relationship_manager - INFO - Created 726 NJS_HAS_SOFTWARE relationships from NJS_Asset to NJS_Software using source data
2026-02-15 16:37:11,854 - graph_builder.relationship_manager - INFO - Created 726 NJS_HAS_SOFTWARE relationships from NJS_Asset to NJS_Software using source data
2026-02-15 16:37:11,854 - graph_builder.relationship_manager - INFO - Created 726 NJS_HAS_SOFTWARE relationships from NJS_Asset to NJS_Software using source data
2026-02-15 16:37:11,856 - graph_builder.relationship_manager - INFO - Relationship 'asset_to_software' result: {'success': 726, 'failed': 0, 'total': 726}
2026-02-15 16:37:11,856 - graph_builder.relationship_manager - INFO - Relationship 'asset_to_software' result: {'success': 726, 'failed': 0, 'total': 726}
2026-02-15 16:37:11,856 - graph_builder.relationship_manager - INFO - Relationship 'asset_to_software' result: {'success': 726, 'failed': 0, 'total': 726}
2026-02-15 16:37:11,856 - graph_builder.relationship_manager - INFO - Creating relationship 'software_to_vulnerability': NJS_Software-[:NJS_VULNERABLE_TO]->NJS_Vulnerability
2026-02-15 16:37:11,856 - graph_builder.relationship_manager - INFO - Creating relationship 'software_to_vulnerability': NJS_Software-[:NJS_VULNERABLE_TO]->NJS_Vulnerability
2026-02-15 16:37:11,856 - graph_builder.relationship_manager - INFO - Creating relationship 'software_to_vulnerability': NJS_Software-[:NJS_VULNERABLE_TO]->NJS_Vulnerability
2026-02-15 16:37:11,856 - graph_builder.relationship_manager - INFO - Querying NJS_Software nodes for name values...
2026-02-15 16:37:11,856 - graph_builder.relationship_manager - INFO - Querying NJS_Software nodes for name values...
2026-02-15 16:37:11,856 - graph_builder.relationship_manager - INFO - Querying NJS_Software nodes for name values...
2026-02-15 16:37:11,966 - graph_builder.relationship_manager - INFO - Found 583 name values from NJS_Software nodes
2026-02-15 16:37:11,966 - graph_builder.relationship_manager - INFO - Found 583 name values from NJS_Software nodes
2026-02-15 16:37:11,966 - graph_builder.relationship_manager - INFO - Found 583 name values from NJS_Software nodes
2026-02-15 16:37:12,025 - graph_builder.relationship_manager - INFO - Loading all agent files for 5 agents
2026-02-15 16:37:12,025 - graph_builder.relationship_manager - INFO - Loading all agent files for 5 agents
2026-02-15 16:37:12,025 - graph_builder.relationship_manager - INFO - Loading all agent files for 5 agents
2026-02-15 16:37:12,026 - graph_builder.relationship_manager - INFO - Loading source data from: C:\Users\sgade\OneDrive\Desktop\orbit_node\collected_data\20260210_201344\vulnerabilities
2026-02-15 16:37:12,026 - graph_builder.relationship_manager - INFO - Loading source data from: C:\Users\sgade\OneDrive\Desktop\orbit_node\collected_data\20260210_201344\vulnerabilities
2026-02-15 16:37:12,026 - graph_builder.relationship_manager - INFO - Loading source data from: C:\Users\sgade\OneDrive\Desktop\orbit_node\collected_data\20260210_201344\vulnerabilities
2026-02-15 16:37:12,026 - graph_builder.relationship_manager - INFO - Source file pattern: Vulnerabilities_{agent_id}.json
2026-02-15 16:37:12,026 - graph_builder.relationship_manager - INFO - Source file pattern: Vulnerabilities_{agent_id}.json
2026-02-15 16:37:12,026 - graph_builder.relationship_manager - INFO - Source file pattern: Vulnerabilities_{agent_id}.json
2026-02-15 16:37:12,027 - graph_builder.relationship_manager - INFO - Agent IDs: ['000', '001', '002', '003', '004']
2026-02-15 16:37:12,027 - graph_builder.relationship_manager - INFO - Agent IDs: ['000', '001', '002', '003', '004']
2026-02-15 16:37:12,027 - graph_builder.relationship_manager - INFO - Agent IDs: ['000', '001', '002', '003', '004']
2026-02-15 16:37:12,038 - graph_builder.relationship_manager - INFO - Loaded 53 items from source data
2026-02-15 16:37:12,038 - graph_builder.relationship_manager - INFO - Loaded 53 items from source data
2026-02-15 16:37:12,038 - graph_builder.relationship_manager - INFO - Loaded 53 items from source data
2026-02-15 16:37:12,039 - graph_builder.relationship_manager - INFO - Sample source item keys: ['agent_id', 'agent_name', 'cve', 'severity', 'title', 'description', 'published', 'status', 'cvss', 'package_name']
2026-02-15 16:37:12,039 - graph_builder.relationship_manager - INFO - Sample source item keys: ['agent_id', 'agent_name', 'cve', 'severity', 'title', 'description', 'published', 'status', 'cvss', 'package_name']
2026-02-15 16:37:12,039 - graph_builder.relationship_manager - INFO - Sample source item keys: ['agent_id', 'agent_name', 'cve', 'severity', 'title', 'description', 'published', 'status', 'cvss', 'package_name']
2026-02-15 16:37:12,040 - graph_builder.relationship_manager - INFO - Prepared 53 relationships to create from source data
2026-02-15 16:37:12,040 - graph_builder.relationship_manager - INFO - Prepared 53 relationships to create from source data
2026-02-15 16:37:12,040 - graph_builder.relationship_manager - INFO - Prepared 53 relationships to create from source data
2026-02-15 16:37:12,040 - graph_builder.relationship_manager - INFO - Creating 53 relationships using source data
2026-02-15 16:37:12,040 - graph_builder.relationship_manager - INFO - Creating 53 relationships using source data
2026-02-15 16:37:12,040 - graph_builder.relationship_manager - INFO - Creating 53 relationships using source data
2026-02-15 16:37:12,041 - graph_builder.relationship_manager - INFO - Executing relationship creation query
2026-02-15 16:37:12,041 - graph_builder.relationship_manager - INFO - Executing relationship creation query
2026-02-15 16:37:12,041 - graph_builder.relationship_manager - INFO - Executing relationship creation query
2026-02-15 16:37:12,269 - graph_builder.relationship_manager - INFO - Query result: [{'count': 53}]
2026-02-15 16:37:12,269 - graph_builder.relationship_manager - INFO - Query result: [{'count': 53}]
2026-02-15 16:37:12,269 - graph_builder.relationship_manager - INFO - Query result: [{'count': 53}]
2026-02-15 16:37:12,270 - graph_builder.relationship_manager - INFO - Created 53 NJS_VULNERABLE_TO relationships from NJS_Software to NJS_Vulnerability using source data
2026-02-15 16:37:12,270 - graph_builder.relationship_manager - INFO - Created 53 NJS_VULNERABLE_TO relationships from NJS_Software to NJS_Vulnerability using source data
2026-02-15 16:37:12,270 - graph_builder.relationship_manager - INFO - Created 53 NJS_VULNERABLE_TO relationships from NJS_Software to NJS_Vulnerability using source data
2026-02-15 16:37:12,270 - graph_builder.relationship_manager - INFO - Relationship 'software_to_vulnerability' result: {'success': 53, 'failed': 0, 'total': 53}
2026-02-15 16:37:12,270 - graph_builder.relationship_manager - INFO - Relationship 'software_to_vulnerability' result: {'success': 53, 'failed': 0, 'total': 53}
2026-02-15 16:37:12,270 - graph_builder.relationship_manager - INFO - Relationship 'software_to_vulnerability' result: {'success': 53, 'failed': 0, 'total': 53}
2026-02-15 16:37:12,271 - graph_builder.relationship_manager - INFO - Creating relationship 'asset_to_vulnerability': NJS_Asset-[:NJS_AFFECTED_BY]->NJS_Vulnerability
2026-02-15 16:37:12,271 - graph_builder.relationship_manager - INFO - Creating relationship 'asset_to_vulnerability': NJS_Asset-[:NJS_AFFECTED_BY]->NJS_Vulnerability
2026-02-15 16:37:12,271 - graph_builder.relationship_manager - INFO - Creating relationship 'asset_to_vulnerability': NJS_Asset-[:NJS_AFFECTED_BY]->NJS_Vulnerability
2026-02-15 16:37:12,272 - graph_builder.relationship_manager - INFO - Querying NJS_Asset nodes for asset_id values...
2026-02-15 16:37:12,272 - graph_builder.relationship_manager - INFO - Querying NJS_Asset nodes for asset_id values...
2026-02-15 16:37:12,272 - graph_builder.relationship_manager - INFO - Querying NJS_Asset nodes for asset_id values...
2026-02-15 16:37:12,277 - graph_builder.relationship_manager - INFO - Found 5 asset_id values from NJS_Asset nodes
2026-02-15 16:37:12,277 - graph_builder.relationship_manager - INFO - Found 5 asset_id values from NJS_Asset nodes
2026-02-15 16:37:12,277 - graph_builder.relationship_manager - INFO - Found 5 asset_id values from NJS_Asset nodes
2026-02-15 16:37:12,283 - graph_builder.relationship_manager - INFO - Loading all agent files for 5 agents
2026-02-15 16:37:12,283 - graph_builder.relationship_manager - INFO - Loading all agent files for 5 agents
2026-02-15 16:37:12,283 - graph_builder.relationship_manager - INFO - Loading all agent files for 5 agents
2026-02-15 16:37:12,283 - graph_builder.relationship_manager - INFO - Loading source data from: C:\Users\sgade\OneDrive\Desktop\orbit_node\collected_data\20260210_201344\vulnerabilities
2026-02-15 16:37:12,283 - graph_builder.relationship_manager - INFO - Loading source data from: C:\Users\sgade\OneDrive\Desktop\orbit_node\collected_data\20260210_201344\vulnerabilities
2026-02-15 16:37:12,283 - graph_builder.relationship_manager - INFO - Loading source data from: C:\Users\sgade\OneDrive\Desktop\orbit_node\collected_data\20260210_201344\vulnerabilities
2026-02-15 16:37:12,284 - graph_builder.relationship_manager - INFO - Source file pattern: Vulnerabilities_{agent_id}.json
2026-02-15 16:37:12,284 - graph_builder.relationship_manager - INFO - Source file pattern: Vulnerabilities_{agent_id}.json
2026-02-15 16:37:12,284 - graph_builder.relationship_manager - INFO - Source file pattern: Vulnerabilities_{agent_id}.json
2026-02-15 16:37:12,284 - graph_builder.relationship_manager - INFO - Agent IDs: ['000', '001', '002', '003', '004']
2026-02-15 16:37:12,284 - graph_builder.relationship_manager - INFO - Agent IDs: ['000', '001', '002', '003', '004']
2026-02-15 16:37:12,284 - graph_builder.relationship_manager - INFO - Agent IDs: ['000', '001', '002', '003', '004']
2026-02-15 16:37:12,289 - graph_builder.relationship_manager - INFO - Loaded 53 items from source data
2026-02-15 16:37:12,289 - graph_builder.relationship_manager - INFO - Loaded 53 items from source data
2026-02-15 16:37:12,289 - graph_builder.relationship_manager - INFO - Loaded 53 items from source data
2026-02-15 16:37:12,289 - graph_builder.relationship_manager - INFO - Sample source item keys: ['agent_id', 'agent_name', 'cve', 'severity', 'title', 'description', 'published', 'status', 'cvss', 'package_name']
2026-02-15 16:37:12,289 - graph_builder.relationship_manager - INFO - Sample source item keys: ['agent_id', 'agent_name', 'cve', 'severity', 'title', 'description', 'published', 'status', 'cvss', 'package_name']
2026-02-15 16:37:12,289 - graph_builder.relationship_manager - INFO - Sample source item keys: ['agent_id', 'agent_name', 'cve', 'severity', 'title', 'description', 'published', 'status', 'cvss', 'package_name']
2026-02-15 16:37:12,290 - graph_builder.relationship_manager - INFO - Prepared 53 relationships to create from source data
2026-02-15 16:37:12,290 - graph_builder.relationship_manager - INFO - Prepared 53 relationships to create from source data
2026-02-15 16:37:12,290 - graph_builder.relationship_manager - INFO - Prepared 53 relationships to create from source data
2026-02-15 16:37:12,290 - graph_builder.relationship_manager - INFO - Creating 53 relationships using source data
2026-02-15 16:37:12,290 - graph_builder.relationship_manager - INFO - Creating 53 relationships using source data
2026-02-15 16:37:12,290 - graph_builder.relationship_manager - INFO - Creating 53 relationships using source data
2026-02-15 16:37:12,291 - graph_builder.relationship_manager - INFO - Executing relationship creation query
2026-02-15 16:37:12,291 - graph_builder.relationship_manager - INFO - Executing relationship creation query
2026-02-15 16:37:12,291 - graph_builder.relationship_manager - INFO - Executing relationship creation query
2026-02-15 16:37:12,426 - graph_builder.relationship_manager - INFO - Query result: [{'count': 53}]
2026-02-15 16:37:12,426 - graph_builder.relationship_manager - INFO - Query result: [{'count': 53}]
2026-02-15 16:37:12,426 - graph_builder.relationship_manager - INFO - Query result: [{'count': 53}]
2026-02-15 16:37:12,426 - graph_builder.relationship_manager - INFO - Created 53 NJS_AFFECTED_BY relationships from NJS_Asset to NJS_Vulnerability using source data
2026-02-15 16:37:12,426 - graph_builder.relationship_manager - INFO - Created 53 NJS_AFFECTED_BY relationships from NJS_Asset to NJS_Vulnerability using source data
2026-02-15 16:37:12,426 - graph_builder.relationship_manager - INFO - Created 53 NJS_AFFECTED_BY relationships from NJS_Asset to NJS_Vulnerability using source data
2026-02-15 16:37:12,427 - graph_builder.relationship_manager - INFO - Relationship 'asset_to_vulnerability' result: {'success': 53, 'failed': 0, 'total': 53}
2026-02-15 16:37:12,427 - graph_builder.relationship_manager - INFO - Relationship 'asset_to_vulnerability' result: {'success': 53, 'failed': 0, 'total': 53}
2026-02-15 16:37:12,427 - graph_builder.relationship_manager - INFO - Relationship 'asset_to_vulnerability' result: {'success': 53, 'failed': 0, 'total': 53}
2026-02-15 16:37:12,427 - graph_builder.relationship_manager - INFO - Creating relationship 'asset_to_assetgroup': NJS_Asset-[:NJS_BELONGS_TO]->NJS_AssetGroup
2026-02-15 16:37:12,427 - graph_builder.relationship_manager - INFO - Creating relationship 'asset_to_assetgroup': NJS_Asset-[:NJS_BELONGS_TO]->NJS_AssetGroup
2026-02-15 16:37:12,427 - graph_builder.relationship_manager - INFO - Creating relationship 'asset_to_assetgroup': NJS_Asset-[:NJS_BELONGS_TO]->NJS_AssetGroup
2026-02-15 16:37:12,428 - graph_builder.relationship_manager - INFO - Querying NJS_Asset nodes for asset_id values...
2026-02-15 16:37:12,428 - graph_builder.relationship_manager - INFO - Querying NJS_Asset nodes for asset_id values...
2026-02-15 16:37:12,428 - graph_builder.relationship_manager - INFO - Querying NJS_Asset nodes for asset_id values...
2026-02-15 16:37:12,433 - graph_builder.relationship_manager - INFO - Found 5 asset_id values from NJS_Asset nodes
2026-02-15 16:37:12,433 - graph_builder.relationship_manager - INFO - Found 5 asset_id values from NJS_Asset nodes
2026-02-15 16:37:12,433 - graph_builder.relationship_manager - INFO - Found 5 asset_id values from NJS_Asset nodes
2026-02-15 16:37:12,433 - graph_builder.relationship_manager - INFO - Loading source data from: C:\Users\sgade\OneDrive\Desktop\orbit_node\collected_data\20260210_201344\agents_manager
2026-02-15 16:37:12,433 - graph_builder.relationship_manager - INFO - Loading source data from: C:\Users\sgade\OneDrive\Desktop\orbit_node\collected_data\20260210_201344\agents_manager
2026-02-15 16:37:12,433 - graph_builder.relationship_manager - INFO - Loading source data from: C:\Users\sgade\OneDrive\Desktop\orbit_node\collected_data\20260210_201344\agents_manager
2026-02-15 16:37:12,434 - graph_builder.relationship_manager - INFO - Source file pattern: All_Agents.json
2026-02-15 16:37:12,434 - graph_builder.relationship_manager - INFO - Source file pattern: All_Agents.json
2026-02-15 16:37:12,434 - graph_builder.relationship_manager - INFO - Source file pattern: All_Agents.json
2026-02-15 16:37:12,434 - graph_builder.relationship_manager - INFO - Agent IDs: None (single file)
2026-02-15 16:37:12,434 - graph_builder.relationship_manager - INFO - Agent IDs: None (single file)
2026-02-15 16:37:12,434 - graph_builder.relationship_manager - INFO - Agent IDs: None (single file)
2026-02-15 16:37:12,436 - graph_builder.relationship_manager - INFO - Loaded 5 items from source data
2026-02-15 16:37:12,436 - graph_builder.relationship_manager - INFO - Loaded 5 items from source data
2026-02-15 16:37:12,436 - graph_builder.relationship_manager - INFO - Loaded 5 items from source data
2026-02-15 16:37:12,437 - graph_builder.relationship_manager - INFO - Sample source item keys: ['os', 'name', 'ip', 'dateAdd', 'id', 'manager', 'registerIP', 'lastKeepAlive', 'group_config_status', 'status_code']
2026-02-15 16:37:12,437 - graph_builder.relationship_manager - INFO - Sample source item keys: ['os', 'name', 'ip', 'dateAdd', 'id', 'manager', 'registerIP', 'lastKeepAlive', 'group_config_status', 'status_code']
2026-02-15 16:37:12,437 - graph_builder.relationship_manager - INFO - Sample source item keys: ['os', 'name', 'ip', 'dateAdd', 'id', 'manager', 'registerIP', 'lastKeepAlive', 'group_config_status', 'status_code']
2026-02-15 16:37:12,437 - graph_builder.relationship_manager - INFO - Prepared 4 relationships to create from source data
2026-02-15 16:37:12,437 - graph_builder.relationship_manager - INFO - Prepared 4 relationships to create from source data
2026-02-15 16:37:12,437 - graph_builder.relationship_manager - INFO - Prepared 4 relationships to create from source data
2026-02-15 16:37:12,438 - graph_builder.relationship_manager - INFO - Creating 4 relationships using source data
2026-02-15 16:37:12,438 - graph_builder.relationship_manager - INFO - Creating 4 relationships using source data
2026-02-15 16:37:12,438 - graph_builder.relationship_manager - INFO - Creating 4 relationships using source data
2026-02-15 16:37:12,438 - graph_builder.relationship_manager - INFO - Executing relationship creation query
2026-02-15 16:37:12,438 - graph_builder.relationship_manager - INFO - Executing relationship creation query
2026-02-15 16:37:12,438 - graph_builder.relationship_manager - INFO - Executing relationship creation query
2026-02-15 16:37:12,596 - graph_builder.relationship_manager - INFO - Query result: [{'count': 4}]
2026-02-15 16:37:12,596 - graph_builder.relationship_manager - INFO - Query result: [{'count': 4}]
2026-02-15 16:37:12,596 - graph_builder.relationship_manager - INFO - Query result: [{'count': 4}]
2026-02-15 16:37:12,597 - graph_builder.relationship_manager - INFO - Created 4 NJS_BELONGS_TO relationships from NJS_Asset to NJS_AssetGroup using source data
2026-02-15 16:37:12,597 - graph_builder.relationship_manager - INFO - Created 4 NJS_BELONGS_TO relationships from NJS_Asset to NJS_AssetGroup using source data
2026-02-15 16:37:12,597 - graph_builder.relationship_manager - INFO - Created 4 NJS_BELONGS_TO relationships from NJS_Asset to NJS_AssetGroup using source data
2026-02-15 16:37:12,597 - graph_builder.relationship_manager - INFO - Relationship 'asset_to_assetgroup' result: {'success': 4, 'failed': 0, 'total': 4}
2026-02-15 16:37:12,597 - graph_builder.relationship_manager - INFO - Relationship 'asset_to_assetgroup' result: {'success': 4, 'failed': 0, 'total': 4}
2026-02-15 16:37:12,597 - graph_builder.relationship_manager - INFO - Relationship 'asset_to_assetgroup' result: {'success': 4, 'failed': 0, 'total': 4}
2026-02-15 16:37:12,598 - graph_builder.relationship_manager - INFO - Creating relationship 'asset_to_hardware': NJS_Asset-[:NJS_HAS_HARDWARE]->NJS_Hardware
2026-02-15 16:37:12,598 - graph_builder.relationship_manager - INFO - Creating relationship 'asset_to_hardware': NJS_Asset-[:NJS_HAS_HARDWARE]->NJS_Hardware
2026-02-15 16:37:12,598 - graph_builder.relationship_manager - INFO - Creating relationship 'asset_to_hardware': NJS_Asset-[:NJS_HAS_HARDWARE]->NJS_Hardware
2026-02-15 16:37:12,598 - graph_builder.relationship_manager - INFO - Querying NJS_Asset nodes for asset_id values...
2026-02-15 16:37:12,598 - graph_builder.relationship_manager - INFO - Querying NJS_Asset nodes for asset_id values...
2026-02-15 16:37:12,598 - graph_builder.relationship_manager - INFO - Querying NJS_Asset nodes for asset_id values...
2026-02-15 16:37:12,603 - graph_builder.relationship_manager - INFO - Found 5 asset_id values from NJS_Asset nodes
2026-02-15 16:37:12,603 - graph_builder.relationship_manager - INFO - Found 5 asset_id values from NJS_Asset nodes
2026-02-15 16:37:12,603 - graph_builder.relationship_manager - INFO - Found 5 asset_id values from NJS_Asset nodes
2026-02-15 16:37:12,603 - graph_builder.relationship_manager - INFO - Loading source data from: C:\Users\sgade\OneDrive\Desktop\orbit_node\collected_data\20260210_201344\hardware
2026-02-15 16:37:12,603 - graph_builder.relationship_manager - INFO - Loading source data from: C:\Users\sgade\OneDrive\Desktop\orbit_node\collected_data\20260210_201344\hardware
2026-02-15 16:37:12,603 - graph_builder.relationship_manager - INFO - Loading source data from: C:\Users\sgade\OneDrive\Desktop\orbit_node\collected_data\20260210_201344\hardware
2026-02-15 16:37:12,604 - graph_builder.relationship_manager - INFO - Source file pattern: Syscollector_Hardware_{agent_id}.json
2026-02-15 16:37:12,604 - graph_builder.relationship_manager - INFO - Source file pattern: Syscollector_Hardware_{agent_id}.json
2026-02-15 16:37:12,604 - graph_builder.relationship_manager - INFO - Source file pattern: Syscollector_Hardware_{agent_id}.json
2026-02-15 16:37:12,604 - graph_builder.relationship_manager - INFO - Agent IDs: ['000', '001', '002', '003', '004']
2026-02-15 16:37:12,604 - graph_builder.relationship_manager - INFO - Agent IDs: ['000', '001', '002', '003', '004']
2026-02-15 16:37:12,604 - graph_builder.relationship_manager - INFO - Agent IDs: ['000', '001', '002', '003', '004']
2026-02-15 16:37:12,608 - graph_builder.relationship_manager - INFO - Loaded 5 items from source data
2026-02-15 16:37:12,608 - graph_builder.relationship_manager - INFO - Loaded 5 items from source data
2026-02-15 16:37:12,608 - graph_builder.relationship_manager - INFO - Loaded 5 items from source data
2026-02-15 16:37:12,608 - graph_builder.relationship_manager - INFO - Sample source item keys: ['cpu', 'ram', 'scan', 'board_serial', 'agent_id', '_agent_id']
2026-02-15 16:37:12,608 - graph_builder.relationship_manager - INFO - Sample source item keys: ['cpu', 'ram', 'scan', 'board_serial', 'agent_id', '_agent_id']
2026-02-15 16:37:12,608 - graph_builder.relationship_manager - INFO - Sample source item keys: ['cpu', 'ram', 'scan', 'board_serial', 'agent_id', '_agent_id']
2026-02-15 16:37:12,609 - graph_builder.relationship_manager - INFO - Prepared 5 relationships to create from source data
2026-02-15 16:37:12,609 - graph_builder.relationship_manager - INFO - Prepared 5 relationships to create from source data
2026-02-15 16:37:12,609 - graph_builder.relationship_manager - INFO - Prepared 5 relationships to create from source data
2026-02-15 16:37:12,609 - graph_builder.relationship_manager - INFO - Creating 5 relationships using source data
2026-02-15 16:37:12,609 - graph_builder.relationship_manager - INFO - Creating 5 relationships using source data
2026-02-15 16:37:12,609 - graph_builder.relationship_manager - INFO - Creating 5 relationships using source data
2026-02-15 16:37:12,609 - graph_builder.relationship_manager - INFO - Executing relationship creation query
2026-02-15 16:37:12,609 - graph_builder.relationship_manager - INFO - Executing relationship creation query
2026-02-15 16:37:12,609 - graph_builder.relationship_manager - INFO - Executing relationship creation query
2026-02-15 16:37:12,739 - graph_builder.relationship_manager - INFO - Query result: [{'count': 11}]
2026-02-15 16:37:12,739 - graph_builder.relationship_manager - INFO - Query result: [{'count': 11}]
2026-02-15 16:37:12,739 - graph_builder.relationship_manager - INFO - Query result: [{'count': 11}]
2026-02-15 16:37:12,739 - graph_builder.relationship_manager - INFO - Created 11 NJS_HAS_HARDWARE relationships from NJS_Asset to NJS_Hardware using source data
2026-02-15 16:37:12,739 - graph_builder.relationship_manager - INFO - Created 11 NJS_HAS_HARDWARE relationships from NJS_Asset to NJS_Hardware using source data
2026-02-15 16:37:12,739 - graph_builder.relationship_manager - INFO - Created 11 NJS_HAS_HARDWARE relationships from NJS_Asset to NJS_Hardware using source data
2026-02-15 16:37:12,740 - graph_builder.relationship_manager - INFO - Relationship 'asset_to_hardware' result: {'success': 11, 'failed': 0, 'total': 11}
2026-02-15 16:37:12,740 - graph_builder.relationship_manager - INFO - Relationship 'asset_to_hardware' result: {'success': 11, 'failed': 0, 'total': 11}
2026-02-15 16:37:12,740 - graph_builder.relationship_manager - INFO - Relationship 'asset_to_hardware' result: {'success': 11, 'failed': 0, 'total': 11}
2026-02-15 16:37:12,740 - graph_builder.relationship_manager - INFO - Creating relationship 'asset_to_scanevent': NJS_Asset-[:NJS_CREATED_BY]->ScanEvent
2026-02-15 16:37:12,740 - graph_builder.relationship_manager - INFO - Creating relationship 'asset_to_scanevent': NJS_Asset-[:NJS_CREATED_BY]->ScanEvent
2026-02-15 16:37:12,740 - graph_builder.relationship_manager - INFO - Creating relationship 'asset_to_scanevent': NJS_Asset-[:NJS_CREATED_BY]->ScanEvent
2026-02-15 16:37:12,882 - graph_builder.relationship_manager - INFO - Created 5 NJS_CREATED_BY relationships from NJS_Asset to ScanEvent
2026-02-15 16:37:12,882 - graph_builder.relationship_manager - INFO - Created 5 NJS_CREATED_BY relationships from NJS_Asset to ScanEvent
2026-02-15 16:37:12,882 - graph_builder.relationship_manager - INFO - Created 5 NJS_CREATED_BY relationships from NJS_Asset to ScanEvent
2026-02-15 16:37:12,883 - graph_builder.relationship_manager - INFO - Relationship 'asset_to_scanevent' result: {'success': 5, 'failed': 0, 'total': 5}
2026-02-15 16:37:12,883 - graph_builder.relationship_manager - INFO - Relationship 'asset_to_scanevent' result: {'success': 5, 'failed': 0, 'total': 5}
2026-02-15 16:37:12,883 - graph_builder.relationship_manager - INFO - Relationship 'asset_to_scanevent' result: {'success': 5, 'failed': 0, 'total': 5}
2026-02-15 16:37:12,883 - graph_builder.relationship_manager - INFO - Creating relationship 'host_to_scanevent': NJS_Host-[:NJS_CREATED_BY]->ScanEvent
2026-02-15 16:37:12,883 - graph_builder.relationship_manager - INFO - Creating relationship 'host_to_scanevent': NJS_Host-[:NJS_CREATED_BY]->ScanEvent
2026-02-15 16:37:12,883 - graph_builder.relationship_manager - INFO - Creating relationship 'host_to_scanevent': NJS_Host-[:NJS_CREATED_BY]->ScanEvent
2026-02-15 16:37:12,981 - graph_builder.relationship_manager - INFO - Created 5 NJS_CREATED_BY relationships from NJS_Host to ScanEvent
2026-02-15 16:37:12,981 - graph_builder.relationship_manager - INFO - Created 5 NJS_CREATED_BY relationships from NJS_Host to ScanEvent
2026-02-15 16:37:12,981 - graph_builder.relationship_manager - INFO - Created 5 NJS_CREATED_BY relationships from NJS_Host to ScanEvent
2026-02-15 16:37:12,981 - graph_builder.relationship_manager - INFO - Relationship 'host_to_scanevent' result: {'success': 5, 'failed': 0, 'total': 5}
2026-02-15 16:37:12,981 - graph_builder.relationship_manager - INFO - Relationship 'host_to_scanevent' result: {'success': 5, 'failed': 0, 'total': 5}
2026-02-15 16:37:12,981 - graph_builder.relationship_manager - INFO - Relationship 'host_to_scanevent' result: {'success': 5, 'failed': 0, 'total': 5}
2026-02-15 16:37:12,982 - graph_builder.relationship_manager - INFO - Creating relationship 'software_to_scanevent': NJS_Software-[:NJS_CREATED_BY]->ScanEvent
2026-02-15 16:37:12,982 - graph_builder.relationship_manager - INFO - Creating relationship 'software_to_scanevent': NJS_Software-[:NJS_CREATED_BY]->ScanEvent
2026-02-15 16:37:12,982 - graph_builder.relationship_manager - INFO - Creating relationship 'software_to_scanevent': NJS_Software-[:NJS_CREATED_BY]->ScanEvent
2026-02-15 16:37:13,149 - graph_builder.relationship_manager - INFO - Created 583 NJS_CREATED_BY relationships from NJS_Software to ScanEvent
2026-02-15 16:37:13,149 - graph_builder.relationship_manager - INFO - Created 583 NJS_CREATED_BY relationships from NJS_Software to ScanEvent
2026-02-15 16:37:13,149 - graph_builder.relationship_manager - INFO - Created 583 NJS_CREATED_BY relationships from NJS_Software to ScanEvent
2026-02-15 16:37:13,149 - graph_builder.relationship_manager - INFO - Relationship 'software_to_scanevent' result: {'success': 583, 'failed': 0, 'total': 583}
2026-02-15 16:37:13,149 - graph_builder.relationship_manager - INFO - Relationship 'software_to_scanevent' result: {'success': 583, 'failed': 0, 'total': 583}
2026-02-15 16:37:13,149 - graph_builder.relationship_manager - INFO - Relationship 'software_to_scanevent' result: {'success': 583, 'failed': 0, 'total': 583}
2026-02-15 16:37:13,150 - graph_builder.relationship_manager - INFO - Creating relationship 'vulnerability_to_scanevent': NJS_Vulnerability-[:NJS_CREATED_BY]->ScanEvent
2026-02-15 16:37:13,150 - graph_builder.relationship_manager - INFO - Creating relationship 'vulnerability_to_scanevent': NJS_Vulnerability-[:NJS_CREATED_BY]->ScanEvent
2026-02-15 16:37:13,150 - graph_builder.relationship_manager - INFO - Creating relationship 'vulnerability_to_scanevent': NJS_Vulnerability-[:NJS_CREATED_BY]->ScanEvent
2026-02-15 16:37:13,266 - graph_builder.relationship_manager - INFO - Created 40 NJS_CREATED_BY relationships from NJS_Vulnerability to ScanEvent
2026-02-15 16:37:13,266 - graph_builder.relationship_manager - INFO - Created 40 NJS_CREATED_BY relationships from NJS_Vulnerability to ScanEvent
2026-02-15 16:37:13,266 - graph_builder.relationship_manager - INFO - Created 40 NJS_CREATED_BY relationships from NJS_Vulnerability to ScanEvent
2026-02-15 16:37:13,266 - graph_builder.relationship_manager - INFO - Relationship 'vulnerability_to_scanevent' result: {'success': 40, 'failed': 0, 'total': 40}
2026-02-15 16:37:13,266 - graph_builder.relationship_manager - INFO - Relationship 'vulnerability_to_scanevent' result: {'success': 40, 'failed': 0, 'total': 40}
2026-02-15 16:37:13,266 - graph_builder.relationship_manager - INFO - Relationship 'vulnerability_to_scanevent' result: {'success': 40, 'failed': 0, 'total': 40}
2026-02-15 16:37:13,267 - graph_builder.relationship_manager - INFO - Creating relationship 'assetgroup_to_scanevent': NJS_AssetGroup-[:NJS_CREATED_BY]->ScanEvent
2026-02-15 16:37:13,267 - graph_builder.relationship_manager - INFO - Creating relationship 'assetgroup_to_scanevent': NJS_AssetGroup-[:NJS_CREATED_BY]->ScanEvent
2026-02-15 16:37:13,267 - graph_builder.relationship_manager - INFO - Creating relationship 'assetgroup_to_scanevent': NJS_AssetGroup-[:NJS_CREATED_BY]->ScanEvent
2026-02-15 16:37:13,369 - graph_builder.relationship_manager - INFO - Created 1 NJS_CREATED_BY relationships from NJS_AssetGroup to ScanEvent
2026-02-15 16:37:13,369 - graph_builder.relationship_manager - INFO - Created 1 NJS_CREATED_BY relationships from NJS_AssetGroup to ScanEvent
2026-02-15 16:37:13,369 - graph_builder.relationship_manager - INFO - Created 1 NJS_CREATED_BY relationships from NJS_AssetGroup to ScanEvent
2026-02-15 16:37:13,370 - graph_builder.relationship_manager - INFO - Relationship 'assetgroup_to_scanevent' result: {'success': 1, 'failed': 0, 'total': 1}
2026-02-15 16:37:13,370 - graph_builder.relationship_manager - INFO - Relationship 'assetgroup_to_scanevent' result: {'success': 1, 'failed': 0, 'total': 1}
2026-02-15 16:37:13,370 - graph_builder.relationship_manager - INFO - Relationship 'assetgroup_to_scanevent' result: {'success': 1, 'failed': 0, 'total': 1}
2026-02-15 16:37:13,370 - graph_builder.relationship_manager - INFO - Creating relationship 'hardware_to_scanevent': NJS_Hardware-[:NJS_CREATED_BY]->ScanEvent
2026-02-15 16:37:13,370 - graph_builder.relationship_manager - INFO - Creating relationship 'hardware_to_scanevent': NJS_Hardware-[:NJS_CREATED_BY]->ScanEvent
2026-02-15 16:37:13,370 - graph_builder.relationship_manager - INFO - Creating relationship 'hardware_to_scanevent': NJS_Hardware-[:NJS_CREATED_BY]->ScanEvent
2026-02-15 16:37:13,474 - graph_builder.relationship_manager - INFO - Created 5 NJS_CREATED_BY relationships from NJS_Hardware to ScanEvent
2026-02-15 16:37:13,474 - graph_builder.relationship_manager - INFO - Created 5 NJS_CREATED_BY relationships from NJS_Hardware to ScanEvent
2026-02-15 16:37:13,474 - graph_builder.relationship_manager - INFO - Created 5 NJS_CREATED_BY relationships from NJS_Hardware to ScanEvent
2026-02-15 16:37:13,474 - graph_builder.relationship_manager - INFO - Relationship 'hardware_to_scanevent' result: {'success': 5, 'failed': 0, 'total': 5}
2026-02-15 16:37:13,474 - graph_builder.relationship_manager - INFO - Relationship 'hardware_to_scanevent' result: {'success': 5, 'failed': 0, 'total': 5}
2026-02-15 16:37:13,474 - graph_builder.relationship_manager - INFO - Relationship 'hardware_to_scanevent' result: {'success': 5, 'failed': 0, 'total': 5}
2026-02-15 16:37:13,475 - graph_builder.relationship_manager - INFO - ============================================================
2026-02-15 16:37:13,475 - graph_builder.relationship_manager - INFO - ============================================================
2026-02-15 16:37:13,475 - graph_builder.relationship_manager - INFO - ============================================================
2026-02-15 16:37:13,475 - graph_builder.relationship_manager - INFO - Relationship creation from config completed
2026-02-15 16:37:13,475 - graph_builder.relationship_manager - INFO - Relationship creation from config completed
2026-02-15 16:37:13,475 - graph_builder.relationship_manager - INFO - Relationship creation from config completed
2026-02-15 16:37:13,476 - graph_builder.relationship_manager - INFO - Total relationships processed: 13
2026-02-15 16:37:13,476 - graph_builder.relationship_manager - INFO - Total relationships processed: 13
2026-02-15 16:37:13,476 - graph_builder.relationship_manager - INFO - Total relationships processed: 13
2026-02-15 16:37:13,476 - graph_builder.relationship_manager - INFO - ============================================================
2026-02-15 16:37:13,476 - graph_builder.relationship_manager - INFO - ============================================================
2026-02-15 16:37:13,476 - graph_builder.relationship_manager - INFO - ============================================================
2026-02-15 16:37:13,476 - graph_builder.graph_builder - INFO - asset_to_host: 11 relationships created
2026-02-15 16:37:13,476 - graph_builder.graph_builder - INFO - asset_to_host: 11 relationships created
2026-02-15 16:37:13,476 - graph_builder.graph_builder - INFO - asset_to_host: 11 relationships created
2026-02-15 16:37:13,476 - graph_builder.graph_builder - INFO - host_to_software: 726 relationships created
2026-02-15 16:37:13,476 - graph_builder.graph_builder - INFO - host_to_software: 726 relationships created
2026-02-15 16:37:13,476 - graph_builder.graph_builder - INFO - host_to_software: 726 relationships created
2026-02-15 16:37:13,477 - graph_builder.graph_builder - INFO - asset_to_software: 726 relationships created
2026-02-15 16:37:13,477 - graph_builder.graph_builder - INFO - asset_to_software: 726 relationships created
2026-02-15 16:37:13,477 - graph_builder.graph_builder - INFO - asset_to_software: 726 relationships created
2026-02-15 16:37:13,477 - graph_builder.graph_builder - INFO - software_to_vulnerability: 53 relationships created
2026-02-15 16:37:13,477 - graph_builder.graph_builder - INFO - software_to_vulnerability: 53 relationships created
2026-02-15 16:37:13,477 - graph_builder.graph_builder - INFO - software_to_vulnerability: 53 relationships created
2026-02-15 16:37:13,477 - graph_builder.graph_builder - INFO - asset_to_vulnerability: 53 relationships created
2026-02-15 16:37:13,477 - graph_builder.graph_builder - INFO - asset_to_vulnerability: 53 relationships created
2026-02-15 16:37:13,477 - graph_builder.graph_builder - INFO - asset_to_vulnerability: 53 relationships created
2026-02-15 16:37:13,478 - graph_builder.graph_builder - INFO - asset_to_assetgroup: 4 relationships created
2026-02-15 16:37:13,478 - graph_builder.graph_builder - INFO - asset_to_assetgroup: 4 relationships created
2026-02-15 16:37:13,478 - graph_builder.graph_builder - INFO - asset_to_assetgroup: 4 relationships created
2026-02-15 16:37:13,478 - graph_builder.graph_builder - INFO - asset_to_hardware: 11 relationships created
2026-02-15 16:37:13,478 - graph_builder.graph_builder - INFO - asset_to_hardware: 11 relationships created
2026-02-15 16:37:13,478 - graph_builder.graph_builder - INFO - asset_to_hardware: 11 relationships created
2026-02-15 16:37:13,478 - graph_builder.graph_builder - INFO - asset_to_scanevent: 5 relationships created
2026-02-15 16:37:13,478 - graph_builder.graph_builder - INFO - asset_to_scanevent: 5 relationships created
2026-02-15 16:37:13,478 - graph_builder.graph_builder - INFO - asset_to_scanevent: 5 relationships created
2026-02-15 16:37:13,479 - graph_builder.graph_builder - INFO - host_to_scanevent: 5 relationships created
2026-02-15 16:37:13,479 - graph_builder.graph_builder - INFO - host_to_scanevent: 5 relationships created
2026-02-15 16:37:13,479 - graph_builder.graph_builder - INFO - host_to_scanevent: 5 relationships created
2026-02-15 16:37:13,479 - graph_builder.graph_builder - INFO - software_to_scanevent: 583 relationships created
2026-02-15 16:37:13,479 - graph_builder.graph_builder - INFO - software_to_scanevent: 583 relationships created
2026-02-15 16:37:13,479 - graph_builder.graph_builder - INFO - software_to_scanevent: 583 relationships created
2026-02-15 16:37:13,479 - graph_builder.graph_builder - INFO - vulnerability_to_scanevent: 40 relationships created
2026-02-15 16:37:13,479 - graph_builder.graph_builder - INFO - vulnerability_to_scanevent: 40 relationships created
2026-02-15 16:37:13,479 - graph_builder.graph_builder - INFO - vulnerability_to_scanevent: 40 relationships created
2026-02-15 16:37:13,480 - graph_builder.graph_builder - INFO - assetgroup_to_scanevent: 1 relationships created
2026-02-15 16:37:13,480 - graph_builder.graph_builder - INFO - assetgroup_to_scanevent: 1 relationships created
2026-02-15 16:37:13,480 - graph_builder.graph_builder - INFO - assetgroup_to_scanevent: 1 relationships created
2026-02-15 16:37:13,480 - graph_builder.graph_builder - INFO - hardware_to_scanevent: 5 relationships created
2026-02-15 16:37:13,480 - graph_builder.graph_builder - INFO - hardware_to_scanevent: 5 relationships created
2026-02-15 16:37:13,480 - graph_builder.graph_builder - INFO - hardware_to_scanevent: 5 relationships created
2026-02-15 16:37:13,481 - __main__ - INFO - Relationship creation process completed
2026-02-15 16:37:13,481 - __main__ - INFO - Relationship results: {'asset_to_host': {'success': 11, 'failed': 0, 'total': 11}, 'host_to_software': {'success': 726, 'failed': 0, 'total': 726}, 'asset_to_software': {'success': 726, 'failed': 0, 'total': 726}, 'software_to_vulnerability': {'success': 53, 'failed': 0, 'total': 53}, 'asset_to_vulnerability': {'success': 53, 'failed': 0, 'total': 53}, 'asset_to_assetgroup': {'success': 4, 'failed': 0, 'total': 4}, 'asset_to_hardware': {'success': 11, 'failed': 0, 'total': 11}, 'asset_to_scanevent': {'success': 5, 'failed': 0, 'total': 5}, 'host_to_scanevent': {'success': 5, 'failed': 0, 'total': 5}, 'software_to_scanevent': {'success': 583, 'failed': 0, 'total': 583}, 'vulnerability_to_scanevent': {'success': 40, 'failed': 0, 'total': 40}, 'assetgroup_to_scanevent': {'success': 1, 'failed': 0, 'total': 1}, 'hardware_to_scanevent': {'success': 5, 'failed': 0, 'total': 5}}
2026-02-15 16:37:13,481 - __main__ - INFO - ============================================================
2026-02-15 16:37:13,485 - graph_builder.neo4j_connection - INFO - Neo4j connection closed
2026-02-15 16:37:13,485 - graph_builder.neo4j_connection - INFO - Neo4j connection closed
2026-02-15 16:37:13,485 - graph_builder.neo4j_connection - INFO - Neo4j connection closed
2026-02-15 16:37:13,486 - __main__ - INFO - Graph building process completed successfully
