2026-02-13 16:27:14,333 - __main__ - INFO - Loaded graph_config.yaml
2026-02-13 16:27:14,337 - __main__ - INFO - Loaded paths_config.yaml
2026-02-13 16:27:14,339 - __main__ - INFO - Loaded neo4j_config.yaml
2026-02-13 16:27:14,339 - __main__ - INFO - ============================================================
2026-02-13 16:27:14,340 - __main__ - INFO - VERIFYING COLLECTION STATUS
2026-02-13 16:27:14,340 - __main__ - INFO - ============================================================
2026-02-13 16:27:14,341 - __main__ - ERROR - ============================================================
2026-02-13 16:27:14,341 - __main__ - ERROR - COLLECTION VERIFICATION FAILED
2026-02-13 16:27:14,341 - __main__ - ERROR - ============================================================
2026-02-13 16:27:14,342 - __main__ - ERROR - Found 7 failed collectors:
2026-02-13 16:27:14,342 - __main__ - ERROR -   - agents_manager (directory not found: collected_data\20260210_201344\agents_manager)
2026-02-13 16:27:14,342 - __main__ - ERROR -   - host (directory not found: collected_data\20260210_201344\host)
2026-02-13 16:27:14,342 - __main__ - ERROR -   - packages (directory not found: collected_data\20260210_201344\packages)
2026-02-13 16:27:14,342 - __main__ - ERROR -   - hardware (directory not found: collected_data\20260210_201344\hardware)
2026-02-13 16:27:14,342 - __main__ - ERROR -   - fim (directory not found: collected_data\20260210_201344\fim)
2026-02-13 16:27:14,342 - __main__ - ERROR -   - groups (directory not found: collected_data\20260210_201344\groups)
2026-02-13 16:27:14,343 - __main__ - ERROR -   - vulnerabilities (directory not found: collected_data\20260210_201344\vulnerabilities)
2026-02-13 16:27:14,343 - __main__ - ERROR - 
Please retry data collection before proceeding with extraction.
2026-02-13 16:27:14,343 - __main__ - ERROR - The data collector will automatically retry failed collections.
2026-02-13 16:27:14,343 - __main__ - ERROR - Error during extraction: Collection verification failed. 7 collectors have errors.
Traceback (most recent call last):
  File "C:\Users\sgade\OneDrive\Desktop\orbit_node\scripts\extract_nodes.py", line 595, in main
    raise Exception(f"Collection verification failed. {len(failed_collectors)} collectors have errors.")
Exception: Collection verification failed. 7 collectors have errors.
2026-02-13 16:31:16,891 - __main__ - INFO - Loaded graph_config.yaml
2026-02-13 16:31:16,895 - __main__ - INFO - Loaded paths_config.yaml
2026-02-13 16:31:16,899 - __main__ - INFO - Loaded neo4j_config.yaml
2026-02-13 16:31:16,900 - __main__ - INFO - Using latest collected data folder for verification: 20260210_201344
2026-02-13 16:31:16,900 - __main__ - INFO - ============================================================
2026-02-13 16:31:16,900 - __main__ - INFO - VERIFYING COLLECTION STATUS
2026-02-13 16:31:16,901 - __main__ - INFO - ============================================================
2026-02-13 16:31:16,917 - __main__ - ERROR - ============================================================
2026-02-13 16:31:16,917 - __main__ - ERROR - COLLECTION VERIFICATION FAILED
2026-02-13 16:31:16,917 - __main__ - ERROR - ============================================================
2026-02-13 16:31:16,917 - __main__ - ERROR - Found 6 failed collectors:
2026-02-13 16:31:16,918 - __main__ - ERROR -   - agents_manager (error in All_Agents.json)
2026-02-13 16:31:16,918 - __main__ - ERROR -   - host (errors found in agent files)
2026-02-13 16:31:16,918 - __main__ - ERROR -   - packages (errors found in agent files)
2026-02-13 16:31:16,918 - __main__ - ERROR -   - hardware (errors found in agent files)
2026-02-13 16:31:16,918 - __main__ - ERROR -   - fim (errors found in agent files)
2026-02-13 16:31:16,919 - __main__ - ERROR -   - groups (error in Groups_List.json)
2026-02-13 16:31:16,919 - __main__ - ERROR - 
Please retry data collection before proceeding with extraction.
2026-02-13 16:31:16,919 - __main__ - ERROR - The data collector will automatically retry failed collections.
2026-02-13 16:31:16,919 - __main__ - ERROR - Error during extraction: Collection verification failed. 6 collectors have errors.
Traceback (most recent call last):
  File "C:\Users\sgade\OneDrive\Desktop\orbit_node\scripts\extract_nodes.py", line 673, in main
    raise Exception(f"Collection verification failed. {len(failed_collectors)} collectors have errors.")
Exception: Collection verification failed. 6 collectors have errors.
2026-02-13 16:32:12,384 - __main__ - INFO - Loaded graph_config.yaml
2026-02-13 16:32:12,389 - __main__ - INFO - Loaded paths_config.yaml
2026-02-13 16:32:12,392 - __main__ - INFO - Loaded neo4j_config.yaml
2026-02-13 16:32:12,393 - __main__ - INFO - Using latest collected data folder for verification: 20260210_201344
2026-02-13 16:32:12,393 - __main__ - INFO - ============================================================
2026-02-13 16:32:12,393 - __main__ - INFO - VERIFYING COLLECTION STATUS
2026-02-13 16:32:12,394 - __main__ - INFO - ============================================================
2026-02-13 16:32:12,405 - __main__ - ERROR - ============================================================
2026-02-13 16:32:12,406 - __main__ - ERROR - COLLECTION VERIFICATION FAILED
2026-02-13 16:32:12,406 - __main__ - ERROR - ============================================================
2026-02-13 16:32:12,406 - __main__ - ERROR - Found 6 failed collectors:
2026-02-13 16:32:12,407 - __main__ - ERROR -   - agents_manager (error in All_Agents.json)
2026-02-13 16:32:12,407 - __main__ - ERROR -   - host (errors found in agent files)
2026-02-13 16:32:12,407 - __main__ - ERROR -   - packages (errors found in agent files)
2026-02-13 16:32:12,407 - __main__ - ERROR -   - hardware (errors found in agent files)
2026-02-13 16:32:12,407 - __main__ - ERROR -   - fim (errors found in agent files)
2026-02-13 16:32:12,408 - __main__ - ERROR -   - groups (error in Groups_List.json)
2026-02-13 16:32:12,408 - __main__ - ERROR - 
Please retry data collection before proceeding with extraction.
2026-02-13 16:32:12,408 - __main__ - ERROR - The data collector will automatically retry failed collections.
2026-02-13 16:32:12,408 - __main__ - ERROR - Error during extraction: Collection verification failed. 6 collectors have errors.
Traceback (most recent call last):
  File "C:\Users\sgade\OneDrive\Desktop\orbit_node\scripts\extract_nodes.py", line 673, in main
    raise Exception(f"Collection verification failed. {len(failed_collectors)} collectors have errors.")
Exception: Collection verification failed. 6 collectors have errors.
2026-02-13 16:33:16,016 - __main__ - INFO - Loaded graph_config.yaml
2026-02-13 16:33:16,021 - __main__ - INFO - Loaded paths_config.yaml
2026-02-13 16:33:16,023 - __main__ - INFO - Loaded neo4j_config.yaml
2026-02-13 16:33:16,024 - __main__ - INFO - Using latest collected data folder for verification: 20260210_201344
2026-02-13 16:33:16,024 - __main__ - INFO - ============================================================
2026-02-13 16:33:16,024 - __main__ - INFO - VERIFYING COLLECTION STATUS
2026-02-13 16:33:16,024 - __main__ - INFO - ============================================================
2026-02-13 16:33:16,037 - __main__ - ERROR - ============================================================
2026-02-13 16:33:16,038 - __main__ - ERROR - COLLECTION VERIFICATION FAILED
2026-02-13 16:33:16,038 - __main__ - ERROR - ============================================================
2026-02-13 16:33:16,038 - __main__ - ERROR - Found 6 failed collectors:
2026-02-13 16:33:16,038 - __main__ - ERROR -   - agents_manager (error in All_Agents.json)
2026-02-13 16:33:16,039 - __main__ - ERROR -   - host (errors found in agent files)
2026-02-13 16:33:16,039 - __main__ - ERROR -   - packages (errors found in agent files)
2026-02-13 16:33:16,039 - __main__ - ERROR -   - hardware (errors found in agent files)
2026-02-13 16:33:16,039 - __main__ - ERROR -   - fim (errors found in agent files)
2026-02-13 16:33:16,039 - __main__ - ERROR -   - groups (error in Groups_List.json)
2026-02-13 16:33:16,039 - __main__ - ERROR - 
Please retry data collection before proceeding with extraction.
2026-02-13 16:33:16,040 - __main__ - ERROR - The data collector will automatically retry failed collections.
2026-02-13 16:33:16,040 - __main__ - ERROR - Error during extraction: Collection verification failed. 6 collectors have errors.
Traceback (most recent call last):
  File "C:\Users\sgade\OneDrive\Desktop\orbit_node\scripts\extract_nodes.py", line 673, in main
    raise Exception(f"Collection verification failed. {len(failed_collectors)} collectors have errors.")
Exception: Collection verification failed. 6 collectors have errors.
2026-02-13 16:36:42,346 - __main__ - INFO - Loaded graph_config.yaml
2026-02-13 16:36:42,351 - __main__ - INFO - Loaded paths_config.yaml
2026-02-13 16:36:42,354 - __main__ - INFO - Loaded neo4j_config.yaml
2026-02-13 16:36:42,355 - __main__ - INFO - Using latest collected data folder for verification: 20260210_201344
2026-02-13 16:36:42,355 - __main__ - INFO - ============================================================
2026-02-13 16:36:42,355 - __main__ - INFO - VERIFYING COLLECTION STATUS
2026-02-13 16:36:42,355 - __main__ - INFO - ============================================================
2026-02-13 16:36:42,356 - __main__ - INFO - Verifying collections in base directory: C:\Users\sgade\OneDrive\Desktop\orbit_node\collected_data\20260210_201344
2026-02-13 16:36:42,454 - __main__ - INFO - ============================================================
2026-02-13 16:36:42,454 - __main__ - INFO - ============================================================
2026-02-13 16:36:42,454 - __main__ - INFO - EXTRACTING ALL NODE TYPES
2026-02-13 16:36:42,454 - __main__ - INFO - ============================================================
2026-02-13 16:36:42,454 - __main__ - INFO - Found 6 node types to extract: asset, host, software, vulnerability, assetgroup, hardware
2026-02-13 16:36:42,454 - __main__ - INFO - ============================================================
2026-02-13 16:36:42,455 - __main__ - INFO - ASSET Node Extraction Started
2026-02-13 16:36:42,455 - __main__ - INFO - ============================================================
2026-02-13 16:36:42,455 - __main__ - INFO - Using latest collected data folder: 20260210_201344
2026-02-13 16:36:42,455 - __main__ - INFO - Full path: C:\Users\sgade\OneDrive\Desktop\orbit_node\collected_data\20260210_201344
2026-02-13 16:36:42,455 - __main__ - INFO - 
Extracting asset nodes from collected data...
2026-02-13 16:36:42,456 - __main__ - WARNING - No asset nodes file found. Cannot determine agent IDs automatically.
2026-02-13 16:36:42,456 - __main__ - INFO - Successfully extracted 0 asset nodes
2026-02-13 16:36:42,456 - __main__ - INFO - 
Saving extracted asset nodes...
2026-02-13 16:36:42,458 - __main__ - INFO - Saved 0 asset nodes to: C:\Users\sgade\OneDrive\Desktop\orbit_node\extracted_data\20260213_163642\asset_nodes_20260213_163642.json
2026-02-13 16:36:42,458 - __main__ - INFO - 
============================================================
2026-02-13 16:36:42,458 - __main__ - INFO - ASSET Node Extraction Completed!
2026-02-13 16:36:42,458 - __main__ - INFO - Extracted 0 asset nodes
2026-02-13 16:36:42,459 - __main__ - INFO - Output file: C:\Users\sgade\OneDrive\Desktop\orbit_node\extracted_data\20260213_163642\asset_nodes_20260213_163642.json
2026-02-13 16:36:42,459 - __main__ - INFO - ============================================================
2026-02-13 16:36:42,459 - __main__ - INFO - ============================================================
2026-02-13 16:36:42,459 - __main__ - INFO - HOST Node Extraction Started
2026-02-13 16:36:42,459 - __main__ - INFO - ============================================================
2026-02-13 16:36:42,460 - __main__ - INFO - Using latest collected data folder: 20260210_201344
2026-02-13 16:36:42,460 - __main__ - INFO - Full path: C:\Users\sgade\OneDrive\Desktop\orbit_node\collected_data\20260210_201344
2026-02-13 16:36:42,460 - __main__ - INFO - 
Extracting host nodes from collected data...
2026-02-13 16:36:42,461 - __main__ - INFO - Found 0 agent IDs from asset nodes file: C:\Users\sgade\OneDrive\Desktop\orbit_node\extracted_data\20260213_163642\asset_nodes_20260213_163642.json
2026-02-13 16:36:42,462 - __main__ - INFO - Successfully extracted 0 host nodes
2026-02-13 16:36:42,462 - __main__ - INFO - 
Saving extracted host nodes...
2026-02-13 16:36:42,463 - __main__ - INFO - Saved 0 host nodes to: C:\Users\sgade\OneDrive\Desktop\orbit_node\extracted_data\20260213_163642\host_nodes_20260213_163642.json
2026-02-13 16:36:42,463 - __main__ - INFO - 
============================================================
2026-02-13 16:36:42,463 - __main__ - INFO - HOST Node Extraction Completed!
2026-02-13 16:36:42,463 - __main__ - INFO - Extracted 0 host nodes
2026-02-13 16:36:42,464 - __main__ - INFO - Output file: C:\Users\sgade\OneDrive\Desktop\orbit_node\extracted_data\20260213_163642\host_nodes_20260213_163642.json
2026-02-13 16:36:42,464 - __main__ - INFO - ============================================================
2026-02-13 16:36:42,464 - __main__ - INFO - ============================================================
2026-02-13 16:36:42,464 - __main__ - INFO - SOFTWARE Node Extraction Started
2026-02-13 16:36:42,464 - __main__ - INFO - ============================================================
2026-02-13 16:36:42,465 - __main__ - INFO - Using latest collected data folder: 20260210_201344
2026-02-13 16:36:42,465 - __main__ - INFO - Full path: C:\Users\sgade\OneDrive\Desktop\orbit_node\collected_data\20260210_201344
2026-02-13 16:36:42,465 - __main__ - INFO - 
Extracting software nodes from collected data...
2026-02-13 16:36:42,466 - __main__ - INFO - Found 0 agent IDs from asset nodes file: C:\Users\sgade\OneDrive\Desktop\orbit_node\extracted_data\20260213_163642\asset_nodes_20260213_163642.json
2026-02-13 16:36:42,466 - __main__ - INFO - Successfully extracted 0 software nodes
2026-02-13 16:36:42,466 - __main__ - INFO - 
Saving extracted software nodes...
2026-02-13 16:36:42,468 - __main__ - INFO - Saved 0 software nodes to: C:\Users\sgade\OneDrive\Desktop\orbit_node\extracted_data\20260213_163642\software_nodes_20260213_163642.json
2026-02-13 16:36:42,468 - __main__ - INFO - 
============================================================
2026-02-13 16:36:42,469 - __main__ - INFO - SOFTWARE Node Extraction Completed!
2026-02-13 16:36:42,469 - __main__ - INFO - Extracted 0 software nodes
2026-02-13 16:36:42,469 - __main__ - INFO - Output file: C:\Users\sgade\OneDrive\Desktop\orbit_node\extracted_data\20260213_163642\software_nodes_20260213_163642.json
2026-02-13 16:36:42,469 - __main__ - INFO - ============================================================
2026-02-13 16:36:42,469 - __main__ - INFO - ============================================================
2026-02-13 16:36:42,470 - __main__ - INFO - VULNERABILITY Node Extraction Started
2026-02-13 16:36:42,470 - __main__ - INFO - ============================================================
2026-02-13 16:36:42,470 - __main__ - INFO - Using latest collected data folder: 20260210_201344
2026-02-13 16:36:42,470 - __main__ - INFO - Full path: C:\Users\sgade\OneDrive\Desktop\orbit_node\collected_data\20260210_201344
2026-02-13 16:36:42,470 - __main__ - INFO - 
Extracting vulnerability nodes from collected data...
2026-02-13 16:36:42,471 - __main__ - INFO - Found 0 agent IDs from asset nodes file: C:\Users\sgade\OneDrive\Desktop\orbit_node\extracted_data\20260213_163642\asset_nodes_20260213_163642.json
2026-02-13 16:36:42,471 - __main__ - INFO - Successfully extracted 0 vulnerability nodes
2026-02-13 16:36:42,472 - __main__ - INFO - 
Saving extracted vulnerability nodes...
2026-02-13 16:36:42,473 - __main__ - INFO - Saved 0 vulnerability nodes to: C:\Users\sgade\OneDrive\Desktop\orbit_node\extracted_data\20260213_163642\vulnerability_nodes_20260213_163642.json
2026-02-13 16:36:42,473 - __main__ - INFO - 
============================================================
2026-02-13 16:36:42,473 - __main__ - INFO - VULNERABILITY Node Extraction Completed!
2026-02-13 16:36:42,473 - __main__ - INFO - Extracted 0 vulnerability nodes
2026-02-13 16:36:42,473 - __main__ - INFO - Output file: C:\Users\sgade\OneDrive\Desktop\orbit_node\extracted_data\20260213_163642\vulnerability_nodes_20260213_163642.json
2026-02-13 16:36:42,473 - __main__ - INFO - ============================================================
2026-02-13 16:36:42,473 - __main__ - INFO - ============================================================
2026-02-13 16:36:42,474 - __main__ - INFO - ASSETGROUP Node Extraction Started
2026-02-13 16:36:42,474 - __main__ - INFO - ============================================================
2026-02-13 16:36:42,474 - __main__ - INFO - Using latest collected data folder: 20260210_201344
2026-02-13 16:36:42,474 - __main__ - INFO - Full path: C:\Users\sgade\OneDrive\Desktop\orbit_node\collected_data\20260210_201344
2026-02-13 16:36:42,474 - __main__ - INFO - 
Extracting assetgroup nodes from collected data...
2026-02-13 16:36:42,475 - __main__ - INFO - Found 0 agent IDs from asset nodes file: C:\Users\sgade\OneDrive\Desktop\orbit_node\extracted_data\20260213_163642\asset_nodes_20260213_163642.json
2026-02-13 16:36:42,475 - __main__ - WARNING - Skipping assetgroup node due to missing required properties: ['event_id']
2026-02-13 16:36:42,476 - __main__ - INFO - Successfully extracted 0 assetgroup nodes
2026-02-13 16:36:42,476 - __main__ - INFO - 
Saving extracted assetgroup nodes...
2026-02-13 16:36:42,477 - __main__ - INFO - Saved 0 assetgroup nodes to: C:\Users\sgade\OneDrive\Desktop\orbit_node\extracted_data\20260213_163642\assetgroup_nodes_20260213_163642.json
2026-02-13 16:36:42,477 - __main__ - INFO - 
============================================================
2026-02-13 16:36:42,478 - __main__ - INFO - ASSETGROUP Node Extraction Completed!
2026-02-13 16:36:42,478 - __main__ - INFO - Extracted 0 assetgroup nodes
2026-02-13 16:36:42,478 - __main__ - INFO - Output file: C:\Users\sgade\OneDrive\Desktop\orbit_node\extracted_data\20260213_163642\assetgroup_nodes_20260213_163642.json
2026-02-13 16:36:42,478 - __main__ - INFO - ============================================================
2026-02-13 16:36:42,479 - __main__ - INFO - ============================================================
2026-02-13 16:36:42,479 - __main__ - INFO - HARDWARE Node Extraction Started
2026-02-13 16:36:42,479 - __main__ - INFO - ============================================================
2026-02-13 16:36:42,479 - __main__ - INFO - Using latest collected data folder: 20260210_201344
2026-02-13 16:36:42,480 - __main__ - INFO - Full path: C:\Users\sgade\OneDrive\Desktop\orbit_node\collected_data\20260210_201344
2026-02-13 16:36:42,480 - __main__ - INFO - 
Extracting hardware nodes from collected data...
2026-02-13 16:36:42,481 - __main__ - INFO - Found 0 agent IDs from asset nodes file: C:\Users\sgade\OneDrive\Desktop\orbit_node\extracted_data\20260213_163642\asset_nodes_20260213_163642.json
2026-02-13 16:36:42,482 - __main__ - INFO - Successfully extracted 0 hardware nodes
2026-02-13 16:36:42,482 - __main__ - INFO - 
Saving extracted hardware nodes...
2026-02-13 16:36:42,483 - __main__ - INFO - Saved 0 hardware nodes to: C:\Users\sgade\OneDrive\Desktop\orbit_node\extracted_data\20260213_163642\hardware_nodes_20260213_163642.json
2026-02-13 16:36:42,483 - __main__ - INFO - 
============================================================
2026-02-13 16:36:42,484 - __main__ - INFO - HARDWARE Node Extraction Completed!
2026-02-13 16:36:42,484 - __main__ - INFO - Extracted 0 hardware nodes
2026-02-13 16:36:42,484 - __main__ - INFO - Output file: C:\Users\sgade\OneDrive\Desktop\orbit_node\extracted_data\20260213_163642\hardware_nodes_20260213_163642.json
2026-02-13 16:36:42,484 - __main__ - INFO - ============================================================
2026-02-13 16:40:39,584 - __main__ - INFO - Loaded graph_config.yaml
2026-02-13 16:40:39,590 - __main__ - INFO - Loaded paths_config.yaml
2026-02-13 16:40:39,593 - __main__ - INFO - Loaded neo4j_config.yaml
2026-02-13 16:40:39,594 - __main__ - INFO - Using latest collected data folder for verification: 20260210_201344
2026-02-13 16:40:39,594 - __main__ - INFO - ============================================================
2026-02-13 16:40:39,594 - __main__ - INFO - VERIFYING COLLECTION STATUS
2026-02-13 16:40:39,594 - __main__ - INFO - ============================================================
2026-02-13 16:40:39,594 - __main__ - INFO - Verifying collections in base directory: C:\Users\sgade\OneDrive\Desktop\orbit_node\collected_data\20260210_201344
2026-02-13 16:40:39,691 - __main__ - INFO - ============================================================
2026-02-13 16:40:39,691 - __main__ - INFO - ============================================================
2026-02-13 16:40:39,692 - __main__ - INFO - EXTRACTING ALL NODE TYPES
2026-02-13 16:40:39,692 - __main__ - INFO - ============================================================
2026-02-13 16:40:39,692 - __main__ - INFO - Found 6 node types to extract: asset, host, software, vulnerability, assetgroup, hardware
2026-02-13 16:40:39,692 - __main__ - INFO - ============================================================
2026-02-13 16:40:39,692 - __main__ - INFO - ASSET Node Extraction Started
2026-02-13 16:40:39,692 - __main__ - INFO - ============================================================
2026-02-13 16:40:39,693 - __main__ - INFO - Using latest collected data folder: 20260210_201344
2026-02-13 16:40:39,693 - __main__ - INFO - Full path: C:\Users\sgade\OneDrive\Desktop\orbit_node\collected_data\20260210_201344
2026-02-13 16:40:39,693 - __main__ - INFO - 
Extracting asset nodes from collected data...
2026-02-13 16:40:39,693 - __main__ - INFO - Loading asset data from summary file (per_agent: false)
2026-02-13 16:40:39,693 - __main__ - INFO - Loading asset data from: C:\Users\sgade\OneDrive\Desktop\orbit_node\collected_data\20260210_201344\agents_manager
2026-02-13 16:40:39,693 - __main__ - INFO - File pattern: All_Agents.json, per_agent: False, agent_ids: None
2026-02-13 16:40:39,693 - __main__ - INFO - Loading summary file: C:\Users\sgade\OneDrive\Desktop\orbit_node\collected_data\20260210_201344\agents_manager\All_Agents.json
2026-02-13 16:40:39,694 - __main__ - INFO - Loaded 5 items from C:\Users\sgade\OneDrive\Desktop\orbit_node\collected_data\20260210_201344\agents_manager\All_Agents.json
2026-02-13 16:40:39,694 - __main__ - INFO - Total items loaded for asset: 5
2026-02-13 16:40:39,694 - __main__ - WARNING - Skipping asset node due to missing required properties: ['event_id']
2026-02-13 16:40:39,695 - __main__ - WARNING - Skipping asset node due to missing required properties: ['event_id']
2026-02-13 16:40:39,695 - __main__ - WARNING - Skipping asset node due to missing required properties: ['event_id']
2026-02-13 16:40:39,695 - __main__ - WARNING - Skipping asset node due to missing required properties: ['event_id']
2026-02-13 16:40:39,695 - __main__ - WARNING - Skipping asset node due to missing required properties: ['event_id']
2026-02-13 16:40:39,696 - __main__ - INFO - Successfully extracted 0 asset nodes
2026-02-13 16:40:39,696 - __main__ - INFO - 
Saving extracted asset nodes...
2026-02-13 16:40:39,697 - __main__ - INFO - Saved 0 asset nodes to: C:\Users\sgade\OneDrive\Desktop\orbit_node\extracted_data\20260213_163642\asset_nodes_20260213_164039.json
2026-02-13 16:40:39,697 - __main__ - INFO - 
============================================================
2026-02-13 16:40:39,698 - __main__ - INFO - ASSET Node Extraction Completed!
2026-02-13 16:40:39,698 - __main__ - INFO - Extracted 0 asset nodes
2026-02-13 16:40:39,698 - __main__ - INFO - Output file: C:\Users\sgade\OneDrive\Desktop\orbit_node\extracted_data\20260213_163642\asset_nodes_20260213_164039.json
2026-02-13 16:40:39,698 - __main__ - INFO - ============================================================
2026-02-13 16:40:39,698 - __main__ - INFO - ============================================================
2026-02-13 16:40:39,698 - __main__ - INFO - HOST Node Extraction Started
2026-02-13 16:40:39,699 - __main__ - INFO - ============================================================
2026-02-13 16:40:39,699 - __main__ - INFO - Using latest collected data folder: 20260210_201344
2026-02-13 16:40:39,699 - __main__ - INFO - Full path: C:\Users\sgade\OneDrive\Desktop\orbit_node\collected_data\20260210_201344
2026-02-13 16:40:39,700 - __main__ - INFO - 
Extracting host nodes from collected data...
2026-02-13 16:40:39,700 - __main__ - INFO - Loading host data requires agent IDs (per_agent: true)
2026-02-13 16:40:39,700 - __main__ - INFO - Found 5 agent IDs from All_Agents.json: ['000', '001', '002', '003', '004']
2026-02-13 16:40:39,701 - __main__ - INFO - Loading host data from: C:\Users\sgade\OneDrive\Desktop\orbit_node\collected_data\20260210_201344\host
2026-02-13 16:40:39,701 - __main__ - INFO - File pattern: Syscollector_OS_Info_{agent_id}.json, per_agent: True, agent_ids: ['000', '001', '002', '003', '004']
2026-02-13 16:40:39,702 - __main__ - INFO - Total items loaded for host: 5
2026-02-13 16:40:39,703 - __main__ - WARNING - Skipping host node due to missing required properties: ['event_id']
2026-02-13 16:40:39,703 - __main__ - WARNING - Skipping host node due to missing required properties: ['event_id']
2026-02-13 16:40:39,703 - __main__ - WARNING - Skipping host node due to missing required properties: ['event_id']
2026-02-13 16:40:39,703 - __main__ - WARNING - Skipping host node due to missing required properties: ['event_id']
2026-02-13 16:40:39,703 - __main__ - WARNING - Skipping host node due to missing required properties: ['event_id']
2026-02-13 16:40:39,703 - __main__ - INFO - Successfully extracted 0 host nodes
2026-02-13 16:40:39,704 - __main__ - INFO - 
Saving extracted host nodes...
2026-02-13 16:40:39,706 - __main__ - INFO - Saved 0 host nodes to: C:\Users\sgade\OneDrive\Desktop\orbit_node\extracted_data\20260213_163642\host_nodes_20260213_164039.json
2026-02-13 16:40:39,706 - __main__ - INFO - 
============================================================
2026-02-13 16:40:39,706 - __main__ - INFO - HOST Node Extraction Completed!
2026-02-13 16:40:39,706 - __main__ - INFO - Extracted 0 host nodes
2026-02-13 16:40:39,707 - __main__ - INFO - Output file: C:\Users\sgade\OneDrive\Desktop\orbit_node\extracted_data\20260213_163642\host_nodes_20260213_164039.json
2026-02-13 16:40:39,707 - __main__ - INFO - ============================================================
2026-02-13 16:40:39,707 - __main__ - INFO - ============================================================
2026-02-13 16:40:39,707 - __main__ - INFO - SOFTWARE Node Extraction Started
2026-02-13 16:40:39,707 - __main__ - INFO - ============================================================
2026-02-13 16:40:39,708 - __main__ - INFO - Using latest collected data folder: 20260210_201344
2026-02-13 16:40:39,708 - __main__ - INFO - Full path: C:\Users\sgade\OneDrive\Desktop\orbit_node\collected_data\20260210_201344
2026-02-13 16:40:39,708 - __main__ - INFO - 
Extracting software nodes from collected data...
2026-02-13 16:40:39,708 - __main__ - INFO - Loading software data requires agent IDs (per_agent: true)
2026-02-13 16:40:39,709 - __main__ - INFO - Found 5 agent IDs from All_Agents.json: ['000', '001', '002', '003', '004']
2026-02-13 16:40:39,709 - __main__ - INFO - Loading software data from: C:\Users\sgade\OneDrive\Desktop\orbit_node\collected_data\20260210_201344\packages
2026-02-13 16:40:39,709 - __main__ - INFO - File pattern: Syscollector_Packages_{agent_id}.json, per_agent: True, agent_ids: ['000', '001', '002', '003', '004']
2026-02-13 16:40:39,714 - __main__ - INFO - Total items loaded for software: 726
2026-02-13 16:40:39,714 - __main__ - WARNING - Skipping software node due to missing required properties: ['event_id']
2026-02-13 16:40:39,714 - __main__ - WARNING - Skipping software node due to missing required properties: ['event_id']
2026-02-13 16:40:39,714 - __main__ - WARNING - Skipping software node due to missing required properties: ['event_id']
2026-02-13 16:40:39,714 - __main__ - WARNING - Skipping software node due to missing required properties: ['event_id']
2026-02-13 16:40:39,715 - __main__ - WARNING - Skipping software node due to missing required properties: ['event_id']
2026-02-13 16:40:39,715 - __main__ - WARNING - Skipping software node due to missing required properties: ['event_id']
2026-02-13 16:40:39,715 - __main__ - WARNING - Skipping software node due to missing required properties: ['event_id']
2026-02-13 16:40:39,715 - __main__ - WARNING - Skipping software node due to missing required properties: ['event_id']
2026-02-13 16:40:39,715 - __main__ - WARNING - Skipping software node due to missing required properties: ['event_id']
2026-02-13 16:40:39,716 - __main__ - WARNING - Skipping software node due to missing required properties: ['event_id']
2026-02-13 16:40:39,716 - __main__ - WARNING - Skipping software node due to missing required properties: ['event_id']
2026-02-13 16:40:39,716 - __main__ - WARNING - Skipping software node due to missing required properties: ['event_id']
2026-02-13 16:40:39,716 - __main__ - WARNING - Skipping software node due to missing required properties: ['event_id']
2026-02-13 16:40:39,716 - __main__ - WARNING - Skipping software node due to missing required properties: ['event_id']
2026-02-13 16:40:39,716 - __main__ - WARNING - Skipping software node due to missing required properties: ['event_id']
2026-02-13 16:40:39,716 - __main__ - WARNING - Skipping software node due to missing required properties: ['event_id']
2026-02-13 16:40:39,716 - __main__ - WARNING - Skipping software node due to missing required properties: ['event_id']
2026-02-13 16:40:39,717 - __main__ - WARNING - Skipping software node due to missing required properties: ['event_id']
2026-02-13 16:40:39,717 - __main__ - WARNING - Skipping software node due to missing required properties: ['event_id']
2026-02-13 16:40:39,717 - __main__ - WARNING - Skipping software node due to missing required properties: ['event_id']
2026-02-13 16:40:39,717 - __main__ - WARNING - Skipping software node due to missing required properties: ['event_id']
2026-02-13 16:40:39,717 - __main__ - WARNING - Skipping software node due to missing required properties: ['event_id']
2026-02-13 16:40:39,717 - __main__ - WARNING - Skipping software node due to missing required properties: ['event_id']
2026-02-13 16:40:39,718 - __main__ - WARNING - Skipping software node due to missing required properties: ['event_id']
2026-02-13 16:40:39,718 - __main__ - WARNING - Skipping software node due to missing required properties: ['event_id']
2026-02-13 16:40:39,718 - __main__ - WARNING - Skipping software node due to missing required properties: ['event_id']
2026-02-13 16:40:39,718 - __main__ - WARNING - Skipping software node due to missing required properties: ['event_id']
2026-02-13 16:40:39,718 - __main__ - WARNING - Skipping software node due to missing required properties: ['event_id']
2026-02-13 16:40:39,718 - __main__ - WARNING - Skipping software node due to missing required properties: ['event_id']
2026-02-13 16:40:39,718 - __main__ - WARNING - Skipping software node due to missing required properties: ['event_id']
2026-02-13 16:40:39,718 - __main__ - WARNING - Skipping software node due to missing required properties: ['event_id']
2026-02-13 16:40:39,719 - __main__ - WARNING - Skipping software node due to missing required properties: ['event_id']
2026-02-13 16:40:39,719 - __main__ - WARNING - Skipping software node due to missing required properties: ['event_id']
2026-02-13 16:40:39,719 - __main__ - WARNING - Skipping software node due to missing required properties: ['event_id']
2026-02-13 16:40:39,719 - __main__ - WARNING - Skipping software node due to missing required properties: ['event_id']
2026-02-13 16:40:39,719 - __main__ - WARNING - Skipping software node due to missing required properties: ['event_id']
2026-02-13 16:40:39,719 - __main__ - WARNING - Skipping software node due to missing required properties: ['event_id']
2026-02-13 16:40:39,719 - __main__ - WARNING - Skipping software node due to missing required properties: ['event_id']
2026-02-13 16:40:39,720 - __main__ - WARNING - Skipping software node due to missing required properties: ['event_id']
2026-02-13 16:40:39,720 - __main__ - WARNING - Skipping software node due to missing required properties: ['event_id']
2026-02-13 16:40:39,720 - __main__ - WARNING - Skipping software node due to missing required properties: ['event_id']
2026-02-13 16:40:39,721 - __main__ - WARNING - Skipping software node due to missing required properties: ['event_id']
2026-02-13 16:40:39,721 - __main__ - WARNING - Skipping software node due to missing required properties: ['event_id']
2026-02-13 16:40:39,721 - __main__ - WARNING - Skipping software node due to missing required properties: ['event_id']
2026-02-13 16:40:39,721 - __main__ - WARNING - Skipping software node due to missing required properties: ['event_id']
2026-02-13 16:40:39,721 - __main__ - WARNING - Skipping software node due to missing required properties: ['event_id']
2026-02-13 16:40:39,722 - __main__ - WARNING - Skipping software node due to missing required properties: ['event_id']
2026-02-13 16:40:39,722 - __main__ - WARNING - Skipping software node due to missing required properties: ['event_id']
2026-02-13 16:40:39,722 - __main__ - WARNING - Skipping software node due to missing required properties: ['event_id']
2026-02-13 16:40:39,722 - __main__ - WARNING - Skipping software node due to missing required properties: ['event_id']
2026-02-13 16:40:39,722 - __main__ - WARNING - Skipping software node due to missing required properties: ['event_id']
2026-02-13 16:40:39,723 - __main__ - WARNING - Skipping software node due to missing required properties: ['event_id']
2026-02-13 16:40:39,723 - __main__ - WARNING - Skipping software node due to missing required properties: ['event_id']
2026-02-13 16:40:39,723 - __main__ - WARNING - Skipping software node due to missing required properties: ['event_id']
2026-02-13 16:40:39,723 - __main__ - WARNING - Skipping software node due to missing required properties: ['event_id']
2026-02-13 16:40:39,723 - __main__ - WARNING - Skipping software node due to missing required properties: ['event_id']
2026-02-13 16:40:39,723 - __main__ - WARNING - Skipping software node due to missing required properties: ['event_id']
2026-02-13 16:40:39,724 - __main__ - WARNING - Skipping software node due to missing required properties: ['event_id']
2026-02-13 16:40:39,724 - __main__ - WARNING - Skipping software node due to missing required properties: ['event_id']
2026-02-13 16:40:39,724 - __main__ - WARNING - Skipping software node due to missing required properties: ['event_id']
2026-02-13 16:40:39,724 - __main__ - WARNING - Skipping software node due to missing required properties: ['event_id']
2026-02-13 16:40:39,724 - __main__ - WARNING - Skipping software node due to missing required properties: ['event_id']
2026-02-13 16:40:39,725 - __main__ - WARNING - Skipping software node due to missing required properties: ['event_id']
2026-02-13 16:40:39,725 - __main__ - WARNING - Skipping software node due to missing required properties: ['event_id']
2026-02-13 16:40:39,725 - __main__ - WARNING - Skipping software node due to missing required properties: ['event_id']
2026-02-13 16:40:39,725 - __main__ - WARNING - Skipping software node due to missing required properties: ['event_id']
2026-02-13 16:40:39,726 - __main__ - WARNING - Skipping software node due to missing required properties: ['event_id']
2026-02-13 16:40:39,726 - __main__ - WARNING - Skipping software node due to missing required properties: ['event_id']
2026-02-13 16:40:39,726 - __main__ - WARNING - Skipping software node due to missing required properties: ['event_id']
2026-02-13 16:40:39,726 - __main__ - WARNING - Skipping software node due to missing required properties: ['event_id']
2026-02-13 16:40:39,726 - __main__ - WARNING - Skipping software node due to missing required properties: ['event_id']
2026-02-13 16:40:39,727 - __main__ - WARNING - Skipping software node due to missing required properties: ['event_id']
2026-02-13 16:40:39,727 - __main__ - WARNING - Skipping software node due to missing required properties: ['event_id']
2026-02-13 16:40:39,727 - __main__ - WARNING - Skipping software node due to missing required properties: ['event_id']
2026-02-13 16:40:39,727 - __main__ - WARNING - Skipping software node due to missing required properties: ['event_id']
2026-02-13 16:40:39,727 - __main__ - WARNING - Skipping software node due to missing required properties: ['event_id']
2026-02-13 16:40:39,727 - __main__ - WARNING - Skipping software node due to missing required properties: ['event_id']
2026-02-13 16:40:39,727 - __main__ - WARNING - Skipping software node due to missing required properties: ['event_id']
2026-02-13 16:40:39,728 - __main__ - WARNING - Skipping software node due to missing required properties: ['event_id']
2026-02-13 16:40:39,728 - __main__ - WARNING - Skipping software node due to missing required properties: ['event_id']
2026-02-13 16:40:39,728 - __main__ - WARNING - Skipping software node due to missing required properties: ['event_id']
2026-02-13 16:40:39,728 - __main__ - WARNING - Skipping software node due to missing required properties: ['event_id']
2026-02-13 16:40:39,728 - __main__ - WARNING - Skipping software node due to missing required properties: ['event_id']
2026-02-13 16:40:39,728 - __main__ - WARNING - Skipping software node due to missing required properties: ['event_id']
2026-02-13 16:40:39,728 - __main__ - WARNING - Skipping software node due to missing required properties: ['event_id']
2026-02-13 16:40:39,728 - __main__ - WARNING - Skipping software node due to missing required properties: ['event_id']
2026-02-13 16:40:39,729 - __main__ - WARNING - Skipping software node due to missing required properties: ['event_id']
2026-02-13 16:40:39,729 - __main__ - WARNING - Skipping software node due to missing required properties: ['event_id']
2026-02-13 16:40:39,729 - __main__ - WARNING - Skipping software node due to missing required properties: ['event_id']
2026-02-13 16:40:39,729 - __main__ - WARNING - Skipping software node due to missing required properties: ['event_id']
2026-02-13 16:40:39,729 - __main__ - WARNING - Skipping software node due to missing required properties: ['event_id']
2026-02-13 16:40:39,729 - __main__ - WARNING - Skipping software node due to missing required properties: ['event_id']
2026-02-13 16:40:39,730 - __main__ - WARNING - Skipping software node due to missing required properties: ['event_id']
2026-02-13 16:40:39,730 - __main__ - WARNING - Skipping software node due to missing required properties: ['event_id']
2026-02-13 16:40:39,730 - __main__ - WARNING - Skipping software node due to missing required properties: ['event_id']
2026-02-13 16:40:39,730 - __main__ - WARNING - Skipping software node due to missing required properties: ['event_id']
2026-02-13 16:40:39,731 - __main__ - WARNING - Skipping software node due to missing required properties: ['event_id']
2026-02-13 16:40:39,731 - __main__ - WARNING - Skipping software node due to missing required properties: ['event_id']
2026-02-13 16:40:39,731 - __main__ - WARNING - Skipping software node due to missing required properties: ['event_id']
2026-02-13 16:40:39,731 - __main__ - WARNING - Skipping software node due to missing required properties: ['event_id']
2026-02-13 16:40:39,731 - __main__ - WARNING - Skipping software node due to missing required properties: ['event_id']
2026-02-13 16:40:39,731 - __main__ - WARNING - Skipping software node due to missing required properties: ['event_id']
2026-02-13 16:40:39,732 - __main__ - WARNING - Skipping software node due to missing required properties: ['event_id']
2026-02-13 16:40:39,732 - __main__ - WARNING - Skipping software node due to missing required properties: ['event_id']
2026-02-13 16:40:39,732 - __main__ - WARNING - Skipping software node due to missing required properties: ['event_id']
2026-02-13 16:40:39,732 - __main__ - WARNING - Skipping software node due to missing required properties: ['event_id']
2026-02-13 16:40:39,732 - __main__ - WARNING - Skipping software node due to missing required properties: ['event_id']
2026-02-13 16:40:39,732 - __main__ - WARNING - Skipping software node due to missing required properties: ['event_id']
2026-02-13 16:40:39,732 - __main__ - WARNING - Skipping software node due to missing required properties: ['event_id']
2026-02-13 16:40:39,733 - __main__ - WARNING - Skipping software node due to missing required properties: ['event_id']
2026-02-13 16:40:39,733 - __main__ - WARNING - Skipping software node due to missing required properties: ['event_id']
2026-02-13 16:40:39,733 - __main__ - WARNING - Skipping software node due to missing required properties: ['event_id']
2026-02-13 16:40:39,733 - __main__ - WARNING - Skipping software node due to missing required properties: ['event_id']
2026-02-13 16:40:39,733 - __main__ - WARNING - Skipping software node due to missing required properties: ['event_id']
2026-02-13 16:40:39,733 - __main__ - WARNING - Skipping software node due to missing required properties: ['event_id']
2026-02-13 16:40:39,733 - __main__ - WARNING - Skipping software node due to missing required properties: ['event_id']
2026-02-13 16:40:39,734 - __main__ - WARNING - Skipping software node due to missing required properties: ['event_id']
2026-02-13 16:40:39,734 - __main__ - WARNING - Skipping software node due to missing required properties: ['event_id']
2026-02-13 16:40:39,734 - __main__ - WARNING - Skipping software node due to missing required properties: ['event_id']
2026-02-13 16:40:39,734 - __main__ - WARNING - Skipping software node due to missing required properties: ['event_id']
2026-02-13 16:40:39,734 - __main__ - WARNING - Skipping software node due to missing required properties: ['event_id']
2026-02-13 16:40:39,734 - __main__ - WARNING - Skipping software node due to missing required properties: ['event_id']
2026-02-13 16:40:39,734 - __main__ - WARNING - Skipping software node due to missing required properties: ['event_id']
2026-02-13 16:40:39,734 - __main__ - WARNING - Skipping software node due to missing required properties: ['event_id']
2026-02-13 16:40:39,735 - __main__ - WARNING - Skipping software node due to missing required properties: ['event_id']
2026-02-13 16:40:39,735 - __main__ - WARNING - Skipping software node due to missing required properties: ['event_id']
2026-02-13 16:40:39,735 - __main__ - WARNING - Skipping software node due to missing required properties: ['event_id']
2026-02-13 16:40:39,735 - __main__ - WARNING - Skipping software node due to missing required properties: ['event_id']
2026-02-13 16:40:39,735 - __main__ - WARNING - Skipping software node due to missing required properties: ['event_id']
2026-02-13 16:40:39,735 - __main__ - WARNING - Skipping software node due to missing required properties: ['event_id']
2026-02-13 16:40:39,735 - __main__ - WARNING - Skipping software node due to missing required properties: ['event_id']
2026-02-13 16:40:39,736 - __main__ - WARNING - Skipping software node due to missing required properties: ['event_id']
2026-02-13 16:40:39,736 - __main__ - WARNING - Skipping software node due to missing required properties: ['event_id']
2026-02-13 16:40:39,736 - __main__ - WARNING - Skipping software node due to missing required properties: ['event_id']
2026-02-13 16:40:39,736 - __main__ - WARNING - Skipping software node due to missing required properties: ['event_id']
2026-02-13 16:40:39,736 - __main__ - WARNING - Skipping software node due to missing required properties: ['event_id']
2026-02-13 16:40:39,736 - __main__ - WARNING - Skipping software node due to missing required properties: ['event_id']
2026-02-13 16:40:39,737 - __main__ - WARNING - Skipping software node due to missing required properties: ['event_id']
2026-02-13 16:40:39,737 - __main__ - WARNING - Skipping software node due to missing required properties: ['event_id']
2026-02-13 16:40:39,737 - __main__ - WARNING - Skipping software node due to missing required properties: ['event_id']
2026-02-13 16:40:39,737 - __main__ - WARNING - Skipping software node due to missing required properties: ['event_id']
2026-02-13 16:40:39,738 - __main__ - WARNING - Skipping software node due to missing required properties: ['event_id']
2026-02-13 16:40:39,738 - __main__ - WARNING - Skipping software node due to missing required properties: ['event_id']
2026-02-13 16:40:39,738 - __main__ - WARNING - Skipping software node due to missing required properties: ['event_id']
2026-02-13 16:40:39,738 - __main__ - WARNING - Skipping software node due to missing required properties: ['event_id']
2026-02-13 16:40:39,738 - __main__ - WARNING - Skipping software node due to missing required properties: ['event_id']
2026-02-13 16:40:39,738 - __main__ - WARNING - Skipping software node due to missing required properties: ['event_id']
2026-02-13 16:40:39,738 - __main__ - WARNING - Skipping software node due to missing required properties: ['event_id']
2026-02-13 16:40:39,739 - __main__ - WARNING - Skipping software node due to missing required properties: ['event_id']
2026-02-13 16:40:39,739 - __main__ - WARNING - Skipping software node due to missing required properties: ['event_id']
2026-02-13 16:40:39,739 - __main__ - WARNING - Skipping software node due to missing required properties: ['event_id']
2026-02-13 16:40:39,739 - __main__ - WARNING - Skipping software node due to missing required properties: ['event_id']
2026-02-13 16:40:39,740 - __main__ - WARNING - Skipping software node due to missing required properties: ['event_id']
2026-02-13 16:40:39,740 - __main__ - WARNING - Skipping software node due to missing required properties: ['event_id']
2026-02-13 16:40:39,740 - __main__ - WARNING - Skipping software node due to missing required properties: ['event_id']
2026-02-13 16:40:39,740 - __main__ - WARNING - Skipping software node due to missing required properties: ['event_id']
2026-02-13 16:40:39,741 - __main__ - WARNING - Skipping software node due to missing required properties: ['event_id']
2026-02-13 16:40:39,741 - __main__ - WARNING - Skipping software node due to missing required properties: ['event_id']
2026-02-13 16:40:39,741 - __main__ - WARNING - Skipping software node due to missing required properties: ['event_id']
2026-02-13 16:40:39,741 - __main__ - WARNING - Skipping software node due to missing required properties: ['event_id']
2026-02-13 16:40:39,741 - __main__ - WARNING - Skipping software node due to missing required properties: ['event_id']
2026-02-13 16:40:39,741 - __main__ - WARNING - Skipping software node due to missing required properties: ['event_id']
2026-02-13 16:40:39,742 - __main__ - WARNING - Skipping software node due to missing required properties: ['event_id']
2026-02-13 16:40:39,742 - __main__ - WARNING - Skipping software node due to missing required properties: ['event_id']
2026-02-13 16:40:39,742 - __main__ - WARNING - Skipping software node due to missing required properties: ['event_id']
2026-02-13 16:40:39,742 - __main__ - WARNING - Skipping software node due to missing required properties: ['event_id']
2026-02-13 16:40:39,742 - __main__ - WARNING - Skipping software node due to missing required properties: ['event_id']
2026-02-13 16:40:39,742 - __main__ - WARNING - Skipping software node due to missing required properties: ['event_id']
2026-02-13 16:40:39,742 - __main__ - WARNING - Skipping software node due to missing required properties: ['event_id']
2026-02-13 16:40:39,743 - __main__ - WARNING - Skipping software node due to missing required properties: ['event_id']
2026-02-13 16:40:39,743 - __main__ - WARNING - Skipping software node due to missing required properties: ['event_id']
2026-02-13 16:40:39,743 - __main__ - WARNING - Skipping software node due to missing required properties: ['event_id']
2026-02-13 16:40:39,743 - __main__ - WARNING - Skipping software node due to missing required properties: ['event_id']
2026-02-13 16:40:39,743 - __main__ - WARNING - Skipping software node due to missing required properties: ['event_id']
2026-02-13 16:40:39,744 - __main__ - WARNING - Skipping software node due to missing required properties: ['event_id']
2026-02-13 16:40:39,744 - __main__ - WARNING - Skipping software node due to missing required properties: ['event_id']
2026-02-13 16:40:39,744 - __main__ - WARNING - Skipping software node due to missing required properties: ['event_id']
2026-02-13 16:40:39,744 - __main__ - WARNING - Skipping software node due to missing required properties: ['event_id']
2026-02-13 16:40:39,744 - __main__ - WARNING - Skipping software node due to missing required properties: ['event_id']
2026-02-13 16:40:39,744 - __main__ - WARNING - Skipping software node due to missing required properties: ['event_id']
2026-02-13 16:40:39,745 - __main__ - WARNING - Skipping software node due to missing required properties: ['event_id']
2026-02-13 16:40:39,745 - __main__ - WARNING - Skipping software node due to missing required properties: ['event_id']
2026-02-13 16:40:39,745 - __main__ - WARNING - Skipping software node due to missing required properties: ['event_id']
2026-02-13 16:40:39,745 - __main__ - WARNING - Skipping software node due to missing required properties: ['event_id']
2026-02-13 16:40:39,745 - __main__ - WARNING - Skipping software node due to missing required properties: ['event_id']
2026-02-13 16:40:39,745 - __main__ - WARNING - Skipping software node due to missing required properties: ['event_id']
2026-02-13 16:40:39,746 - __main__ - WARNING - Skipping software node due to missing required properties: ['event_id']
2026-02-13 16:40:39,746 - __main__ - WARNING - Skipping software node due to missing required properties: ['event_id']
2026-02-13 16:40:39,746 - __main__ - WARNING - Skipping software node due to missing required properties: ['event_id']
2026-02-13 16:40:39,746 - __main__ - WARNING - Skipping software node due to missing required properties: ['event_id']
2026-02-13 16:40:39,746 - __main__ - WARNING - Skipping software node due to missing required properties: ['event_id']
2026-02-13 16:40:39,746 - __main__ - WARNING - Skipping software node due to missing required properties: ['event_id']
2026-02-13 16:40:39,746 - __main__ - WARNING - Skipping software node due to missing required properties: ['event_id']
2026-02-13 16:40:39,747 - __main__ - WARNING - Skipping software node due to missing required properties: ['event_id']
2026-02-13 16:40:39,747 - __main__ - WARNING - Skipping software node due to missing required properties: ['event_id']
2026-02-13 16:40:39,747 - __main__ - WARNING - Skipping software node due to missing required properties: ['event_id']
2026-02-13 16:40:39,747 - __main__ - WARNING - Skipping software node due to missing required properties: ['event_id']
2026-02-13 16:40:39,747 - __main__ - WARNING - Skipping software node due to missing required properties: ['event_id']
2026-02-13 16:40:39,747 - __main__ - WARNING - Skipping software node due to missing required properties: ['event_id']
2026-02-13 16:40:39,747 - __main__ - WARNING - Skipping software node due to missing required properties: ['event_id']
2026-02-13 16:40:39,747 - __main__ - WARNING - Skipping software node due to missing required properties: ['event_id']
2026-02-13 16:40:39,748 - __main__ - WARNING - Skipping software node due to missing required properties: ['event_id']
2026-02-13 16:40:39,748 - __main__ - WARNING - Skipping software node due to missing required properties: ['event_id']
2026-02-13 16:40:39,748 - __main__ - WARNING - Skipping software node due to missing required properties: ['event_id']
2026-02-13 16:40:39,748 - __main__ - WARNING - Skipping software node due to missing required properties: ['event_id']
2026-02-13 16:40:39,748 - __main__ - WARNING - Skipping software node due to missing required properties: ['event_id']
2026-02-13 16:40:39,748 - __main__ - WARNING - Skipping software node due to missing required properties: ['event_id']
2026-02-13 16:40:39,748 - __main__ - WARNING - Skipping software node due to missing required properties: ['event_id']
2026-02-13 16:40:39,748 - __main__ - WARNING - Skipping software node due to missing required properties: ['event_id']
2026-02-13 16:40:39,748 - __main__ - WARNING - Skipping software node due to missing required properties: ['event_id']
2026-02-13 16:40:39,749 - __main__ - WARNING - Skipping software node due to missing required properties: ['event_id']
2026-02-13 16:40:39,749 - __main__ - WARNING - Skipping software node due to missing required properties: ['event_id']
2026-02-13 16:40:39,749 - __main__ - WARNING - Skipping software node due to missing required properties: ['event_id']
2026-02-13 16:40:39,749 - __main__ - WARNING - Skipping software node due to missing required properties: ['event_id']
2026-02-13 16:40:39,749 - __main__ - WARNING - Skipping software node due to missing required properties: ['event_id']
2026-02-13 16:40:39,749 - __main__ - WARNING - Skipping software node due to missing required properties: ['event_id']
2026-02-13 16:40:39,749 - __main__ - WARNING - Skipping software node due to missing required properties: ['event_id']
2026-02-13 16:40:39,749 - __main__ - WARNING - Skipping software node due to missing required properties: ['event_id']
2026-02-13 16:40:39,749 - __main__ - WARNING - Skipping software node due to missing required properties: ['event_id']
2026-02-13 16:40:39,750 - __main__ - WARNING - Skipping software node due to missing required properties: ['event_id']
2026-02-13 16:40:39,750 - __main__ - WARNING - Skipping software node due to missing required properties: ['event_id']
2026-02-13 16:40:39,750 - __main__ - WARNING - Skipping software node due to missing required properties: ['event_id']
2026-02-13 16:40:39,750 - __main__ - WARNING - Skipping software node due to missing required properties: ['event_id']
2026-02-13 16:40:39,750 - __main__ - WARNING - Skipping software node due to missing required properties: ['event_id']
2026-02-13 16:40:39,750 - __main__ - WARNING - Skipping software node due to missing required properties: ['event_id']
2026-02-13 16:40:39,751 - __main__ - WARNING - Skipping software node due to missing required properties: ['event_id']
2026-02-13 16:40:39,751 - __main__ - WARNING - Skipping software node due to missing required properties: ['event_id']
2026-02-13 16:40:39,751 - __main__ - WARNING - Skipping software node due to missing required properties: ['event_id']
2026-02-13 16:40:39,751 - __main__ - WARNING - Skipping software node due to missing required properties: ['event_id']
2026-02-13 16:40:39,751 - __main__ - WARNING - Skipping software node due to missing required properties: ['event_id']
2026-02-13 16:40:39,751 - __main__ - WARNING - Skipping software node due to missing required properties: ['event_id']
2026-02-13 16:40:39,751 - __main__ - WARNING - Skipping software node due to missing required properties: ['event_id']
2026-02-13 16:40:39,752 - __main__ - WARNING - Skipping software node due to missing required properties: ['event_id']
2026-02-13 16:40:39,752 - __main__ - WARNING - Skipping software node due to missing required properties: ['event_id']
2026-02-13 16:40:39,752 - __main__ - WARNING - Skipping software node due to missing required properties: ['event_id']
2026-02-13 16:40:39,752 - __main__ - WARNING - Skipping software node due to missing required properties: ['event_id']
2026-02-13 16:40:39,752 - __main__ - WARNING - Skipping software node due to missing required properties: ['event_id']
2026-02-13 16:40:39,752 - __main__ - WARNING - Skipping software node due to missing required properties: ['event_id']
2026-02-13 16:40:39,752 - __main__ - WARNING - Skipping software node due to missing required properties: ['event_id']
2026-02-13 16:40:39,753 - __main__ - WARNING - Skipping software node due to missing required properties: ['event_id']
2026-02-13 16:40:39,753 - __main__ - WARNING - Skipping software node due to missing required properties: ['event_id']
2026-02-13 16:40:39,753 - __main__ - WARNING - Skipping software node due to missing required properties: ['event_id']
2026-02-13 16:40:39,753 - __main__ - WARNING - Skipping software node due to missing required properties: ['event_id']
2026-02-13 16:40:39,753 - __main__ - WARNING - Skipping software node due to missing required properties: ['event_id']
2026-02-13 16:40:39,753 - __main__ - WARNING - Skipping software node due to missing required properties: ['event_id']
2026-02-13 16:40:39,753 - __main__ - WARNING - Skipping software node due to missing required properties: ['event_id']
2026-02-13 16:40:39,754 - __main__ - WARNING - Skipping software node due to missing required properties: ['event_id']
2026-02-13 16:40:39,754 - __main__ - WARNING - Skipping software node due to missing required properties: ['event_id']
2026-02-13 16:40:39,754 - __main__ - WARNING - Skipping software node due to missing required properties: ['event_id']
2026-02-13 16:40:39,754 - __main__ - WARNING - Skipping software node due to missing required properties: ['event_id']
2026-02-13 16:40:39,755 - __main__ - WARNING - Skipping software node due to missing required properties: ['event_id']
2026-02-13 16:40:39,755 - __main__ - WARNING - Skipping software node due to missing required properties: ['event_id']
2026-02-13 16:40:39,755 - __main__ - WARNING - Skipping software node due to missing required properties: ['event_id']
2026-02-13 16:40:39,755 - __main__ - WARNING - Skipping software node due to missing required properties: ['event_id']
2026-02-13 16:40:39,755 - __main__ - WARNING - Skipping software node due to missing required properties: ['event_id']
2026-02-13 16:40:39,755 - __main__ - WARNING - Skipping software node due to missing required properties: ['event_id']
2026-02-13 16:40:39,755 - __main__ - WARNING - Skipping software node due to missing required properties: ['event_id']
2026-02-13 16:40:39,756 - __main__ - WARNING - Skipping software node due to missing required properties: ['event_id']
2026-02-13 16:40:39,756 - __main__ - WARNING - Skipping software node due to missing required properties: ['event_id']
2026-02-13 16:40:39,756 - __main__ - WARNING - Skipping software node due to missing required properties: ['event_id']
2026-02-13 16:40:39,756 - __main__ - WARNING - Skipping software node due to missing required properties: ['event_id']
2026-02-13 16:40:39,756 - __main__ - WARNING - Skipping software node due to missing required properties: ['event_id']
2026-02-13 16:40:39,756 - __main__ - WARNING - Skipping software node due to missing required properties: ['event_id']
2026-02-13 16:40:39,757 - __main__ - WARNING - Skipping software node due to missing required properties: ['event_id']
2026-02-13 16:40:39,757 - __main__ - WARNING - Skipping software node due to missing required properties: ['event_id']
2026-02-13 16:40:39,757 - __main__ - WARNING - Skipping software node due to missing required properties: ['event_id']
2026-02-13 16:40:39,757 - __main__ - WARNING - Skipping software node due to missing required properties: ['event_id']
2026-02-13 16:40:39,757 - __main__ - WARNING - Skipping software node due to missing required properties: ['event_id']
2026-02-13 16:40:39,758 - __main__ - WARNING - Skipping software node due to missing required properties: ['event_id']
2026-02-13 16:40:39,758 - __main__ - WARNING - Skipping software node due to missing required properties: ['event_id']
2026-02-13 16:40:39,758 - __main__ - WARNING - Skipping software node due to missing required properties: ['event_id']
2026-02-13 16:40:39,758 - __main__ - WARNING - Skipping software node due to missing required properties: ['event_id']
2026-02-13 16:40:39,758 - __main__ - WARNING - Skipping software node due to missing required properties: ['event_id']
2026-02-13 16:40:39,758 - __main__ - WARNING - Skipping software node due to missing required properties: ['event_id']
2026-02-13 16:40:39,759 - __main__ - WARNING - Skipping software node due to missing required properties: ['event_id']
2026-02-13 16:40:39,759 - __main__ - WARNING - Skipping software node due to missing required properties: ['event_id']
2026-02-13 16:40:39,759 - __main__ - WARNING - Skipping software node due to missing required properties: ['event_id']
2026-02-13 16:40:39,759 - __main__ - WARNING - Skipping software node due to missing required properties: ['event_id']
2026-02-13 16:40:39,759 - __main__ - WARNING - Skipping software node due to missing required properties: ['event_id']
2026-02-13 16:40:39,759 - __main__ - WARNING - Skipping software node due to missing required properties: ['event_id']
2026-02-13 16:40:39,760 - __main__ - WARNING - Skipping software node due to missing required properties: ['event_id']
2026-02-13 16:40:39,760 - __main__ - WARNING - Skipping software node due to missing required properties: ['event_id']
2026-02-13 16:40:39,760 - __main__ - WARNING - Skipping software node due to missing required properties: ['event_id']
2026-02-13 16:40:39,760 - __main__ - WARNING - Skipping software node due to missing required properties: ['event_id']
2026-02-13 16:40:39,760 - __main__ - WARNING - Skipping software node due to missing required properties: ['event_id']
2026-02-13 16:40:39,761 - __main__ - WARNING - Skipping software node due to missing required properties: ['event_id']
2026-02-13 16:40:39,761 - __main__ - WARNING - Skipping software node due to missing required properties: ['event_id']
2026-02-13 16:40:39,761 - __main__ - WARNING - Skipping software node due to missing required properties: ['event_id']
2026-02-13 16:40:39,761 - __main__ - WARNING - Skipping software node due to missing required properties: ['event_id']
2026-02-13 16:40:39,761 - __main__ - WARNING - Skipping software node due to missing required properties: ['event_id']
2026-02-13 16:40:39,762 - __main__ - WARNING - Skipping software node due to missing required properties: ['event_id']
2026-02-13 16:40:39,762 - __main__ - WARNING - Skipping software node due to missing required properties: ['event_id']
2026-02-13 16:40:39,762 - __main__ - WARNING - Skipping software node due to missing required properties: ['event_id']
2026-02-13 16:40:39,762 - __main__ - WARNING - Skipping software node due to missing required properties: ['event_id']
2026-02-13 16:40:39,762 - __main__ - WARNING - Skipping software node due to missing required properties: ['event_id']
2026-02-13 16:40:39,763 - __main__ - WARNING - Skipping software node due to missing required properties: ['event_id']
2026-02-13 16:40:39,763 - __main__ - WARNING - Skipping software node due to missing required properties: ['event_id']
2026-02-13 16:40:39,763 - __main__ - WARNING - Skipping software node due to missing required properties: ['event_id']
2026-02-13 16:40:39,763 - __main__ - WARNING - Skipping software node due to missing required properties: ['event_id']
2026-02-13 16:40:39,763 - __main__ - WARNING - Skipping software node due to missing required properties: ['event_id']
2026-02-13 16:40:39,763 - __main__ - WARNING - Skipping software node due to missing required properties: ['event_id']
2026-02-13 16:40:39,764 - __main__ - WARNING - Skipping software node due to missing required properties: ['event_id']
2026-02-13 16:40:39,764 - __main__ - WARNING - Skipping software node due to missing required properties: ['event_id']
2026-02-13 16:40:39,764 - __main__ - WARNING - Skipping software node due to missing required properties: ['event_id']
2026-02-13 16:40:39,764 - __main__ - WARNING - Skipping software node due to missing required properties: ['event_id']
2026-02-13 16:40:39,764 - __main__ - WARNING - Skipping software node due to missing required properties: ['event_id']
2026-02-13 16:40:39,764 - __main__ - WARNING - Skipping software node due to missing required properties: ['event_id']
2026-02-13 16:40:39,765 - __main__ - WARNING - Skipping software node due to missing required properties: ['event_id']
2026-02-13 16:40:39,765 - __main__ - WARNING - Skipping software node due to missing required properties: ['event_id']
2026-02-13 16:40:39,765 - __main__ - WARNING - Skipping software node due to missing required properties: ['event_id']
2026-02-13 16:40:39,765 - __main__ - WARNING - Skipping software node due to missing required properties: ['event_id']
2026-02-13 16:40:39,765 - __main__ - WARNING - Skipping software node due to missing required properties: ['event_id']
2026-02-13 16:40:39,765 - __main__ - WARNING - Skipping software node due to missing required properties: ['event_id']
2026-02-13 16:40:39,766 - __main__ - WARNING - Skipping software node due to missing required properties: ['event_id']
2026-02-13 16:40:39,766 - __main__ - WARNING - Skipping software node due to missing required properties: ['event_id']
2026-02-13 16:40:39,766 - __main__ - WARNING - Skipping software node due to missing required properties: ['event_id']
2026-02-13 16:40:39,766 - __main__ - WARNING - Skipping software node due to missing required properties: ['event_id']
2026-02-13 16:40:39,766 - __main__ - WARNING - Skipping software node due to missing required properties: ['event_id']
2026-02-13 16:40:39,766 - __main__ - WARNING - Skipping software node due to missing required properties: ['event_id']
2026-02-13 16:40:39,766 - __main__ - WARNING - Skipping software node due to missing required properties: ['event_id']
2026-02-13 16:40:39,767 - __main__ - WARNING - Skipping software node due to missing required properties: ['event_id']
2026-02-13 16:40:39,767 - __main__ - WARNING - Skipping software node due to missing required properties: ['event_id']
2026-02-13 16:40:39,767 - __main__ - WARNING - Skipping software node due to missing required properties: ['event_id']
2026-02-13 16:40:39,767 - __main__ - WARNING - Skipping software node due to missing required properties: ['event_id']
2026-02-13 16:40:39,767 - __main__ - WARNING - Skipping software node due to missing required properties: ['event_id']
2026-02-13 16:40:39,767 - __main__ - WARNING - Skipping software node due to missing required properties: ['event_id']
2026-02-13 16:40:39,767 - __main__ - WARNING - Skipping software node due to missing required properties: ['event_id']
2026-02-13 16:40:39,767 - __main__ - WARNING - Skipping software node due to missing required properties: ['event_id']
2026-02-13 16:40:39,768 - __main__ - WARNING - Skipping software node due to missing required properties: ['event_id']
2026-02-13 16:40:39,768 - __main__ - WARNING - Skipping software node due to missing required properties: ['event_id']
2026-02-13 16:40:39,768 - __main__ - WARNING - Skipping software node due to missing required properties: ['event_id']
2026-02-13 16:40:39,768 - __main__ - WARNING - Skipping software node due to missing required properties: ['event_id']
2026-02-13 16:40:39,768 - __main__ - WARNING - Skipping software node due to missing required properties: ['event_id']
2026-02-13 16:40:39,768 - __main__ - WARNING - Skipping software node due to missing required properties: ['event_id']
2026-02-13 16:40:39,769 - __main__ - WARNING - Skipping software node due to missing required properties: ['event_id']
2026-02-13 16:40:39,769 - __main__ - WARNING - Skipping software node due to missing required properties: ['event_id']
2026-02-13 16:40:39,769 - __main__ - WARNING - Skipping software node due to missing required properties: ['event_id']
2026-02-13 16:40:39,769 - __main__ - WARNING - Skipping software node due to missing required properties: ['event_id']
2026-02-13 16:40:39,769 - __main__ - WARNING - Skipping software node due to missing required properties: ['event_id']
2026-02-13 16:40:39,769 - __main__ - WARNING - Skipping software node due to missing required properties: ['event_id']
2026-02-13 16:40:39,769 - __main__ - WARNING - Skipping software node due to missing required properties: ['event_id']
2026-02-13 16:40:39,770 - __main__ - WARNING - Skipping software node due to missing required properties: ['event_id']
2026-02-13 16:40:39,770 - __main__ - WARNING - Skipping software node due to missing required properties: ['event_id']
2026-02-13 16:40:39,770 - __main__ - WARNING - Skipping software node due to missing required properties: ['event_id']
2026-02-13 16:40:39,770 - __main__ - WARNING - Skipping software node due to missing required properties: ['event_id']
2026-02-13 16:40:39,771 - __main__ - WARNING - Skipping software node due to missing required properties: ['event_id']
2026-02-13 16:40:39,771 - __main__ - WARNING - Skipping software node due to missing required properties: ['event_id']
2026-02-13 16:40:39,771 - __main__ - WARNING - Skipping software node due to missing required properties: ['event_id']
2026-02-13 16:40:39,771 - __main__ - WARNING - Skipping software node due to missing required properties: ['event_id']
2026-02-13 16:40:39,772 - __main__ - WARNING - Skipping software node due to missing required properties: ['event_id']
2026-02-13 16:40:39,772 - __main__ - WARNING - Skipping software node due to missing required properties: ['event_id']
2026-02-13 16:40:39,772 - __main__ - WARNING - Skipping software node due to missing required properties: ['event_id']
2026-02-13 16:40:39,772 - __main__ - WARNING - Skipping software node due to missing required properties: ['event_id']
2026-02-13 16:40:39,772 - __main__ - WARNING - Skipping software node due to missing required properties: ['event_id']
2026-02-13 16:40:39,772 - __main__ - WARNING - Skipping software node due to missing required properties: ['event_id']
2026-02-13 16:40:39,772 - __main__ - WARNING - Skipping software node due to missing required properties: ['event_id']
2026-02-13 16:40:39,772 - __main__ - WARNING - Skipping software node due to missing required properties: ['event_id']
2026-02-13 16:40:39,773 - __main__ - WARNING - Skipping software node due to missing required properties: ['event_id']
2026-02-13 16:40:39,773 - __main__ - WARNING - Skipping software node due to missing required properties: ['event_id']
2026-02-13 16:40:39,773 - __main__ - WARNING - Skipping software node due to missing required properties: ['event_id']
2026-02-13 16:40:39,773 - __main__ - WARNING - Skipping software node due to missing required properties: ['event_id']
2026-02-13 16:40:39,773 - __main__ - WARNING - Skipping software node due to missing required properties: ['event_id']
2026-02-13 16:40:39,773 - __main__ - WARNING - Skipping software node due to missing required properties: ['event_id']
2026-02-13 16:40:39,774 - __main__ - WARNING - Skipping software node due to missing required properties: ['event_id']
2026-02-13 16:40:39,774 - __main__ - WARNING - Skipping software node due to missing required properties: ['event_id']
2026-02-13 16:40:39,774 - __main__ - WARNING - Skipping software node due to missing required properties: ['event_id']
2026-02-13 16:40:39,774 - __main__ - WARNING - Skipping software node due to missing required properties: ['event_id']
2026-02-13 16:40:39,774 - __main__ - WARNING - Skipping software node due to missing required properties: ['event_id']
2026-02-13 16:40:39,774 - __main__ - WARNING - Skipping software node due to missing required properties: ['event_id']
2026-02-13 16:40:39,775 - __main__ - WARNING - Skipping software node due to missing required properties: ['event_id']
2026-02-13 16:40:39,775 - __main__ - WARNING - Skipping software node due to missing required properties: ['event_id']
2026-02-13 16:40:39,775 - __main__ - WARNING - Skipping software node due to missing required properties: ['event_id']
2026-02-13 16:40:39,775 - __main__ - WARNING - Skipping software node due to missing required properties: ['event_id']
2026-02-13 16:40:39,775 - __main__ - WARNING - Skipping software node due to missing required properties: ['event_id']
2026-02-13 16:40:39,775 - __main__ - WARNING - Skipping software node due to missing required properties: ['event_id']
2026-02-13 16:40:39,776 - __main__ - WARNING - Skipping software node due to missing required properties: ['event_id']
2026-02-13 16:40:39,776 - __main__ - WARNING - Skipping software node due to missing required properties: ['event_id']
2026-02-13 16:40:39,776 - __main__ - WARNING - Skipping software node due to missing required properties: ['event_id']
2026-02-13 16:40:39,776 - __main__ - WARNING - Skipping software node due to missing required properties: ['event_id']
2026-02-13 16:40:39,776 - __main__ - WARNING - Skipping software node due to missing required properties: ['event_id']
2026-02-13 16:40:39,777 - __main__ - WARNING - Skipping software node due to missing required properties: ['event_id']
2026-02-13 16:40:39,777 - __main__ - WARNING - Skipping software node due to missing required properties: ['event_id']
2026-02-13 16:40:39,777 - __main__ - WARNING - Skipping software node due to missing required properties: ['event_id']
2026-02-13 16:40:39,778 - __main__ - WARNING - Skipping software node due to missing required properties: ['event_id']
2026-02-13 16:40:39,778 - __main__ - WARNING - Skipping software node due to missing required properties: ['event_id']
2026-02-13 16:40:39,778 - __main__ - WARNING - Skipping software node due to missing required properties: ['event_id']
2026-02-13 16:40:39,778 - __main__ - WARNING - Skipping software node due to missing required properties: ['event_id']
2026-02-13 16:40:39,778 - __main__ - WARNING - Skipping software node due to missing required properties: ['event_id']
2026-02-13 16:40:39,779 - __main__ - WARNING - Skipping software node due to missing required properties: ['event_id']
2026-02-13 16:40:39,779 - __main__ - WARNING - Skipping software node due to missing required properties: ['event_id']
2026-02-13 16:40:39,779 - __main__ - WARNING - Skipping software node due to missing required properties: ['event_id']
2026-02-13 16:40:39,779 - __main__ - WARNING - Skipping software node due to missing required properties: ['event_id']
2026-02-13 16:40:39,779 - __main__ - WARNING - Skipping software node due to missing required properties: ['event_id']
2026-02-13 16:40:39,780 - __main__ - WARNING - Skipping software node due to missing required properties: ['event_id']
2026-02-13 16:40:39,780 - __main__ - WARNING - Skipping software node due to missing required properties: ['event_id']
2026-02-13 16:40:39,780 - __main__ - WARNING - Skipping software node due to missing required properties: ['event_id']
2026-02-13 16:40:39,780 - __main__ - WARNING - Skipping software node due to missing required properties: ['event_id']
2026-02-13 16:40:39,780 - __main__ - WARNING - Skipping software node due to missing required properties: ['event_id']
2026-02-13 16:40:39,781 - __main__ - WARNING - Skipping software node due to missing required properties: ['event_id']
2026-02-13 16:40:39,781 - __main__ - WARNING - Skipping software node due to missing required properties: ['event_id']
2026-02-13 16:40:39,781 - __main__ - WARNING - Skipping software node due to missing required properties: ['event_id']
2026-02-13 16:40:39,781 - __main__ - WARNING - Skipping software node due to missing required properties: ['event_id']
2026-02-13 16:40:39,781 - __main__ - WARNING - Skipping software node due to missing required properties: ['event_id']
2026-02-13 16:40:39,781 - __main__ - WARNING - Skipping software node due to missing required properties: ['event_id']
2026-02-13 16:40:39,782 - __main__ - WARNING - Skipping software node due to missing required properties: ['event_id']
2026-02-13 16:40:39,782 - __main__ - WARNING - Skipping software node due to missing required properties: ['event_id']
2026-02-13 16:40:39,782 - __main__ - WARNING - Skipping software node due to missing required properties: ['event_id']
2026-02-13 16:40:39,782 - __main__ - WARNING - Skipping software node due to missing required properties: ['event_id']
2026-02-13 16:40:39,782 - __main__ - WARNING - Skipping software node due to missing required properties: ['event_id']
2026-02-13 16:40:39,782 - __main__ - WARNING - Skipping software node due to missing required properties: ['event_id']
2026-02-13 16:40:39,782 - __main__ - WARNING - Skipping software node due to missing required properties: ['event_id']
2026-02-13 16:40:39,783 - __main__ - WARNING - Skipping software node due to missing required properties: ['event_id']
2026-02-13 16:40:39,783 - __main__ - WARNING - Skipping software node due to missing required properties: ['event_id']
2026-02-13 16:40:39,783 - __main__ - WARNING - Skipping software node due to missing required properties: ['event_id']
2026-02-13 16:40:39,783 - __main__ - WARNING - Skipping software node due to missing required properties: ['event_id']
2026-02-13 16:40:39,783 - __main__ - WARNING - Skipping software node due to missing required properties: ['event_id']
2026-02-13 16:40:39,783 - __main__ - WARNING - Skipping software node due to missing required properties: ['event_id']
2026-02-13 16:40:39,783 - __main__ - WARNING - Skipping software node due to missing required properties: ['event_id']
2026-02-13 16:40:39,783 - __main__ - WARNING - Skipping software node due to missing required properties: ['event_id']
2026-02-13 16:40:39,783 - __main__ - WARNING - Skipping software node due to missing required properties: ['event_id']
2026-02-13 16:40:39,784 - __main__ - WARNING - Skipping software node due to missing required properties: ['event_id']
2026-02-13 16:40:39,784 - __main__ - WARNING - Skipping software node due to missing required properties: ['event_id']
2026-02-13 16:40:39,784 - __main__ - WARNING - Skipping software node due to missing required properties: ['event_id']
2026-02-13 16:40:39,784 - __main__ - WARNING - Skipping software node due to missing required properties: ['event_id']
2026-02-13 16:40:39,784 - __main__ - WARNING - Skipping software node due to missing required properties: ['event_id']
2026-02-13 16:40:39,784 - __main__ - WARNING - Skipping software node due to missing required properties: ['event_id']
2026-02-13 16:40:39,784 - __main__ - WARNING - Skipping software node due to missing required properties: ['event_id']
2026-02-13 16:40:39,784 - __main__ - WARNING - Skipping software node due to missing required properties: ['event_id']
2026-02-13 16:40:39,785 - __main__ - WARNING - Skipping software node due to missing required properties: ['event_id']
2026-02-13 16:40:39,785 - __main__ - WARNING - Skipping software node due to missing required properties: ['event_id']
2026-02-13 16:40:39,785 - __main__ - WARNING - Skipping software node due to missing required properties: ['event_id']
2026-02-13 16:40:39,785 - __main__ - WARNING - Skipping software node due to missing required properties: ['event_id']
2026-02-13 16:40:39,785 - __main__ - WARNING - Skipping software node due to missing required properties: ['event_id']
2026-02-13 16:40:39,785 - __main__ - WARNING - Skipping software node due to missing required properties: ['event_id']
2026-02-13 16:40:39,785 - __main__ - WARNING - Skipping software node due to missing required properties: ['event_id']
2026-02-13 16:40:39,785 - __main__ - WARNING - Skipping software node due to missing required properties: ['event_id']
2026-02-13 16:40:39,786 - __main__ - WARNING - Skipping software node due to missing required properties: ['event_id']
2026-02-13 16:40:39,786 - __main__ - WARNING - Skipping software node due to missing required properties: ['event_id']
2026-02-13 16:40:39,786 - __main__ - WARNING - Skipping software node due to missing required properties: ['event_id']
2026-02-13 16:40:39,786 - __main__ - WARNING - Skipping software node due to missing required properties: ['event_id']
2026-02-13 16:40:39,786 - __main__ - WARNING - Skipping software node due to missing required properties: ['event_id']
2026-02-13 16:40:39,786 - __main__ - WARNING - Skipping software node due to missing required properties: ['event_id']
2026-02-13 16:40:39,787 - __main__ - WARNING - Skipping software node due to missing required properties: ['event_id']
2026-02-13 16:40:39,787 - __main__ - WARNING - Skipping software node due to missing required properties: ['event_id']
2026-02-13 16:40:39,787 - __main__ - WARNING - Skipping software node due to missing required properties: ['event_id']
2026-02-13 16:40:39,787 - __main__ - WARNING - Skipping software node due to missing required properties: ['event_id']
2026-02-13 16:40:39,787 - __main__ - WARNING - Skipping software node due to missing required properties: ['event_id']
2026-02-13 16:40:39,788 - __main__ - WARNING - Skipping software node due to missing required properties: ['event_id']
2026-02-13 16:40:39,788 - __main__ - WARNING - Skipping software node due to missing required properties: ['event_id']
2026-02-13 16:40:39,788 - __main__ - WARNING - Skipping software node due to missing required properties: ['event_id']
2026-02-13 16:40:39,788 - __main__ - WARNING - Skipping software node due to missing required properties: ['event_id']
2026-02-13 16:40:39,788 - __main__ - WARNING - Skipping software node due to missing required properties: ['event_id']
2026-02-13 16:40:39,788 - __main__ - WARNING - Skipping software node due to missing required properties: ['event_id']
2026-02-13 16:40:39,788 - __main__ - WARNING - Skipping software node due to missing required properties: ['event_id']
2026-02-13 16:40:39,788 - __main__ - WARNING - Skipping software node due to missing required properties: ['event_id']
2026-02-13 16:40:39,789 - __main__ - WARNING - Skipping software node due to missing required properties: ['event_id']
2026-02-13 16:40:39,789 - __main__ - WARNING - Skipping software node due to missing required properties: ['event_id']
2026-02-13 16:40:39,789 - __main__ - WARNING - Skipping software node due to missing required properties: ['event_id']
2026-02-13 16:40:39,789 - __main__ - WARNING - Skipping software node due to missing required properties: ['event_id']
2026-02-13 16:40:39,789 - __main__ - WARNING - Skipping software node due to missing required properties: ['event_id']
2026-02-13 16:40:39,789 - __main__ - WARNING - Skipping software node due to missing required properties: ['event_id']
2026-02-13 16:40:39,789 - __main__ - WARNING - Skipping software node due to missing required properties: ['event_id']
2026-02-13 16:40:39,790 - __main__ - WARNING - Skipping software node due to missing required properties: ['event_id']
2026-02-13 16:40:39,790 - __main__ - WARNING - Skipping software node due to missing required properties: ['event_id']
2026-02-13 16:40:39,790 - __main__ - WARNING - Skipping software node due to missing required properties: ['event_id']
2026-02-13 16:40:39,790 - __main__ - WARNING - Skipping software node due to missing required properties: ['event_id']
2026-02-13 16:40:39,790 - __main__ - WARNING - Skipping software node due to missing required properties: ['event_id']
2026-02-13 16:40:39,790 - __main__ - WARNING - Skipping software node due to missing required properties: ['event_id']
2026-02-13 16:40:39,791 - __main__ - WARNING - Skipping software node due to missing required properties: ['event_id']
2026-02-13 16:40:39,791 - __main__ - WARNING - Skipping software node due to missing required properties: ['event_id']
2026-02-13 16:40:39,791 - __main__ - WARNING - Skipping software node due to missing required properties: ['event_id']
2026-02-13 16:40:39,791 - __main__ - WARNING - Skipping software node due to missing required properties: ['event_id']
2026-02-13 16:40:39,791 - __main__ - WARNING - Skipping software node due to missing required properties: ['event_id']
2026-02-13 16:40:39,791 - __main__ - WARNING - Skipping software node due to missing required properties: ['event_id']
2026-02-13 16:40:39,792 - __main__ - WARNING - Skipping software node due to missing required properties: ['event_id']
2026-02-13 16:40:39,792 - __main__ - WARNING - Skipping software node due to missing required properties: ['event_id']
2026-02-13 16:40:39,792 - __main__ - WARNING - Skipping software node due to missing required properties: ['event_id']
2026-02-13 16:40:39,792 - __main__ - WARNING - Skipping software node due to missing required properties: ['event_id']
2026-02-13 16:40:39,792 - __main__ - WARNING - Skipping software node due to missing required properties: ['event_id']
2026-02-13 16:40:39,792 - __main__ - WARNING - Skipping software node due to missing required properties: ['event_id']
2026-02-13 16:40:39,793 - __main__ - WARNING - Skipping software node due to missing required properties: ['event_id']
2026-02-13 16:40:39,793 - __main__ - WARNING - Skipping software node due to missing required properties: ['event_id']
2026-02-13 16:40:39,793 - __main__ - WARNING - Skipping software node due to missing required properties: ['event_id']
2026-02-13 16:40:39,794 - __main__ - WARNING - Skipping software node due to missing required properties: ['event_id']
2026-02-13 16:40:39,794 - __main__ - WARNING - Skipping software node due to missing required properties: ['event_id']
2026-02-13 16:40:39,794 - __main__ - WARNING - Skipping software node due to missing required properties: ['event_id']
2026-02-13 16:40:39,794 - __main__ - WARNING - Skipping software node due to missing required properties: ['event_id']
2026-02-13 16:40:39,794 - __main__ - WARNING - Skipping software node due to missing required properties: ['event_id']
2026-02-13 16:40:39,795 - __main__ - WARNING - Skipping software node due to missing required properties: ['event_id']
2026-02-13 16:40:39,795 - __main__ - WARNING - Skipping software node due to missing required properties: ['event_id']
2026-02-13 16:40:39,795 - __main__ - WARNING - Skipping software node due to missing required properties: ['event_id']
2026-02-13 16:40:39,795 - __main__ - WARNING - Skipping software node due to missing required properties: ['event_id']
2026-02-13 16:40:39,795 - __main__ - WARNING - Skipping software node due to missing required properties: ['event_id']
2026-02-13 16:40:39,795 - __main__ - WARNING - Skipping software node due to missing required properties: ['event_id']
2026-02-13 16:40:39,796 - __main__ - WARNING - Skipping software node due to missing required properties: ['event_id']
2026-02-13 16:40:39,796 - __main__ - WARNING - Skipping software node due to missing required properties: ['event_id']
2026-02-13 16:40:39,796 - __main__ - WARNING - Skipping software node due to missing required properties: ['event_id']
2026-02-13 16:40:39,796 - __main__ - WARNING - Skipping software node due to missing required properties: ['event_id']
2026-02-13 16:40:39,796 - __main__ - WARNING - Skipping software node due to missing required properties: ['event_id']
2026-02-13 16:40:39,797 - __main__ - WARNING - Skipping software node due to missing required properties: ['event_id']
2026-02-13 16:40:39,797 - __main__ - WARNING - Skipping software node due to missing required properties: ['event_id']
2026-02-13 16:40:39,797 - __main__ - WARNING - Skipping software node due to missing required properties: ['event_id']
2026-02-13 16:40:39,797 - __main__ - WARNING - Skipping software node due to missing required properties: ['event_id']
2026-02-13 16:40:39,797 - __main__ - WARNING - Skipping software node due to missing required properties: ['event_id']
2026-02-13 16:40:39,797 - __main__ - WARNING - Skipping software node due to missing required properties: ['event_id']
2026-02-13 16:40:39,798 - __main__ - WARNING - Skipping software node due to missing required properties: ['event_id']
2026-02-13 16:40:39,798 - __main__ - WARNING - Skipping software node due to missing required properties: ['event_id']
2026-02-13 16:40:39,798 - __main__ - WARNING - Skipping software node due to missing required properties: ['event_id']
2026-02-13 16:40:39,798 - __main__ - WARNING - Skipping software node due to missing required properties: ['event_id']
2026-02-13 16:40:39,798 - __main__ - WARNING - Skipping software node due to missing required properties: ['event_id']
2026-02-13 16:40:39,799 - __main__ - WARNING - Skipping software node due to missing required properties: ['event_id']
2026-02-13 16:40:39,799 - __main__ - WARNING - Skipping software node due to missing required properties: ['event_id']
2026-02-13 16:40:39,799 - __main__ - WARNING - Skipping software node due to missing required properties: ['event_id']
2026-02-13 16:40:39,799 - __main__ - WARNING - Skipping software node due to missing required properties: ['event_id']
2026-02-13 16:40:39,799 - __main__ - WARNING - Skipping software node due to missing required properties: ['event_id']
2026-02-13 16:40:39,799 - __main__ - WARNING - Skipping software node due to missing required properties: ['event_id']
2026-02-13 16:40:39,800 - __main__ - WARNING - Skipping software node due to missing required properties: ['event_id']
2026-02-13 16:40:39,800 - __main__ - WARNING - Skipping software node due to missing required properties: ['event_id']
2026-02-13 16:40:39,800 - __main__ - WARNING - Skipping software node due to missing required properties: ['event_id']
2026-02-13 16:40:39,800 - __main__ - WARNING - Skipping software node due to missing required properties: ['event_id']
2026-02-13 16:40:39,800 - __main__ - WARNING - Skipping software node due to missing required properties: ['event_id']
2026-02-13 16:40:39,801 - __main__ - WARNING - Skipping software node due to missing required properties: ['event_id']
2026-02-13 16:40:39,801 - __main__ - WARNING - Skipping software node due to missing required properties: ['event_id']
2026-02-13 16:40:39,801 - __main__ - WARNING - Skipping software node due to missing required properties: ['event_id']
2026-02-13 16:40:39,801 - __main__ - WARNING - Skipping software node due to missing required properties: ['event_id']
2026-02-13 16:40:39,801 - __main__ - WARNING - Skipping software node due to missing required properties: ['event_id']
2026-02-13 16:40:39,801 - __main__ - WARNING - Skipping software node due to missing required properties: ['event_id']
2026-02-13 16:40:39,802 - __main__ - WARNING - Skipping software node due to missing required properties: ['event_id']
2026-02-13 16:40:39,802 - __main__ - WARNING - Skipping software node due to missing required properties: ['event_id']
2026-02-13 16:40:39,802 - __main__ - WARNING - Skipping software node due to missing required properties: ['event_id']
2026-02-13 16:40:39,802 - __main__ - WARNING - Skipping software node due to missing required properties: ['event_id']
2026-02-13 16:40:39,802 - __main__ - WARNING - Skipping software node due to missing required properties: ['event_id']
2026-02-13 16:40:39,802 - __main__ - WARNING - Skipping software node due to missing required properties: ['event_id']
2026-02-13 16:40:39,802 - __main__ - WARNING - Skipping software node due to missing required properties: ['event_id']
2026-02-13 16:40:39,803 - __main__ - WARNING - Skipping software node due to missing required properties: ['event_id']
2026-02-13 16:40:39,803 - __main__ - WARNING - Skipping software node due to missing required properties: ['event_id']
2026-02-13 16:40:39,803 - __main__ - WARNING - Skipping software node due to missing required properties: ['event_id']
2026-02-13 16:40:39,803 - __main__ - WARNING - Skipping software node due to missing required properties: ['event_id']
2026-02-13 16:40:39,803 - __main__ - WARNING - Skipping software node due to missing required properties: ['event_id']
2026-02-13 16:40:39,803 - __main__ - WARNING - Skipping software node due to missing required properties: ['event_id']
2026-02-13 16:40:39,803 - __main__ - WARNING - Skipping software node due to missing required properties: ['event_id']
2026-02-13 16:40:39,804 - __main__ - WARNING - Skipping software node due to missing required properties: ['event_id']
2026-02-13 16:40:39,804 - __main__ - WARNING - Skipping software node due to missing required properties: ['event_id']
2026-02-13 16:40:39,804 - __main__ - WARNING - Skipping software node due to missing required properties: ['event_id']
2026-02-13 16:40:39,804 - __main__ - WARNING - Skipping software node due to missing required properties: ['event_id']
2026-02-13 16:40:39,804 - __main__ - WARNING - Skipping software node due to missing required properties: ['event_id']
2026-02-13 16:40:39,805 - __main__ - WARNING - Skipping software node due to missing required properties: ['event_id']
2026-02-13 16:40:39,805 - __main__ - WARNING - Skipping software node due to missing required properties: ['event_id']
2026-02-13 16:40:39,805 - __main__ - WARNING - Skipping software node due to missing required properties: ['event_id']
2026-02-13 16:40:39,805 - __main__ - WARNING - Skipping software node due to missing required properties: ['event_id']
2026-02-13 16:40:39,805 - __main__ - WARNING - Skipping software node due to missing required properties: ['event_id']
2026-02-13 16:40:39,805 - __main__ - WARNING - Skipping software node due to missing required properties: ['event_id']
2026-02-13 16:40:39,805 - __main__ - WARNING - Skipping software node due to missing required properties: ['event_id']
2026-02-13 16:40:39,806 - __main__ - WARNING - Skipping software node due to missing required properties: ['event_id']
2026-02-13 16:40:39,806 - __main__ - WARNING - Skipping software node due to missing required properties: ['event_id']
2026-02-13 16:40:39,806 - __main__ - WARNING - Skipping software node due to missing required properties: ['event_id']
2026-02-13 16:40:39,806 - __main__ - WARNING - Skipping software node due to missing required properties: ['event_id']
2026-02-13 16:40:39,806 - __main__ - WARNING - Skipping software node due to missing required properties: ['event_id']
2026-02-13 16:40:39,806 - __main__ - WARNING - Skipping software node due to missing required properties: ['event_id']
2026-02-13 16:40:39,806 - __main__ - WARNING - Skipping software node due to missing required properties: ['event_id']
2026-02-13 16:40:39,807 - __main__ - WARNING - Skipping software node due to missing required properties: ['event_id']
2026-02-13 16:40:39,807 - __main__ - WARNING - Skipping software node due to missing required properties: ['event_id']
2026-02-13 16:40:39,807 - __main__ - WARNING - Skipping software node due to missing required properties: ['event_id']
2026-02-13 16:40:39,807 - __main__ - WARNING - Skipping software node due to missing required properties: ['event_id']
2026-02-13 16:40:39,807 - __main__ - WARNING - Skipping software node due to missing required properties: ['event_id']
2026-02-13 16:40:39,807 - __main__ - WARNING - Skipping software node due to missing required properties: ['event_id']
2026-02-13 16:40:39,808 - __main__ - WARNING - Skipping software node due to missing required properties: ['event_id']
2026-02-13 16:40:39,808 - __main__ - WARNING - Skipping software node due to missing required properties: ['event_id']
2026-02-13 16:40:39,808 - __main__ - WARNING - Skipping software node due to missing required properties: ['event_id']
2026-02-13 16:40:39,808 - __main__ - WARNING - Skipping software node due to missing required properties: ['event_id']
2026-02-13 16:40:39,808 - __main__ - WARNING - Skipping software node due to missing required properties: ['event_id']
2026-02-13 16:40:39,808 - __main__ - WARNING - Skipping software node due to missing required properties: ['event_id']
2026-02-13 16:40:39,808 - __main__ - WARNING - Skipping software node due to missing required properties: ['event_id']
2026-02-13 16:40:39,809 - __main__ - WARNING - Skipping software node due to missing required properties: ['event_id']
2026-02-13 16:40:39,809 - __main__ - WARNING - Skipping software node due to missing required properties: ['event_id']
2026-02-13 16:40:39,809 - __main__ - WARNING - Skipping software node due to missing required properties: ['event_id']
2026-02-13 16:40:39,809 - __main__ - WARNING - Skipping software node due to missing required properties: ['event_id']
2026-02-13 16:40:39,809 - __main__ - WARNING - Skipping software node due to missing required properties: ['event_id']
2026-02-13 16:40:39,809 - __main__ - WARNING - Skipping software node due to missing required properties: ['event_id']
2026-02-13 16:40:39,810 - __main__ - WARNING - Skipping software node due to missing required properties: ['event_id']
2026-02-13 16:40:39,810 - __main__ - WARNING - Skipping software node due to missing required properties: ['event_id']
2026-02-13 16:40:39,810 - __main__ - WARNING - Skipping software node due to missing required properties: ['event_id']
2026-02-13 16:40:39,810 - __main__ - WARNING - Skipping software node due to missing required properties: ['event_id']
2026-02-13 16:40:39,811 - __main__ - WARNING - Skipping software node due to missing required properties: ['event_id']
2026-02-13 16:40:39,811 - __main__ - WARNING - Skipping software node due to missing required properties: ['event_id']
2026-02-13 16:40:39,811 - __main__ - WARNING - Skipping software node due to missing required properties: ['event_id']
2026-02-13 16:40:39,811 - __main__ - WARNING - Skipping software node due to missing required properties: ['event_id']
2026-02-13 16:40:39,811 - __main__ - WARNING - Skipping software node due to missing required properties: ['event_id']
2026-02-13 16:40:39,812 - __main__ - WARNING - Skipping software node due to missing required properties: ['event_id']
2026-02-13 16:40:39,812 - __main__ - WARNING - Skipping software node due to missing required properties: ['event_id']
2026-02-13 16:40:39,812 - __main__ - WARNING - Skipping software node due to missing required properties: ['event_id']
2026-02-13 16:40:39,812 - __main__ - WARNING - Skipping software node due to missing required properties: ['event_id']
2026-02-13 16:40:39,812 - __main__ - WARNING - Skipping software node due to missing required properties: ['event_id']
2026-02-13 16:40:39,812 - __main__ - WARNING - Skipping software node due to missing required properties: ['event_id']
2026-02-13 16:40:39,812 - __main__ - WARNING - Skipping software node due to missing required properties: ['event_id']
2026-02-13 16:40:39,812 - __main__ - WARNING - Skipping software node due to missing required properties: ['event_id']
2026-02-13 16:40:39,813 - __main__ - WARNING - Skipping software node due to missing required properties: ['event_id']
2026-02-13 16:40:39,813 - __main__ - WARNING - Skipping software node due to missing required properties: ['event_id']
2026-02-13 16:40:39,813 - __main__ - WARNING - Skipping software node due to missing required properties: ['event_id']
2026-02-13 16:40:39,813 - __main__ - WARNING - Skipping software node due to missing required properties: ['event_id']
2026-02-13 16:40:39,813 - __main__ - WARNING - Skipping software node due to missing required properties: ['event_id']
2026-02-13 16:40:39,813 - __main__ - WARNING - Skipping software node due to missing required properties: ['event_id']
2026-02-13 16:40:39,813 - __main__ - WARNING - Skipping software node due to missing required properties: ['event_id']
2026-02-13 16:40:39,814 - __main__ - WARNING - Skipping software node due to missing required properties: ['event_id']
2026-02-13 16:40:39,814 - __main__ - WARNING - Skipping software node due to missing required properties: ['event_id']
2026-02-13 16:40:39,814 - __main__ - WARNING - Skipping software node due to missing required properties: ['event_id']
2026-02-13 16:40:39,814 - __main__ - WARNING - Skipping software node due to missing required properties: ['event_id']
2026-02-13 16:40:39,814 - __main__ - WARNING - Skipping software node due to missing required properties: ['event_id']
2026-02-13 16:40:39,815 - __main__ - WARNING - Skipping software node due to missing required properties: ['event_id']
2026-02-13 16:40:39,815 - __main__ - WARNING - Skipping software node due to missing required properties: ['event_id']
2026-02-13 16:40:39,815 - __main__ - WARNING - Skipping software node due to missing required properties: ['event_id']
2026-02-13 16:40:39,815 - __main__ - WARNING - Skipping software node due to missing required properties: ['event_id']
2026-02-13 16:40:39,815 - __main__ - WARNING - Skipping software node due to missing required properties: ['event_id']
2026-02-13 16:40:39,816 - __main__ - WARNING - Skipping software node due to missing required properties: ['event_id']
2026-02-13 16:40:39,816 - __main__ - WARNING - Skipping software node due to missing required properties: ['event_id']
2026-02-13 16:40:39,816 - __main__ - WARNING - Skipping software node due to missing required properties: ['event_id']
2026-02-13 16:40:39,816 - __main__ - WARNING - Skipping software node due to missing required properties: ['event_id']
2026-02-13 16:40:39,816 - __main__ - WARNING - Skipping software node due to missing required properties: ['event_id']
2026-02-13 16:40:39,817 - __main__ - WARNING - Skipping software node due to missing required properties: ['event_id']
2026-02-13 16:40:39,817 - __main__ - WARNING - Skipping software node due to missing required properties: ['event_id']
2026-02-13 16:40:39,817 - __main__ - WARNING - Skipping software node due to missing required properties: ['event_id']
2026-02-13 16:40:39,817 - __main__ - WARNING - Skipping software node due to missing required properties: ['event_id']
2026-02-13 16:40:39,817 - __main__ - WARNING - Skipping software node due to missing required properties: ['event_id']
2026-02-13 16:40:39,817 - __main__ - WARNING - Skipping software node due to missing required properties: ['event_id']
2026-02-13 16:40:39,817 - __main__ - WARNING - Skipping software node due to missing required properties: ['event_id']
2026-02-13 16:40:39,818 - __main__ - WARNING - Skipping software node due to missing required properties: ['event_id']
2026-02-13 16:40:39,818 - __main__ - WARNING - Skipping software node due to missing required properties: ['event_id']
2026-02-13 16:40:39,818 - __main__ - WARNING - Skipping software node due to missing required properties: ['event_id']
2026-02-13 16:40:39,818 - __main__ - WARNING - Skipping software node due to missing required properties: ['event_id']
2026-02-13 16:40:39,818 - __main__ - WARNING - Skipping software node due to missing required properties: ['event_id']
2026-02-13 16:40:39,818 - __main__ - WARNING - Skipping software node due to missing required properties: ['event_id']
2026-02-13 16:40:39,818 - __main__ - WARNING - Skipping software node due to missing required properties: ['event_id']
2026-02-13 16:40:39,818 - __main__ - WARNING - Skipping software node due to missing required properties: ['event_id']
2026-02-13 16:40:39,818 - __main__ - WARNING - Skipping software node due to missing required properties: ['event_id']
2026-02-13 16:40:39,819 - __main__ - WARNING - Skipping software node due to missing required properties: ['event_id']
2026-02-13 16:40:39,819 - __main__ - WARNING - Skipping software node due to missing required properties: ['event_id']
2026-02-13 16:40:39,819 - __main__ - WARNING - Skipping software node due to missing required properties: ['event_id']
2026-02-13 16:40:39,819 - __main__ - WARNING - Skipping software node due to missing required properties: ['event_id']
2026-02-13 16:40:39,819 - __main__ - WARNING - Skipping software node due to missing required properties: ['event_id']
2026-02-13 16:40:39,819 - __main__ - WARNING - Skipping software node due to missing required properties: ['event_id']
2026-02-13 16:40:39,819 - __main__ - WARNING - Skipping software node due to missing required properties: ['event_id']
2026-02-13 16:40:39,819 - __main__ - WARNING - Skipping software node due to missing required properties: ['event_id']
2026-02-13 16:40:39,820 - __main__ - WARNING - Skipping software node due to missing required properties: ['event_id']
2026-02-13 16:40:39,820 - __main__ - WARNING - Skipping software node due to missing required properties: ['event_id']
2026-02-13 16:40:39,820 - __main__ - WARNING - Skipping software node due to missing required properties: ['event_id']
2026-02-13 16:40:39,820 - __main__ - WARNING - Skipping software node due to missing required properties: ['event_id']
2026-02-13 16:40:39,820 - __main__ - WARNING - Skipping software node due to missing required properties: ['event_id']
2026-02-13 16:40:39,821 - __main__ - WARNING - Skipping software node due to missing required properties: ['event_id']
2026-02-13 16:40:39,821 - __main__ - WARNING - Skipping software node due to missing required properties: ['event_id']
2026-02-13 16:40:39,821 - __main__ - WARNING - Skipping software node due to missing required properties: ['event_id']
2026-02-13 16:40:39,821 - __main__ - WARNING - Skipping software node due to missing required properties: ['event_id']
2026-02-13 16:40:39,821 - __main__ - WARNING - Skipping software node due to missing required properties: ['event_id']
2026-02-13 16:40:39,822 - __main__ - WARNING - Skipping software node due to missing required properties: ['event_id']
2026-02-13 16:40:39,822 - __main__ - WARNING - Skipping software node due to missing required properties: ['event_id']
2026-02-13 16:40:39,822 - __main__ - WARNING - Skipping software node due to missing required properties: ['event_id']
2026-02-13 16:40:39,822 - __main__ - WARNING - Skipping software node due to missing required properties: ['event_id']
2026-02-13 16:40:39,822 - __main__ - WARNING - Skipping software node due to missing required properties: ['event_id']
2026-02-13 16:40:39,822 - __main__ - WARNING - Skipping software node due to missing required properties: ['event_id']
2026-02-13 16:40:39,822 - __main__ - WARNING - Skipping software node due to missing required properties: ['event_id']
2026-02-13 16:40:39,823 - __main__ - WARNING - Skipping software node due to missing required properties: ['event_id']
2026-02-13 16:40:39,823 - __main__ - WARNING - Skipping software node due to missing required properties: ['event_id']
2026-02-13 16:40:39,823 - __main__ - WARNING - Skipping software node due to missing required properties: ['event_id']
2026-02-13 16:40:39,823 - __main__ - WARNING - Skipping software node due to missing required properties: ['event_id']
2026-02-13 16:40:39,823 - __main__ - WARNING - Skipping software node due to missing required properties: ['event_id']
2026-02-13 16:40:39,823 - __main__ - WARNING - Skipping software node due to missing required properties: ['event_id']
2026-02-13 16:40:39,824 - __main__ - WARNING - Skipping software node due to missing required properties: ['event_id']
2026-02-13 16:40:39,824 - __main__ - WARNING - Skipping software node due to missing required properties: ['event_id']
2026-02-13 16:40:39,824 - __main__ - WARNING - Skipping software node due to missing required properties: ['event_id']
2026-02-13 16:40:39,824 - __main__ - WARNING - Skipping software node due to missing required properties: ['event_id']
2026-02-13 16:40:39,824 - __main__ - WARNING - Skipping software node due to missing required properties: ['event_id']
2026-02-13 16:40:39,824 - __main__ - WARNING - Skipping software node due to missing required properties: ['event_id']
2026-02-13 16:40:39,825 - __main__ - WARNING - Skipping software node due to missing required properties: ['event_id']
2026-02-13 16:40:39,825 - __main__ - WARNING - Skipping software node due to missing required properties: ['event_id']
2026-02-13 16:40:39,825 - __main__ - WARNING - Skipping software node due to missing required properties: ['event_id']
2026-02-13 16:40:39,825 - __main__ - WARNING - Skipping software node due to missing required properties: ['event_id']
2026-02-13 16:40:39,825 - __main__ - WARNING - Skipping software node due to missing required properties: ['event_id']
2026-02-13 16:40:39,826 - __main__ - WARNING - Skipping software node due to missing required properties: ['event_id']
2026-02-13 16:40:39,826 - __main__ - WARNING - Skipping software node due to missing required properties: ['event_id']
2026-02-13 16:40:39,826 - __main__ - WARNING - Skipping software node due to missing required properties: ['event_id']
2026-02-13 16:40:39,826 - __main__ - WARNING - Skipping software node due to missing required properties: ['event_id']
2026-02-13 16:40:39,826 - __main__ - WARNING - Skipping software node due to missing required properties: ['event_id']
2026-02-13 16:40:39,827 - __main__ - WARNING - Skipping software node due to missing required properties: ['event_id']
2026-02-13 16:40:39,827 - __main__ - WARNING - Skipping software node due to missing required properties: ['event_id']
2026-02-13 16:40:39,827 - __main__ - WARNING - Skipping software node due to missing required properties: ['event_id']
2026-02-13 16:40:39,827 - __main__ - WARNING - Skipping software node due to missing required properties: ['event_id']
2026-02-13 16:40:39,828 - __main__ - WARNING - Skipping software node due to missing required properties: ['event_id']
2026-02-13 16:40:39,828 - __main__ - WARNING - Skipping software node due to missing required properties: ['event_id']
2026-02-13 16:40:39,828 - __main__ - WARNING - Skipping software node due to missing required properties: ['event_id']
2026-02-13 16:40:39,828 - __main__ - WARNING - Skipping software node due to missing required properties: ['event_id']
2026-02-13 16:40:39,828 - __main__ - WARNING - Skipping software node due to missing required properties: ['event_id']
2026-02-13 16:40:39,829 - __main__ - WARNING - Skipping software node due to missing required properties: ['event_id']
2026-02-13 16:40:39,829 - __main__ - WARNING - Skipping software node due to missing required properties: ['event_id']
2026-02-13 16:40:39,829 - __main__ - WARNING - Skipping software node due to missing required properties: ['event_id']
2026-02-13 16:40:39,829 - __main__ - WARNING - Skipping software node due to missing required properties: ['event_id']
2026-02-13 16:40:39,829 - __main__ - WARNING - Skipping software node due to missing required properties: ['event_id']
2026-02-13 16:40:39,829 - __main__ - WARNING - Skipping software node due to missing required properties: ['event_id']
2026-02-13 16:40:39,829 - __main__ - WARNING - Skipping software node due to missing required properties: ['event_id']
2026-02-13 16:40:39,830 - __main__ - WARNING - Skipping software node due to missing required properties: ['event_id']
2026-02-13 16:40:39,830 - __main__ - WARNING - Skipping software node due to missing required properties: ['event_id']
2026-02-13 16:40:39,830 - __main__ - WARNING - Skipping software node due to missing required properties: ['event_id']
2026-02-13 16:40:39,830 - __main__ - WARNING - Skipping software node due to missing required properties: ['event_id']
2026-02-13 16:40:39,830 - __main__ - WARNING - Skipping software node due to missing required properties: ['event_id']
2026-02-13 16:40:39,831 - __main__ - WARNING - Skipping software node due to missing required properties: ['event_id']
2026-02-13 16:40:39,831 - __main__ - WARNING - Skipping software node due to missing required properties: ['event_id']
2026-02-13 16:40:39,831 - __main__ - WARNING - Skipping software node due to missing required properties: ['event_id']
2026-02-13 16:40:39,831 - __main__ - WARNING - Skipping software node due to missing required properties: ['event_id']
2026-02-13 16:40:39,831 - __main__ - WARNING - Skipping software node due to missing required properties: ['event_id']
2026-02-13 16:40:39,831 - __main__ - WARNING - Skipping software node due to missing required properties: ['event_id']
2026-02-13 16:40:39,831 - __main__ - WARNING - Skipping software node due to missing required properties: ['event_id']
2026-02-13 16:40:39,832 - __main__ - WARNING - Skipping software node due to missing required properties: ['event_id']
2026-02-13 16:40:39,832 - __main__ - WARNING - Skipping software node due to missing required properties: ['event_id']
2026-02-13 16:40:39,832 - __main__ - WARNING - Skipping software node due to missing required properties: ['event_id']
2026-02-13 16:40:39,832 - __main__ - WARNING - Skipping software node due to missing required properties: ['event_id']
2026-02-13 16:40:39,832 - __main__ - WARNING - Skipping software node due to missing required properties: ['event_id']
2026-02-13 16:40:39,833 - __main__ - WARNING - Skipping software node due to missing required properties: ['event_id']
2026-02-13 16:40:39,833 - __main__ - WARNING - Skipping software node due to missing required properties: ['event_id']
2026-02-13 16:40:39,833 - __main__ - WARNING - Skipping software node due to missing required properties: ['event_id']
2026-02-13 16:40:39,833 - __main__ - WARNING - Skipping software node due to missing required properties: ['event_id']
2026-02-13 16:40:39,833 - __main__ - WARNING - Skipping software node due to missing required properties: ['event_id']
2026-02-13 16:40:39,834 - __main__ - WARNING - Skipping software node due to missing required properties: ['event_id']
2026-02-13 16:40:39,834 - __main__ - WARNING - Skipping software node due to missing required properties: ['event_id']
2026-02-13 16:40:39,834 - __main__ - WARNING - Skipping software node due to missing required properties: ['event_id']
2026-02-13 16:40:39,834 - __main__ - WARNING - Skipping software node due to missing required properties: ['event_id']
2026-02-13 16:40:39,834 - __main__ - WARNING - Skipping software node due to missing required properties: ['event_id']
2026-02-13 16:40:39,834 - __main__ - WARNING - Skipping software node due to missing required properties: ['event_id']
2026-02-13 16:40:39,834 - __main__ - WARNING - Skipping software node due to missing required properties: ['event_id']
2026-02-13 16:40:39,835 - __main__ - INFO - Successfully extracted 0 software nodes
2026-02-13 16:40:39,835 - __main__ - INFO - 
Saving extracted software nodes...
2026-02-13 16:40:39,837 - __main__ - INFO - Saved 0 software nodes to: C:\Users\sgade\OneDrive\Desktop\orbit_node\extracted_data\20260213_163642\software_nodes_20260213_164039.json
2026-02-13 16:40:39,837 - __main__ - INFO - 
============================================================
2026-02-13 16:40:39,837 - __main__ - INFO - SOFTWARE Node Extraction Completed!
2026-02-13 16:40:39,837 - __main__ - INFO - Extracted 0 software nodes
2026-02-13 16:40:39,838 - __main__ - INFO - Output file: C:\Users\sgade\OneDrive\Desktop\orbit_node\extracted_data\20260213_163642\software_nodes_20260213_164039.json
2026-02-13 16:40:39,838 - __main__ - INFO - ============================================================
2026-02-13 16:40:39,838 - __main__ - INFO - ============================================================
2026-02-13 16:40:39,838 - __main__ - INFO - VULNERABILITY Node Extraction Started
2026-02-13 16:40:39,838 - __main__ - INFO - ============================================================
2026-02-13 16:40:39,839 - __main__ - INFO - Using latest collected data folder: 20260210_201344
2026-02-13 16:40:39,839 - __main__ - INFO - Full path: C:\Users\sgade\OneDrive\Desktop\orbit_node\collected_data\20260210_201344
2026-02-13 16:40:39,839 - __main__ - INFO - 
Extracting vulnerability nodes from collected data...
2026-02-13 16:40:39,839 - __main__ - INFO - Loading vulnerability data requires agent IDs (per_agent: true)
2026-02-13 16:40:39,840 - __main__ - INFO - Found 5 agent IDs from All_Agents.json: ['000', '001', '002', '003', '004']
2026-02-13 16:40:39,840 - __main__ - INFO - Loading vulnerability data from: C:\Users\sgade\OneDrive\Desktop\orbit_node\collected_data\20260210_201344\vulnerabilities
2026-02-13 16:40:39,840 - __main__ - INFO - File pattern: Vulnerabilities_{agent_id}.json, per_agent: True, agent_ids: ['000', '001', '002', '003', '004']
2026-02-13 16:40:39,842 - __main__ - INFO - Total items loaded for vulnerability: 53
2026-02-13 16:40:39,842 - __main__ - WARNING - Skipping vulnerability node due to missing required properties: ['event_id']
2026-02-13 16:40:39,842 - __main__ - WARNING - Skipping vulnerability node due to missing required properties: ['event_id']
2026-02-13 16:40:39,842 - __main__ - WARNING - Skipping vulnerability node due to missing required properties: ['event_id']
2026-02-13 16:40:39,842 - __main__ - WARNING - Skipping vulnerability node due to missing required properties: ['event_id']
2026-02-13 16:40:39,843 - __main__ - WARNING - Skipping vulnerability node due to missing required properties: ['event_id']
2026-02-13 16:40:39,843 - __main__ - WARNING - Skipping vulnerability node due to missing required properties: ['event_id']
2026-02-13 16:40:39,843 - __main__ - WARNING - Skipping vulnerability node due to missing required properties: ['event_id']
2026-02-13 16:40:39,843 - __main__ - WARNING - Skipping vulnerability node due to missing required properties: ['event_id']
2026-02-13 16:40:39,843 - __main__ - WARNING - Skipping vulnerability node due to missing required properties: ['event_id']
2026-02-13 16:40:39,843 - __main__ - WARNING - Skipping vulnerability node due to missing required properties: ['event_id']
2026-02-13 16:40:39,844 - __main__ - WARNING - Skipping vulnerability node due to missing required properties: ['event_id']
2026-02-13 16:40:39,844 - __main__ - WARNING - Skipping vulnerability node due to missing required properties: ['event_id']
2026-02-13 16:40:39,844 - __main__ - WARNING - Skipping vulnerability node due to missing required properties: ['event_id']
2026-02-13 16:40:39,844 - __main__ - WARNING - Skipping vulnerability node due to missing required properties: ['event_id']
2026-02-13 16:40:39,844 - __main__ - WARNING - Skipping vulnerability node due to missing required properties: ['event_id']
2026-02-13 16:40:39,844 - __main__ - WARNING - Skipping vulnerability node due to missing required properties: ['event_id']
2026-02-13 16:40:39,845 - __main__ - WARNING - Skipping vulnerability node due to missing required properties: ['event_id']
2026-02-13 16:40:39,845 - __main__ - WARNING - Skipping vulnerability node due to missing required properties: ['event_id']
2026-02-13 16:40:39,845 - __main__ - WARNING - Skipping vulnerability node due to missing required properties: ['event_id']
2026-02-13 16:40:39,845 - __main__ - WARNING - Skipping vulnerability node due to missing required properties: ['event_id']
2026-02-13 16:40:39,845 - __main__ - WARNING - Skipping vulnerability node due to missing required properties: ['event_id']
2026-02-13 16:40:39,845 - __main__ - WARNING - Skipping vulnerability node due to missing required properties: ['event_id']
2026-02-13 16:40:39,846 - __main__ - WARNING - Skipping vulnerability node due to missing required properties: ['event_id']
2026-02-13 16:40:39,846 - __main__ - WARNING - Skipping vulnerability node due to missing required properties: ['event_id']
2026-02-13 16:40:39,846 - __main__ - WARNING - Skipping vulnerability node due to missing required properties: ['event_id']
2026-02-13 16:40:39,846 - __main__ - WARNING - Skipping vulnerability node due to missing required properties: ['event_id']
2026-02-13 16:40:39,846 - __main__ - WARNING - Skipping vulnerability node due to missing required properties: ['event_id']
2026-02-13 16:40:39,847 - __main__ - WARNING - Skipping vulnerability node due to missing required properties: ['event_id']
2026-02-13 16:40:39,847 - __main__ - WARNING - Skipping vulnerability node due to missing required properties: ['event_id']
2026-02-13 16:40:39,847 - __main__ - WARNING - Skipping vulnerability node due to missing required properties: ['event_id']
2026-02-13 16:40:39,847 - __main__ - WARNING - Skipping vulnerability node due to missing required properties: ['event_id']
2026-02-13 16:40:39,847 - __main__ - WARNING - Skipping vulnerability node due to missing required properties: ['event_id']
2026-02-13 16:40:39,847 - __main__ - WARNING - Skipping vulnerability node due to missing required properties: ['event_id']
2026-02-13 16:40:39,847 - __main__ - WARNING - Skipping vulnerability node due to missing required properties: ['event_id']
2026-02-13 16:40:39,848 - __main__ - WARNING - Skipping vulnerability node due to missing required properties: ['event_id']
2026-02-13 16:40:39,848 - __main__ - WARNING - Skipping vulnerability node due to missing required properties: ['event_id']
2026-02-13 16:40:39,848 - __main__ - WARNING - Skipping vulnerability node due to missing required properties: ['event_id']
2026-02-13 16:40:39,848 - __main__ - WARNING - Skipping vulnerability node due to missing required properties: ['event_id']
2026-02-13 16:40:39,848 - __main__ - WARNING - Skipping vulnerability node due to missing required properties: ['event_id']
2026-02-13 16:40:39,849 - __main__ - WARNING - Skipping vulnerability node due to missing required properties: ['event_id']
2026-02-13 16:40:39,849 - __main__ - WARNING - Skipping vulnerability node due to missing required properties: ['event_id']
2026-02-13 16:40:39,849 - __main__ - WARNING - Skipping vulnerability node due to missing required properties: ['event_id']
2026-02-13 16:40:39,849 - __main__ - WARNING - Skipping vulnerability node due to missing required properties: ['event_id']
2026-02-13 16:40:39,849 - __main__ - WARNING - Skipping vulnerability node due to missing required properties: ['event_id']
2026-02-13 16:40:39,849 - __main__ - WARNING - Skipping vulnerability node due to missing required properties: ['event_id']
2026-02-13 16:40:39,850 - __main__ - WARNING - Skipping vulnerability node due to missing required properties: ['event_id']
2026-02-13 16:40:39,850 - __main__ - WARNING - Skipping vulnerability node due to missing required properties: ['event_id']
2026-02-13 16:40:39,850 - __main__ - WARNING - Skipping vulnerability node due to missing required properties: ['event_id']
2026-02-13 16:40:39,850 - __main__ - WARNING - Skipping vulnerability node due to missing required properties: ['event_id']
2026-02-13 16:40:39,850 - __main__ - WARNING - Skipping vulnerability node due to missing required properties: ['event_id']
2026-02-13 16:40:39,850 - __main__ - WARNING - Skipping vulnerability node due to missing required properties: ['event_id']
2026-02-13 16:40:39,851 - __main__ - WARNING - Skipping vulnerability node due to missing required properties: ['event_id']
2026-02-13 16:40:39,851 - __main__ - WARNING - Skipping vulnerability node due to missing required properties: ['event_id']
2026-02-13 16:40:39,851 - __main__ - INFO - Successfully extracted 0 vulnerability nodes
2026-02-13 16:40:39,851 - __main__ - INFO - 
Saving extracted vulnerability nodes...
2026-02-13 16:40:39,853 - __main__ - INFO - Saved 0 vulnerability nodes to: C:\Users\sgade\OneDrive\Desktop\orbit_node\extracted_data\20260213_163642\vulnerability_nodes_20260213_164039.json
2026-02-13 16:40:39,853 - __main__ - INFO - 
============================================================
2026-02-13 16:40:39,853 - __main__ - INFO - VULNERABILITY Node Extraction Completed!
2026-02-13 16:40:39,853 - __main__ - INFO - Extracted 0 vulnerability nodes
2026-02-13 16:40:39,854 - __main__ - INFO - Output file: C:\Users\sgade\OneDrive\Desktop\orbit_node\extracted_data\20260213_163642\vulnerability_nodes_20260213_164039.json
2026-02-13 16:40:39,854 - __main__ - INFO - ============================================================
2026-02-13 16:40:39,854 - __main__ - INFO - ============================================================
2026-02-13 16:40:39,854 - __main__ - INFO - ASSETGROUP Node Extraction Started
2026-02-13 16:40:39,855 - __main__ - INFO - ============================================================
2026-02-13 16:40:39,855 - __main__ - INFO - Using latest collected data folder: 20260210_201344
2026-02-13 16:40:39,855 - __main__ - INFO - Full path: C:\Users\sgade\OneDrive\Desktop\orbit_node\collected_data\20260210_201344
2026-02-13 16:40:39,855 - __main__ - INFO - 
Extracting assetgroup nodes from collected data...
2026-02-13 16:40:39,856 - __main__ - INFO - Loading assetgroup data from summary file (per_agent: false)
2026-02-13 16:40:39,856 - __main__ - INFO - Loading assetgroup data from: C:\Users\sgade\OneDrive\Desktop\orbit_node\collected_data\20260210_201344\groups
2026-02-13 16:40:39,856 - __main__ - INFO - File pattern: Groups_List.json, per_agent: False, agent_ids: None
2026-02-13 16:40:39,856 - __main__ - INFO - Loading summary file: C:\Users\sgade\OneDrive\Desktop\orbit_node\collected_data\20260210_201344\groups\Groups_List.json
2026-02-13 16:40:39,857 - __main__ - INFO - Loaded 1 items from C:\Users\sgade\OneDrive\Desktop\orbit_node\collected_data\20260210_201344\groups\Groups_List.json
2026-02-13 16:40:39,857 - __main__ - INFO - Total items loaded for assetgroup: 1
2026-02-13 16:40:39,857 - __main__ - WARNING - Skipping assetgroup node due to missing required properties: ['event_id']
2026-02-13 16:40:39,857 - __main__ - INFO - Successfully extracted 0 assetgroup nodes
2026-02-13 16:40:39,857 - __main__ - INFO - 
Saving extracted assetgroup nodes...
2026-02-13 16:40:39,859 - __main__ - INFO - Saved 0 assetgroup nodes to: C:\Users\sgade\OneDrive\Desktop\orbit_node\extracted_data\20260213_163642\assetgroup_nodes_20260213_164039.json
2026-02-13 16:40:39,859 - __main__ - INFO - 
============================================================
2026-02-13 16:40:39,859 - __main__ - INFO - ASSETGROUP Node Extraction Completed!
2026-02-13 16:40:39,859 - __main__ - INFO - Extracted 0 assetgroup nodes
2026-02-13 16:40:39,860 - __main__ - INFO - Output file: C:\Users\sgade\OneDrive\Desktop\orbit_node\extracted_data\20260213_163642\assetgroup_nodes_20260213_164039.json
2026-02-13 16:40:39,860 - __main__ - INFO - ============================================================
2026-02-13 16:40:39,860 - __main__ - INFO - ============================================================
2026-02-13 16:40:39,860 - __main__ - INFO - HARDWARE Node Extraction Started
2026-02-13 16:40:39,861 - __main__ - INFO - ============================================================
2026-02-13 16:40:39,861 - __main__ - INFO - Using latest collected data folder: 20260210_201344
2026-02-13 16:40:39,861 - __main__ - INFO - Full path: C:\Users\sgade\OneDrive\Desktop\orbit_node\collected_data\20260210_201344
2026-02-13 16:40:39,862 - __main__ - INFO - 
Extracting hardware nodes from collected data...
2026-02-13 16:40:39,862 - __main__ - INFO - Loading hardware data requires agent IDs (per_agent: true)
2026-02-13 16:40:39,863 - __main__ - INFO - Found 5 agent IDs from All_Agents.json: ['000', '001', '002', '003', '004']
2026-02-13 16:40:39,863 - __main__ - INFO - Loading hardware data from: C:\Users\sgade\OneDrive\Desktop\orbit_node\collected_data\20260210_201344\hardware
2026-02-13 16:40:39,863 - __main__ - INFO - File pattern: Syscollector_Hardware_{agent_id}.json, per_agent: True, agent_ids: ['000', '001', '002', '003', '004']
2026-02-13 16:40:39,865 - __main__ - INFO - Total items loaded for hardware: 5
2026-02-13 16:40:39,865 - __main__ - WARNING - Skipping hardware node due to missing required properties: ['event_id']
2026-02-13 16:40:39,866 - __main__ - WARNING - Skipping hardware node due to missing required properties: ['event_id']
2026-02-13 16:40:39,866 - __main__ - WARNING - Skipping hardware node due to missing required properties: ['event_id']
2026-02-13 16:40:39,866 - __main__ - WARNING - Skipping hardware node due to missing required properties: ['event_id']
2026-02-13 16:40:39,866 - __main__ - WARNING - Skipping hardware node due to missing required properties: ['event_id']
2026-02-13 16:40:39,867 - __main__ - INFO - Successfully extracted 0 hardware nodes
2026-02-13 16:40:39,867 - __main__ - INFO - 
Saving extracted hardware nodes...
2026-02-13 16:40:39,868 - __main__ - INFO - Saved 0 hardware nodes to: C:\Users\sgade\OneDrive\Desktop\orbit_node\extracted_data\20260213_163642\hardware_nodes_20260213_164039.json
2026-02-13 16:40:39,868 - __main__ - INFO - 
============================================================
2026-02-13 16:40:39,869 - __main__ - INFO - HARDWARE Node Extraction Completed!
2026-02-13 16:40:39,869 - __main__ - INFO - Extracted 0 hardware nodes
2026-02-13 16:40:39,869 - __main__ - INFO - Output file: C:\Users\sgade\OneDrive\Desktop\orbit_node\extracted_data\20260213_163642\hardware_nodes_20260213_164039.json
2026-02-13 16:40:39,869 - __main__ - INFO - ============================================================
2026-02-13 16:43:45,629 - __main__ - INFO - Loaded graph_config.yaml
2026-02-13 16:43:45,633 - __main__ - INFO - Loaded paths_config.yaml
2026-02-13 16:43:45,635 - __main__ - INFO - Loaded neo4j_config.yaml
2026-02-13 16:43:45,635 - __main__ - INFO - Using latest collected data folder for verification: 20260210_201344
2026-02-13 16:43:45,636 - __main__ - INFO - ============================================================
2026-02-13 16:43:45,636 - __main__ - INFO - VERIFYING COLLECTION STATUS
2026-02-13 16:43:45,636 - __main__ - INFO - ============================================================
2026-02-13 16:43:45,636 - __main__ - INFO - Verifying collections in base directory: C:\Users\sgade\OneDrive\Desktop\orbit_node\collected_data\20260210_201344
2026-02-13 16:43:45,730 - __main__ - INFO - ============================================================
2026-02-13 16:43:45,730 - __main__ - INFO - ============================================================
2026-02-13 16:43:45,730 - __main__ - INFO - ASSET Node Extraction Started
2026-02-13 16:43:45,730 - __main__ - INFO - ============================================================
2026-02-13 16:43:45,730 - __main__ - INFO - Using latest collected data folder: 20260210_201344
2026-02-13 16:43:45,731 - __main__ - INFO - Full path: C:\Users\sgade\OneDrive\Desktop\orbit_node\collected_data\20260210_201344
2026-02-13 16:43:45,731 - __main__ - INFO - 
Extracting asset nodes from collected data...
2026-02-13 16:43:45,731 - __main__ - INFO - Loading asset data from summary file (per_agent: false)
2026-02-13 16:43:45,731 - __main__ - INFO - Loading asset data from: C:\Users\sgade\OneDrive\Desktop\orbit_node\collected_data\20260210_201344\agents_manager
2026-02-13 16:43:45,731 - __main__ - INFO - File pattern: All_Agents.json, per_agent: False, agent_ids: None
2026-02-13 16:43:45,731 - __main__ - INFO - Loading summary file: C:\Users\sgade\OneDrive\Desktop\orbit_node\collected_data\20260210_201344\agents_manager\All_Agents.json
2026-02-13 16:43:45,731 - __main__ - INFO - Loaded 5 items from C:\Users\sgade\OneDrive\Desktop\orbit_node\collected_data\20260210_201344\agents_manager\All_Agents.json
2026-02-13 16:43:45,731 - __main__ - INFO - Total items loaded for asset: 5
2026-02-13 16:43:45,732 - __main__ - WARNING - Skipping asset node due to missing required properties: ['event_id']
2026-02-13 16:43:45,732 - __main__ - WARNING - Skipping asset node due to missing required properties: ['event_id']
2026-02-13 16:43:45,732 - __main__ - WARNING - Skipping asset node due to missing required properties: ['event_id']
2026-02-13 16:43:45,732 - __main__ - WARNING - Skipping asset node due to missing required properties: ['event_id']
2026-02-13 16:43:45,732 - __main__ - WARNING - Skipping asset node due to missing required properties: ['event_id']
2026-02-13 16:43:45,732 - __main__ - INFO - Successfully extracted 0 asset nodes
2026-02-13 16:43:45,732 - __main__ - INFO - 
Saving extracted asset nodes...
2026-02-13 16:43:45,734 - __main__ - INFO - Saved 0 asset nodes to: C:\Users\sgade\OneDrive\Desktop\orbit_node\extracted_data\20260213_164345\asset_nodes_20260213_164345.json
2026-02-13 16:43:45,734 - __main__ - INFO - 
============================================================
2026-02-13 16:43:45,734 - __main__ - INFO - ASSET Node Extraction Completed!
2026-02-13 16:43:45,734 - __main__ - INFO - Extracted 0 asset nodes
2026-02-13 16:43:45,734 - __main__ - INFO - Output file: C:\Users\sgade\OneDrive\Desktop\orbit_node\extracted_data\20260213_164345\asset_nodes_20260213_164345.json
2026-02-13 16:43:45,734 - __main__ - INFO - ============================================================
2026-02-13 16:44:15,296 - __main__ - INFO - Loaded graph_config.yaml
2026-02-13 16:44:15,299 - __main__ - INFO - Loaded paths_config.yaml
2026-02-13 16:44:15,300 - __main__ - INFO - Loaded neo4j_config.yaml
2026-02-13 16:44:15,301 - __main__ - INFO - Using latest collected data folder for verification: 20260210_201344
2026-02-13 16:44:15,301 - __main__ - INFO - ============================================================
2026-02-13 16:44:15,301 - __main__ - INFO - VERIFYING COLLECTION STATUS
2026-02-13 16:44:15,301 - __main__ - INFO - ============================================================
2026-02-13 16:44:15,301 - __main__ - INFO - Verifying collections in base directory: C:\Users\sgade\OneDrive\Desktop\orbit_node\collected_data\20260210_201344
2026-02-13 16:44:15,391 - __main__ - INFO - ============================================================
2026-02-13 16:44:15,391 - __main__ - INFO - ============================================================
2026-02-13 16:44:15,392 - __main__ - INFO - ASSET Node Extraction Started
2026-02-13 16:44:15,392 - __main__ - INFO - ============================================================
2026-02-13 16:44:15,392 - __main__ - INFO - Using latest collected data folder: 20260210_201344
2026-02-13 16:44:15,392 - __main__ - INFO - Full path: C:\Users\sgade\OneDrive\Desktop\orbit_node\collected_data\20260210_201344
2026-02-13 16:44:15,392 - __main__ - INFO - 
Extracting asset nodes from collected data...
2026-02-13 16:44:15,392 - __main__ - INFO - Loading asset data from summary file (per_agent: false)
2026-02-13 16:44:15,392 - __main__ - INFO - Loading asset data from: C:\Users\sgade\OneDrive\Desktop\orbit_node\collected_data\20260210_201344\agents_manager
2026-02-13 16:44:15,392 - __main__ - INFO - File pattern: All_Agents.json, per_agent: False, agent_ids: None
2026-02-13 16:44:15,393 - __main__ - INFO - Loading summary file: C:\Users\sgade\OneDrive\Desktop\orbit_node\collected_data\20260210_201344\agents_manager\All_Agents.json
2026-02-13 16:44:15,393 - __main__ - INFO - Loaded 5 items from C:\Users\sgade\OneDrive\Desktop\orbit_node\collected_data\20260210_201344\agents_manager\All_Agents.json
2026-02-13 16:44:15,393 - __main__ - INFO - Total items loaded for asset: 5
2026-02-13 16:44:15,393 - __main__ - INFO - Successfully extracted 5 asset nodes
2026-02-13 16:44:15,393 - __main__ - INFO - 
Saving extracted asset nodes...
2026-02-13 16:44:15,395 - __main__ - INFO - Saved 5 asset nodes to: C:\Users\sgade\OneDrive\Desktop\orbit_node\extracted_data\20260213_164345\asset_nodes_20260213_164415.json
2026-02-13 16:44:15,395 - __main__ - INFO - 
============================================================
2026-02-13 16:44:15,395 - __main__ - INFO - ASSET Node Extraction Completed!
2026-02-13 16:44:15,395 - __main__ - INFO - Extracted 5 asset nodes
2026-02-13 16:44:15,395 - __main__ - INFO - Output file: C:\Users\sgade\OneDrive\Desktop\orbit_node\extracted_data\20260213_164345\asset_nodes_20260213_164415.json
2026-02-13 16:44:15,395 - __main__ - INFO - ============================================================
2026-02-13 16:44:40,591 - __main__ - INFO - Loaded graph_config.yaml
2026-02-13 16:44:40,594 - __main__ - INFO - Loaded paths_config.yaml
2026-02-13 16:44:40,596 - __main__ - INFO - Loaded neo4j_config.yaml
2026-02-13 16:44:40,596 - __main__ - INFO - Using latest collected data folder for verification: 20260210_201344
2026-02-13 16:44:40,596 - __main__ - INFO - ============================================================
2026-02-13 16:44:40,597 - __main__ - INFO - VERIFYING COLLECTION STATUS
2026-02-13 16:44:40,597 - __main__ - INFO - ============================================================
2026-02-13 16:44:40,597 - __main__ - INFO - Verifying collections in base directory: C:\Users\sgade\OneDrive\Desktop\orbit_node\collected_data\20260210_201344
2026-02-13 16:44:40,688 - __main__ - INFO - ============================================================
2026-02-13 16:44:40,688 - __main__ - INFO - ============================================================
2026-02-13 16:44:40,688 - __main__ - INFO - EXTRACTING ALL NODE TYPES
2026-02-13 16:44:40,688 - __main__ - INFO - ============================================================
2026-02-13 16:44:40,688 - __main__ - INFO - Found 6 node types to extract: asset, host, software, vulnerability, assetgroup, hardware
2026-02-13 16:44:40,688 - __main__ - INFO - ============================================================
2026-02-13 16:44:40,688 - __main__ - INFO - ASSET Node Extraction Started
2026-02-13 16:44:40,688 - __main__ - INFO - ============================================================
2026-02-13 16:44:40,688 - __main__ - INFO - Using latest collected data folder: 20260210_201344
2026-02-13 16:44:40,688 - __main__ - INFO - Full path: C:\Users\sgade\OneDrive\Desktop\orbit_node\collected_data\20260210_201344
2026-02-13 16:44:40,688 - __main__ - INFO - 
Extracting asset nodes from collected data...
2026-02-13 16:44:40,688 - __main__ - INFO - Loading asset data from summary file (per_agent: false)
2026-02-13 16:44:40,689 - __main__ - INFO - Loading asset data from: C:\Users\sgade\OneDrive\Desktop\orbit_node\collected_data\20260210_201344\agents_manager
2026-02-13 16:44:40,689 - __main__ - INFO - File pattern: All_Agents.json, per_agent: False, agent_ids: None
2026-02-13 16:44:40,689 - __main__ - INFO - Loading summary file: C:\Users\sgade\OneDrive\Desktop\orbit_node\collected_data\20260210_201344\agents_manager\All_Agents.json
2026-02-13 16:44:40,689 - __main__ - INFO - Loaded 5 items from C:\Users\sgade\OneDrive\Desktop\orbit_node\collected_data\20260210_201344\agents_manager\All_Agents.json
2026-02-13 16:44:40,689 - __main__ - INFO - Total items loaded for asset: 5
2026-02-13 16:44:40,689 - __main__ - INFO - Successfully extracted 5 asset nodes
2026-02-13 16:44:40,689 - __main__ - INFO - 
Saving extracted asset nodes...
2026-02-13 16:44:40,692 - __main__ - INFO - Saved 5 asset nodes to: C:\Users\sgade\OneDrive\Desktop\orbit_node\extracted_data\20260213_164345\asset_nodes_20260213_164440.json
2026-02-13 16:44:40,692 - __main__ - INFO - 
============================================================
2026-02-13 16:44:40,692 - __main__ - INFO - ASSET Node Extraction Completed!
2026-02-13 16:44:40,692 - __main__ - INFO - Extracted 5 asset nodes
2026-02-13 16:44:40,692 - __main__ - INFO - Output file: C:\Users\sgade\OneDrive\Desktop\orbit_node\extracted_data\20260213_164345\asset_nodes_20260213_164440.json
2026-02-13 16:44:40,692 - __main__ - INFO - ============================================================
2026-02-13 16:44:40,693 - __main__ - INFO - ============================================================
2026-02-13 16:44:40,693 - __main__ - INFO - HOST Node Extraction Started
2026-02-13 16:44:40,693 - __main__ - INFO - ============================================================
2026-02-13 16:44:40,693 - __main__ - INFO - Using latest collected data folder: 20260210_201344
2026-02-13 16:44:40,693 - __main__ - INFO - Full path: C:\Users\sgade\OneDrive\Desktop\orbit_node\collected_data\20260210_201344
2026-02-13 16:44:40,693 - __main__ - INFO - 
Extracting host nodes from collected data...
2026-02-13 16:44:40,694 - __main__ - INFO - Loading host data requires agent IDs (per_agent: true)
2026-02-13 16:44:40,694 - __main__ - INFO - Found 5 agent IDs from All_Agents.json: ['000', '001', '002', '003', '004']
2026-02-13 16:44:40,694 - __main__ - INFO - Loading host data from: C:\Users\sgade\OneDrive\Desktop\orbit_node\collected_data\20260210_201344\host
2026-02-13 16:44:40,694 - __main__ - INFO - File pattern: Syscollector_OS_Info_{agent_id}.json, per_agent: True, agent_ids: ['000', '001', '002', '003', '004']
2026-02-13 16:44:40,695 - __main__ - INFO - Total items loaded for host: 5
2026-02-13 16:44:40,695 - __main__ - INFO - Successfully extracted 5 host nodes
2026-02-13 16:44:40,695 - __main__ - INFO - 
Saving extracted host nodes...
2026-02-13 16:44:40,697 - __main__ - INFO - Saved 5 host nodes to: C:\Users\sgade\OneDrive\Desktop\orbit_node\extracted_data\20260213_164345\host_nodes_20260213_164440.json
2026-02-13 16:44:40,697 - __main__ - INFO - 
============================================================
2026-02-13 16:44:40,697 - __main__ - INFO - HOST Node Extraction Completed!
2026-02-13 16:44:40,697 - __main__ - INFO - Extracted 5 host nodes
2026-02-13 16:44:40,697 - __main__ - INFO - Output file: C:\Users\sgade\OneDrive\Desktop\orbit_node\extracted_data\20260213_164345\host_nodes_20260213_164440.json
2026-02-13 16:44:40,697 - __main__ - INFO - ============================================================
2026-02-13 16:44:40,697 - __main__ - INFO - ============================================================
2026-02-13 16:44:40,698 - __main__ - INFO - SOFTWARE Node Extraction Started
2026-02-13 16:44:40,698 - __main__ - INFO - ============================================================
2026-02-13 16:44:40,698 - __main__ - INFO - Using latest collected data folder: 20260210_201344
2026-02-13 16:44:40,698 - __main__ - INFO - Full path: C:\Users\sgade\OneDrive\Desktop\orbit_node\collected_data\20260210_201344
2026-02-13 16:44:40,698 - __main__ - INFO - 
Extracting software nodes from collected data...
2026-02-13 16:44:40,698 - __main__ - INFO - Loading software data requires agent IDs (per_agent: true)
2026-02-13 16:44:40,698 - __main__ - INFO - Found 5 agent IDs from All_Agents.json: ['000', '001', '002', '003', '004']
2026-02-13 16:44:40,699 - __main__ - INFO - Loading software data from: C:\Users\sgade\OneDrive\Desktop\orbit_node\collected_data\20260210_201344\packages
2026-02-13 16:44:40,699 - __main__ - INFO - File pattern: Syscollector_Packages_{agent_id}.json, per_agent: True, agent_ids: ['000', '001', '002', '003', '004']
2026-02-13 16:44:40,702 - __main__ - INFO - Total items loaded for software: 726
2026-02-13 16:44:40,705 - __main__ - INFO - Successfully extracted 726 software nodes
2026-02-13 16:44:40,705 - __main__ - INFO - 
Saving extracted software nodes...
2026-02-13 16:44:40,714 - __main__ - INFO - Saved 726 software nodes to: C:\Users\sgade\OneDrive\Desktop\orbit_node\extracted_data\20260213_164345\software_nodes_20260213_164440.json
2026-02-13 16:44:40,714 - __main__ - INFO - 
============================================================
2026-02-13 16:44:40,714 - __main__ - INFO - SOFTWARE Node Extraction Completed!
2026-02-13 16:44:40,714 - __main__ - INFO - Extracted 726 software nodes
2026-02-13 16:44:40,715 - __main__ - INFO - Output file: C:\Users\sgade\OneDrive\Desktop\orbit_node\extracted_data\20260213_164345\software_nodes_20260213_164440.json
2026-02-13 16:44:40,715 - __main__ - INFO - ============================================================
2026-02-13 16:44:40,715 - __main__ - INFO - ============================================================
2026-02-13 16:44:40,715 - __main__ - INFO - VULNERABILITY Node Extraction Started
2026-02-13 16:44:40,715 - __main__ - INFO - ============================================================
2026-02-13 16:44:40,715 - __main__ - INFO - Using latest collected data folder: 20260210_201344
2026-02-13 16:44:40,715 - __main__ - INFO - Full path: C:\Users\sgade\OneDrive\Desktop\orbit_node\collected_data\20260210_201344
2026-02-13 16:44:40,715 - __main__ - INFO - 
Extracting vulnerability nodes from collected data...
2026-02-13 16:44:40,715 - __main__ - INFO - Loading vulnerability data requires agent IDs (per_agent: true)
2026-02-13 16:44:40,716 - __main__ - INFO - Found 5 agent IDs from All_Agents.json: ['000', '001', '002', '003', '004']
2026-02-13 16:44:40,716 - __main__ - INFO - Loading vulnerability data from: C:\Users\sgade\OneDrive\Desktop\orbit_node\collected_data\20260210_201344\vulnerabilities
2026-02-13 16:44:40,716 - __main__ - INFO - File pattern: Vulnerabilities_{agent_id}.json, per_agent: True, agent_ids: ['000', '001', '002', '003', '004']
2026-02-13 16:44:40,717 - __main__ - INFO - Total items loaded for vulnerability: 53
2026-02-13 16:44:40,717 - __main__ - INFO - Successfully extracted 53 vulnerability nodes
2026-02-13 16:44:40,718 - __main__ - INFO - 
Saving extracted vulnerability nodes...
2026-02-13 16:44:40,720 - __main__ - INFO - Saved 53 vulnerability nodes to: C:\Users\sgade\OneDrive\Desktop\orbit_node\extracted_data\20260213_164345\vulnerability_nodes_20260213_164440.json
2026-02-13 16:44:40,720 - __main__ - INFO - 
============================================================
2026-02-13 16:44:40,720 - __main__ - INFO - VULNERABILITY Node Extraction Completed!
2026-02-13 16:44:40,720 - __main__ - INFO - Extracted 53 vulnerability nodes
2026-02-13 16:44:40,720 - __main__ - INFO - Output file: C:\Users\sgade\OneDrive\Desktop\orbit_node\extracted_data\20260213_164345\vulnerability_nodes_20260213_164440.json
2026-02-13 16:44:40,721 - __main__ - INFO - ============================================================
2026-02-13 16:44:40,721 - __main__ - INFO - ============================================================
2026-02-13 16:44:40,721 - __main__ - INFO - ASSETGROUP Node Extraction Started
2026-02-13 16:44:40,721 - __main__ - INFO - ============================================================
2026-02-13 16:44:40,721 - __main__ - INFO - Using latest collected data folder: 20260210_201344
2026-02-13 16:44:40,721 - __main__ - INFO - Full path: C:\Users\sgade\OneDrive\Desktop\orbit_node\collected_data\20260210_201344
2026-02-13 16:44:40,721 - __main__ - INFO - 
Extracting assetgroup nodes from collected data...
2026-02-13 16:44:40,721 - __main__ - INFO - Loading assetgroup data from summary file (per_agent: false)
2026-02-13 16:44:40,721 - __main__ - INFO - Loading assetgroup data from: C:\Users\sgade\OneDrive\Desktop\orbit_node\collected_data\20260210_201344\groups
2026-02-13 16:44:40,722 - __main__ - INFO - File pattern: Groups_List.json, per_agent: False, agent_ids: None
2026-02-13 16:44:40,722 - __main__ - INFO - Loading summary file: C:\Users\sgade\OneDrive\Desktop\orbit_node\collected_data\20260210_201344\groups\Groups_List.json
2026-02-13 16:44:40,722 - __main__ - INFO - Loaded 1 items from C:\Users\sgade\OneDrive\Desktop\orbit_node\collected_data\20260210_201344\groups\Groups_List.json
2026-02-13 16:44:40,722 - __main__ - INFO - Total items loaded for assetgroup: 1
2026-02-13 16:44:40,722 - __main__ - INFO - Successfully extracted 1 assetgroup nodes
2026-02-13 16:44:40,722 - __main__ - INFO - 
Saving extracted assetgroup nodes...
2026-02-13 16:44:40,723 - __main__ - INFO - Saved 1 assetgroup nodes to: C:\Users\sgade\OneDrive\Desktop\orbit_node\extracted_data\20260213_164345\assetgroup_nodes_20260213_164440.json
2026-02-13 16:44:40,723 - __main__ - INFO - 
============================================================
2026-02-13 16:44:40,723 - __main__ - INFO - ASSETGROUP Node Extraction Completed!
2026-02-13 16:44:40,723 - __main__ - INFO - Extracted 1 assetgroup nodes
2026-02-13 16:44:40,723 - __main__ - INFO - Output file: C:\Users\sgade\OneDrive\Desktop\orbit_node\extracted_data\20260213_164345\assetgroup_nodes_20260213_164440.json
2026-02-13 16:44:40,723 - __main__ - INFO - ============================================================
2026-02-13 16:44:40,723 - __main__ - INFO - ============================================================
2026-02-13 16:44:40,724 - __main__ - INFO - HARDWARE Node Extraction Started
2026-02-13 16:44:40,724 - __main__ - INFO - ============================================================
2026-02-13 16:44:40,724 - __main__ - INFO - Using latest collected data folder: 20260210_201344
2026-02-13 16:44:40,724 - __main__ - INFO - Full path: C:\Users\sgade\OneDrive\Desktop\orbit_node\collected_data\20260210_201344
2026-02-13 16:44:40,724 - __main__ - INFO - 
Extracting hardware nodes from collected data...
2026-02-13 16:44:40,724 - __main__ - INFO - Loading hardware data requires agent IDs (per_agent: true)
2026-02-13 16:44:40,724 - __main__ - INFO - Found 5 agent IDs from All_Agents.json: ['000', '001', '002', '003', '004']
2026-02-13 16:44:40,724 - __main__ - INFO - Loading hardware data from: C:\Users\sgade\OneDrive\Desktop\orbit_node\collected_data\20260210_201344\hardware
2026-02-13 16:44:40,724 - __main__ - INFO - File pattern: Syscollector_Hardware_{agent_id}.json, per_agent: True, agent_ids: ['000', '001', '002', '003', '004']
2026-02-13 16:44:40,725 - __main__ - INFO - Total items loaded for hardware: 5
2026-02-13 16:44:40,725 - __main__ - INFO - Successfully extracted 5 hardware nodes
2026-02-13 16:44:40,726 - __main__ - INFO - 
Saving extracted hardware nodes...
2026-02-13 16:44:40,727 - __main__ - INFO - Saved 5 hardware nodes to: C:\Users\sgade\OneDrive\Desktop\orbit_node\extracted_data\20260213_164345\hardware_nodes_20260213_164440.json
2026-02-13 16:44:40,727 - __main__ - INFO - 
============================================================
2026-02-13 16:44:40,727 - __main__ - INFO - HARDWARE Node Extraction Completed!
2026-02-13 16:44:40,727 - __main__ - INFO - Extracted 5 hardware nodes
2026-02-13 16:44:40,727 - __main__ - INFO - Output file: C:\Users\sgade\OneDrive\Desktop\orbit_node\extracted_data\20260213_164345\hardware_nodes_20260213_164440.json
2026-02-13 16:44:40,727 - __main__ - INFO - ============================================================
2026-02-13 16:57:23,499 - __main__ - INFO - Loaded graph_config.yaml
2026-02-13 16:57:23,504 - __main__ - INFO - Loaded paths_config.yaml
2026-02-13 16:57:23,505 - __main__ - INFO - Loaded neo4j_config.yaml
2026-02-13 16:57:23,507 - __main__ - INFO - Using latest collected data folder for verification: 20260210_201344
2026-02-13 16:57:23,507 - __main__ - INFO - ============================================================
2026-02-13 16:57:23,507 - __main__ - INFO - VERIFYING COLLECTION STATUS
2026-02-13 16:57:23,507 - __main__ - INFO - ============================================================
2026-02-13 16:57:23,508 - __main__ - INFO - Verifying collections in base directory: C:\Users\sgade\OneDrive\Desktop\orbit_node\collected_data\20260210_201344
2026-02-13 16:57:23,603 - __main__ - INFO - ============================================================
2026-02-13 16:57:23,603 - __main__ - INFO - ============================================================
2026-02-13 16:57:23,603 - __main__ - INFO - EXTRACTING ALL NODE TYPES
2026-02-13 16:57:23,603 - __main__ - INFO - ============================================================
2026-02-13 16:57:23,604 - __main__ - INFO - Found 6 node types to extract: asset, host, software, vulnerability, assetgroup, hardware
2026-02-13 16:57:23,604 - __main__ - INFO - ============================================================
2026-02-13 16:57:23,604 - __main__ - INFO - ASSET Node Extraction Started
2026-02-13 16:57:23,604 - __main__ - INFO - ============================================================
2026-02-13 16:57:23,605 - __main__ - INFO - Using latest collected data folder: 20260210_201344
2026-02-13 16:57:23,605 - __main__ - INFO - Full path: C:\Users\sgade\OneDrive\Desktop\orbit_node\collected_data\20260210_201344
2026-02-13 16:57:23,605 - __main__ - INFO - 
Extracting asset nodes from collected data...
2026-02-13 16:57:23,605 - __main__ - INFO - Loading asset data from summary file (per_agent: false)
2026-02-13 16:57:23,605 - __main__ - INFO - Loading asset data from: C:\Users\sgade\OneDrive\Desktop\orbit_node\collected_data\20260210_201344\agents_manager
2026-02-13 16:57:23,606 - __main__ - INFO - File pattern: All_Agents.json, per_agent: False, agent_ids: None
2026-02-13 16:57:23,606 - __main__ - INFO - Loading summary file: C:\Users\sgade\OneDrive\Desktop\orbit_node\collected_data\20260210_201344\agents_manager\All_Agents.json
2026-02-13 16:57:23,606 - __main__ - INFO - Loaded 5 items from C:\Users\sgade\OneDrive\Desktop\orbit_node\collected_data\20260210_201344\agents_manager\All_Agents.json
2026-02-13 16:57:23,606 - __main__ - INFO - Total items loaded for asset: 5
2026-02-13 16:57:23,607 - __main__ - INFO - Successfully extracted 5 asset nodes
2026-02-13 16:57:23,607 - __main__ - INFO - 
Saving extracted asset nodes...
2026-02-13 16:57:23,609 - __main__ - INFO - Saved 5 asset nodes to: C:\Users\sgade\OneDrive\Desktop\orbit_node\extracted_data\20260213_164345\asset_nodes.json
2026-02-13 16:57:23,609 - __main__ - INFO - 
============================================================
2026-02-13 16:57:23,609 - __main__ - INFO - ASSET Node Extraction Completed!
2026-02-13 16:57:23,609 - __main__ - INFO - Extracted 5 asset nodes
2026-02-13 16:57:23,610 - __main__ - INFO - Output file: C:\Users\sgade\OneDrive\Desktop\orbit_node\extracted_data\20260213_164345\asset_nodes.json
2026-02-13 16:57:23,610 - __main__ - INFO - ============================================================
2026-02-13 16:57:23,610 - __main__ - INFO - ============================================================
2026-02-13 16:57:23,610 - __main__ - INFO - HOST Node Extraction Started
2026-02-13 16:57:23,610 - __main__ - INFO - ============================================================
2026-02-13 16:57:23,611 - __main__ - INFO - Using latest collected data folder: 20260210_201344
2026-02-13 16:57:23,611 - __main__ - INFO - Full path: C:\Users\sgade\OneDrive\Desktop\orbit_node\collected_data\20260210_201344
2026-02-13 16:57:23,611 - __main__ - INFO - 
Extracting host nodes from collected data...
2026-02-13 16:57:23,611 - __main__ - INFO - Loading host data requires agent IDs (per_agent: true)
2026-02-13 16:57:23,612 - __main__ - INFO - Found 5 agent IDs from All_Agents.json: ['000', '001', '002', '003', '004']
2026-02-13 16:57:23,612 - __main__ - INFO - Loading host data from: C:\Users\sgade\OneDrive\Desktop\orbit_node\collected_data\20260210_201344\host
2026-02-13 16:57:23,612 - __main__ - INFO - File pattern: Syscollector_OS_Info_{agent_id}.json, per_agent: True, agent_ids: ['000', '001', '002', '003', '004']
2026-02-13 16:57:23,613 - __main__ - INFO - Total items loaded for host: 5
2026-02-13 16:57:23,613 - __main__ - INFO - Successfully extracted 5 host nodes
2026-02-13 16:57:23,614 - __main__ - INFO - 
Saving extracted host nodes...
2026-02-13 16:57:23,615 - __main__ - INFO - Saved 5 host nodes to: C:\Users\sgade\OneDrive\Desktop\orbit_node\extracted_data\20260213_164345\host_nodes.json
2026-02-13 16:57:23,615 - __main__ - INFO - 
============================================================
2026-02-13 16:57:23,615 - __main__ - INFO - HOST Node Extraction Completed!
2026-02-13 16:57:23,616 - __main__ - INFO - Extracted 5 host nodes
2026-02-13 16:57:23,616 - __main__ - INFO - Output file: C:\Users\sgade\OneDrive\Desktop\orbit_node\extracted_data\20260213_164345\host_nodes.json
2026-02-13 16:57:23,616 - __main__ - INFO - ============================================================
2026-02-13 16:57:23,616 - __main__ - INFO - ============================================================
2026-02-13 16:57:23,616 - __main__ - INFO - SOFTWARE Node Extraction Started
2026-02-13 16:57:23,616 - __main__ - INFO - ============================================================
2026-02-13 16:57:23,617 - __main__ - INFO - Using latest collected data folder: 20260210_201344
2026-02-13 16:57:23,617 - __main__ - INFO - Full path: C:\Users\sgade\OneDrive\Desktop\orbit_node\collected_data\20260210_201344
2026-02-13 16:57:23,617 - __main__ - INFO - 
Extracting software nodes from collected data...
2026-02-13 16:57:23,617 - __main__ - INFO - Loading software data requires agent IDs (per_agent: true)
2026-02-13 16:57:23,618 - __main__ - INFO - Found 5 agent IDs from All_Agents.json: ['000', '001', '002', '003', '004']
2026-02-13 16:57:23,618 - __main__ - INFO - Loading software data from: C:\Users\sgade\OneDrive\Desktop\orbit_node\collected_data\20260210_201344\packages
2026-02-13 16:57:23,618 - __main__ - INFO - File pattern: Syscollector_Packages_{agent_id}.json, per_agent: True, agent_ids: ['000', '001', '002', '003', '004']
2026-02-13 16:57:23,624 - __main__ - INFO - Total items loaded for software: 726
2026-02-13 16:57:23,627 - __main__ - INFO - Successfully extracted 726 software nodes
2026-02-13 16:57:23,628 - __main__ - INFO - 
Saving extracted software nodes...
2026-02-13 16:57:23,636 - __main__ - INFO - Saved 726 software nodes to: C:\Users\sgade\OneDrive\Desktop\orbit_node\extracted_data\20260213_164345\software_nodes.json
2026-02-13 16:57:23,636 - __main__ - INFO - 
============================================================
2026-02-13 16:57:23,637 - __main__ - INFO - SOFTWARE Node Extraction Completed!
2026-02-13 16:57:23,637 - __main__ - INFO - Extracted 726 software nodes
2026-02-13 16:57:23,637 - __main__ - INFO - Output file: C:\Users\sgade\OneDrive\Desktop\orbit_node\extracted_data\20260213_164345\software_nodes.json
2026-02-13 16:57:23,637 - __main__ - INFO - ============================================================
2026-02-13 16:57:23,638 - __main__ - INFO - ============================================================
2026-02-13 16:57:23,638 - __main__ - INFO - VULNERABILITY Node Extraction Started
2026-02-13 16:57:23,638 - __main__ - INFO - ============================================================
2026-02-13 16:57:23,639 - __main__ - INFO - Using latest collected data folder: 20260210_201344
2026-02-13 16:57:23,639 - __main__ - INFO - Full path: C:\Users\sgade\OneDrive\Desktop\orbit_node\collected_data\20260210_201344
2026-02-13 16:57:23,639 - __main__ - INFO - 
Extracting vulnerability nodes from collected data...
2026-02-13 16:57:23,639 - __main__ - INFO - Loading vulnerability data requires agent IDs (per_agent: true)
2026-02-13 16:57:23,640 - __main__ - INFO - Found 5 agent IDs from All_Agents.json: ['000', '001', '002', '003', '004']
2026-02-13 16:57:23,640 - __main__ - INFO - Loading vulnerability data from: C:\Users\sgade\OneDrive\Desktop\orbit_node\collected_data\20260210_201344\vulnerabilities
2026-02-13 16:57:23,640 - __main__ - INFO - File pattern: Vulnerabilities_{agent_id}.json, per_agent: True, agent_ids: ['000', '001', '002', '003', '004']
2026-02-13 16:57:23,642 - __main__ - INFO - Total items loaded for vulnerability: 53
2026-02-13 16:57:23,642 - __main__ - INFO - Successfully extracted 53 vulnerability nodes
2026-02-13 16:57:23,643 - __main__ - INFO - 
Saving extracted vulnerability nodes...
2026-02-13 16:57:23,645 - __main__ - INFO - Saved 53 vulnerability nodes to: C:\Users\sgade\OneDrive\Desktop\orbit_node\extracted_data\20260213_164345\vulnerability_nodes.json
2026-02-13 16:57:23,645 - __main__ - INFO - 
============================================================
2026-02-13 16:57:23,645 - __main__ - INFO - VULNERABILITY Node Extraction Completed!
2026-02-13 16:57:23,645 - __main__ - INFO - Extracted 53 vulnerability nodes
2026-02-13 16:57:23,646 - __main__ - INFO - Output file: C:\Users\sgade\OneDrive\Desktop\orbit_node\extracted_data\20260213_164345\vulnerability_nodes.json
2026-02-13 16:57:23,646 - __main__ - INFO - ============================================================
2026-02-13 16:57:23,646 - __main__ - INFO - ============================================================
2026-02-13 16:57:23,646 - __main__ - INFO - ASSETGROUP Node Extraction Started
2026-02-13 16:57:23,646 - __main__ - INFO - ============================================================
2026-02-13 16:57:23,647 - __main__ - INFO - Using latest collected data folder: 20260210_201344
2026-02-13 16:57:23,647 - __main__ - INFO - Full path: C:\Users\sgade\OneDrive\Desktop\orbit_node\collected_data\20260210_201344
2026-02-13 16:57:23,647 - __main__ - INFO - 
Extracting assetgroup nodes from collected data...
2026-02-13 16:57:23,647 - __main__ - INFO - Loading assetgroup data from summary file (per_agent: false)
2026-02-13 16:57:23,647 - __main__ - INFO - Loading assetgroup data from: C:\Users\sgade\OneDrive\Desktop\orbit_node\collected_data\20260210_201344\groups
2026-02-13 16:57:23,647 - __main__ - INFO - File pattern: Groups_List.json, per_agent: False, agent_ids: None
2026-02-13 16:57:23,647 - __main__ - INFO - Loading summary file: C:\Users\sgade\OneDrive\Desktop\orbit_node\collected_data\20260210_201344\groups\Groups_List.json
2026-02-13 16:57:23,648 - __main__ - INFO - Loaded 1 items from C:\Users\sgade\OneDrive\Desktop\orbit_node\collected_data\20260210_201344\groups\Groups_List.json
2026-02-13 16:57:23,648 - __main__ - INFO - Total items loaded for assetgroup: 1
2026-02-13 16:57:23,648 - __main__ - INFO - Successfully extracted 1 assetgroup nodes
2026-02-13 16:57:23,648 - __main__ - INFO - 
Saving extracted assetgroup nodes...
2026-02-13 16:57:23,649 - __main__ - INFO - Saved 1 assetgroup nodes to: C:\Users\sgade\OneDrive\Desktop\orbit_node\extracted_data\20260213_164345\assetgroup_nodes.json
2026-02-13 16:57:23,649 - __main__ - INFO - 
============================================================
2026-02-13 16:57:23,649 - __main__ - INFO - ASSETGROUP Node Extraction Completed!
2026-02-13 16:57:23,650 - __main__ - INFO - Extracted 1 assetgroup nodes
2026-02-13 16:57:23,650 - __main__ - INFO - Output file: C:\Users\sgade\OneDrive\Desktop\orbit_node\extracted_data\20260213_164345\assetgroup_nodes.json
2026-02-13 16:57:23,650 - __main__ - INFO - ============================================================
2026-02-13 16:57:23,650 - __main__ - INFO - ============================================================
2026-02-13 16:57:23,650 - __main__ - INFO - HARDWARE Node Extraction Started
2026-02-13 16:57:23,650 - __main__ - INFO - ============================================================
2026-02-13 16:57:23,651 - __main__ - INFO - Using latest collected data folder: 20260210_201344
2026-02-13 16:57:23,651 - __main__ - INFO - Full path: C:\Users\sgade\OneDrive\Desktop\orbit_node\collected_data\20260210_201344
2026-02-13 16:57:23,651 - __main__ - INFO - 
Extracting hardware nodes from collected data...
2026-02-13 16:57:23,651 - __main__ - INFO - Loading hardware data requires agent IDs (per_agent: true)
2026-02-13 16:57:23,651 - __main__ - INFO - Found 5 agent IDs from All_Agents.json: ['000', '001', '002', '003', '004']
2026-02-13 16:57:23,651 - __main__ - INFO - Loading hardware data from: C:\Users\sgade\OneDrive\Desktop\orbit_node\collected_data\20260210_201344\hardware
2026-02-13 16:57:23,651 - __main__ - INFO - File pattern: Syscollector_Hardware_{agent_id}.json, per_agent: True, agent_ids: ['000', '001', '002', '003', '004']
2026-02-13 16:57:23,653 - __main__ - INFO - Total items loaded for hardware: 5
2026-02-13 16:57:23,653 - __main__ - INFO - Successfully extracted 5 hardware nodes
2026-02-13 16:57:23,654 - __main__ - INFO - 
Saving extracted hardware nodes...
2026-02-13 16:57:23,655 - __main__ - INFO - Saved 5 hardware nodes to: C:\Users\sgade\OneDrive\Desktop\orbit_node\extracted_data\20260213_164345\hardware_nodes.json
2026-02-13 16:57:23,655 - __main__ - INFO - 
============================================================
2026-02-13 16:57:23,655 - __main__ - INFO - HARDWARE Node Extraction Completed!
2026-02-13 16:57:23,656 - __main__ - INFO - Extracted 5 hardware nodes
2026-02-13 16:57:23,656 - __main__ - INFO - Output file: C:\Users\sgade\OneDrive\Desktop\orbit_node\extracted_data\20260213_164345\hardware_nodes.json
2026-02-13 16:57:23,656 - __main__ - INFO - ============================================================
2026-02-15 16:17:01,098 - __main__ - INFO - Loaded graph_config.yaml
2026-02-15 16:17:01,107 - __main__ - INFO - Loaded paths_config.yaml
2026-02-15 16:17:01,111 - __main__ - INFO - Loaded neo4j_config.yaml
2026-02-15 16:17:01,113 - __main__ - INFO - Using latest collected data folder for verification: 20260210_201344
2026-02-15 16:17:01,113 - __main__ - INFO - ============================================================
2026-02-15 16:17:01,114 - __main__ - INFO - VERIFYING COLLECTION STATUS
2026-02-15 16:17:01,114 - __main__ - INFO - ============================================================
2026-02-15 16:17:01,114 - __main__ - INFO - Verifying collections in base directory: C:\Users\sgade\OneDrive\Desktop\orbit_node\collected_data\20260210_201344
2026-02-15 16:17:01,335 - __main__ - INFO - ============================================================
2026-02-15 16:17:01,335 - __main__ - INFO - ============================================================
2026-02-15 16:17:01,335 - __main__ - INFO - EXTRACTING ALL NODE TYPES
2026-02-15 16:17:01,336 - __main__ - INFO - ============================================================
2026-02-15 16:17:01,336 - __main__ - INFO - Found 6 node types to extract: asset, host, software, vulnerability, assetgroup, hardware
2026-02-15 16:17:01,336 - __main__ - INFO - ============================================================
2026-02-15 16:17:01,336 - __main__ - INFO - ASSET Node Extraction Started
2026-02-15 16:17:01,337 - __main__ - INFO - ============================================================
2026-02-15 16:17:01,338 - __main__ - INFO - Using latest collected data folder: 20260210_201344
2026-02-15 16:17:01,338 - __main__ - INFO - Full path: C:\Users\sgade\OneDrive\Desktop\orbit_node\collected_data\20260210_201344
2026-02-15 16:17:01,338 - __main__ - INFO - 
Extracting asset nodes from collected data...
2026-02-15 16:17:01,339 - __main__ - INFO - Loading asset data from summary file (per_agent: false)
2026-02-15 16:17:01,339 - __main__ - INFO - Loading asset data from: C:\Users\sgade\OneDrive\Desktop\orbit_node\collected_data\20260210_201344\agents_manager
2026-02-15 16:17:01,339 - __main__ - INFO - File pattern: All_Agents.json, per_agent: False, agent_ids: None
2026-02-15 16:17:01,340 - __main__ - INFO - Loading summary file: C:\Users\sgade\OneDrive\Desktop\orbit_node\collected_data\20260210_201344\agents_manager\All_Agents.json
2026-02-15 16:17:01,341 - __main__ - INFO - Loaded 5 items from C:\Users\sgade\OneDrive\Desktop\orbit_node\collected_data\20260210_201344\agents_manager\All_Agents.json
2026-02-15 16:17:01,341 - __main__ - INFO - Total items loaded for asset: 5
2026-02-15 16:17:01,342 - __main__ - INFO - Successfully extracted 5 asset nodes
2026-02-15 16:17:01,342 - __main__ - INFO - 
Saving extracted asset nodes...
2026-02-15 16:17:01,345 - __main__ - INFO - Created new extraction session folder: C:\Users\sgade\OneDrive\Desktop\orbit_node\extracted_data\20260215_161701_343
2026-02-15 16:17:01,347 - __main__ - INFO - Saved 5 asset nodes to: C:\Users\sgade\OneDrive\Desktop\orbit_node\extracted_data\20260215_161701_343\nodes\asset_nodes.json
2026-02-15 16:17:01,347 - __main__ - INFO - 
============================================================
2026-02-15 16:17:01,348 - __main__ - INFO - ASSET Node Extraction Completed!
2026-02-15 16:17:01,348 - __main__ - INFO - Extracted 5 asset nodes
2026-02-15 16:17:01,348 - __main__ - INFO - Output file: C:\Users\sgade\OneDrive\Desktop\orbit_node\extracted_data\20260215_161701_343\nodes\asset_nodes.json
2026-02-15 16:17:01,349 - __main__ - INFO - ============================================================
2026-02-15 16:17:01,349 - __main__ - INFO - ============================================================
2026-02-15 16:17:01,349 - __main__ - INFO - HOST Node Extraction Started
2026-02-15 16:17:01,350 - __main__ - INFO - ============================================================
2026-02-15 16:17:01,351 - __main__ - INFO - Using latest collected data folder: 20260210_201344
2026-02-15 16:17:01,351 - __main__ - INFO - Full path: C:\Users\sgade\OneDrive\Desktop\orbit_node\collected_data\20260210_201344
2026-02-15 16:17:01,352 - __main__ - INFO - 
Extracting host nodes from collected data...
2026-02-15 16:17:01,352 - __main__ - INFO - Loading host data requires agent IDs (per_agent: true)
2026-02-15 16:17:01,353 - __main__ - INFO - Found 5 agent IDs from All_Agents.json: ['000', '001', '002', '003', '004']
2026-02-15 16:17:01,354 - __main__ - INFO - Loading host data from: C:\Users\sgade\OneDrive\Desktop\orbit_node\collected_data\20260210_201344\host
2026-02-15 16:17:01,355 - __main__ - INFO - File pattern: Syscollector_OS_Info_{agent_id}.json, per_agent: True, agent_ids: ['000', '001', '002', '003', '004']
2026-02-15 16:17:01,357 - __main__ - INFO - Total items loaded for host: 5
2026-02-15 16:17:01,358 - __main__ - INFO - Successfully extracted 5 host nodes
2026-02-15 16:17:01,358 - __main__ - INFO - 
Saving extracted host nodes...
2026-02-15 16:17:01,360 - __main__ - INFO - Created new extraction session folder: C:\Users\sgade\OneDrive\Desktop\orbit_node\extracted_data\20260215_161701_359
2026-02-15 16:17:01,363 - __main__ - INFO - Saved 5 host nodes to: C:\Users\sgade\OneDrive\Desktop\orbit_node\extracted_data\20260215_161701_359\nodes\host_nodes.json
2026-02-15 16:17:01,364 - __main__ - INFO - 
============================================================
2026-02-15 16:17:01,364 - __main__ - INFO - HOST Node Extraction Completed!
2026-02-15 16:17:01,364 - __main__ - INFO - Extracted 5 host nodes
2026-02-15 16:17:01,365 - __main__ - INFO - Output file: C:\Users\sgade\OneDrive\Desktop\orbit_node\extracted_data\20260215_161701_359\nodes\host_nodes.json
2026-02-15 16:17:01,365 - __main__ - INFO - ============================================================
2026-02-15 16:17:01,365 - __main__ - INFO - ============================================================
2026-02-15 16:17:01,366 - __main__ - INFO - SOFTWARE Node Extraction Started
2026-02-15 16:17:01,366 - __main__ - INFO - ============================================================
2026-02-15 16:17:01,367 - __main__ - INFO - Using latest collected data folder: 20260210_201344
2026-02-15 16:17:01,367 - __main__ - INFO - Full path: C:\Users\sgade\OneDrive\Desktop\orbit_node\collected_data\20260210_201344
2026-02-15 16:17:01,367 - __main__ - INFO - 
Extracting software nodes from collected data...
2026-02-15 16:17:01,368 - __main__ - INFO - Loading software data requires agent IDs (per_agent: true)
2026-02-15 16:17:01,368 - __main__ - INFO - Found 5 agent IDs from All_Agents.json: ['000', '001', '002', '003', '004']
2026-02-15 16:17:01,369 - __main__ - INFO - Loading software data from: C:\Users\sgade\OneDrive\Desktop\orbit_node\collected_data\20260210_201344\packages
2026-02-15 16:17:01,369 - __main__ - INFO - File pattern: Syscollector_Packages_{agent_id}.json, per_agent: True, agent_ids: ['000', '001', '002', '003', '004']
2026-02-15 16:17:01,378 - __main__ - INFO - Total items loaded for software: 726
2026-02-15 16:17:01,383 - __main__ - INFO - Successfully extracted 726 software nodes
2026-02-15 16:17:01,383 - __main__ - INFO - 
Saving extracted software nodes...
2026-02-15 16:17:01,385 - __main__ - INFO - Created new extraction session folder: C:\Users\sgade\OneDrive\Desktop\orbit_node\extracted_data\20260215_161701_384
2026-02-15 16:17:01,400 - __main__ - INFO - Saved 726 software nodes to: C:\Users\sgade\OneDrive\Desktop\orbit_node\extracted_data\20260215_161701_384\nodes\software_nodes.json
2026-02-15 16:17:01,401 - __main__ - INFO - 
============================================================
2026-02-15 16:17:01,401 - __main__ - INFO - SOFTWARE Node Extraction Completed!
2026-02-15 16:17:01,402 - __main__ - INFO - Extracted 726 software nodes
2026-02-15 16:17:01,402 - __main__ - INFO - Output file: C:\Users\sgade\OneDrive\Desktop\orbit_node\extracted_data\20260215_161701_384\nodes\software_nodes.json
2026-02-15 16:17:01,403 - __main__ - INFO - ============================================================
2026-02-15 16:17:01,403 - __main__ - INFO - ============================================================
2026-02-15 16:17:01,403 - __main__ - INFO - VULNERABILITY Node Extraction Started
2026-02-15 16:17:01,404 - __main__ - INFO - ============================================================
2026-02-15 16:17:01,405 - __main__ - INFO - Using latest collected data folder: 20260210_201344
2026-02-15 16:17:01,405 - __main__ - INFO - Full path: C:\Users\sgade\OneDrive\Desktop\orbit_node\collected_data\20260210_201344
2026-02-15 16:17:01,405 - __main__ - INFO - 
Extracting vulnerability nodes from collected data...
2026-02-15 16:17:01,406 - __main__ - INFO - Loading vulnerability data requires agent IDs (per_agent: true)
2026-02-15 16:17:01,407 - __main__ - INFO - Found 5 agent IDs from All_Agents.json: ['000', '001', '002', '003', '004']
2026-02-15 16:17:01,407 - __main__ - INFO - Loading vulnerability data from: C:\Users\sgade\OneDrive\Desktop\orbit_node\collected_data\20260210_201344\vulnerabilities
2026-02-15 16:17:01,407 - __main__ - INFO - File pattern: Vulnerabilities_{agent_id}.json, per_agent: True, agent_ids: ['000', '001', '002', '003', '004']
2026-02-15 16:17:01,410 - __main__ - INFO - Total items loaded for vulnerability: 53
2026-02-15 16:17:01,411 - __main__ - INFO - Successfully extracted 53 vulnerability nodes
2026-02-15 16:17:01,412 - __main__ - INFO - 
Saving extracted vulnerability nodes...
2026-02-15 16:17:01,414 - __main__ - INFO - Created new extraction session folder: C:\Users\sgade\OneDrive\Desktop\orbit_node\extracted_data\20260215_161701_412
2026-02-15 16:17:01,417 - __main__ - INFO - Saved 53 vulnerability nodes to: C:\Users\sgade\OneDrive\Desktop\orbit_node\extracted_data\20260215_161701_412\nodes\vulnerability_nodes.json
2026-02-15 16:17:01,418 - __main__ - INFO - 
============================================================
2026-02-15 16:17:01,418 - __main__ - INFO - VULNERABILITY Node Extraction Completed!
2026-02-15 16:17:01,418 - __main__ - INFO - Extracted 53 vulnerability nodes
2026-02-15 16:17:01,419 - __main__ - INFO - Output file: C:\Users\sgade\OneDrive\Desktop\orbit_node\extracted_data\20260215_161701_412\nodes\vulnerability_nodes.json
2026-02-15 16:17:01,419 - __main__ - INFO - ============================================================
2026-02-15 16:17:01,419 - __main__ - INFO - ============================================================
2026-02-15 16:17:01,419 - __main__ - INFO - ASSETGROUP Node Extraction Started
2026-02-15 16:17:01,420 - __main__ - INFO - ============================================================
2026-02-15 16:17:01,420 - __main__ - INFO - Using latest collected data folder: 20260210_201344
2026-02-15 16:17:01,421 - __main__ - INFO - Full path: C:\Users\sgade\OneDrive\Desktop\orbit_node\collected_data\20260210_201344
2026-02-15 16:17:01,421 - __main__ - INFO - 
Extracting assetgroup nodes from collected data...
2026-02-15 16:17:01,422 - __main__ - INFO - Loading assetgroup data from summary file (per_agent: false)
2026-02-15 16:17:01,422 - __main__ - INFO - Loading assetgroup data from: C:\Users\sgade\OneDrive\Desktop\orbit_node\collected_data\20260210_201344\groups
2026-02-15 16:17:01,422 - __main__ - INFO - File pattern: Groups_List.json, per_agent: False, agent_ids: None
2026-02-15 16:17:01,422 - __main__ - INFO - Loading summary file: C:\Users\sgade\OneDrive\Desktop\orbit_node\collected_data\20260210_201344\groups\Groups_List.json
2026-02-15 16:17:01,423 - __main__ - INFO - Loaded 1 items from C:\Users\sgade\OneDrive\Desktop\orbit_node\collected_data\20260210_201344\groups\Groups_List.json
2026-02-15 16:17:01,423 - __main__ - INFO - Total items loaded for assetgroup: 1
2026-02-15 16:17:01,423 - __main__ - INFO - Successfully extracted 1 assetgroup nodes
2026-02-15 16:17:01,424 - __main__ - INFO - 
Saving extracted assetgroup nodes...
2026-02-15 16:17:01,426 - __main__ - INFO - Created new extraction session folder: C:\Users\sgade\OneDrive\Desktop\orbit_node\extracted_data\20260215_161701_425
2026-02-15 16:17:01,429 - __main__ - INFO - Saved 1 assetgroup nodes to: C:\Users\sgade\OneDrive\Desktop\orbit_node\extracted_data\20260215_161701_425\nodes\assetgroup_nodes.json
2026-02-15 16:17:01,429 - __main__ - INFO - 
============================================================
2026-02-15 16:17:01,430 - __main__ - INFO - ASSETGROUP Node Extraction Completed!
2026-02-15 16:17:01,430 - __main__ - INFO - Extracted 1 assetgroup nodes
2026-02-15 16:17:01,430 - __main__ - INFO - Output file: C:\Users\sgade\OneDrive\Desktop\orbit_node\extracted_data\20260215_161701_425\nodes\assetgroup_nodes.json
2026-02-15 16:17:01,431 - __main__ - INFO - ============================================================
2026-02-15 16:17:01,431 - __main__ - INFO - ============================================================
2026-02-15 16:17:01,431 - __main__ - INFO - HARDWARE Node Extraction Started
2026-02-15 16:17:01,432 - __main__ - INFO - ============================================================
2026-02-15 16:17:01,433 - __main__ - INFO - Using latest collected data folder: 20260210_201344
2026-02-15 16:17:01,433 - __main__ - INFO - Full path: C:\Users\sgade\OneDrive\Desktop\orbit_node\collected_data\20260210_201344
2026-02-15 16:17:01,433 - __main__ - INFO - 
Extracting hardware nodes from collected data...
2026-02-15 16:17:01,433 - __main__ - INFO - Loading hardware data requires agent IDs (per_agent: true)
2026-02-15 16:17:01,434 - __main__ - INFO - Found 5 agent IDs from All_Agents.json: ['000', '001', '002', '003', '004']
2026-02-15 16:17:01,435 - __main__ - INFO - Loading hardware data from: C:\Users\sgade\OneDrive\Desktop\orbit_node\collected_data\20260210_201344\hardware
2026-02-15 16:17:01,435 - __main__ - INFO - File pattern: Syscollector_Hardware_{agent_id}.json, per_agent: True, agent_ids: ['000', '001', '002', '003', '004']
2026-02-15 16:17:01,437 - __main__ - INFO - Total items loaded for hardware: 5
2026-02-15 16:17:01,437 - __main__ - INFO - Successfully extracted 5 hardware nodes
2026-02-15 16:17:01,438 - __main__ - INFO - 
Saving extracted hardware nodes...
2026-02-15 16:17:01,440 - __main__ - INFO - Created new extraction session folder: C:\Users\sgade\OneDrive\Desktop\orbit_node\extracted_data\20260215_161701_439
2026-02-15 16:17:01,443 - __main__ - INFO - Saved 5 hardware nodes to: C:\Users\sgade\OneDrive\Desktop\orbit_node\extracted_data\20260215_161701_439\nodes\hardware_nodes.json
2026-02-15 16:17:01,444 - __main__ - INFO - 
============================================================
2026-02-15 16:17:01,444 - __main__ - INFO - HARDWARE Node Extraction Completed!
2026-02-15 16:17:01,444 - __main__ - INFO - Extracted 5 hardware nodes
2026-02-15 16:17:01,445 - __main__ - INFO - Output file: C:\Users\sgade\OneDrive\Desktop\orbit_node\extracted_data\20260215_161701_439\nodes\hardware_nodes.json
2026-02-15 16:17:01,445 - __main__ - INFO - ============================================================
2026-02-15 16:19:34,295 - __main__ - INFO - Loaded graph_config.yaml
2026-02-15 16:19:34,302 - __main__ - INFO - Loaded paths_config.yaml
2026-02-15 16:19:34,308 - __main__ - INFO - Loaded neo4j_config.yaml
2026-02-15 16:19:34,310 - __main__ - INFO - Using latest collected data folder for verification: 20260210_201344
2026-02-15 16:19:34,310 - __main__ - INFO - ============================================================
2026-02-15 16:19:34,311 - __main__ - INFO - VERIFYING COLLECTION STATUS
2026-02-15 16:19:34,311 - __main__ - INFO - ============================================================
2026-02-15 16:19:34,311 - __main__ - INFO - Verifying collections in base directory: C:\Users\sgade\OneDrive\Desktop\orbit_node\collected_data\20260210_201344
2026-02-15 16:19:34,524 - __main__ - INFO - ============================================================
2026-02-15 16:19:34,524 - __main__ - INFO - ============================================================
2026-02-15 16:19:34,525 - __main__ - INFO - EXTRACTING ALL NODE TYPES
2026-02-15 16:19:34,525 - __main__ - INFO - ============================================================
2026-02-15 16:19:34,525 - __main__ - INFO - Found 6 node types to extract: asset, host, software, vulnerability, assetgroup, hardware
2026-02-15 16:19:34,525 - __main__ - INFO - ============================================================
2026-02-15 16:19:34,525 - __main__ - INFO - ASSET Node Extraction Started
2026-02-15 16:19:34,526 - __main__ - INFO - ============================================================
2026-02-15 16:19:34,526 - __main__ - INFO - Using latest collected data folder: 20260210_201344
2026-02-15 16:19:34,527 - __main__ - INFO - Full path: C:\Users\sgade\OneDrive\Desktop\orbit_node\collected_data\20260210_201344
2026-02-15 16:19:34,527 - __main__ - INFO - 
Extracting asset nodes from collected data...
2026-02-15 16:19:34,527 - __main__ - INFO - Loading asset data from summary file (per_agent: false)
2026-02-15 16:19:34,528 - __main__ - INFO - Loading asset data from: C:\Users\sgade\OneDrive\Desktop\orbit_node\collected_data\20260210_201344\agents_manager
2026-02-15 16:19:34,528 - __main__ - INFO - File pattern: All_Agents.json, per_agent: False, agent_ids: None
2026-02-15 16:19:34,528 - __main__ - INFO - Loading summary file: C:\Users\sgade\OneDrive\Desktop\orbit_node\collected_data\20260210_201344\agents_manager\All_Agents.json
2026-02-15 16:19:34,529 - __main__ - INFO - Loaded 5 items from C:\Users\sgade\OneDrive\Desktop\orbit_node\collected_data\20260210_201344\agents_manager\All_Agents.json
2026-02-15 16:19:34,529 - __main__ - INFO - Total items loaded for asset: 5
2026-02-15 16:19:34,529 - __main__ - INFO - Successfully extracted 5 asset nodes
2026-02-15 16:19:34,530 - __main__ - INFO - 
Saving extracted asset nodes...
2026-02-15 16:19:34,543 - __main__ - INFO - Created new extraction session folder: C:\Users\sgade\OneDrive\Desktop\orbit_node\extracted_data\20260215_161934_530
2026-02-15 16:19:34,546 - __main__ - INFO - Saved 5 asset nodes to: C:\Users\sgade\OneDrive\Desktop\orbit_node\extracted_data\20260215_161934_530\nodes\asset_nodes.json
2026-02-15 16:19:34,546 - __main__ - INFO - 
============================================================
2026-02-15 16:19:34,546 - __main__ - INFO - ASSET Node Extraction Completed!
2026-02-15 16:19:34,546 - __main__ - INFO - Extracted 5 asset nodes
2026-02-15 16:19:34,547 - __main__ - INFO - Output file: C:\Users\sgade\OneDrive\Desktop\orbit_node\extracted_data\20260215_161934_530\nodes\asset_nodes.json
2026-02-15 16:19:34,547 - __main__ - INFO - ============================================================
2026-02-15 16:19:34,547 - __main__ - INFO - ============================================================
2026-02-15 16:19:34,548 - __main__ - INFO - HOST Node Extraction Started
2026-02-15 16:19:34,548 - __main__ - INFO - ============================================================
2026-02-15 16:19:34,549 - __main__ - INFO - Using latest collected data folder: 20260210_201344
2026-02-15 16:19:34,549 - __main__ - INFO - Full path: C:\Users\sgade\OneDrive\Desktop\orbit_node\collected_data\20260210_201344
2026-02-15 16:19:34,549 - __main__ - INFO - 
Extracting host nodes from collected data...
2026-02-15 16:19:34,549 - __main__ - INFO - Loading host data requires agent IDs (per_agent: true)
2026-02-15 16:19:34,550 - __main__ - INFO - Found 5 agent IDs from All_Agents.json: ['000', '001', '002', '003', '004']
2026-02-15 16:19:34,550 - __main__ - INFO - Loading host data from: C:\Users\sgade\OneDrive\Desktop\orbit_node\collected_data\20260210_201344\host
2026-02-15 16:19:34,551 - __main__ - INFO - File pattern: Syscollector_OS_Info_{agent_id}.json, per_agent: True, agent_ids: ['000', '001', '002', '003', '004']
2026-02-15 16:19:34,553 - __main__ - INFO - Total items loaded for host: 5
2026-02-15 16:19:34,553 - __main__ - INFO - Successfully extracted 5 host nodes
2026-02-15 16:19:34,554 - __main__ - INFO - 
Saving extracted host nodes...
2026-02-15 16:19:34,555 - __main__ - INFO - Reusing existing extraction session folder: C:\Users\sgade\OneDrive\Desktop\orbit_node\extracted_data\20260215_161934_530
2026-02-15 16:19:34,558 - __main__ - INFO - Saved 5 host nodes to: C:\Users\sgade\OneDrive\Desktop\orbit_node\extracted_data\20260215_161934_530\nodes\host_nodes.json
2026-02-15 16:19:34,558 - __main__ - INFO - 
============================================================
2026-02-15 16:19:34,558 - __main__ - INFO - HOST Node Extraction Completed!
2026-02-15 16:19:34,559 - __main__ - INFO - Extracted 5 host nodes
2026-02-15 16:19:34,559 - __main__ - INFO - Output file: C:\Users\sgade\OneDrive\Desktop\orbit_node\extracted_data\20260215_161934_530\nodes\host_nodes.json
2026-02-15 16:19:34,559 - __main__ - INFO - ============================================================
2026-02-15 16:19:34,559 - __main__ - INFO - ============================================================
2026-02-15 16:19:34,560 - __main__ - INFO - SOFTWARE Node Extraction Started
2026-02-15 16:19:34,560 - __main__ - INFO - ============================================================
2026-02-15 16:19:34,560 - __main__ - INFO - Using latest collected data folder: 20260210_201344
2026-02-15 16:19:34,561 - __main__ - INFO - Full path: C:\Users\sgade\OneDrive\Desktop\orbit_node\collected_data\20260210_201344
2026-02-15 16:19:34,561 - __main__ - INFO - 
Extracting software nodes from collected data...
2026-02-15 16:19:34,561 - __main__ - INFO - Loading software data requires agent IDs (per_agent: true)
2026-02-15 16:19:34,562 - __main__ - INFO - Found 5 agent IDs from All_Agents.json: ['000', '001', '002', '003', '004']
2026-02-15 16:19:34,562 - __main__ - INFO - Loading software data from: C:\Users\sgade\OneDrive\Desktop\orbit_node\collected_data\20260210_201344\packages
2026-02-15 16:19:34,562 - __main__ - INFO - File pattern: Syscollector_Packages_{agent_id}.json, per_agent: True, agent_ids: ['000', '001', '002', '003', '004']
2026-02-15 16:19:34,571 - __main__ - INFO - Total items loaded for software: 726
2026-02-15 16:19:34,575 - __main__ - INFO - Successfully extracted 726 software nodes
2026-02-15 16:19:34,576 - __main__ - INFO - 
Saving extracted software nodes...
2026-02-15 16:19:34,577 - __main__ - INFO - Reusing existing extraction session folder: C:\Users\sgade\OneDrive\Desktop\orbit_node\extracted_data\20260215_161934_530
2026-02-15 16:19:34,596 - __main__ - INFO - Saved 726 software nodes to: C:\Users\sgade\OneDrive\Desktop\orbit_node\extracted_data\20260215_161934_530\nodes\software_nodes.json
2026-02-15 16:19:34,597 - __main__ - INFO - 
============================================================
2026-02-15 16:19:34,598 - __main__ - INFO - SOFTWARE Node Extraction Completed!
2026-02-15 16:19:34,598 - __main__ - INFO - Extracted 726 software nodes
2026-02-15 16:19:34,598 - __main__ - INFO - Output file: C:\Users\sgade\OneDrive\Desktop\orbit_node\extracted_data\20260215_161934_530\nodes\software_nodes.json
2026-02-15 16:19:34,599 - __main__ - INFO - ============================================================
2026-02-15 16:19:34,599 - __main__ - INFO - ============================================================
2026-02-15 16:19:34,599 - __main__ - INFO - VULNERABILITY Node Extraction Started
2026-02-15 16:19:34,600 - __main__ - INFO - ============================================================
2026-02-15 16:19:34,601 - __main__ - INFO - Using latest collected data folder: 20260210_201344
2026-02-15 16:19:34,601 - __main__ - INFO - Full path: C:\Users\sgade\OneDrive\Desktop\orbit_node\collected_data\20260210_201344
2026-02-15 16:19:34,601 - __main__ - INFO - 
Extracting vulnerability nodes from collected data...
2026-02-15 16:19:34,602 - __main__ - INFO - Loading vulnerability data requires agent IDs (per_agent: true)
2026-02-15 16:19:34,602 - __main__ - INFO - Found 5 agent IDs from All_Agents.json: ['000', '001', '002', '003', '004']
2026-02-15 16:19:34,603 - __main__ - INFO - Loading vulnerability data from: C:\Users\sgade\OneDrive\Desktop\orbit_node\collected_data\20260210_201344\vulnerabilities
2026-02-15 16:19:34,603 - __main__ - INFO - File pattern: Vulnerabilities_{agent_id}.json, per_agent: True, agent_ids: ['000', '001', '002', '003', '004']
2026-02-15 16:19:34,606 - __main__ - INFO - Total items loaded for vulnerability: 53
2026-02-15 16:19:34,608 - __main__ - INFO - Successfully extracted 53 vulnerability nodes
2026-02-15 16:19:34,608 - __main__ - INFO - 
Saving extracted vulnerability nodes...
2026-02-15 16:19:34,610 - __main__ - INFO - Reusing existing extraction session folder: C:\Users\sgade\OneDrive\Desktop\orbit_node\extracted_data\20260215_161934_530
2026-02-15 16:19:34,613 - __main__ - INFO - Saved 53 vulnerability nodes to: C:\Users\sgade\OneDrive\Desktop\orbit_node\extracted_data\20260215_161934_530\nodes\vulnerability_nodes.json
2026-02-15 16:19:34,614 - __main__ - INFO - 
============================================================
2026-02-15 16:19:34,614 - __main__ - INFO - VULNERABILITY Node Extraction Completed!
2026-02-15 16:19:34,615 - __main__ - INFO - Extracted 53 vulnerability nodes
2026-02-15 16:19:34,615 - __main__ - INFO - Output file: C:\Users\sgade\OneDrive\Desktop\orbit_node\extracted_data\20260215_161934_530\nodes\vulnerability_nodes.json
2026-02-15 16:19:34,615 - __main__ - INFO - ============================================================
2026-02-15 16:19:34,616 - __main__ - INFO - ============================================================
2026-02-15 16:19:34,616 - __main__ - INFO - ASSETGROUP Node Extraction Started
2026-02-15 16:19:34,616 - __main__ - INFO - ============================================================
2026-02-15 16:19:34,617 - __main__ - INFO - Using latest collected data folder: 20260210_201344
2026-02-15 16:19:34,617 - __main__ - INFO - Full path: C:\Users\sgade\OneDrive\Desktop\orbit_node\collected_data\20260210_201344
2026-02-15 16:19:34,617 - __main__ - INFO - 
Extracting assetgroup nodes from collected data...
2026-02-15 16:19:34,618 - __main__ - INFO - Loading assetgroup data from summary file (per_agent: false)
2026-02-15 16:19:34,618 - __main__ - INFO - Loading assetgroup data from: C:\Users\sgade\OneDrive\Desktop\orbit_node\collected_data\20260210_201344\groups
2026-02-15 16:19:34,618 - __main__ - INFO - File pattern: Groups_List.json, per_agent: False, agent_ids: None
2026-02-15 16:19:34,619 - __main__ - INFO - Loading summary file: C:\Users\sgade\OneDrive\Desktop\orbit_node\collected_data\20260210_201344\groups\Groups_List.json
2026-02-15 16:19:34,619 - __main__ - INFO - Loaded 1 items from C:\Users\sgade\OneDrive\Desktop\orbit_node\collected_data\20260210_201344\groups\Groups_List.json
2026-02-15 16:19:34,619 - __main__ - INFO - Total items loaded for assetgroup: 1
2026-02-15 16:19:34,620 - __main__ - INFO - Successfully extracted 1 assetgroup nodes
2026-02-15 16:19:34,620 - __main__ - INFO - 
Saving extracted assetgroup nodes...
2026-02-15 16:19:34,622 - __main__ - INFO - Reusing existing extraction session folder: C:\Users\sgade\OneDrive\Desktop\orbit_node\extracted_data\20260215_161934_530
2026-02-15 16:19:34,623 - __main__ - INFO - Saved 1 assetgroup nodes to: C:\Users\sgade\OneDrive\Desktop\orbit_node\extracted_data\20260215_161934_530\nodes\assetgroup_nodes.json
2026-02-15 16:19:34,624 - __main__ - INFO - 
============================================================
2026-02-15 16:19:34,624 - __main__ - INFO - ASSETGROUP Node Extraction Completed!
2026-02-15 16:19:34,624 - __main__ - INFO - Extracted 1 assetgroup nodes
2026-02-15 16:19:34,625 - __main__ - INFO - Output file: C:\Users\sgade\OneDrive\Desktop\orbit_node\extracted_data\20260215_161934_530\nodes\assetgroup_nodes.json
2026-02-15 16:19:34,625 - __main__ - INFO - ============================================================
2026-02-15 16:19:34,625 - __main__ - INFO - ============================================================
2026-02-15 16:19:34,626 - __main__ - INFO - HARDWARE Node Extraction Started
2026-02-15 16:19:34,626 - __main__ - INFO - ============================================================
2026-02-15 16:19:34,627 - __main__ - INFO - Using latest collected data folder: 20260210_201344
2026-02-15 16:19:34,627 - __main__ - INFO - Full path: C:\Users\sgade\OneDrive\Desktop\orbit_node\collected_data\20260210_201344
2026-02-15 16:19:34,627 - __main__ - INFO - 
Extracting hardware nodes from collected data...
2026-02-15 16:19:34,628 - __main__ - INFO - Loading hardware data requires agent IDs (per_agent: true)
2026-02-15 16:19:34,628 - __main__ - INFO - Found 5 agent IDs from All_Agents.json: ['000', '001', '002', '003', '004']
2026-02-15 16:19:34,629 - __main__ - INFO - Loading hardware data from: C:\Users\sgade\OneDrive\Desktop\orbit_node\collected_data\20260210_201344\hardware
2026-02-15 16:19:34,629 - __main__ - INFO - File pattern: Syscollector_Hardware_{agent_id}.json, per_agent: True, agent_ids: ['000', '001', '002', '003', '004']
2026-02-15 16:19:34,633 - __main__ - INFO - Total items loaded for hardware: 5
2026-02-15 16:19:34,633 - __main__ - INFO - Successfully extracted 5 hardware nodes
2026-02-15 16:19:34,634 - __main__ - INFO - 
Saving extracted hardware nodes...
2026-02-15 16:19:34,635 - __main__ - INFO - Reusing existing extraction session folder: C:\Users\sgade\OneDrive\Desktop\orbit_node\extracted_data\20260215_161934_530
2026-02-15 16:19:34,637 - __main__ - INFO - Saved 5 hardware nodes to: C:\Users\sgade\OneDrive\Desktop\orbit_node\extracted_data\20260215_161934_530\nodes\hardware_nodes.json
2026-02-15 16:19:34,637 - __main__ - INFO - 
============================================================
2026-02-15 16:19:34,638 - __main__ - INFO - HARDWARE Node Extraction Completed!
2026-02-15 16:19:34,638 - __main__ - INFO - Extracted 5 hardware nodes
2026-02-15 16:19:34,638 - __main__ - INFO - Output file: C:\Users\sgade\OneDrive\Desktop\orbit_node\extracted_data\20260215_161934_530\nodes\hardware_nodes.json
2026-02-15 16:19:34,639 - __main__ - INFO - ============================================================
